system_time_iso,frame_number,num_tlvs,tlv_types_hex,vital_count,total_packet_len
2026-06-02T14:48:58.108,21,4,0x3fc;0x3f2;0x3f3;0x3fd,0,259
2026-06-02T14:48:58.108,22,4,0x3fc;0x3f2;0x3f3;0x3fd,0,342
2026-06-02T14:48:58.321,23,4,0x3fc;0x3f2;0x3f3;0x3fd,0,616
2026-06-02T14:48:58.321,24,4,0x3fc;0x3f2;0x3f3;0x3fd,0,753
2026-06-02T14:48:58.524,25,4,0x3fc;0x3f2;0x3f3;0x3fd,0,606
2026-06-02T14:48:58.524,26,4,0x3fc;0x3f2;0x3f3;0x3fd,0,498
2026-06-02T14:48:58.727,27,4,0x3fc;0x3f2;0x3f3;0x3fd,0,391
2026-06-02T14:48:58.728,28,4,0x3fc;0x3f2;0x3f3;0x3fd,0,779
2026-06-02T14:48:58.728,29,4,0x3fc;0x3f2;0x3f3;0x3fd,0,701
2026-06-02T14:48:58.931,30,4,0x3fc;0x3f2;0x3f3;0x3fd,0,501
2026-06-02T14:48:58.931,31,4,0x3fc;0x3f2;0x3f3;0x3fd,0,398
2026-06-02T14:48:59.136,32,5,0x3fc;0x3f2;0x3f3;0x3fd;0x410,1,532
2026-06-02T14:48:59.136,33,4,0x3fc;0x3f2;0x3f3;0x3fd,0,284
2026-06-02T14:48:59.339,34,4,0x3fc;0x3f2;0x3f3;0x3fd,0,255
2026-06-02T14:48:59.339,35,4,0x3fc;0x3f2;0x3f3;0x3fd,0,261
2026-06-02T14:48:59.339,36,4,0x3fc;0x3f2;0x3f3;0x3fd,0,262
2026-06-02T14:48:59.554,37,4,0x3fc;0x3f2;0x3f3;0x3fd,0,278
2026-06-02T14:48:59.554,38,4,0x3fc;0x3f2;0x3f3;0x3fd,0,240
2026-06-02T14:48:59.756,39,4,0x3fc;0x3f2;0x3f3;0x3fd,0,443
2026-06-02T14:48:59.756,40,4,0x3fc;0x3f2;0x3f3;0x3fd,0,365
2026-06-02T14:48:59.960,41,4,0x3fc;0x3f2;0x3f3;0x3fd,0,352
2026-06-02T14:48:59.960,42,4,0x3fc;0x3f2;0x3f3;0x3fd,0,408
2026-06-02T14:49:00.163,43,4,0x3fc;0x3f2;0x3f3;0x3fd,0,263
2026-06-02T14:49:00.163,44,4,0x3fc;0x3f2;0x3f3;0x3fd,0,236
2026-06-02T14:49:00.164,45,4,0x3fc;0x3f2;0x3f3;0x3fd,0,243
2026-06-02T14:49:00.367,46,4,0x3fc;0x3f2;0x3f3;0x3fd,0,244
2026-06-02T14:49:00.367,47,4,0x3fc;0x3f2;0x3f3;0x3fd,0,244
2026-06-02T14:49:00.583,48,5,0x3fc;0x3f2;0x3f3;0x3fd;0x410,1,388
2026-06-02T14:49:00.583,49,4,0x3fc;0x3f2;0x3f3;0x3fd,0,260
2026-06-02T14:49:00.787,50,4,0x3fc;0x3f2;0x3f3;0x3fd,0,286
2026-06-02T14:49:00.788,51,4,0x3fc;0x3f2;0x3f3;0x3fd,0,257
2026-06-02T14:49:00.788,52,4,0x3fc;0x3f2;0x3f3;0x3fd,0,269
2026-06-02T14:49:00.989,53,4,0x3fc;0x3f2;0x3f3;0x3fd,0,295
2026-06-02T14:49:00.989,54,4,0x3fc;0x3f2;0x3f3;0x3fd,0,266
2026-06-02T14:49:01.192,55,4,0x3fc;0x3f2;0x3f3;0x3fd,0,254
2026-06-02T14:49:01.192,56,4,0x3fc;0x3f2;0x3f3;0x3fd,0,277
2026-06-02T14:49:01.393,57,4,0x3fc;0x3f2;0x3f3;0x3fd,0,288
2026-06-02T14:49:01.393,58,4,0x3fc;0x3f2;0x3f3;0x3fd,0,289
2026-06-02T14:49:01.597,59,4,0x3fc;0x3f2;0x3f3;0x3fd,0,281
2026-06-02T14:49:01.597,60,4,0x3fc;0x3f2;0x3f3;0x3fd,0,400
2026-06-02T14:49:01.598,61,4,0x3fc;0x3f2;0x3f3;0x3fd,0,295
2026-06-02T14:49:01.800,62,4,0x3fc;0x3f2;0x3f3;0x3fd,0,320
2026-06-02T14:49:01.800,63,4,0x3fc;0x3f2;0x3f3;0x3fd,0,365
2026-06-02T14:49:02.006,64,5,0x3fc;0x3f2;0x3f3;0x3fd;0x410,1,514
2026-06-02T14:49:02.006,65,4,0x3fc;0x3f2;0x3f3;0x3fd,0,306
2026-06-02T14:49:02.208,66,4,0x3fc;0x3f2;0x3f3;0x3fd,0,426
2026-06-02T14:49:02.208,67,4,0x3fc;0x3f2;0x3f3;0x3fd,0,642
2026-06-02T14:49:02.409,68,4,0x3fc;0x3f2;0x3f3;0x3fd,0,363
2026-06-02T14:49:02.409,69,4,0x3fc;0x3f2;0x3f3;0x3fd,0,429
2026-06-02T14:49:02.409,70,4,0x3fc;0x3f2;0x3f3;0x3fd,0,562
2026-06-02T14:49:02.612,71,4,0x3fc;0x3f2;0x3f3;0x3fd,0,537
2026-06-02T14:49:02.612,72,4,0x3fc;0x3f2;0x3f3;0x3fd,0,540
2026-06-02T14:49:02.816,73,4,0x3fc;0x3f2;0x3f3;0x3fd,0,933
2026-06-02T14:49:02.816,74,3,0x3f2;0x3f3;0x3fd,0,266
2026-06-02T14:49:03.017,75,3,0x3fc;0x3f2;0x3fd,0,304
2026-06-02T14:49:03.017,76,4,0x3fc;0x3f2;0x3f3;0x3fd,0,365
2026-06-02T14:49:03.219,77,4,0x3fc;0x3f2;0x3f3;0x3fd,0,386
2026-06-02T14:49:03.219,78,4,0x3fc;0x3f2;0x3f3;0x3fd,0,460
2026-06-02T14:49:03.219,79,4,0x3fc;0x3f2;0x3f3;0x3fd,0,437
2026-06-02T14:49:03.420,80,5,0x3fc;0x3f2;0x3f3;0x3fd;0x410,1,577
2026-06-02T14:49:03.421,81,4,0x3fc;0x3f2;0x3f3;0x3fd,0,353
2026-06-02T14:49:03.622,82,4,0x3fc;0x3f2;0x3f3;0x3fd,0,263
2026-06-02T14:49:03.623,83,4,0x3fc;0x3f2;0x3f3;0x3fd,0,253
2026-06-02T14:49:03.824,84,4,0x3fc;0x3f2;0x3f3;0x3fd,0,365
2026-06-02T14:49:03.824,85,4,0x3fc;0x3f2;0x3f3;0x3fd,0,363
2026-06-02T14:49:04.028,86,4,0x3fc;0x3f2;0x3f3;0x3fd,0,265
2026-06-02T14:49:04.028,87,4,0x3fc;0x3f2;0x3f3;0x3fd,0,245
2026-06-02T14:49:04.028,88,4,0x3fc;0x3f2;0x3f3;0x3fd,0,228
2026-06-02T14:49:04.230,89,4,0x3fc;0x3f2;0x3f3;0x3fd,0,242
2026-06-02T14:49:04.230,90,4,0x3fc;0x3f2;0x3f3;0x3fd,0,252
2026-06-02T14:49:04.431,91,4,0x3fc;0x3f2;0x3f3;0x3fd,0,285
2026-06-02T14:49:04.431,92,4,0x3fc;0x3f2;0x3f3;0x3fd,0,249
2026-06-02T14:49:04.633,93,4,0x3fc;0x3f2;0x3f3;0x3fd,0,284
2026-06-02T14:49:04.633,94,4,0x3fc;0x3f2;0x3f3;0x3fd,0,249
2026-06-02T14:49:04.836,95,4,0x3fc;0x3f2;0x3f3;0x3fd,0,236
2026-06-02T14:49:04.836,96,5,0x3fc;0x3f2;0x3f3;0x3fd;0x410,1,379
2026-06-02T14:49:04.837,97,4,0x3fc;0x3f2;0x3f3;0x3fd,0,523
2026-06-02T14:49:05.040,98,4,0x3fc;0x3f2;0x3f3;0x3fd,0,311
2026-06-02T14:49:05.040,99,4,0x3fc;0x3f2;0x3f3;0x3fd,0,376
2026-06-02T14:49:05.241,100,4,0x3fc;0x3f2;0x3f3;0x3fd,0,412
2026-06-02T14:49:05.241,101,4,0x3fc;0x3f2;0x3f3;0x3fd,0,575
2026-06-02T14:49:05.457,102,4,0x3fc;0x3f2;0x3f3;0x3fd,0,387
2026-06-02T14:49:05.457,103,4,0x3fc;0x3f2;0x3f3;0x3fd,0,289
2026-06-02T14:49:05.658,104,4,0x3fc;0x3f2;0x3f3;0x3fd,0,536
2026-06-02T14:49:05.658,105,4,0x3fc;0x3f2;0x3f3;0x3fd,0,736
2026-06-02T14:49:05.658,106,4,0x3fc;0x3f2;0x3f3;0x3fd,0,341
2026-06-02T14:49:05.874,107,4,0x3fc;0x3f2;0x3f3;0x3fd,0,833
2026-06-02T14:49:05.874,108,4,0x3fc;0x3f2;0x3f3;0x3fd,0,445
2026-06-02T14:49:06.077,109,4,0x3fc;0x3f2;0x3f3;0x3fd,0,628
2026-06-02T14:49:06.077,110,4,0x3fc;0x3f2;0x3f3;0x3fd,0,674
2026-06-02T14:49:06.279,111,4,0x3fc;0x3f2;0x3f3;0x3fd,0,324
2026-06-02T14:49:06.279,112,5,0x3fc;0x3f2;0x3f3;0x3fd;0x410,1,424
2026-06-02T14:49:06.280,113,4,0x3fc;0x3f2;0x3f3;0x3fd,0,368
2026-06-02T14:49:06.481,114,4,0x3fc;0x3f2;0x3f3;0x3fd,0,507
2026-06-02T14:49:06.481,115,4,0x3fc;0x3f2;0x3f3;0x3fd,0,787
2026-06-02T14:49:06.685,116,4,0x3fc;0x3f2;0x3f3;0x3fd,0,316
2026-06-02T14:49:06.685,117,4,0x3fc;0x3f2;0x3f3;0x3fd,0,221
2026-06-02T14:49:06.887,118,4,0x3fc;0x3f2;0x3f3;0x3fd,0,529
2026-06-02T14:49:06.887,119,4,0x3fc;0x3f2;0x3f3;0x3fd,0,600
2026-06-02T14:49:07.090,120,4,0x3fc;0x3f2;0x3f3;0x3fd,0,300
2026-06-02T14:49:07.090,121,4,0x3fc;0x3f2;0x3f3;0x3fd,0,566
2026-06-02T14:49:07.090,122,4,0x3fc;0x3f2;0x3f3;0x3fd,0,428
2026-06-02T14:49:07.293,123,4,0x3fc;0x3f2;0x3f3;0x3fd,0,398
2026-06-02T14:49:07.293,124,4,0x3fc;0x3f2;0x3f3;0x3fd,0,333
2026-06-02T14:49:07.497,125,4,0x3fc;0x3f2;0x3f3;0x3fd,0,629
2026-06-02T14:49:07.497,126,4,0x3fc;0x3f2;0x3f3;0x3fd,0,491
2026-06-02T14:49:07.699,127,4,0x3fc;0x3f2;0x3f3;0x3fd,0,245
2026-06-02T14:49:07.699,128,5,0x3fc;0x3f2;0x3f3;0x3fd;0x410,1,361
2026-06-02T14:49:07.903,129,4,0x3fc;0x3f2;0x3f3;0x3fd,0,321
2026-06-02T14:49:07.903,130,4,0x3fc;0x3f2;0x3f3;0x3fd,0,670
2026-06-02T14:49:07.903,131,4,0x3fc;0x3f2;0x3f3;0x3fd,0,592
2026-06-02T14:49:08.103,132,4,0x3fc;0x3f2;0x3f3;0x3fd,0,657
2026-06-02T14:49:08.103,133,4,0x3fc;0x3f2;0x3f3;0x3fd,0,587
2026-06-02T14:49:08.306,134,4,0x3fc;0x3f2;0x3f3;0x3fd,0,449
2026-06-02T14:49:08.306,135,4,0x3fc;0x3f2;0x3f3;0x3fd,0,433
2026-06-02T14:49:08.526,136,4,0x3fc;0x3f2;0x3f3;0x3fd,0,281
2026-06-02T14:49:08.526,137,4,0x3fc;0x3f2;0x3f3;0x3fd,0,286
2026-06-02T14:49:08.526,138,4,0x3fc;0x3f2;0x3f3;0x3fd,0,305
2026-06-02T14:49:08.729,139,4,0x3fc;0x3f2;0x3f3;0x3fd,0,603
2026-06-02T14:49:08.729,140,4,0x3fc;0x3f2;0x3f3;0x3fd,0,432
2026-06-02T14:49:08.932,141,4,0x3fc;0x3f2;0x3f3;0x3fd,0,294
2026-06-02T14:49:08.932,142,4,0x3fc;0x3f2;0x3f3;0x3fd,0,472
2026-06-02T14:49:09.133,143,4,0x3fc;0x3f2;0x3f3;0x3fd,0,568
2026-06-02T14:49:09.133,144,5,0x3fc;0x3f2;0x3f3;0x3fd;0x410,1,721
2026-06-02T14:49:09.336,145,4,0x3fc;0x3f2;0x3f3;0x3fd,0,609
2026-06-02T14:49:09.336,146,4,0x3fc;0x3f2;0x3f3;0x3fd,0,413
2026-06-02T14:49:09.336,147,4,0x3fc;0x3f2;0x3f3;0x3fd,0,276
2026-06-02T14:49:09.541,148,4,0x3fc;0x3f2;0x3f3;0x3fd,0,614
2026-06-02T14:49:09.541,149,4,0x3fc;0x3f2;0x3f3;0x3fd,0,290
2026-06-02T14:49:09.742,150,4,0x3fc;0x3f2;0x3f3;0x3fd,0,252
2026-06-02T14:49:09.742,151,4,0x3fc;0x3f2;0x3f3;0x3fd,0,533
2026-06-02T14:49:09.944,152,4,0x3fc;0x3f2;0x3f3;0x3fd,0,280
2026-06-02T14:49:09.944,153,4,0x3fc;0x3f2;0x3f3;0x3fd,0,340
2026-06-02T14:49:10.160,154,4,0x3fc;0x3f2;0x3f3;0x3fd,0,400
2026-06-02T14:49:10.160,155,4,0x3fc;0x3f2;0x3f3;0x3fd,0,294
2026-06-02T14:49:10.160,156,4,0x3fc;0x3f2;0x3f3;0x3fd,0,352
2026-06-02T14:49:10.374,157,4,0x3fc;0x3f2;0x3f3;0x3fd,0,273
2026-06-02T14:49:10.374,158,4,0x3fc;0x3f2;0x3f3;0x3fd,0,790
2026-06-02T14:49:10.578,159,4,0x3fc;0x3f2;0x3f3;0x3fd,0,312
2026-06-02T14:49:10.578,160,5,0x3fc;0x3f2;0x3f3;0x3fd;0x410,1,388
2026-06-02T14:49:10.781,161,4,0x3fc;0x3f2;0x3f3;0x3fd,0,540
2026-06-02T14:49:10.781,162,4,0x3fc;0x3f2;0x3f3;0x3fd,0,321
2026-06-02T14:49:10.781,163,4,0x3fc;0x3f2;0x3f3;0x3fd,0,377
2026-06-02T14:49:10.983,164,4,0x3fc;0x3f2;0x3f3;0x3fd,0,388
2026-06-02T14:49:10.983,165,4,0x3fc;0x3f2;0x3f3;0x3fd,0,556
2026-06-02T14:49:11.186,166,4,0x3fc;0x3f2;0x3f3;0x3fd,0,297
2026-06-02T14:49:11.186,167,4,0x3fc;0x3f2;0x3f3;0x3fd,0,294
2026-06-02T14:49:11.389,168,4,0x3fc;0x3f2;0x3f3;0x3fd,0,466
2026-06-02T14:49:11.389,169,4,0x3fc;0x3f2;0x3f3;0x3fd,0,1111
2026-06-02T14:49:11.589,170,4,0x3fc;0x3f2;0x3f3;0x3fd,0,325
2026-06-02T14:49:11.589,171,4,0x3fc;0x3f2;0x3f3;0x3fd,0,937
2026-06-02T14:49:11.589,172,4,0x3fc;0x3f2;0x3f3;0x3fd,0,963
2026-06-02T14:49:11.795,173,4,0x3fc;0x3f2;0x3f3;0x3fd,0,979
2026-06-02T14:49:11.795,174,4,0x3fc;0x3f2;0x3f3;0x3fd,0,646
2026-06-02T14:49:12.010,175,4,0x3fc;0x3f2;0x3f3;0x3fd,0,460
2026-06-02T14:49:12.010,176,5,0x3fc;0x3f2;0x3f3;0x3fd;0x410,1,586
2026-06-02T14:49:12.213,177,4,0x3fc;0x3f2;0x3f3;0x3fd,0,426
2026-06-02T14:49:12.213,178,4,0x3fc;0x3f2;0x3f3;0x3fd,0,760
2026-06-02T14:49:12.213,179,4,0x3fc;0x3f2;0x3f3;0x3fd,0,394
2026-06-02T14:49:12.416,180,4,0x3fc;0x3f2;0x3f3;0x3fd,0,503
2026-06-02T14:49:12.416,181,3,0x3f2;0x3f3;0x3fd,0,215
2026-06-02T14:49:12.618,182,3,0x3fc;0x3f2;0x3fd,0,344
2026-06-02T14:49:12.618,183,4,0x3fc;0x3f2;0x3f3;0x3fd,0,538
2026-06-02T14:49:12.818,184,4,0x3fc;0x3f2;0x3f3;0x3fd,0,327
2026-06-02T14:49:12.818,185,4,0x3fc;0x3f2;0x3f3;0x3fd,0,250
2026-06-02T14:49:13.021,186,4,0x3fc;0x3f2;0x3f3;0x3fd,0,628
2026-06-02T14:49:13.021,187,4,0x3fc;0x3f2;0x3f3;0x3fd,0,684
2026-06-02T14:49:13.021,188,4,0x3fc;0x3f2;0x3f3;0x3fd,0,413
2026-06-02T14:49:13.224,189,4,0x3fc;0x3f2;0x3f3;0x3fd,0,259
2026-06-02T14:49:13.224,190,4,0x3fc;0x3f2;0x3f3;0x3fd,0,260
2026-06-02T14:49:13.427,191,4,0x3fc;0x3f2;0x3f3;0x3fd,0,446
2026-06-02T14:49:13.427,192,5,0x3fc;0x3f2;0x3f3;0x3fd;0x410,1,613
2026-06-02T14:49:13.631,193,4,0x3fc;0x3f2;0x3f3;0x3fd,0,645
2026-06-02T14:49:13.631,194,4,0x3fc;0x3f2;0x3f3;0x3fd,0,883
2026-06-02T14:49:13.845,195,4,0x3fc;0x3f2;0x3f3;0x3fd,0,830
2026-06-02T14:49:13.845,196,4,0x3fc;0x3f2;0x3f3;0x3fd,0,1228
2026-06-02T14:49:13.845,197,4,0x3fc;0x3f2;0x3f3;0x3fd,0,559
2026-06-02T14:49:14.047,198,4,0x3fc;0x3f2;0x3f3;0x3fd,0,645
2026-06-02T14:49:14.047,199,4,0x3fc;0x3f2;0x3f3;0x3fd,0,275
2026-06-02T14:49:14.249,200,4,0x3fc;0x3f2;0x3f3;0x3fd,0,258
2026-06-02T14:49:14.249,201,4,0x3fc;0x3f2;0x3f3;0x3fd,0,238
2026-06-02T14:49:14.453,202,4,0x3fc;0x3f2;0x3f3;0x3fd,0,259
2026-06-02T14:49:14.453,203,3,0x3f2;0x3f3;0x3fd,0,186
2026-06-02T14:49:14.453,204,3,0x3fc;0x3f2;0x3fd,0,224
2026-06-02T14:49:14.658,205,4,0x3fc;0x3f2;0x3f3;0x3fd,0,227
2026-06-02T14:49:14.658,206,4,0x3fc;0x3f2;0x3f3;0x3fd,0,218
2026-06-02T14:49:14.859,207,4,0x3fc;0x3f2;0x3f3;0x3fd,0,217
2026-06-02T14:49:14.859,208,5,0x3fc;0x3f2;0x3f3;0x3fd;0x410,1,361
2026-06-02T14:49:15.063,209,3,0x3f2;0x3f3;0x3fd,0,181
2026-06-02T14:49:15.063,210,3,0x3fc;0x3f2;0x3fd,0,608
2026-06-02T14:49:15.264,211,4,0x3fc;0x3f2;0x3f3;0x3fd,0,859
2026-06-02T14:49:15.264,212,4,0x3fc;0x3f2;0x3f3;0x3fd,0,475
2026-06-02T14:49:15.467,213,3,0x3f2;0x3f3;0x3fd,0,204
2026-06-02T14:49:15.467,214,3,0x3fc;0x3f2;0x3fd,0,216
2026-06-02T14:49:15.467,215,3,0x3f2;0x3f3;0x3fd,0,182
2026-06-02T14:49:15.668,216,2,0x3f2;0x3fd,0,172
2026-06-02T14:49:15.668,217,2,0x3f2;0x3fd,0,172
2026-06-02T14:49:15.869,218,2,0x3f2;0x3fd,0,172
2026-06-02T14:49:15.869,219,3,0x3fc;0x3f2;0x3fd,0,208
2026-06-02T14:49:16.072,220,3,0x3f2;0x3f3;0x3fd,0,181
2026-06-02T14:49:16.072,221,3,0x3fc;0x3f2;0x3fd,0,288
2026-06-02T14:49:16.072,222,3,0x3f2;0x3f3;0x3fd,0,191
2026-06-02T14:49:16.274,223,2,0x3f2;0x3fd,0,172
2026-06-02T14:49:16.489,224,3,0x3f2;0x3fd;0x410,1,316
2026-06-02T14:49:16.489,225,3,0x3fc;0x3f2;0x3fd,0,648
2026-06-02T14:49:16.489,226,4,0x3fc;0x3f2;0x3f3;0x3fd,0,496
2026-06-02T14:49:16.690,227,3,0x3f2;0x3f3;0x3fd,0,209
2026-06-02T14:49:16.690,228,3,0x3fc;0x3f2;0x3fd,0,216
2026-06-02T14:49:16.905,229,3,0x3f2;0x3f3;0x3fd,0,182
2026-06-02T14:49:16.905,230,3,0x3fc;0x3f2;0x3fd,0,216
2026-06-02T14:49:16.905,231,3,0x3f2;0x3f3;0x3fd,0,182
2026-06-02T14:49:17.119,232,2,0x3f2;0x3fd,0,172
2026-06-02T14:49:17.119,233,2,0x3f2;0x3fd,0,172
2026-06-02T14:49:17.320,234,2,0x3f2;0x3fd,0,172
2026-06-02T14:49:17.320,235,2,0x3f2;0x3fd,0,172
2026-06-02T14:49:17.522,236,3,0x3fc;0x3f2;0x3fd,0,320
2026-06-02T14:49:17.522,237,3,0x3f2;0x3f3;0x3fd,0,195
2026-06-02T14:49:17.522,238,3,0x3fc;0x3f2;0x3fd,0,208
2026-06-02T14:49:17.738,239,4,0x3fc;0x3f2;0x3f3;0x3fd,0,241
2026-06-02T14:49:17.738,240,5,0x3fc;0x3f2;0x3f3;0x3fd;0x410,1,388
2026-06-02T14:49:17.940,241,4,0x3fc;0x3f2;0x3f3;0x3fd,0,220
2026-06-02T14:49:17.940,242,3,0x3f2;0x3f3;0x3fd,0,181
2026-06-02T14:49:18.144,243,2,0x3f2;0x3fd,0,172
2026-06-02T14:49:18.144,244,3,0x3fc;0x3f2;0x3fd,0,216
2026-06-02T14:49:18.349,245,4,0x3fc;0x3f2;0x3f3;0x3fd,0,386
2026-06-02T14:49:18.349,246,4,0x3fc;0x3f2;0x3f3;0x3fd,0,350
2026-06-02T14:49:18.349,247,4,0x3fc;0x3f2;0x3f3;0x3fd,0,247
2026-06-02T14:49:18.552,248,4,0x3fc;0x3f2;0x3f3;0x3fd,0,611
2026-06-02T14:49:18.552,249,4,0x3fc;0x3f2;0x3f3;0x3fd,0,274
2026-06-02T14:49:18.769,250,3,0x3f2;0x3f3;0x3fd,0,182
2026-06-02T14:49:18.769,251,3,0x3fc;0x3f2;0x3fd,0,296
2026-06-02T14:49:18.969,252,3,0x3f2;0x3f3;0x3fd,0,192
2026-06-02T14:49:18.969,253,2,0x3f2;0x3fd,0,172
2026-06-02T14:49:18.969,254,2,0x3f2;0x3fd,0,172
2026-06-02T14:49:19.171,255,3,0x3fc;0x3f2;0x3fd,0,472
2026-06-02T14:49:19.374,256,5,0x3fc;0x3f2;0x3f3;0x3fd;0x410,1,658
2026-06-02T14:49:19.375,257,4,0x3fc;0x3f2;0x3f3;0x3fd,0,250
2026-06-02T14:49:19.375,258,4,0x3fc;0x3f2;0x3f3;0x3fd,0,537
2026-06-02T14:49:19.578,259,4,0x3fc;0x3f2;0x3f3;0x3fd,0,265
2026-06-02T14:49:19.578,260,4,0x3fc;0x3f2;0x3f3;0x3fd,0,258
2026-06-02T14:49:19.781,261,4,0x3fc;0x3f2;0x3f3;0x3fd,0,382
2026-06-02T14:49:19.781,262,4,0x3fc;0x3f2;0x3f3;0x3fd,0,325
2026-06-02T14:49:19.781,263,4,0x3fc;0x3f2;0x3f3;0x3fd,0,428
2026-06-02T14:49:19.982,264,4,0x3fc;0x3f2;0x3f3;0x3fd,0,594
2026-06-02T14:49:19.982,265,4,0x3fc;0x3f2;0x3f3;0x3fd,0,309
2026-06-02T14:49:20.183,266,4,0x3fc;0x3f2;0x3f3;0x3fd,0,687
2026-06-02T14:49:20.183,267,4,0x3fc;0x3f2;0x3f3;0x3fd,0,291
2026-06-02T14:49:20.386,268,4,0x3fc;0x3f2;0x3f3;0x3fd,0,219
2026-06-02T14:49:20.386,269,3,0x3f2;0x3f3;0x3fd,0,181
2026-06-02T14:49:20.588,270,3,0x3fc;0x3f2;0x3fd,0,288
2026-06-02T14:49:20.588,271,4,0x3fc;0x3f2;0x3f3;0x3fd,0,331
2026-06-02T14:49:20.790,272,5,0x3fc;0x3f2;0x3f3;0x3fd;0x410,1,478
2026-06-02T14:49:20.791,273,3,0x3f2;0x3f3;0x3fd,0,194
2026-06-02T14:49:20.791,274,3,0x3fc;0x3f2;0x3fd,0,440
2026-06-02T14:49:20.995,275,3,0x3f2;0x3f3;0x3fd,0,210
2026-06-02T14:49:20.995,276,3,0x3fc;0x3f2;0x3fd,0,408
2026-06-02T14:49:21.197,277,4,0x3fc;0x3f2;0x3f3;0x3fd,0,338
2026-06-02T14:49:21.197,278,3,0x3f2;0x3f3;0x3fd,0,193
2026-06-02T14:49:21.400,279,3,0x3fc;0x3f2;0x3fd,0,288
2026-06-02T14:49:21.400,280,3,0x3f2;0x3f3;0x3fd,0,191
2026-06-02T14:49:21.400,281,3,0x3fc;0x3f2;0x3fd,0,384
2026-06-02T14:49:21.604,282,4,0x3fc;0x3f2;0x3f3;0x3fd,0,311
2026-06-02T14:49:21.604,283,4,0x3fc;0x3f2;0x3f3;0x3fd,0,250
2026-06-02T14:49:21.808,284,4,0x3fc;0x3f2;0x3f3;0x3fd,0,356
2026-06-02T14:49:21.808,285,4,0x3fc;0x3f2;0x3f3;0x3fd,0,274
2026-06-02T14:49:22.010,286,3,0x3f2;0x3f3;0x3fd,0,186
2026-06-02T14:49:22.010,287,3,0x3fc;0x3f2;0x3fd,0,344
2026-06-02T14:49:22.213,288,5,0x3fc;0x3f2;0x3f3;0x3fd;0x410,1,514
2026-06-02T14:49:22.213,289,4,0x3fc;0x3f2;0x3f3;0x3fd,0,266
2026-06-02T14:49:22.213,290,3,0x3f2;0x3f3;0x3fd,0,185
2026-06-02T14:49:22.429,291,2,0x3f2;0x3fd,0,172
2026-06-02T14:49:22.429,292,3,0x3fc;0x3f2;0x3fd,0,216
2026-06-02T14:49:22.631,293,4,0x3fc;0x3f2;0x3f3;0x3fd,0,418
2026-06-02T14:49:22.631,294,4,0x3fc;0x3f2;0x3f3;0x3fd,0,250
2026-06-02T14:49:22.835,295,4,0x3fc;0x3f2;0x3f3;0x3fd,0,242
2026-06-02T14:49:22.835,296,4,0x3fc;0x3f2;0x3f3;0x3fd,0,860
2026-06-02T14:49:22.835,297,4,0x3fc;0x3f2;0x3f3;0x3fd,0,297
2026-06-02T14:49:23.039,298,3,0x3f2;0x3f3;0x3fd,0,181
2026-06-02T14:49:23.039,299,3,0x3fc;0x3f2;0x3fd,0,344
2026-06-02T14:49:23.242,300,4,0x3fc;0x3f2;0x3f3;0x3fd,0,674
2026-06-02T14:49:23.242,301,4,0x3fc;0x3f2;0x3f3;0x3fd,0,688
2026-06-02T14:49:23.457,302,4,0x3fc;0x3f2;0x3f3;0x3fd,0,685
2026-06-02T14:49:23.457,303,4,0x3fc;0x3f2;0x3f3;0x3fd,0,629
2026-06-02T14:49:23.660,304,5,0x3fc;0x3f2;0x3f3;0x3fd;0x410,1,766
2026-06-02T14:49:23.660,305,4,0x3fc;0x3f2;0x3f3;0x3fd,0,638
2026-06-02T14:49:23.660,306,4,0x3fc;0x3f2;0x3f3;0x3fd,0,416
2026-06-02T14:49:23.863,307,4,0x3fc;0x3f2;0x3f3;0x3fd,0,428
2026-06-02T14:49:23.863,308,4,0x3fc;0x3f2;0x3f3;0x3fd,0,257
2026-06-02T14:49:24.066,309,4,0x3fc;0x3f2;0x3f3;0x3fd,0,275
2026-06-02T14:49:24.066,310,4,0x3fc;0x3f2;0x3f3;0x3fd,0,232
2026-06-02T14:49:24.266,311,4,0x3fc;0x3f2;0x3f3;0x3fd,0,274
2026-06-02T14:49:24.266,312,4,0x3fc;0x3f2;0x3f3;0x3fd,0,256
2026-06-02T14:49:24.266,313,4,0x3fc;0x3f2;0x3f3;0x3fd,0,237
2026-06-02T14:49:24.470,314,4,0x3fc;0x3f2;0x3f3;0x3fd,0,219
2026-06-02T14:49:24.470,315,4,0x3fc;0x3f2;0x3f3;0x3fd,0,737
2026-06-02T14:49:24.671,316,4,0x3fc;0x3f2;0x3f3;0x3fd,0,578
2026-06-02T14:49:24.671,317,4,0x3fc;0x3f2;0x3f3;0x3fd,0,262
2026-06-02T14:49:24.875,318,4,0x3fc;0x3f2;0x3f3;0x3fd,0,226
2026-06-02T14:49:24.875,319,4,0x3fc;0x3f2;0x3f3;0x3fd,0,298
2026-06-02T14:49:25.076,320,5,0x3fc;0x3f2;0x3f3;0x3fd;0x410,1,451
2026-06-02T14:49:25.076,321,4,0x3fc;0x3f2;0x3f3;0x3fd,0,235
2026-06-02T14:49:25.076,322,3,0x3f2;0x3f3;0x3fd,0,182
2026-06-02T14:49:25.277,323,3,0x3fc;0x3f2;0x3fd,0,216
2026-06-02T14:49:25.277,324,3,0x3f2;0x3f3;0x3fd,0,182
2026-06-02T14:49:25.479,325,2,0x3f2;0x3fd,0,172
2026-06-02T14:49:25.479,326,2,0x3f2;0x3fd,0,172
2026-06-02T14:49:25.684,327,2,0x3f2;0x3fd,0,172
2026-06-02T14:49:25.684,328,3,0x3fc;0x3f2;0x3fd,0,208
2026-06-02T14:49:25.886,329,3,0x3f2;0x3f3;0x3fd,0,181
2026-06-02T14:49:25.886,330,3,0x3fc;0x3f2;0x3fd,0,440
2026-06-02T14:49:25.886,331,4,0x3fc;0x3f2;0x3f3;0x3fd,0,262
2026-06-02T14:49:26.087,332,4,0x3fc;0x3f2;0x3f3;0x3fd,0,227
2026-06-02T14:49:26.087,333,4,0x3fc;0x3f2;0x3f3;0x3fd,0,218
2026-06-02T14:49:26.287,334,4,0x3fc;0x3f2;0x3f3;0x3fd,0,225
2026-06-02T14:49:26.491,337,4,0x3fc;0x3f2;0x3f3;0x3fd,0,247
2026-06-02T14:49:26.694,338,4,0x3fc;0x3f2;0x3f3;0x3fd,0,219
2026-06-02T14:49:26.694,339,4,0x3fc;0x3f2;0x3f3;0x3fd,0,321
2026-06-02T14:49:26.694,340,4,0x3fc;0x3f2;0x3f3;0x3fd,0,230
2026-06-02T14:49:26.898,341,4,0x3fc;0x3f2;0x3f3;0x3fd,0,393
2026-06-02T14:49:26.898,342,4,0x3fc;0x3f2;0x3f3;0x3fd,0,343
2026-06-02T14:49:27.099,343,4,0x3fc;0x3f2;0x3f3;0x3fd,0,342
2026-06-02T14:49:27.099,344,3,0x3f2;0x3f3;0x3fd,0,195
2026-06-02T14:49:27.302,345,2,0x3f2;0x3fd,0,172
2026-06-02T14:49:27.302,346,3,0x3fc;0x3f2;0x3fd,0,216
2026-06-02T14:49:27.504,347,4,0x3fc;0x3f2;0x3f3;0x3fd,0,394
2026-06-02T14:49:27.504,348,4,0x3fc;0x3f2;0x3f3;0x3fd,0,255
2026-06-02T14:49:27.707,349,4,0x3fc;0x3f2;0x3f3;0x3fd,0,611
2026-06-02T14:49:27.707,350,4,0x3fc;0x3f2;0x3f3;0x3fd,0,298
2026-06-02T14:49:27.707,351,4,0x3fc;0x3f2;0x3f3;0x3fd,0,349
2026-06-02T14:49:27.910,352,5,0x3fc;0x3f2;0x3f3;0x3fd;0x410,1,505
2026-06-02T14:49:27.911,353,4,0x3fc;0x3f2;0x3f3;0x3fd,0,233
2026-06-02T14:49:28.125,354,4,0x3fc;0x3f2;0x3f3;0x3fd,0,273
2026-06-02T14:49:28.125,355,3,0x3f2;0x3f3;0x3fd,0,188
2026-06-02T14:49:28.341,356,3,0x3fc;0x3f2;0x3fd,0,208
2026-06-02T14:49:28.341,357,4,0x3fc;0x3f2;0x3f3;0x3fd,0,217
2026-06-02T14:49:28.341,358,4,0x3fc;0x3f2;0x3f3;0x3fd,0,561
2026-06-02T14:49:28.555,359,4,0x3fc;0x3f2;0x3f3;0x3fd,0,372
2026-06-02T14:49:28.555,360,4,0x3fc;0x3f2;0x3f3;0x3fd,0,239
2026-06-02T14:49:28.757,361,4,0x3fc;0x3f2;0x3f3;0x3fd,0,258
2026-06-02T14:49:28.757,362,4,0x3fc;0x3f2;0x3f3;0x3fd,0,238
2026-06-02T14:49:28.976,363,4,0x3fc;0x3f2;0x3f3;0x3fd,0,227
2026-06-02T14:49:28.976,364,3,0x3f2;0x3f3;0x3fd,0,182
2026-06-02T14:49:28.976,365,2,0x3f2;0x3fd,0,172
2026-06-02T14:49:29.177,366,3,0x3fc;0x3f2;0x3fd,0,208
2026-06-02T14:49:29.177,367,4,0x3fc;0x3f2;0x3f3;0x3fd,0,337
2026-06-02T14:49:29.383,368,5,0x3fc;0x3f2;0x3f3;0x3fd;0x410,1,496
2026-06-02T14:49:29.384,369,3,0x3f2;0x3f3;0x3fd,0,196
2026-06-02T14:49:29.586,370,3,0x3fc;0x3f2;0x3fd,0,464
2026-06-02T14:49:29.586,371,4,0x3fc;0x3f2;0x3f3;0x3fd,0,289
2026-06-02T14:49:29.587,372,4,0x3fc;0x3f2;0x3f3;0x3fd,0,238
2026-06-02T14:49:29.801,373,4,0x3fc;0x3f2;0x3f3;0x3fd,0,355
2026-06-02T14:49:29.801,374,3,0x3f2;0x3f3;0x3fd,0,198
2026-06-02T14:49:30.004,375,3,0x3fc;0x3f2;0x3fd,0,216
2026-06-02T14:49:30.004,376,4,0x3fc;0x3f2;0x3f3;0x3fd,0,234
2026-06-02T14:49:30.207,377,3,0x3f2;0x3f3;0x3fd,0,183
2026-06-02T14:49:30.207,378,3,0x3fc;0x3f2;0x3fd,0,216
2026-06-02T14:49:30.207,379,4,0x3fc;0x3f2;0x3f3;0x3fd,0,234
2026-06-02T14:49:30.410,380,4,0x3fc;0x3f2;0x3f3;0x3fd,0,315
2026-06-02T14:49:30.410,381,4,0x3fc;0x3f2;0x3f3;0x3fd,0,253
2026-06-02T14:49:30.610,382,4,0x3fc;0x3f2;0x3f3;0x3fd,0,228
2026-06-02T14:49:30.610,383,4,0x3fc;0x3f2;0x3f3;0x3fd,0,602
2026-06-02T14:49:30.812,384,5,0x3fc;0x3f2;0x3f3;0x3fd;0x410,1,793
2026-06-02T14:49:30.813,385,4,0x3fc;0x3f2;0x3f3;0x3fd,0,345
2026-06-02T14:49:31.014,386,4,0x3fc;0x3f2;0x3f3;0x3fd,0,235
2026-06-02T14:49:31.014,387,3,0x3f2;0x3f3;0x3fd,0,182
2026-06-02T14:49:31.014,388,3,0x3fc;0x3f2;0x3fd,0,208
2026-06-02T14:49:31.218,389,4,0x3fc;0x3f2;0x3f3;0x3fd,0,217
2026-06-02T14:49:31.218,390,4,0x3fc;0x3f2;0x3f3;0x3fd,0,233
2026-06-02T14:49:31.419,391,4,0x3fc;0x3f2;0x3f3;0x3fd,0,227
2026-06-02T14:49:31.419,392,4,0x3fc;0x3f2;0x3f3;0x3fd,0,218
2026-06-02T14:49:31.620,393,4,0x3fc;0x3f2;0x3f3;0x3fd,0,289
2026-06-02T14:49:31.620,394,3,0x3f2;0x3f3;0x3fd,0,190
2026-06-02T14:49:31.822,395,3,0x3fc;0x3f2;0x3fd,0,488
2026-06-02T14:49:31.822,396,4,0x3fc;0x3f2;0x3f3;0x3fd,0,260
2026-06-02T14:49:32.026,397,4,0x3fc;0x3f2;0x3f3;0x3fd,0,242
2026-06-02T14:49:32.026,398,4,0x3fc;0x3f2;0x3f3;0x3fd,0,260
2026-06-02T14:49:32.026,399,4,0x3fc;0x3f2;0x3f3;0x3fd,0,358
2026-06-02T14:49:32.226,400,5,0x3fc;0x3f2;0x3f3;0x3fd;0x410,1,514
2026-06-02T14:49:32.227,401,4,0x3fc;0x3f2;0x3f3;0x3fd,0,258
2026-06-02T14:49:32.428,402,4,0x3fc;0x3f2;0x3f3;0x3fd,0,220
2026-06-02T14:49:32.428,403,4,0x3fc;0x3f2;0x3f3;0x3fd,0,241
2026-06-02T14:49:32.631,404,4,0x3fc;0x3f2;0x3f3;0x3fd,0,260
2026-06-02T14:49:32.631,405,4,0x3fc;0x3f2;0x3f3;0x3fd,0,286
2026-06-02T14:49:32.834,406,4,0x3fc;0x3f2;0x3f3;0x3fd,0,233
2026-06-02T14:49:32.834,407,4,0x3fc;0x3f2;0x3f3;0x3fd,0,242
2026-06-02T14:49:32.834,408,4,0x3fc;0x3f2;0x3f3;0x3fd,0,228
2026-06-02T14:49:33.036,409,4,0x3fc;0x3f2;0x3f3;0x3fd,0,218
2026-06-02T14:49:33.036,410,4,0x3fc;0x3f2;0x3f3;0x3fd,0,225
2026-06-02T14:49:33.237,411,4,0x3fc;0x3f2;0x3f3;0x3fd,0,250
2026-06-02T14:49:33.237,412,4,0x3fc;0x3f2;0x3f3;0x3fd,0,469
2026-06-02T14:49:33.440,413,4,0x3fc;0x3f2;0x3f3;0x3fd,0,264
2026-06-02T14:49:33.440,414,4,0x3fc;0x3f2;0x3f3;0x3fd,0,243
2026-06-02T14:49:33.641,415,4,0x3fc;0x3f2;0x3f3;0x3fd,0,244
2026-06-02T14:49:33.641,416,5,0x3fc;0x3f2;0x3f3;0x3fd;0x410,1,388
2026-06-02T14:49:33.641,417,3,0x3f2;0x3f3;0x3fd,0,184
2026-06-02T14:49:33.845,418,3,0x3fc;0x3f2;0x3fd,0,216
2026-06-02T14:49:33.845,419,4,0x3fc;0x3f2;0x3f3;0x3fd,0,218
2026-06-02T14:49:34.049,420,4,0x3fc;0x3f2;0x3f3;0x3fd,0,409
2026-06-02T14:49:34.049,421,4,0x3fc;0x3f2;0x3f3;0x3fd,0,305
2026-06-02T14:49:34.251,422,3,0x3f2;0x3f3;0x3fd,0,189
2026-06-02T14:49:34.251,423,2,0x3f2;0x3fd,0,172
2026-06-02T14:49:34.454,424,3,0x3fc;0x3f2;0x3fd,0,208
2026-06-02T14:49:34.454,425,3,0x3f2;0x3f3;0x3fd,0,181
2026-06-02T14:49:34.454,426,3,0x3fc;0x3f2;0x3fd,0,320
2026-06-02T14:49:34.656,427,4,0x3fc;0x3f2;0x3f3;0x3fd,0,247
2026-06-02T14:49:34.656,428,4,0x3fc;0x3f2;0x3f3;0x3fd,0,427
2026-06-02T14:49:34.859,429,4,0x3fc;0x3f2;0x3f3;0x3fd,0,379
2026-06-02T14:49:34.859,430,4,0x3fc;0x3f2;0x3f3;0x3fd,0,298
2026-06-02T14:49:35.075,431,4,0x3fc;0x3f2;0x3f3;0x3fd,0,465
2026-06-02T14:49:35.075,432,5,0x3fc;0x3f2;0x3f3;0x3fd;0x410,1,631
2026-06-02T14:49:35.075,433,4,0x3fc;0x3f2;0x3f3;0x3fd,0,255
2026-06-02T14:49:35.290,434,4,0x3fc;0x3f2;0x3f3;0x3fd,0,290
2026-06-02T14:49:35.290,435,4,0x3fc;0x3f2;0x3f3;0x3fd,0,274
2026-06-02T14:49:35.491,436,4,0x3fc;0x3f2;0x3f3;0x3fd,0,287
2026-06-02T14:49:35.491,437,4,0x3fc;0x3f2;0x3f3;0x3fd,0,361
2026-06-02T14:49:35.696,438,4,0x3fc;0x3f2;0x3f3;0x3fd,0,386
2026-06-02T14:49:35.696,439,4,0x3fc;0x3f2;0x3f3;0x3fd,0,412
2026-06-02T14:49:35.898,440,4,0x3fc;0x3f2;0x3f3;0x3fd,0,799
2026-06-02T14:49:35.898,441,4,0x3fc;0x3f2;0x3f3;0x3fd,0,599
2026-06-02T14:49:35.898,442,4,0x3fc;0x3f2;0x3f3;0x3fd,0,448
2026-06-02T14:49:36.100,443,4,0x3fc;0x3f2;0x3f3;0x3fd,0,273
2026-06-02T14:49:36.100,444,4,0x3fc;0x3f2;0x3f3;0x3fd,0,285
2026-06-02T14:49:36.304,445,4,0x3fc;0x3f2;0x3f3;0x3fd,0,281
2026-06-02T14:49:36.304,446,4,0x3fc;0x3f2;0x3f3;0x3fd,0,240
2026-06-02T14:49:36.506,447,4,0x3fc;0x3f2;0x3f3;0x3fd,0,235
2026-06-02T14:49:36.506,448,5,0x3fc;0x3f2;0x3f3;0x3fd;0x410,1,379
2026-06-02T14:49:36.506,449,4,0x3fc;0x3f2;0x3f3;0x3fd,0,235
2026-06-02T14:49:36.709,450,4,0x3fc;0x3f2;0x3f3;0x3fd,0,219
2026-06-02T14:49:36.709,451,4,0x3fc;0x3f2;0x3f3;0x3fd,0,217
2026-06-02T14:49:36.913,452,4,0x3fc;0x3f2;0x3f3;0x3fd,0,233
2026-06-02T14:49:36.913,453,4,0x3fc;0x3f2;0x3f3;0x3fd,0,243
2026-06-02T14:49:37.115,454,3,0x3f2;0x3f3;0x3fd,0,184
2026-06-02T14:49:37.115,455,3,0x3fc;0x3f2;0x3fd,0,216
2026-06-02T14:49:37.317,456,4,0x3fc;0x3f2;0x3f3;0x3fd,0,218
2026-06-02T14:49:37.317,457,3,0x3f2;0x3f3;0x3fd,0,181
2026-06-02T14:49:37.519,458,3,0x3fc;0x3f2;0x3fd,0,208
2026-06-02T14:49:37.519,459,3,0x3f2;0x3f3;0x3fd,0,181
2026-06-02T14:49:37.519,460,2,0x3f2;0x3fd,0,172
2026-06-02T14:49:37.722,461,2,0x3f2;0x3fd,0,172
2026-06-02T14:49:37.722,462,2,0x3f2;0x3fd,0,172
2026-06-02T14:49:37.924,463,2,0x3f2;0x3fd,0,172
2026-06-02T14:49:37.924,464,3,0x3f2;0x3fd;0x410,1,316
2026-06-02T14:49:38.127,465,2,0x3f2;0x3fd,0,172
2026-06-02T14:49:38.127,466,2,0x3f2;0x3fd,0,172
2026-06-02T14:49:38.127,467,2,0x3f2;0x3fd,0,172
2026-06-02T14:49:38.328,468,2,0x3f2;0x3fd,0,172
2026-06-02T14:49:38.328,469,3,0x3fc;0x3f2;0x3fd,0,216
2026-06-02T14:49:38.531,470,3,0x3f2;0x3f3;0x3fd,0,182
2026-06-02T14:49:38.532,471,2,0x3f2;0x3fd,0,172
2026-06-02T14:49:38.733,472,2,0x3f2;0x3fd,0,172
2026-06-02T14:49:38.733,473,2,0x3f2;0x3fd,0,172
2026-06-02T14:49:38.934,474,2,0x3f2;0x3fd,0,172
2026-06-02T14:49:38.934,475,2,0x3f2;0x3fd,0,172
2026-06-02T14:49:38.934,476,2,0x3f2;0x3fd,0,172
2026-06-02T14:49:39.139,477,2,0x3f2;0x3fd,0,172
2026-06-02T14:49:39.139,478,2,0x3f2;0x3fd,0,172
2026-06-02T14:49:39.340,479,3,0x3fc;0x3f2;0x3fd,0,248
2026-06-02T14:49:39.340,480,5,0x3fc;0x3f2;0x3f3;0x3fd;0x410,1,406
2026-06-02T14:49:39.556,481,4,0x3fc;0x3f2;0x3f3;0x3fd,0,246
2026-06-02T14:49:39.556,482,4,0x3fc;0x3f2;0x3f3;0x3fd,0,220
2026-06-02T14:49:39.759,483,3,0x3f2;0x3f3;0x3fd,0,181
2026-06-02T14:49:39.759,484,3,0x3fc;0x3f2;0x3fd,0,208
2026-06-02T14:49:39.759,485,3,0x3f2;0x3f3;0x3fd,0,181
2026-06-02T14:49:39.965,486,2,0x3f2;0x3fd,0,172
2026-06-02T14:49:39.965,487,2,0x3f2;0x3fd,0,172
2026-06-02T14:49:40.168,488,2,0x3f2;0x3fd,0,172
2026-06-02T14:49:40.168,489,2,0x3f2;0x3fd,0,172
2026-06-02T14:49:40.371,490,3,0x3fc;0x3f2;0x3fd,0,208
2026-06-02T14:49:40.371,491,3,0x3f2;0x3f3;0x3fd,0,181
2026-06-02T14:49:40.574,492,2,0x3f2;0x3fd,0,172
2026-06-02T14:49:40.574,493,2,0x3f2;0x3fd,0,172
2026-06-02T14:49:40.574,494,2,0x3f2;0x3fd,0,172
2026-06-02T14:49:40.779,495,2,0x3f2;0x3fd,0,172
2026-06-02T14:49:40.779,496,3,0x3f2;0x3fd;0x410,1,316
2026-06-02T14:49:40.982,497,2,0x3f2;0x3fd,0,172
2026-06-02T14:49:40.982,498,2,0x3f2;0x3fd,0,172
2026-06-02T14:49:41.186,499,2,0x3f2;0x3fd,0,172
2026-06-02T14:49:41.186,500,3,0x3fc;0x3f2;0x3fd,0,272
2026-06-02T14:49:41.386,501,4,0x3fc;0x3f2;0x3f3;0x3fd,0,249
2026-06-02T14:49:41.386,502,4,0x3fc;0x3f2;0x3f3;0x3fd,0,508
2026-06-02T14:49:41.386,503,4,0x3fc;0x3f2;0x3f3;0x3fd,0,597
2026-06-02T14:49:41.589,504,4,0x3fc;0x3f2;0x3f3;0x3fd,0,316
2026-06-02T14:49:41.589,505,4,0x3fc;0x3f2;0x3f3;0x3fd,0,256
2026-06-02T14:49:41.792,506,4,0x3fc;0x3f2;0x3f3;0x3fd,0,229
2026-06-02T14:49:41.792,507,4,0x3fc;0x3f2;0x3f3;0x3fd,0,346
2026-06-02T14:49:41.996,508,3,0x3f2;0x3f3;0x3fd,0,197
2026-06-02T14:49:41.996,509,3,0x3fc;0x3f2;0x3fd,0,208
2026-06-02T14:49:41.996,510,3,0x3f2;0x3f3;0x3fd,0,181
2026-06-02T14:49:42.211,511,3,0x3fc;0x3f2;0x3fd,0,240
2026-06-02T14:49:42.413,512,5,0x3fc;0x3f2;0x3f3;0x3fd;0x410,1,397
2026-06-02T14:49:42.414,513,3,0x3f2;0x3f3;0x3fd,0,185
2026-06-02T14:49:42.414,514,3,0x3fc;0x3f2;0x3fd,0,232
2026-06-02T14:49:42.617,515,4,0x3fc;0x3f2;0x3f3;0x3fd,0,300
2026-06-02T14:49:42.617,516,4,0x3fc;0x3f2;0x3f3;0x3fd,0,779
2026-06-02T14:49:42.821,517,4,0x3fc;0x3f2;0x3f3;0x3fd,0,758
2026-06-02T14:49:42.821,518,4,0x3fc;0x3f2;0x3f3;0x3fd,0,892
2026-06-02T14:49:42.821,519,4,0x3fc;0x3f2;0x3f3;0x3fd,0,742
2026-06-02T14:49:43.022,520,4,0x3fc;0x3f2;0x3f3;0x3fd,0,609
2026-06-02T14:49:43.022,521,4,0x3fc;0x3f2;0x3f3;0x3fd,0,347
2026-06-02T14:49:43.224,522,4,0x3fc;0x3f2;0x3f3;0x3fd,0,284
2026-06-02T14:49:43.224,523,4,0x3fc;0x3f2;0x3f3;0x3fd,0,240
2026-06-02T14:49:43.427,524,4,0x3fc;0x3f2;0x3f3;0x3fd,0,219
2026-06-02T14:49:43.427,525,4,0x3fc;0x3f2;0x3f3;0x3fd,0,281
2026-06-02T14:49:43.630,526,4,0x3fc;0x3f2;0x3f3;0x3fd,0,249
2026-06-02T14:49:43.630,527,4,0x3fc;0x3f2;0x3f3;0x3fd,0,220
2026-06-02T14:49:43.833,528,5,0x3fc;0x3f2;0x3f3;0x3fd;0x410,1,361
2026-06-02T14:49:43.833,529,4,0x3fc;0x3f2;0x3f3;0x3fd,0,249
2026-06-02T14:49:43.833,530,4,0x3fc;0x3f2;0x3f3;0x3fd,0,237
2026-06-02T14:49:44.034,531,4,0x3fc;0x3f2;0x3f3;0x3fd,0,235
2026-06-02T14:49:44.034,532,3,0x3f2;0x3f3;0x3fd,0,183
2026-06-02T14:49:44.238,533,3,0x3fc;0x3f2;0x3fd,0,280
2026-06-02T14:49:44.238,534,4,0x3fc;0x3f2;0x3f3;0x3fd,0,226
2026-06-02T14:49:44.442,535,4,0x3fc;0x3f2;0x3f3;0x3fd,0,305
2026-06-02T14:49:44.442,536,4,0x3fc;0x3f2;0x3f3;0x3fd,0,228
2026-06-02T14:49:44.442,537,3,0x3f2;0x3f3;0x3fd,0,181
2026-06-02T14:49:44.647,538,2,0x3f2;0x3fd,0,172
2026-06-02T14:49:44.647,539,2,0x3f2;0x3fd,0,172
2026-06-02T14:49:44.850,540,3,0x3fc;0x3f2;0x3fd,0,208
2026-06-02T14:49:44.850,541,4,0x3fc;0x3f2;0x3f3;0x3fd,0,233
2026-06-02T14:49:45.054,542,4,0x3fc;0x3f2;0x3f3;0x3fd,0,227
2026-06-02T14:49:45.054,543,4,0x3fc;0x3f2;0x3f3;0x3fd,0,226
2026-06-02T14:49:45.257,544,5,0x3fc;0x3f2;0x3f3;0x3fd;0x410,1,370
2026-06-02T14:49:45.258,545,4,0x3fc;0x3f2;0x3f3;0x3fd,0,250
2026-06-02T14:49:45.258,546,4,0x3fc;0x3f2;0x3f3;0x3fd,0,229
2026-06-02T14:49:45.473,547,4,0x3fc;0x3f2;0x3f3;0x3fd,0,218
2026-06-02T14:49:45.473,548,4,0x3fc;0x3f2;0x3f3;0x3fd,0,217
2026-06-02T14:49:45.676,549,4,0x3fc;0x3f2;0x3f3;0x3fd,0,233
2026-06-02T14:49:45.676,550,4,0x3fc;0x3f2;0x3f3;0x3fd,0,243
2026-06-02T14:49:45.878,551,4,0x3fc;0x3f2;0x3f3;0x3fd,0,228
2026-06-02T14:49:45.878,552,4,0x3fc;0x3f2;0x3f3;0x3fd,0,226
2026-06-02T14:49:45.878,553,4,0x3fc;0x3f2;0x3f3;0x3fd,0,314
2026-06-02T14:49:46.081,554,4,0x3fc;0x3f2;0x3f3;0x3fd,0,613
2026-06-02T14:49:46.081,555,4,0x3fc;0x3f2;0x3f3;0x3fd,0,265
2026-06-02T14:49:46.285,556,4,0x3fc;0x3f2;0x3f3;0x3fd,0,217
2026-06-02T14:49:46.285,557,4,0x3fc;0x3f2;0x3f3;0x3fd,0,233
2026-06-02T14:49:46.499,558,4,0x3fc;0x3f2;0x3f3;0x3fd,0,283
2026-06-02T14:49:46.499,559,4,0x3fc;0x3f2;0x3f3;0x3fd,0,457
2026-06-02T14:49:46.704,560,5,0x3fc;0x3f2;0x3f3;0x3fd;0x410,1,622
2026-06-02T14:49:46.704,561,4,0x3fc;0x3f2;0x3f3;0x3fd,0,302
2026-06-02T14:49:46.704,562,4,0x3fc;0x3f2;0x3f3;0x3fd,0,256
2026-06-02T14:49:46.907,563,4,0x3fc;0x3f2;0x3f3;0x3fd,0,253
2026-06-02T14:49:46.907,564,4,0x3fc;0x3f2;0x3f3;0x3fd,0,237
2026-06-02T14:49:47.110,565,4,0x3fc;0x3f2;0x3f3;0x3fd,0,339
2026-06-02T14:49:47.110,566,4,0x3fc;0x3f2;0x3f3;0x3fd,0,280
2026-06-02T14:49:47.312,567,4,0x3fc;0x3f2;0x3f3;0x3fd,0,247
2026-06-02T14:49:47.312,568,4,0x3fc;0x3f2;0x3f3;0x3fd,0,244
2026-06-02T14:49:47.312,569,4,0x3fc;0x3f2;0x3f3;0x3fd,0,220
2026-06-02T14:49:47.516,570,4,0x3fc;0x3f2;0x3f3;0x3fd,0,249
2026-06-02T14:49:47.516,571,4,0x3fc;0x3f2;0x3f3;0x3fd,0,253
2026-06-02T14:49:47.718,572,4,0x3fc;0x3f2;0x3f3;0x3fd,0,237
2026-06-02T14:49:47.718,573,4,0x3fc;0x3f2;0x3f3;0x3fd,0,235
2026-06-02T14:49:47.922,574,4,0x3fc;0x3f2;0x3f3;0x3fd,0,243
2026-06-02T14:49:47.922,575,4,0x3fc;0x3f2;0x3f3;0x3fd,0,228
2026-06-02T14:49:48.124,576,5,0x3fc;0x3f2;0x3f3;0x3fd;0x410,1,370
2026-06-02T14:49:48.124,577,4,0x3fc;0x3f2;0x3f3;0x3fd,0,242
2026-06-02T14:49:48.124,578,4,0x3fc;0x3f2;0x3f3;0x3fd,0,228
2026-06-02T14:49:48.327,579,4,0x3fc;0x3f2;0x3f3;0x3fd,0,218
2026-06-02T14:49:48.327,580,4,0x3fc;0x3f2;0x3f3;0x3fd,0,217
2026-06-02T14:49:48.529,581,4,0x3fc;0x3f2;0x3f3;0x3fd,0,217
2026-06-02T14:49:48.529,582,4,0x3fc;0x3f2;0x3f3;0x3fd,0,217
2026-06-02T14:49:48.732,583,4,0x3fc;0x3f2;0x3f3;0x3fd,0,273
2026-06-02T14:49:48.732,584,4,0x3fc;0x3f2;0x3f3;0x3fd,0,248
2026-06-02T14:49:48.934,585,4,0x3fc;0x3f2;0x3f3;0x3fd,0,236
2026-06-02T14:49:48.934,586,4,0x3fc;0x3f2;0x3f3;0x3fd,0,275
2026-06-02T14:49:48.934,587,4,0x3fc;0x3f2;0x3f3;0x3fd,0,256
2026-06-02T14:49:49.140,588,4,0x3fc;0x3f2;0x3f3;0x3fd,0,261
2026-06-02T14:49:49.140,589,4,0x3fc;0x3f2;0x3f3;0x3fd,0,238
2026-06-02T14:49:49.343,590,4,0x3fc;0x3f2;0x3f3;0x3fd,0,219
2026-06-02T14:49:49.343,591,4,0x3fc;0x3f2;0x3f3;0x3fd,0,297
2026-06-02T14:49:49.544,592,5,0x3fc;0x3f2;0x3f3;0x3fd;0x410,1,451
2026-06-02T14:49:49.544,593,4,0x3fc;0x3f2;0x3f3;0x3fd,0,315
2026-06-02T14:49:49.747,594,4,0x3fc;0x3f2;0x3f3;0x3fd,0,252
2026-06-02T14:49:49.747,595,4,0x3fc;0x3f2;0x3f3;0x3fd,0,228
2026-06-02T14:49:49.747,596,4,0x3fc;0x3f2;0x3f3;0x3fd,0,234
2026-06-02T14:49:49.950,597,4,0x3fc;0x3f2;0x3f3;0x3fd,0,387
2026-06-02T14:49:49.950,598,4,0x3fc;0x3f2;0x3f3;0x3fd,0,278
2026-06-02T14:49:50.153,599,4,0x3fc;0x3f2;0x3f3;0x3fd,0,246
2026-06-02T14:49:50.153,600,4,0x3fc;0x3f2;0x3f3;0x3fd,0,268
2026-06-02T14:49:50.358,601,4,0x3fc;0x3f2;0x3f3;0x3fd,0,271
2026-06-02T14:49:50.358,602,4,0x3fc;0x3f2;0x3f3;0x3fd,0,247
2026-06-02T14:49:50.560,603,4,0x3fc;0x3f2;0x3f3;0x3fd,0,460
2026-06-02T14:49:50.560,604,4,0x3fc;0x3f2;0x3f3;0x3fd,0,399
2026-06-02T14:49:50.560,605,4,0x3fc;0x3f2;0x3f3;0x3fd,0,324
2026-06-02T14:49:50.766,606,4,0x3fc;0x3f2;0x3f3;0x3fd,0,404
2026-06-02T14:49:50.766,607,4,0x3fc;0x3f2;0x3f3;0x3fd,0,311
2026-06-02T14:49:50.981,608,5,0x3fc;0x3f2;0x3f3;0x3fd;0x410,1,442
2026-06-02T14:49:50.981,609,4,0x3fc;0x3f2;0x3f3;0x3fd,0,226
2026-06-02T14:49:51.185,610,4,0x3fc;0x3f2;0x3f3;0x3fd,0,593
2026-06-02T14:49:51.185,611,4,0x3fc;0x3f2;0x3f3;0x3fd,0,304
2026-06-02T14:49:51.185,612,4,0x3fc;0x3f2;0x3f3;0x3fd,0,454
2026-06-02T14:49:51.387,613,4,0x3fc;0x3f2;0x3f3;0x3fd,0,686
2026-06-02T14:49:51.387,614,4,0x3fc;0x3f2;0x3f3;0x3fd,0,296
2026-06-02T14:49:51.588,615,4,0x3fc;0x3f2;0x3f3;0x3fd,0,412
2026-06-02T14:49:51.588,616,4,0x3fc;0x3f2;0x3f3;0x3fd,0,281
2026-06-02T14:49:51.789,617,4,0x3fc;0x3f2;0x3f3;0x3fd,0,1126
2026-06-02T14:49:51.789,618,4,0x3fc;0x3f2;0x3f3;0x3fd,0,394
2026-06-02T14:49:51.993,619,4,0x3fc;0x3f2;0x3f3;0x3fd,0,729
2026-06-02T14:49:51.993,620,4,0x3fc;0x3f2;0x3f3;0x3fd,0,408
2026-06-02T14:49:51.993,621,4,0x3fc;0x3f2;0x3f3;0x3fd,0,449
2026-06-02T14:49:52.196,622,4,0x3fc;0x3f2;0x3f3;0x3fd,0,516
2026-06-02T14:49:52.196,623,4,0x3fc;0x3f2;0x3f3;0x3fd,0,411
2026-06-02T14:49:52.399,624,5,0x3fc;0x3f2;0x3f3;0x3fd;0x410,1,541
2026-06-02T14:49:52.400,625,4,0x3fc;0x3f2;0x3f3;0x3fd,0,261
2026-06-02T14:49:52.603,626,4,0x3fc;0x3f2;0x3f3;0x3fd,0,292
2026-06-02T14:49:52.603,627,4,0x3fc;0x3f2;0x3f3;0x3fd,0,266
2026-06-02T14:49:52.806,628,4,0x3fc;0x3f2;0x3f3;0x3fd,0,406
2026-06-02T14:49:52.806,629,4,0x3fc;0x3f2;0x3f3;0x3fd,0,624
2026-06-02T14:49:52.806,630,4,0x3fc;0x3f2;0x3f3;0x3fd,0,401
2026-06-02T14:49:53.007,631,3,0x3f2;0x3f3;0x3fd,0,198
2026-06-02T14:49:53.007,632,2,0x3f2;0x3fd,0,172
2026-06-02T14:49:53.209,633,2,0x3f2;0x3fd,0,172
2026-06-02T14:49:53.209,634,3,0x3fc;0x3f2;0x3fd,0,216
2026-06-02T14:49:53.414,635,4,0x3fc;0x3f2;0x3f3;0x3fd,0,218
2026-06-02T14:49:53.414,636,3,0x3f2;0x3f3;0x3fd,0,181
2026-06-02T14:49:53.616,637,3,0x3fc;0x3f2;0x3fd,0,320
2026-06-02T14:49:53.616,638,4,0x3fc;0x3f2;0x3f3;0x3fd,0,431
2026-06-02T14:49:53.616,639,4,0x3fc;0x3f2;0x3f3;0x3fd,0,322
2026-06-02T14:49:53.817,640,5,0x3fc;0x3f2;0x3f3;0x3fd;0x410,1,451
2026-06-02T14:49:53.818,641,4,0x3fc;0x3f2;0x3f3;0x3fd,0,251
2026-06-02T14:49:54.019,642,4,0x3fc;0x3f2;0x3f3;0x3fd,0,220
2026-06-02T14:49:54.019,643,4,0x3fc;0x3f2;0x3f3;0x3fd,0,233
2026-06-02T14:49:54.223,644,4,0x3fc;0x3f2;0x3f3;0x3fd,0,227
2026-06-02T14:49:54.223,645,4,0x3fc;0x3f2;0x3f3;0x3fd,0,218
2026-06-02T14:49:54.428,646,4,0x3fc;0x3f2;0x3f3;0x3fd,0,225
2026-06-02T14:49:54.428,647,4,0x3fc;0x3f2;0x3f3;0x3fd,0,226
2026-06-02T14:49:54.428,648,4,0x3fc;0x3f2;0x3f3;0x3fd,0,226
2026-06-02T14:49:54.629,649,4,0x3fc;0x3f2;0x3f3;0x3fd,0,242
2026-06-02T14:49:54.629,650,4,0x3fc;0x3f2;0x3f3;0x3fd,0,356
2026-06-02T14:49:54.832,651,4,0x3fc;0x3f2;0x3f3;0x3fd,0,298
2026-06-02T14:49:54.832,652,4,0x3fc;0x3f2;0x3f3;0x3fd,0,297
2026-06-02T14:49:55.034,653,4,0x3fc;0x3f2;0x3f3;0x3fd,0,402
2026-06-02T14:49:55.034,654,4,0x3fc;0x3f2;0x3f3;0x3fd,0,535
2026-06-02T14:49:55.237,655,4,0x3fc;0x3f2;0x3f3;0x3fd,0,302
2026-06-02T14:49:55.237,656,5,0x3fc;0x3f2;0x3f3;0x3fd;0x410,1,415
2026-06-02T14:49:55.237,657,4,0x3fc;0x3f2;0x3f3;0x3fd,0,247
2026-06-02T14:49:55.439,658,4,0x3fc;0x3f2;0x3f3;0x3fd,0,348
2026-06-02T14:49:55.439,659,4,0x3fc;0x3f2;0x3f3;0x3fd,0,353
2026-06-02T14:49:55.642,660,4,0x3fc;0x3f2;0x3f3;0x3fd,0,264
2026-06-02T14:49:55.642,661,4,0x3fc;0x3f2;0x3f3;0x3fd,0,381
2026-06-02T14:49:55.856,662,4,0x3fc;0x3f2;0x3f3;0x3fd,0,253
2026-06-02T14:49:55.856,663,4,0x3fc;0x3f2;0x3f3;0x3fd,0,251
2026-06-02T14:49:55.856,664,4,0x3fc;0x3f2;0x3f3;0x3fd,0,253
2026-06-02T14:49:56.071,665,4,0x3fc;0x3f2;0x3f3;0x3fd,0,365
2026-06-02T14:49:56.071,666,4,0x3fc;0x3f2;0x3f3;0x3fd,0,251
2026-06-02T14:49:56.272,667,4,0x3fc;0x3f2;0x3f3;0x3fd,0,259
2026-06-02T14:49:56.272,668,4,0x3fc;0x3f2;0x3f3;0x3fd,0,270
2026-06-02T14:49:56.476,669,4,0x3fc;0x3f2;0x3f3;0x3fd,0,223
2026-06-02T14:49:56.476,670,4,0x3fc;0x3f2;0x3f3;0x3fd,0,225
2026-06-02T14:49:56.677,671,4,0x3fc;0x3f2;0x3f3;0x3fd,0,226
2026-06-02T14:49:56.677,672,5,0x3fc;0x3f2;0x3f3;0x3fd;0x410,1,370
2026-06-02T14:49:56.677,673,4,0x3fc;0x3f2;0x3f3;0x3fd,0,242
2026-06-02T14:49:56.878,674,4,0x3fc;0x3f2;0x3f3;0x3fd,0,244
2026-06-02T14:49:56.878,675,4,0x3fc;0x3f2;0x3f3;0x3fd,0,444
2026-06-02T14:49:57.081,676,4,0x3fc;0x3f2;0x3f3;0x3fd,0,517
2026-06-02T14:49:57.081,677,4,0x3fc;0x3f2;0x3f3;0x3fd,0,403
2026-06-02T14:49:57.296,678,3,0x3f2;0x3f3;0x3fd,0,200
2026-06-02T14:49:57.296,679,3,0x3fc;0x3f2;0x3fd,0,216
2026-06-02T14:49:57.296,680,4,0x3fc;0x3f2;0x3f3;0x3fd,0,378
2026-06-02T14:49:57.499,681,4,0x3fc;0x3f2;0x3f3;0x3fd,0,373
2026-06-02T14:49:57.499,682,4,0x3fc;0x3f2;0x3f3;0x3fd,0,402
2026-06-02T14:49:57.704,683,4,0x3fc;0x3f2;0x3f3;0x3fd,0,246
2026-06-02T14:49:57.704,684,4,0x3fc;0x3f2;0x3f3;0x3fd,0,426
2026-06-02T14:49:57.904,685,3,0x3f2;0x3f3;0x3fd,0,207
2026-06-02T14:49:57.904,686,3,0x3fc;0x3f2;0x3fd,0,216
2026-06-02T14:49:58.106,687,3,0x3f2;0x3f3;0x3fd,0,182
2026-06-02T14:49:58.106,688,3,0x3f2;0x3fd;0x410,1,316
2026-06-02T14:49:58.106,689,3,0x3fc;0x3f2;0x3fd,0,216
2026-06-02T14:49:58.309,690,4,0x3fc;0x3f2;0x3f3;0x3fd,0,250
2026-06-02T14:49:58.309,691,4,0x3fc;0x3f2;0x3f3;0x3fd,0,309
2026-06-02T14:49:58.511,692,4,0x3fc;0x3f2;0x3f3;0x3fd,0,252
2026-06-02T14:49:58.511,693,4,0x3fc;0x3f2;0x3f3;0x3fd,0,284
2026-06-02T14:49:58.714,694,4,0x3fc;0x3f2;0x3f3;0x3fd,0,225
2026-06-02T14:49:58.714,695,3,0x3f2;0x3f3;0x3fd,0,181
2026-06-02T14:49:58.916,696,3,0x3fc;0x3f2;0x3fd,0,216
2026-06-02T14:49:58.916,697,4,0x3fc;0x3f2;0x3f3;0x3fd,0,226
2026-06-02T14:49:58.916,698,4,0x3fc;0x3f2;0x3f3;0x3fd,0,226
2026-06-02T14:49:59.119,699,4,0x3fc;0x3f2;0x3f3;0x3fd,0,226
2026-06-02T14:49:59.119,700,4,0x3fc;0x3f2;0x3f3;0x3fd,0,258
2026-06-02T14:49:59.323,701,4,0x3fc;0x3f2;0x3f3;0x3fd,0,238
2026-06-02T14:49:59.323,702,4,0x3fc;0x3f2;0x3f3;0x3fd,0,339
2026-06-02T14:49:59.539,703,4,0x3fc;0x3f2;0x3f3;0x3fd,0,344
2026-06-02T14:49:59.539,704,5,0x3fc;0x3f2;0x3f3;0x3fd;0x410,1,487
2026-06-02T14:49:59.741,705,4,0x3fc;0x3f2;0x3f3;0x3fd,0,255
2026-06-02T14:49:59.741,706,4,0x3fc;0x3f2;0x3f3;0x3fd,0,228
2026-06-02T14:49:59.741,707,4,0x3fc;0x3f2;0x3f3;0x3fd,0,346
2026-06-02T14:49:59.944,708,4,0x3fc;0x3f2;0x3f3;0x3fd,0,249
2026-06-02T14:49:59.944,709,4,0x3fc;0x3f2;0x3f3;0x3fd,0,235
2026-06-02T14:50:00.145,710,3,0x3f2;0x3f3;0x3fd,0,183
2026-06-02T14:50:00.145,711,2,0x3f2;0x3fd,0,172
2026-06-02T14:50:00.345,712,3,0x3fc;0x3f2;0x3fd,0,312
2026-06-02T14:50:00.345,713,3,0x3f2;0x3f3;0x3fd,0,194
2026-06-02T14:50:00.560,714,3,0x3fc;0x3f2;0x3fd,0,248
2026-06-02T14:50:00.560,715,4,0x3fc;0x3f2;0x3f3;0x3fd,0,310
2026-06-02T14:50:00.560,716,4,0x3fc;0x3f2;0x3f3;0x3fd,0,548
2026-06-02T14:50:00.776,717,3,0x3f2;0x3f3;0x3fd,0,221
2026-06-02T14:50:00.776,718,3,0x3fc;0x3f2;0x3fd,0,352
2026-06-02T14:50:00.980,719,3,0x3f2;0x3f3;0x3fd,0,199
2026-06-02T14:50:00.980,720,3,0x3f2;0x3fd;0x410,1,316
2026-06-02T14:50:01.182,721,3,0x3fc;0x3f2;0x3fd,0,208
2026-06-02T14:50:01.182,722,3,0x3f2;0x3f3;0x3fd,0,181
2026-06-02T14:50:01.182,723,3,0x3fc;0x3f2;0x3fd,0,216
2026-06-02T14:50:01.386,724,3,0x3f2;0x3f3;0x3fd,0,182
2026-06-02T14:50:01.386,725,3,0x3fc;0x3f2;0x3fd,0,280
2026-06-02T14:50:01.590,726,3,0x3f2;0x3f3;0x3fd,0,190
2026-06-02T14:50:01.590,727,2,0x3f2;0x3fd,0,172
2026-06-02T14:50:01.806,728,2,0x3f2;0x3fd,0,172
2026-06-02T14:50:01.806,729,3,0x3fc;0x3f2;0x3fd,0,216
2026-06-02T14:50:01.806,730,4,0x3fc;0x3f2;0x3f3;0x3fd,0,218
2026-06-02T14:50:02.006,731,3,0x3f2;0x3f3;0x3fd,0,181
2026-06-02T14:50:02.006,732,3,0x3fc;0x3f2;0x3fd,0,208
2026-06-02T14:50:02.209,733,4,0x3fc;0x3f2;0x3f3;0x3fd,0,249
2026-06-02T14:50:02.209,734,4,0x3fc;0x3f2;0x3f3;0x3fd,0,301
2026-06-02T14:50:02.411,735,4,0x3fc;0x3f2;0x3f3;0x3fd,0,403
2026-06-02T14:50:02.411,736,5,0x3fc;0x3f2;0x3f3;0x3fd;0x410,1,559
2026-06-02T14:50:02.612,737,4,0x3fc;0x3f2;0x3f3;0x3fd,0,247
2026-06-02T14:50:02.612,738,4,0x3fc;0x3f2;0x3f3;0x3fd,0,474
2026-06-02T14:50:02.612,739,4,0x3fc;0x3f2;0x3f3;0x3fd,0,257
2026-06-02T14:50:02.813,740,4,0x3fc;0x3f2;0x3f3;0x3fd,0,226
2026-06-02T14:50:02.813,741,4,0x3fc;0x3f2;0x3f3;0x3fd,0,290
2026-06-02T14:50:03.015,742,4,0x3fc;0x3f2;0x3f3;0x3fd,0,306
2026-06-02T14:50:03.015,743,4,0x3fc;0x3f2;0x3f3;0x3fd,0,499
2026-06-02T14:50:03.218,744,4,0x3fc;0x3f2;0x3f3;0x3fd,0,251
2026-06-02T14:50:03.218,745,4,0x3fc;0x3f2;0x3f3;0x3fd,0,569
2026-06-02T14:50:03.421,746,4,0x3fc;0x3f2;0x3f3;0x3fd,0,301
2026-06-02T14:50:03.421,747,4,0x3fc;0x3f2;0x3f3;0x3fd,0,358
2026-06-02T14:50:03.421,748,4,0x3fc;0x3f2;0x3f3;0x3fd,0,290
2026-06-02T14:50:03.624,749,4,0x3fc;0x3f2;0x3f3;0x3fd,0,424
2026-06-02T14:50:03.624,750,4,0x3fc;0x3f2;0x3f3;0x3fd,0,546
2026-06-02T14:50:03.827,751,4,0x3fc;0x3f2;0x3f3;0x3fd,0,383
2026-06-02T14:50:03.827,752,5,0x3fc;0x3f2;0x3f3;0x3fd;0x410,1,505
2026-06-02T14:50:04.028,753,4,0x3fc;0x3f2;0x3f3;0x3fd,0,361
2026-06-02T14:50:04.028,754,4,0x3fc;0x3f2;0x3f3;0x3fd,0,377
2026-06-02T14:50:04.229,755,4,0x3fc;0x3f2;0x3f3;0x3fd,0,283
2026-06-02T14:50:04.229,756,3,0x3f2;0x3f3;0x3fd,0,187
2026-06-02T14:50:04.432,757,3,0x3fc;0x3f2;0x3fd,0,432
2026-06-02T14:50:04.432,758,4,0x3fc;0x3f2;0x3f3;0x3fd,0,293
2026-06-02T14:50:04.432,759,4,0x3fc;0x3f2;0x3f3;0x3fd,0,391
2026-06-02T14:50:04.639,760,4,0x3fc;0x3f2;0x3f3;0x3fd,0,478
2026-06-02T14:50:04.639,761,4,0x3fc;0x3f2;0x3f3;0x3fd,0,327
2026-06-02T14:50:04.842,762,4,0x3fc;0x3f2;0x3f3;0x3fd,0,339
2026-06-02T14:50:04.842,763,4,0x3fc;0x3f2;0x3f3;0x3fd,0,239
2026-06-02T14:50:05.044,764,4,0x3fc;0x3f2;0x3f3;0x3fd,0,266
2026-06-02T14:50:05.044,765,4,0x3fc;0x3f2;0x3f3;0x3fd,0,295
2026-06-02T14:50:05.044,766,4,0x3fc;0x3f2;0x3f3;0x3fd,0,314
2026-06-02T14:50:05.245,767,4,0x3fc;0x3f2;0x3f3;0x3fd,0,500
2026-06-02T14:50:05.461,768,5,0x3fc;0x3f2;0x3f3;0x3fd;0x410,1,667
2026-06-02T14:50:05.461,769,4,0x3fc;0x3f2;0x3f3;0x3fd,0,331
2026-06-02T14:50:05.461,770,4,0x3fc;0x3f2;0x3f3;0x3fd,0,355
2026-06-02T14:50:05.662,771,4,0x3fc;0x3f2;0x3f3;0x3fd,0,401
2026-06-02T14:50:05.662,772,4,0x3fc;0x3f2;0x3f3;0x3fd,0,278
2026-06-02T14:50:05.863,773,4,0x3fc;0x3f2;0x3f3;0x3fd,0,230
2026-06-02T14:50:05.863,774,4,0x3fc;0x3f2;0x3f3;0x3fd,0,218
2026-06-02T14:50:05.863,775,4,0x3fc;0x3f2;0x3f3;0x3fd,0,345
2026-06-02T14:50:06.067,776,4,0x3fc;0x3f2;0x3f3;0x3fd,0,257
2026-06-02T14:50:06.067,777,4,0x3fc;0x3f2;0x3f3;0x3fd,0,252
2026-06-02T14:50:06.267,778,4,0x3fc;0x3f2;0x3f3;0x3fd,0,357
2026-06-02T14:50:06.267,779,4,0x3fc;0x3f2;0x3f3;0x3fd,0,282
2026-06-02T14:50:06.483,780,4,0x3fc;0x3f2;0x3f3;0x3fd,0,247
2026-06-02T14:50:06.483,781,4,0x3fc;0x3f2;0x3f3;0x3fd,0,268
2026-06-02T14:50:06.483,782,4,0x3fc;0x3f2;0x3f3;0x3fd,0,407
2026-06-02T14:50:06.686,783,4,0x3fc;0x3f2;0x3f3;0x3fd,0,328
2026-06-02T14:50:06.888,784,5,0x3fc;0x3f2;0x3f3;0x3fd;0x410,1,460
2026-06-02T14:50:06.888,785,4,0x3fc;0x3f2;0x3f3;0x3fd,0,276
2026-06-02T14:50:06.889,786,4,0x3fc;0x3f2;0x3f3;0x3fd,0,255
2026-06-02T14:50:07.090,787,4,0x3fc;0x3f2;0x3f3;0x3fd,0,245
2026-06-02T14:50:07.090,788,4,0x3fc;0x3f2;0x3f3;0x3fd,0,404
2026-06-02T14:50:07.292,789,4,0x3fc;0x3f2;0x3f3;0x3fd,0,264
2026-06-02T14:50:07.292,790,4,0x3fc;0x3f2;0x3f3;0x3fd,0,228
2026-06-02T14:50:07.292,791,3,0x3f2;0x3f3;0x3fd,0,182
2026-06-02T14:50:07.508,792,3,0x3fc;0x3f2;0x3fd,0,216
2026-06-02T14:50:07.508,793,4,0x3fc;0x3f2;0x3f3;0x3fd,0,226
2026-06-02T14:50:07.712,794,4,0x3fc;0x3f2;0x3f3;0x3fd,0,242
2026-06-02T14:50:07.712,795,4,0x3fc;0x3f2;0x3f3;0x3fd,0,260
2026-06-02T14:50:07.915,796,4,0x3fc;0x3f2;0x3f3;0x3fd,0,398
2026-06-02T14:50:07.915,797,4,0x3fc;0x3f2;0x3f3;0x3fd,0,423
2026-06-02T14:50:07.915,798,3,0x3f2;0x3f3;0x3fd,0,204
2026-06-02T14:50:08.119,799,3,0x3fc;0x3f2;0x3fd,0,216
2026-06-02T14:50:08.322,800,5,0x3fc;0x3f2;0x3f3;0x3fd;0x410,1,370
2026-06-02T14:50:08.322,801,4,0x3fc;0x3f2;0x3f3;0x3fd,0,258
2026-06-02T14:50:08.322,802,4,0x3fc;0x3f2;0x3f3;0x3fd,0,278
2026-06-02T14:50:08.523,803,4,0x3fc;0x3f2;0x3f3;0x3fd,0,272
2026-06-02T14:50:08.524,804,4,0x3fc;0x3f2;0x3f3;0x3fd,0,287
2026-06-02T14:50:08.726,805,4,0x3fc;0x3f2;0x3f3;0x3fd,0,545
2026-06-02T14:50:08.726,806,4,0x3fc;0x3f2;0x3f3;0x3fd,0,321
2026-06-02T14:50:08.726,807,4,0x3fc;0x3f2;0x3f3;0x3fd,0,289
2026-06-02T14:50:08.928,808,4,0x3fc;0x3f2;0x3f3;0x3fd,0,233
2026-06-02T14:50:08.928,809,4,0x3fc;0x3f2;0x3f3;0x3fd,0,234
2026-06-02T14:50:09.131,810,4,0x3fc;0x3f2;0x3f3;0x3fd,0,323
2026-06-02T14:50:09.131,811,4,0x3fc;0x3f2;0x3f3;0x3fd,0,246
2026-06-02T14:50:09.334,812,4,0x3fc;0x3f2;0x3f3;0x3fd,0,507
2026-06-02T14:50:09.334,813,4,0x3fc;0x3f2;0x3f3;0x3fd,0,293
2026-06-02T14:50:09.537,814,4,0x3fc;0x3f2;0x3f3;0x3fd,0,326
2026-06-02T14:50:09.537,815,4,0x3fc;0x3f2;0x3f3;0x3fd,0,726
2026-06-02T14:50:09.740,816,5,0x3fc;0x3f2;0x3f3;0x3fd;0x410,1,919
2026-06-02T14:50:09.740,817,4,0x3fc;0x3f2;0x3f3;0x3fd,0,807
2026-06-02T14:50:09.740,818,4,0x3fc;0x3f2;0x3f3;0x3fd,0,611
2026-06-02T14:50:09.943,819,4,0x3fc;0x3f2;0x3f3;0x3fd,0,314
2026-06-02T14:50:09.943,820,4,0x3fc;0x3f2;0x3f3;0x3fd,0,248
2026-06-02T14:50:10.158,821,4,0x3fc;0x3f2;0x3f3;0x3fd,0,284
2026-06-02T14:50:10.158,822,4,0x3fc;0x3f2;0x3f3;0x3fd,0,225
2026-06-02T14:50:10.360,823,4,0x3fc;0x3f2;0x3f3;0x3fd,0,217
2026-06-02T14:50:10.360,824,4,0x3fc;0x3f2;0x3f3;0x3fd,0,345
2026-06-02T14:50:10.360,825,4,0x3fc;0x3f2;0x3f3;0x3fd,0,449
2026-06-02T14:50:10.575,826,4,0x3fc;0x3f2;0x3f3;0x3fd,0,548
2026-06-02T14:50:10.575,827,4,0x3fc;0x3f2;0x3f3;0x3fd,0,663
2026-06-02T14:50:10.776,828,4,0x3fc;0x3f2;0x3f3;0x3fd,0,380
2026-06-02T14:50:10.776,829,4,0x3fc;0x3f2;0x3f3;0x3fd,0,391
2026-06-02T14:50:10.979,830,4,0x3fc;0x3f2;0x3f3;0x3fd,0,317
2026-06-02T14:50:10.979,831,4,0x3fc;0x3f2;0x3f3;0x3fd,0,339
2026-06-02T14:50:11.182,832,5,0x3fc;0x3f2;0x3f3;0x3fd;0x410,1,487
2026-06-02T14:50:11.183,833,4,0x3fc;0x3f2;0x3f3;0x3fd,0,351
2026-06-02T14:50:11.183,834,4,0x3fc;0x3f2;0x3f3;0x3fd,0,584
2026-06-02T14:50:11.386,835,4,0x3fc;0x3f2;0x3f3;0x3fd,0,293
2026-06-02T14:50:11.386,836,4,0x3fc;0x3f2;0x3f3;0x3fd,0,221
2026-06-02T14:50:11.587,837,4,0x3fc;0x3f2;0x3f3;0x3fd,0,233
2026-06-02T14:50:11.587,838,4,0x3fc;0x3f2;0x3f3;0x3fd,0,219
2026-06-02T14:50:11.789,839,4,0x3fc;0x3f2;0x3f3;0x3fd,0,233
2026-06-02T14:50:11.789,840,4,0x3fc;0x3f2;0x3f3;0x3fd,0,267
2026-06-02T14:50:11.789,841,4,0x3fc;0x3f2;0x3f3;0x3fd,0,303
2026-06-02T14:50:11.991,842,4,0x3fc;0x3f2;0x3f3;0x3fd,0,275
2026-06-02T14:50:11.991,843,4,0x3fc;0x3f2;0x3f3;0x3fd,0,239
2026-06-02T14:50:12.193,844,3,0x3f2;0x3f3;0x3fd,0,183
2026-06-02T14:50:12.193,845,3,0x3fc;0x3f2;0x3fd,0,520
2026-06-02T14:50:12.394,846,4,0x3fc;0x3f2;0x3f3;0x3fd,0,744
2026-06-02T14:50:12.394,847,4,0x3fc;0x3f2;0x3f3;0x3fd,0,558
2026-06-02T14:50:12.596,848,5,0x3fc;0x3f2;0x3f3;0x3fd;0x410,1,676
2026-06-02T14:50:12.596,849,4,0x3fc;0x3f2;0x3f3;0x3fd,0,260
2026-06-02T14:50:12.596,850,4,0x3fc;0x3f2;0x3f3;0x3fd,0,250
2026-06-02T14:50:12.798,851,4,0x3fc;0x3f2;0x3f3;0x3fd,0,229
2026-06-02T14:50:12.798,852,4,0x3fc;0x3f2;0x3f3;0x3fd,0,250
2026-06-02T14:50:13.000,853,3,0x3f2;0x3f3;0x3fd,0,185
2026-06-02T14:50:13.000,854,3,0x3fc;0x3f2;0x3fd,0,224
2026-06-02T14:50:13.202,855,4,0x3fc;0x3f2;0x3f3;0x3fd,0,427
2026-06-02T14:50:13.202,856,4,0x3fc;0x3f2;0x3f3;0x3fd,0,243
2026-06-02T14:50:13.403,857,4,0x3fc;0x3f2;0x3f3;0x3fd,0,225
2026-06-02T14:50:13.403,858,4,0x3fc;0x3f2;0x3f3;0x3fd,0,242
2026-06-02T14:50:13.604,859,4,0x3fc;0x3f2;0x3f3;0x3fd,0,236
2026-06-02T14:50:13.604,860,4,0x3fc;0x3f2;0x3f3;0x3fd,0,267
2026-06-02T14:50:13.604,861,4,0x3fc;0x3f2;0x3f3;0x3fd,0,263
2026-06-02T14:50:13.806,862,3,0x3f2;0x3f3;0x3fd,0,186
2026-06-02T14:50:13.806,863,3,0x3fc;0x3f2;0x3fd,0,336
2026-06-02T14:50:14.007,864,5,0x3fc;0x3f2;0x3f3;0x3fd;0x410,1,505
2026-06-02T14:50:14.007,865,4,0x3fc;0x3f2;0x3f3;0x3fd,0,249
2026-06-02T14:50:14.209,866,4,0x3fc;0x3f2;0x3f3;0x3fd,0,235
2026-06-02T14:50:14.209,867,4,0x3fc;0x3f2;0x3f3;0x3fd,0,259
2026-06-02T14:50:14.413,868,4,0x3fc;0x3f2;0x3f3;0x3fd,0,294
2026-06-02T14:50:14.413,869,4,0x3fc;0x3f2;0x3f3;0x3fd,0,242
2026-06-02T14:50:14.413,870,4,0x3fc;0x3f2;0x3f3;0x3fd,0,219
2026-06-02T14:50:14.617,871,4,0x3fc;0x3f2;0x3f3;0x3fd,0,249
2026-06-02T14:50:14.617,872,3,0x3f2;0x3f3;0x3fd,0,185
2026-06-02T14:50:14.819,873,3,0x3fc;0x3f2;0x3fd,0,208
2026-06-02T14:50:14.819,874,4,0x3fc;0x3f2;0x3f3;0x3fd,0,417
2026-06-02T14:50:15.020,875,4,0x3fc;0x3f2;0x3f3;0x3fd,0,274
2026-06-02T14:50:15.020,876,4,0x3fc;0x3f2;0x3f3;0x3fd,0,277
2026-06-02T14:50:15.222,877,4,0x3fc;0x3f2;0x3f3;0x3fd,0,232
2026-06-02T14:50:15.222,878,4,0x3fc;0x3f2;0x3f3;0x3fd,0,282
2026-06-02T14:50:15.222,879,4,0x3fc;0x3f2;0x3f3;0x3fd,0,241
2026-06-02T14:50:15.425,880,5,0x3fc;0x3f2;0x3f3;0x3fd;0x410,1,379
2026-06-02T14:50:15.425,881,3,0x3f2;0x3f3;0x3fd,0,183
2026-06-02T14:50:15.627,882,2,0x3f2;0x3fd,0,172
2026-06-02T14:50:15.627,883,3,0x3fc;0x3f2;0x3fd,0,240
2026-06-02T14:50:15.828,884,4,0x3fc;0x3f2;0x3f3;0x3fd,0,237
2026-06-02T14:50:15.828,885,4,0x3fc;0x3f2;0x3f3;0x3fd,0,243
2026-06-02T14:50:16.043,886,4,0x3fc;0x3f2;0x3f3;0x3fd,0,260
2026-06-02T14:50:16.043,887,4,0x3fc;0x3f2;0x3f3;0x3fd,0,246
2026-06-02T14:50:16.043,888,4,0x3fc;0x3f2;0x3f3;0x3fd,0,220
2026-06-02T14:50:16.244,889,4,0x3fc;0x3f2;0x3f3;0x3fd,0,361
2026-06-02T14:50:16.244,890,4,0x3fc;0x3f2;0x3f3;0x3fd,0,363
2026-06-02T14:50:16.448,891,4,0x3fc;0x3f2;0x3f3;0x3fd,0,369
2026-06-02T14:50:16.448,892,4,0x3fc;0x3f2;0x3f3;0x3fd,0,306
2026-06-02T14:50:16.649,893,4,0x3fc;0x3f2;0x3f3;0x3fd,0,242
2026-06-02T14:50:16.649,894,4,0x3fc;0x3f2;0x3f3;0x3fd,0,219
2026-06-02T14:50:16.851,895,4,0x3fc;0x3f2;0x3f3;0x3fd,0,305
2026-06-02T14:50:16.851,896,5,0x3fc;0x3f2;0x3f3;0x3fd;0x410,1,460
2026-06-02T14:50:16.851,897,4,0x3fc;0x3f2;0x3f3;0x3fd,0,292
2026-06-02T14:50:17.053,898,4,0x3fc;0x3f2;0x3f3;0x3fd,0,273
2026-06-02T14:50:17.053,899,3,0x3f2;0x3f3;0x3fd,0,187
2026-06-02T14:50:17.254,900,3,0x3fc;0x3f2;0x3fd,0,296
2026-06-02T14:50:17.254,901,4,0x3fc;0x3f2;0x3f3;0x3fd,0,244
2026-06-02T14:50:17.456,902,3,0x3f2;0x3f3;0x3fd,0,183
2026-06-02T14:50:17.456,903,3,0x3fc;0x3f2;0x3fd,0,216
2026-06-02T14:50:17.456,904,4,0x3fc;0x3f2;0x3f3;0x3fd,0,226
2026-06-02T14:50:17.659,905,4,0x3fc;0x3f2;0x3f3;0x3fd,0,258
2026-06-02T14:50:17.659,906,4,0x3fc;0x3f2;0x3f3;0x3fd,0,222
2026-06-02T14:50:17.860,907,4,0x3fc;0x3f2;0x3f3;0x3fd,0,489
2026-06-02T14:50:17.860,908,3,0x3f2;0x3f3;0x3fd,0,215
2026-06-02T14:50:18.062,909,2,0x3f2;0x3fd,0,172
2026-06-02T14:50:18.062,910,3,0x3fc;0x3f2;0x3fd,0,248
2026-06-02T14:50:18.263,911,4,0x3fc;0x3f2;0x3f3;0x3fd,0,286
2026-06-02T14:50:18.263,912,5,0x3fc;0x3f2;0x3f3;0x3fd;0x410,1,433
2026-06-02T14:50:18.263,913,3,0x3f2;0x3f3;0x3fd,0,189
2026-06-02T14:50:18.466,914,3,0x3fc;0x3f2;0x3fd,0,224
2026-06-02T14:50:18.466,915,3,0x3f2;0x3f3;0x3fd,0,183
2026-06-02T14:50:18.670,916,2,0x3f2;0x3fd,0,172
2026-06-02T14:50:18.670,917,3,0x3fc;0x3f2;0x3fd,0,232
2026-06-02T14:50:18.871,918,3,0x3f2;0x3f3;0x3fd,0,184
2026-06-02T14:50:18.871,919,2,0x3f2;0x3fd,0,172
2026-06-02T14:50:19.073,920,3,0x3fc;0x3f2;0x3fd,0,208
2026-06-02T14:50:19.073,921,3,0x3f2;0x3f3;0x3fd,0,181
2026-06-02T14:50:19.276,922,3,0x3fc;0x3f2;0x3fd,0,208
2026-06-02T14:50:19.276,923,4,0x3fc;0x3f2;0x3f3;0x3fd,0,225
2026-06-02T14:50:19.276,924,4,0x3fc;0x3f2;0x3f3;0x3fd,0,466
2026-06-02T14:50:19.477,925,3,0x3f2;0x3f3;0x3fd,0,212
2026-06-02T14:50:19.477,926,3,0x3fc;0x3f2;0x3fd,0,328
2026-06-02T14:50:19.679,927,3,0x3f2;0x3f3;0x3fd,0,196
2026-06-02T14:50:19.679,928,3,0x3f2;0x3fd;0x410,1,316
2026-06-02T14:50:19.883,929,2,0x3f2;0x3fd,0,172
2026-06-02T14:50:19.883,930,2,0x3f2;0x3fd,0,172
2026-06-02T14:50:19.883,931,2,0x3f2;0x3fd,0,172
2026-06-02T14:50:20.086,932,2,0x3f2;0x3fd,0,172
2026-06-02T14:50:20.086,933,2,0x3f2;0x3fd,0,172
2026-06-02T14:50:20.287,934,3,0x3fc;0x3f2;0x3fd,0,216
2026-06-02T14:50:20.287,935,3,0x3f2;0x3f3;0x3fd,0,182
2026-06-02T14:50:20.490,936,2,0x3f2;0x3fd,0,172
2026-06-02T14:50:20.490,937,2,0x3f2;0x3fd,0,172
2026-06-02T14:50:20.691,938,3,0x3fc;0x3f2;0x3fd,0,352
2026-06-02T14:50:20.691,939,4,0x3fc;0x3f2;0x3f3;0x3fd,0,235
2026-06-02T14:50:20.896,940,3,0x3f2;0x3f3;0x3fd,0,181
2026-06-02T14:50:20.896,941,2,0x3f2;0x3fd,0,172
2026-06-02T14:50:20.896,942,3,0x3fc;0x3f2;0x3fd,0,336
2026-06-02T14:50:21.098,943,3,0x3f2;0x3f3;0x3fd,0,197
2026-06-02T14:50:21.098,944,3,0x3f2;0x3fd;0x410,1,316
2026-06-02T14:50:21.301,945,3,0x3fc;0x3f2;0x3fd,0,216
2026-06-02T14:50:21.301,946,4,0x3fc;0x3f2;0x3f3;0x3fd,0,234
2026-06-02T14:50:21.504,947,3,0x3f2;0x3f3;0x3fd,0,183
2026-06-02T14:50:21.504,948,2,0x3f2;0x3fd,0,172
2026-06-02T14:50:21.706,949,2,0x3f2;0x3fd,0,172
2026-06-02T14:50:21.706,950,3,0x3fc;0x3f2;0x3fd,0,208
2026-06-02T14:50:21.706,951,3,0x3f2;0x3f3;0x3fd,0,181
2026-06-02T14:50:21.908,952,2,0x3f2;0x3fd,0,172
2026-06-02T14:50:21.908,953,3,0x3fc;0x3f2;0x3fd,0,208
2026-06-02T14:50:22.110,954,3,0x3f2;0x3f3;0x3fd,0,181
2026-06-02T14:50:22.110,955,3,0x3fc;0x3f2;0x3fd,0,264
2026-06-02T14:50:22.311,956,4,0x3fc;0x3f2;0x3f3;0x3fd,0,320
2026-06-02T14:50:22.311,957,4,0x3fc;0x3f2;0x3f3;0x3fd,0,285
2026-06-02T14:50:22.513,958,4,0x3fc;0x3f2;0x3f3;0x3fd,0,280
2026-06-02T14:50:22.513,959,4,0x3fc;0x3f2;0x3f3;0x3fd,0,232
2026-06-02T14:50:22.713,960,5,0x3fc;0x3f2;0x3f3;0x3fd;0x410,1,370
2026-06-02T14:50:22.713,961,4,0x3fc;0x3f2;0x3f3;0x3fd,0,314
2026-06-02T14:50:22.713,962,4,0x3fc;0x3f2;0x3f3;0x3fd,0,381
2026-06-02T14:50:22.915,963,4,0x3fc;0x3f2;0x3f3;0x3fd,0,420
2026-06-02T14:50:22.915,964,4,0x3fc;0x3f2;0x3f3;0x3fd,0,376
2026-06-02T14:50:23.117,965,4,0x3fc;0x3f2;0x3f3;0x3fd,0,298
2026-06-02T14:50:23.117,966,4,0x3fc;0x3f2;0x3f3;0x3fd,0,281
2026-06-02T14:50:23.321,967,4,0x3fc;0x3f2;0x3f3;0x3fd,0,312
2026-06-02T14:50:23.321,968,4,0x3fc;0x3f2;0x3f3;0x3fd,0,348
2026-06-02T14:50:23.321,969,4,0x3fc;0x3f2;0x3f3;0x3fd,0,336
2026-06-02T14:50:23.521,970,4,0x3fc;0x3f2;0x3f3;0x3fd,0,454
2026-06-02T14:50:23.521,971,4,0x3fc;0x3f2;0x3f3;0x3fd,0,285
2026-06-02T14:50:23.725,972,4,0x3fc;0x3f2;0x3f3;0x3fd,0,286
2026-06-02T14:50:23.725,973,4,0x3fc;0x3f2;0x3f3;0x3fd,0,265
2026-06-02T14:50:23.928,974,4,0x3fc;0x3f2;0x3f3;0x3fd,0,222
2026-06-02T14:50:23.928,975,4,0x3fc;0x3f2;0x3f3;0x3fd,0,241
2026-06-02T14:50:24.129,976,5,0x3fc;0x3f2;0x3f3;0x3fd;0x410,1,388
2026-06-02T14:50:24.129,977,4,0x3fc;0x3f2;0x3f3;0x3fd,0,236
2026-06-02T14:50:24.129,978,4,0x3fc;0x3f2;0x3f3;0x3fd,0,243
2026-06-02T14:50:24.330,979,4,0x3fc;0x3f2;0x3f3;0x3fd,0,404
2026-06-02T14:50:24.330,980,4,0x3fc;0x3f2;0x3f3;0x3fd,0,248
2026-06-02T14:50:24.532,981,4,0x3fc;0x3f2;0x3f3;0x3fd,0,314
2026-06-02T14:50:24.532,982,4,0x3fc;0x3f2;0x3f3;0x3fd,0,309
2026-06-02T14:50:24.734,983,4,0x3fc;0x3f2;0x3f3;0x3fd,0,435
2026-06-02T14:50:24.734,984,4,0x3fc;0x3f2;0x3f3;0x3fd,0,419
2026-06-02T14:50:24.936,985,3,0x3f2;0x3f3;0x3fd,0,203
2026-06-02T14:50:24.936,986,3,0x3fc;0x3f2;0x3fd,0,328
2026-06-02T14:50:24.936,987,4,0x3fc;0x3f2;0x3f3;0x3fd,0,240
2026-06-02T14:50:25.138,988,4,0x3fc;0x3f2;0x3f3;0x3fd,0,322
2026-06-02T14:50:25.138,989,4,0x3fc;0x3f2;0x3f3;0x3fd,0,366
2026-06-02T14:50:25.339,990,4,0x3fc;0x3f2;0x3f3;0x3fd,0,338
2026-06-02T14:50:25.339,991,4,0x3fc;0x3f2;0x3f3;0x3fd,0,238
2026-06-02T14:50:25.541,992,5,0x3fc;0x3f2;0x3f3;0x3fd;0x410,1,370
2026-06-02T14:50:25.541,993,4,0x3fc;0x3f2;0x3f3;0x3fd,0,234
2026-06-02T14:50:25.745,994,4,0x3fc;0x3f2;0x3f3;0x3fd,0,251
2026-06-02T14:50:25.745,995,4,0x3fc;0x3f2;0x3f3;0x3fd,0,461
2026-06-02T14:50:25.745,996,4,0x3fc;0x3f2;0x3f3;0x3fd,0,351
2026-06-02T14:50:25.948,997,4,0x3fc;0x3f2;0x3f3;0x3fd,0,238
2026-06-02T14:50:25.948,998,4,0x3fc;0x3f2;0x3f3;0x3fd,0,330
2026-06-02T14:50:26.150,999,4,0x3fc;0x3f2;0x3f3;0x3fd,0,439
2026-06-02T14:50:26.150,1000,4,0x3fc;0x3f2;0x3f3;0x3fd,0,291
2026-06-02T14:50:26.353,1001,4,0x3fc;0x3f2;0x3f3;0x3fd,0,231
2026-06-02T14:50:26.353,1002,4,0x3fc;0x3f2;0x3f3;0x3fd,0,562
2026-06-02T14:50:26.553,1003,4,0x3fc;0x3f2;0x3f3;0x3fd,0,268
2026-06-02T14:50:26.553,1004,4,0x3fc;0x3f2;0x3f3;0x3fd,0,218
2026-06-02T14:50:26.553,1005,4,0x3fc;0x3f2;0x3f3;0x3fd,0,225
2026-06-02T14:50:26.755,1006,4,0x3fc;0x3f2;0x3f3;0x3fd,0,250
2026-06-02T14:50:26.755,1007,4,0x3fc;0x3f2;0x3f3;0x3fd,0,221
2026-06-02T14:50:26.958,1008,5,0x3fc;0x3f2;0x3f3;0x3fd;0x410,1,361
2026-06-02T14:50:26.958,1009,4,0x3fc;0x3f2;0x3f3;0x3fd,0,249
2026-06-02T14:50:27.160,1010,4,0x3fc;0x3f2;0x3f3;0x3fd,0,245
2026-06-02T14:50:27.160,1011,4,0x3fc;0x3f2;0x3f3;0x3fd,0,380
2026-06-02T14:50:27.362,1012,4,0x3fc;0x3f2;0x3f3;0x3fd,0,757
2026-06-02T14:50:27.362,1013,4,0x3fc;0x3f2;0x3f3;0x3fd,0,690
2026-06-02T14:50:27.566,1014,4,0x3fc;0x3f2;0x3f3;0x3fd,0,1100
2026-06-02T14:50:27.566,1015,4,0x3fc;0x3f2;0x3f3;0x3fd,0,385
2026-06-02T14:50:27.566,1016,4,0x3fc;0x3f2;0x3f3;0x3fd,0,329
2026-06-02T14:50:27.769,1017,4,0x3fc;0x3f2;0x3f3;0x3fd,0,230
2026-06-02T14:50:27.769,1018,4,0x3fc;0x3f2;0x3f3;0x3fd,0,425
2026-06-02T14:50:27.972,1019,4,0x3fc;0x3f2;0x3f3;0x3fd,0,299
2026-06-02T14:50:27.972,1020,4,0x3fc;0x3f2;0x3f3;0x3fd,0,248
2026-06-02T14:50:28.174,1021,4,0x3fc;0x3f2;0x3f3;0x3fd,0,228
2026-06-02T14:50:28.174,1022,4,0x3fc;0x3f2;0x3f3;0x3fd,0,290
2026-06-02T14:50:28.376,1023,4,0x3fc;0x3f2;0x3f3;0x3fd,0,274
2026-06-02T14:50:28.376,1024,5,0x3fc;0x3f2;0x3f3;0x3fd;0x410,1,415
2026-06-02T14:50:28.376,1025,4,0x3fc;0x3f2;0x3f3;0x3fd,0,247
2026-06-02T14:50:28.579,1026,4,0x3fc;0x3f2;0x3f3;0x3fd,0,428
2026-06-02T14:50:28.579,1027,4,0x3fc;0x3f2;0x3f3;0x3fd,0,659
2026-06-02T14:50:28.780,1028,4,0x3fc;0x3f2;0x3f3;0x3fd,0,469
2026-06-02T14:50:28.780,1029,4,0x3fc;0x3f2;0x3f3;0x3fd,0,346
2026-06-02T14:50:28.984,1030,4,0x3fc;0x3f2;0x3f3;0x3fd,0,262
2026-06-02T14:50:28.984,1031,4,0x3fc;0x3f2;0x3f3;0x3fd,0,349
2026-06-02T14:50:28.984,1032,4,0x3fc;0x3f2;0x3f3;0x3fd,0,313
2026-06-02T14:50:29.184,1033,4,0x3fc;0x3f2;0x3f3;0x3fd,0,267
2026-06-02T14:50:29.184,1034,4,0x3fc;0x3f2;0x3f3;0x3fd,0,414
2026-06-02T14:50:29.387,1035,4,0x3fc;0x3f2;0x3f3;0x3fd,0,481
2026-06-02T14:50:29.387,1036,4,0x3fc;0x3f2;0x3f3;0x3fd,0,311
2026-06-02T14:50:29.589,1037,4,0x3fc;0x3f2;0x3f3;0x3fd,0,505
2026-06-02T14:50:29.589,1038,4,0x3fc;0x3f2;0x3f3;0x3fd,0,316
2026-06-02T14:50:29.793,1039,4,0x3fc;0x3f2;0x3f3;0x3fd,0,297
2026-06-02T14:50:29.793,1040,5,0x3fc;0x3f2;0x3f3;0x3fd;0x410,1,442
2026-06-02T14:50:29.793,1041,4,0x3fc;0x3f2;0x3f3;0x3fd,0,282
2026-06-02T14:50:29.995,1042,4,0x3fc;0x3f2;0x3f3;0x3fd,0,304
2026-06-02T14:50:29.995,1043,4,0x3fc;0x3f2;0x3f3;0x3fd,0,315
2026-06-02T14:50:30.197,1044,4,0x3fc;0x3f2;0x3f3;0x3fd,0,308
2026-06-02T14:50:30.197,1045,4,0x3fc;0x3f2;0x3f3;0x3fd,0,323
2026-06-02T14:50:30.398,1046,4,0x3fc;0x3f2;0x3f3;0x3fd,0,437
2026-06-02T14:50:30.398,1047,4,0x3fc;0x3f2;0x3f3;0x3fd,0,315
2026-06-02T14:50:30.602,1048,4,0x3fc;0x3f2;0x3f3;0x3fd,0,474
2026-06-02T14:50:30.602,1049,4,0x3fc;0x3f2;0x3f3;0x3fd,0,288
2026-06-02T14:50:30.602,1050,4,0x3fc;0x3f2;0x3f3;0x3fd,0,254
2026-06-02T14:50:30.804,1051,4,0x3fc;0x3f2;0x3f3;0x3fd,0,405
2026-06-02T14:50:30.804,1052,4,0x3fc;0x3f2;0x3f3;0x3fd,0,272
2026-06-02T14:50:31.007,1053,4,0x3fc;0x3f2;0x3f3;0x3fd,0,309
2026-06-02T14:50:31.007,1054,4,0x3fc;0x3f2;0x3f3;0x3fd,0,364
2026-06-02T14:50:31.210,1055,4,0x3fc;0x3f2;0x3f3;0x3fd,0,234
2026-06-02T14:50:31.210,1056,5,0x3fc;0x3f2;0x3f3;0x3fd;0x410,1,361
2026-06-02T14:50:31.412,1057,4,0x3fc;0x3f2;0x3f3;0x3fd,0,249
2026-06-02T14:50:31.412,1058,4,0x3fc;0x3f2;0x3f3;0x3fd,0,469
2026-06-02T14:50:31.616,1059,4,0x3fc;0x3f2;0x3f3;0x3fd,0,784
2026-06-02T14:50:31.616,1060,4,0x3fc;0x3f2;0x3f3;0x3fd,0,564
2026-06-02T14:50:31.616,1061,4,0x3fc;0x3f2;0x3f3;0x3fd,0,1436
2026-06-02T14:50:31.831,1062,4,0x3fc;0x3f2;0x3f3;0x3fd,0,1365
2026-06-02T14:50:31.831,1063,4,0x3fc;0x3f2;0x3f3;0x3fd,0,526
2026-06-02T14:50:32.033,1064,4,0x3fc;0x3f2;0x3f3;0x3fd,0,584
2026-06-02T14:50:32.033,1065,4,0x3fc;0x3f2;0x3f3;0x3fd,0,420
2026-06-02T14:50:32.235,1066,4,0x3fc;0x3f2;0x3f3;0x3fd,0,261
2026-06-02T14:50:32.235,1067,4,0x3fc;0x3f2;0x3f3;0x3fd,0,1132
2026-06-02T14:50:32.235,1068,4,0x3fc;0x3f2;0x3f3;0x3fd,0,939
2026-06-02T14:50:32.437,1069,4,0x3fc;0x3f2;0x3f3;0x3fd,0,381
2026-06-02T14:50:32.437,1070,4,0x3fc;0x3f2;0x3f3;0x3fd,0,348
2026-06-02T14:50:32.639,1071,4,0x3fc;0x3f2;0x3f3;0x3fd,0,512
2026-06-02T14:50:32.639,1072,5,0x3fc;0x3f2;0x3f3;0x3fd;0x410,1,676
2026-06-02T14:50:32.856,1073,4,0x3fc;0x3f2;0x3f3;0x3fd,0,668
2026-06-02T14:50:32.856,1074,4,0x3fc;0x3f2;0x3f3;0x3fd,0,845
2026-06-02T14:50:33.059,1075,4,0x3fc;0x3f2;0x3f3;0x3fd,0,921
2026-06-02T14:50:33.059,1076,4,0x3fc;0x3f2;0x3f3;0x3fd,0,872
2026-06-02T14:50:33.059,1077,4,0x3fc;0x3f2;0x3f3;0x3fd,0,513
2026-06-02T14:50:33.263,1078,4,0x3fc;0x3f2;0x3f3;0x3fd,0,573
2026-06-02T14:50:33.263,1079,4,0x3fc;0x3f2;0x3f3;0x3fd,0,386
2026-06-02T14:50:33.463,1080,4,0x3fc;0x3f2;0x3f3;0x3fd,0,1233
2026-06-02T14:50:33.463,1081,4,0x3fc;0x3f2;0x3f3;0x3fd,0,1342
2026-06-02T14:50:33.666,1082,4,0x3fc;0x3f2;0x3f3;0x3fd,0,862
2026-06-02T14:50:33.666,1083,4,0x3fc;0x3f2;0x3f3;0x3fd,0,578
2026-06-02T14:50:33.666,1084,4,0x3fc;0x3f2;0x3f3;0x3fd,0,550
2026-06-02T14:50:33.869,1085,4,0x3fc;0x3f2;0x3f3;0x3fd,0,438
2026-06-02T14:50:33.869,1086,4,0x3fc;0x3f2;0x3f3;0x3fd,0,512
2026-06-02T14:50:34.072,1087,4,0x3fc;0x3f2;0x3f3;0x3fd,0,259
2026-06-02T14:50:34.072,1088,5,0x3fc;0x3f2;0x3f3;0x3fd;0x410,1,370
2026-06-02T14:50:34.275,1089,4,0x3fc;0x3f2;0x3f3;0x3fd,0,498
2026-06-02T14:50:34.275,1090,4,0x3fc;0x3f2;0x3f3;0x3fd,0,804
2026-06-02T14:50:34.478,1091,4,0x3fc;0x3f2;0x3f3;0x3fd,0,558
2026-06-02T14:50:34.478,1092,4,0x3fc;0x3f2;0x3f3;0x3fd,0,459
2026-06-02T14:50:34.478,1093,4,0x3fc;0x3f2;0x3f3;0x3fd,0,419
2026-06-02T14:50:34.679,1094,4,0x3fc;0x3f2;0x3f3;0x3fd,0,519
2026-06-02T14:50:34.679,1095,4,0x3fc;0x3f2;0x3f3;0x3fd,0,396
2026-06-02T14:50:34.881,1096,4,0x3fc;0x3f2;0x3f3;0x3fd,0,595
2026-06-02T14:50:34.881,1097,4,0x3fc;0x3f2;0x3f3;0x3fd,0,430
2026-06-02T14:50:35.086,1098,4,0x3fc;0x3f2;0x3f3;0x3fd,0,270
2026-06-02T14:50:35.086,1099,4,0x3fc;0x3f2;0x3f3;0x3fd,0,437
2026-06-02T14:50:35.288,1100,4,0x3fc;0x3f2;0x3f3;0x3fd,0,636
2026-06-02T14:50:35.288,1101,4,0x3fc;0x3f2;0x3f3;0x3fd,0,738
2026-06-02T14:50:35.288,1102,4,0x3fc;0x3f2;0x3f3;0x3fd,0,572
2026-06-02T14:50:35.491,1103,4,0x3fc;0x3f2;0x3f3;0x3fd,0,382
2026-06-02T14:50:35.693,1104,5,0x3fc;0x3f2;0x3f3;0x3fd;0x410,1,505
2026-06-02T14:50:35.693,1105,4,0x3fc;0x3f2;0x3f3;0x3fd,0,265
2026-06-02T14:50:35.693,1106,4,0x3fc;0x3f2;0x3f3;0x3fd,0,509
2026-06-02T14:50:35.895,1107,4,0x3fc;0x3f2;0x3f3;0x3fd,0,349
2026-06-02T14:50:35.895,1108,4,0x3fc;0x3f2;0x3f3;0x3fd,0,269
2026-06-02T14:50:36.096,1109,4,0x3fc;0x3f2;0x3f3;0x3fd,0,294
2026-06-02T14:50:36.096,1110,4,0x3fc;0x3f2;0x3f3;0x3fd,0,354
2026-06-02T14:50:36.096,1111,4,0x3fc;0x3f2;0x3f3;0x3fd,0,289
2026-06-02T14:50:36.298,1112,4,0x3fc;0x3f2;0x3f3;0x3fd,0,352
2026-06-02T14:50:36.298,1113,4,0x3fc;0x3f2;0x3f3;0x3fd,0,337
2026-06-02T14:50:36.500,1114,4,0x3fc;0x3f2;0x3f3;0x3fd,0,510
2026-06-02T14:50:36.500,1115,4,0x3fc;0x3f2;0x3f3;0x3fd,0,540
2026-06-02T14:50:36.704,1116,4,0x3fc;0x3f2;0x3f3;0x3fd,0,381
2026-06-02T14:50:36.704,1117,4,0x3fc;0x3f2;0x3f3;0x3fd,0,345
2026-06-02T14:50:36.905,1118,4,0x3fc;0x3f2;0x3f3;0x3fd,0,343
2026-06-02T14:50:36.905,1119,4,0x3fc;0x3f2;0x3f3;0x3fd,0,287
2026-06-02T14:50:37.109,1120,5,0x3fc;0x3f2;0x3f3;0x3fd;0x410,1,424
2026-06-02T14:50:37.109,1121,4,0x3fc;0x3f2;0x3f3;0x3fd,0,728
2026-06-02T14:50:37.109,1122,4,0x3fc;0x3f2;0x3f3;0x3fd,0,624
2026-06-02T14:50:37.313,1123,4,0x3fc;0x3f2;0x3f3;0x3fd,0,700
2026-06-02T14:50:37.313,1124,4,0x3fc;0x3f2;0x3f3;0x3fd,0,1008
2026-06-02T14:50:37.517,1125,4,0x3fc;0x3f2;0x3f3;0x3fd,0,525
2026-06-02T14:50:37.517,1126,4,0x3fc;0x3f2;0x3f3;0x3fd,0,620
2026-06-02T14:50:37.721,1127,4,0x3fc;0x3f2;0x3f3;0x3fd,0,408
2026-06-02T14:50:37.721,1128,4,0x3fc;0x3f2;0x3f3;0x3fd,0,283
2026-06-02T14:50:37.721,1129,4,0x3fc;0x3f2;0x3f3;0x3fd,0,703
2026-06-02T14:50:37.924,1130,4,0x3fc;0x3f2;0x3f3;0x3fd,0,341
2026-06-02T14:50:37.924,1131,4,0x3fc;0x3f2;0x3f3;0x3fd,0,401
2026-06-02T14:50:38.126,1132,4,0x3fc;0x3f2;0x3f3;0x3fd,0,783
2026-06-02T14:50:38.126,1133,4,0x3fc;0x3f2;0x3f3;0x3fd,0,677
2026-06-02T14:50:38.329,1134,4,0x3fc;0x3f2;0x3f3;0x3fd,0,466
2026-06-02T14:50:38.329,1135,4,0x3fc;0x3f2;0x3f3;0x3fd,0,498
2026-06-02T14:50:38.530,1136,5,0x3fc;0x3f2;0x3f3;0x3fd;0x410,1,649
2026-06-02T14:50:38.530,1137,4,0x3fc;0x3f2;0x3f3;0x3fd,0,465
2026-06-02T14:50:38.530,1138,4,0x3fc;0x3f2;0x3f3;0x3fd,0,620
2026-06-02T14:50:38.735,1139,4,0x3fc;0x3f2;0x3f3;0x3fd,0,384
2026-06-02T14:50:38.736,1140,4,0x3fc;0x3f2;0x3f3;0x3fd,0,456
2026-06-02T14:50:38.936,1141,4,0x3fc;0x3f2;0x3f3;0x3fd,0,397
2026-06-02T14:50:39.137,1144,4,0x3fc;0x3f2;0x3f3;0x3fd,0,491
2026-06-02T14:50:39.340,1145,4,0x3fc;0x3f2;0x3f3;0x3fd,0,430
2026-06-02T14:50:39.340,1146,4,0x3fc;0x3f2;0x3f3;0x3fd,0,600
2026-06-02T14:50:39.340,1147,4,0x3fc;0x3f2;0x3f3;0x3fd,0,318
2026-06-02T14:50:39.541,1148,4,0x3fc;0x3f2;0x3f3;0x3fd,0,552
2026-06-02T14:50:39.541,1149,4,0x3fc;0x3f2;0x3f3;0x3fd,0,490
2026-06-02T14:50:39.744,1150,4,0x3fc;0x3f2;0x3f3;0x3fd,0,406
2026-06-02T14:50:39.744,1151,4,0x3fc;0x3f2;0x3f3;0x3fd,0,333
2026-06-02T14:50:39.947,1152,5,0x3fc;0x3f2;0x3f3;0x3fd;0x410,1,469
2026-06-02T14:50:39.947,1153,4,0x3fc;0x3f2;0x3f3;0x3fd,0,245
2026-06-02T14:50:40.148,1154,4,0x3fc;0x3f2;0x3f3;0x3fd,0,243
2026-06-02T14:50:40.148,1155,4,0x3fc;0x3f2;0x3f3;0x3fd,0,244
2026-06-02T14:50:40.148,1156,4,0x3fc;0x3f2;0x3f3;0x3fd,0,236
2026-06-02T14:50:40.362,1157,4,0x3fc;0x3f2;0x3f3;0x3fd,0,219
2026-06-02T14:50:40.362,1158,4,0x3fc;0x3f2;0x3f3;0x3fd,0,489
2026-06-02T14:50:40.565,1159,4,0x3fc;0x3f2;0x3f3;0x3fd,0,483
2026-06-02T14:50:40.565,1160,4,0x3fc;0x3f2;0x3f3;0x3fd,0,614
2026-06-02T14:50:40.767,1161,4,0x3fc;0x3f2;0x3f3;0x3fd,0,623
2026-06-02T14:50:40.767,1162,4,0x3fc;0x3f2;0x3f3;0x3fd,0,278
2026-06-02T14:50:40.767,1163,4,0x3fc;0x3f2;0x3f3;0x3fd,0,291
2026-06-02T14:50:40.968,1164,4,0x3fc;0x3f2;0x3f3;0x3fd,0,250
2026-06-02T14:50:40.968,1165,4,0x3fc;0x3f2;0x3f3;0x3fd,0,252
2026-06-02T14:50:41.169,1166,4,0x3fc;0x3f2;0x3f3;0x3fd,0,557
2026-06-02T14:50:41.169,1167,4,0x3fc;0x3f2;0x3f3;0x3fd,0,611
2026-06-02T14:50:41.371,1168,5,0x3fc;0x3f2;0x3f3;0x3fd;0x410,1,757
2026-06-02T14:50:41.371,1169,4,0x3fc;0x3f2;0x3f3;0x3fd,0,821
2026-06-02T14:50:41.576,1170,4,0x3fc;0x3f2;0x3f3;0x3fd,0,343
2026-06-02T14:50:41.576,1171,4,0x3fc;0x3f2;0x3f3;0x3fd,0,280
2026-06-02T14:50:41.776,1172,4,0x3fc;0x3f2;0x3f3;0x3fd,0,392
2026-06-02T14:50:41.776,1173,4,0x3fc;0x3f2;0x3f3;0x3fd,0,286
2026-06-02T14:50:41.776,1174,4,0x3fc;0x3f2;0x3f3;0x3fd,0,383
2026-06-02T14:50:41.978,1175,4,0x3fc;0x3f2;0x3f3;0x3fd,0,517
2026-06-02T14:50:41.978,1176,4,0x3fc;0x3f2;0x3f3;0x3fd,0,692
2026-06-02T14:50:42.181,1177,4,0x3fc;0x3f2;0x3f3;0x3fd,0,784
2026-06-02T14:50:42.181,1178,4,0x3fc;0x3f2;0x3f3;0x3fd,0,881
2026-06-02T14:50:42.383,1179,4,0x3fc;0x3f2;0x3f3;0x3fd,0,1012
2026-06-02T14:50:42.383,1180,4,0x3fc;0x3f2;0x3f3;0x3fd,0,859
2026-06-02T14:50:42.585,1181,4,0x3fc;0x3f2;0x3f3;0x3fd,0,830
2026-06-02T14:50:42.585,1182,4,0x3fc;0x3f2;0x3f3;0x3fd,0,517
2026-06-02T14:50:42.585,1183,3,0x3f2;0x3f3;0x3fd,0,210
2026-06-02T14:50:42.788,1184,3,0x3f2;0x3fd;0x410,1,316
2026-06-02T14:50:42.788,1185,3,0x3fc;0x3f2;0x3fd,0,856
2026-06-02T14:50:43.002,1186,4,0x3fc;0x3f2;0x3f3;0x3fd,0,666
2026-06-02T14:50:43.002,1187,4,0x3fc;0x3f2;0x3f3;0x3fd,0,767
2026-06-02T14:50:43.217,1188,4,0x3fc;0x3f2;0x3f3;0x3fd,0,608
2026-06-02T14:50:43.217,1189,4,0x3fc;0x3f2;0x3f3;0x3fd,0,322
2026-06-02T14:50:43.217,1190,4,0x3fc;0x3f2;0x3f3;0x3fd,0,329
2026-06-02T14:50:43.419,1191,4,0x3fc;0x3f2;0x3f3;0x3fd,0,286
2026-06-02T14:50:43.419,1192,4,0x3fc;0x3f2;0x3f3;0x3fd,0,424
2026-06-02T14:50:43.622,1193,4,0x3fc;0x3f2;0x3f3;0x3fd,0,306
2026-06-02T14:50:43.622,1194,4,0x3fc;0x3f2;0x3f3;0x3fd,0,249
2026-06-02T14:50:43.824,1195,4,0x3fc;0x3f2;0x3f3;0x3fd,0,276
2026-06-02T14:50:43.824,1196,4,0x3fc;0x3f2;0x3f3;0x3fd,0,272
2026-06-02T14:50:43.824,1197,4,0x3fc;0x3f2;0x3f3;0x3fd,0,239
2026-06-02T14:50:44.029,1198,4,0x3fc;0x3f2;0x3f3;0x3fd,0,219
2026-06-02T14:50:44.029,1199,3,0x3f2;0x3f3;0x3fd,0,181
2026-06-02T14:50:44.245,1200,3,0x3f2;0x3fd;0x410,1,316
2026-06-02T14:50:44.245,1201,2,0x3f2;0x3fd,0,172
2026-06-02T14:50:44.447,1202,3,0x3fc;0x3f2;0x3fd,0,208
2026-06-02T14:50:44.447,1203,4,0x3fc;0x3f2;0x3f3;0x3fd,0,217
2026-06-02T14:50:44.649,1204,4,0x3fc;0x3f2;0x3f3;0x3fd,0,225
2026-06-02T14:50:44.649,1205,4,0x3fc;0x3f2;0x3f3;0x3fd,0,226
2026-06-02T14:50:44.649,1206,3,0x3f2;0x3f3;0x3fd,0,182
2026-06-02T14:50:44.850,1207,2,0x3f2;0x3fd,0,172
2026-06-02T14:50:44.850,1208,3,0x3fc;0x3f2;0x3fd,0,208
2026-06-02T14:50:45.052,1209,4,0x3fc;0x3f2;0x3f3;0x3fd,0,225
2026-06-02T14:50:45.052,1210,4,0x3fc;0x3f2;0x3f3;0x3fd,0,250
2026-06-02T14:50:45.254,1211,4,0x3fc;0x3f2;0x3f3;0x3fd,0,229
2026-06-02T14:50:45.254,1212,4,0x3fc;0x3f2;0x3f3;0x3fd,0,226
2026-06-02T14:50:45.456,1213,4,0x3fc;0x3f2;0x3f3;0x3fd,0,218
2026-06-02T14:50:45.456,1214,4,0x3fc;0x3f2;0x3f3;0x3fd,0,225
2026-06-02T14:50:45.456,1215,4,0x3fc;0x3f2;0x3f3;0x3fd,0,290
2026-06-02T14:50:45.658,1216,5,0x3fc;0x3f2;0x3f3;0x3fd;0x410,1,442
2026-06-02T14:50:45.658,1217,3,0x3f2;0x3f3;0x3fd,0,190
2026-06-02T14:50:45.861,1218,2,0x3f2;0x3fd,0,172
2026-06-02T14:50:45.861,1219,3,0x3fc;0x3f2;0x3fd,0,208
2026-06-02T14:50:46.063,1220,3,0x3f2;0x3f3;0x3fd,0,181
2026-06-02T14:50:46.063,1221,2,0x3f2;0x3fd,0,172
2026-06-02T14:50:46.266,1222,2,0x3f2;0x3fd,0,172
2026-06-02T14:50:46.266,1223,2,0x3f2;0x3fd,0,172
2026-06-02T14:50:46.266,1224,2,0x3f2;0x3fd,0,172
2026-06-02T14:50:46.470,1225,2,0x3f2;0x3fd,0,172
2026-06-02T14:50:46.470,1226,2,0x3f2;0x3fd,0,172
2026-06-02T14:50:46.672,1227,2,0x3f2;0x3fd,0,172
2026-06-02T14:50:46.672,1228,3,0x3fc;0x3f2;0x3fd,0,208
2026-06-02T14:50:46.874,1229,4,0x3fc;0x3f2;0x3f3;0x3fd,0,217
2026-06-02T14:50:46.874,1230,4,0x3fc;0x3f2;0x3f3;0x3fd,0,241
2026-06-02T14:50:47.075,1231,4,0x3fc;0x3f2;0x3f3;0x3fd,0,244
2026-06-02T14:50:47.075,1232,5,0x3fc;0x3f2;0x3f3;0x3fd;0x410,1,388
2026-06-02T14:50:47.075,1233,4,0x3fc;0x3f2;0x3f3;0x3fd,0,228
2026-06-02T14:50:47.278,1234,4,0x3fc;0x3f2;0x3f3;0x3fd,0,218
2026-06-02T14:50:47.278,1235,4,0x3fc;0x3f2;0x3f3;0x3fd,0,225
2026-06-02T14:50:47.479,1236,4,0x3fc;0x3f2;0x3f3;0x3fd,0,226
2026-06-02T14:50:47.479,1237,4,0x3fc;0x3f2;0x3f3;0x3fd,0,234
2026-06-02T14:50:47.684,1238,4,0x3fc;0x3f2;0x3f3;0x3fd,0,219
2026-06-02T14:50:47.684,1239,4,0x3fc;0x3f2;0x3f3;0x3fd,0,225
2026-06-02T14:50:47.888,1240,4,0x3fc;0x3f2;0x3f3;0x3fd,0,226
2026-06-02T14:50:47.888,1241,3,0x3f2;0x3f3;0x3fd,0,182
2026-06-02T14:50:47.888,1242,2,0x3f2;0x3fd,0,172
2026-06-02T14:50:48.091,1243,3,0x3fc;0x3f2;0x3fd,0,208
2026-06-02T14:50:48.091,1244,4,0x3fc;0x3f2;0x3f3;0x3fd,0,217
2026-06-02T14:50:48.293,1245,3,0x3f2;0x3f3;0x3fd,0,181
2026-06-02T14:50:48.293,1246,2,0x3f2;0x3fd,0,172
2026-06-02T14:50:48.495,1247,3,0x3fc;0x3f2;0x3fd,0,224
2026-06-02T14:50:48.495,1248,5,0x3fc;0x3f2;0x3f3;0x3fd;0x410,1,379
2026-06-02T14:50:48.696,1249,3,0x3f2;0x3f3;0x3fd,0,183
2026-06-02T14:50:48.696,1250,2,0x3f2;0x3fd,0,172
2026-06-02T14:50:48.696,1251,2,0x3f2;0x3fd,0,172
2026-06-02T14:50:48.897,1252,2,0x3f2;0x3fd,0,172
2026-06-02T14:50:48.897,1253,3,0x3fc;0x3f2;0x3fd,0,216
2026-06-02T14:50:49.099,1254,3,0x3f2;0x3f3;0x3fd,0,182
2026-06-02T14:50:49.099,1255,3,0x3fc;0x3f2;0x3fd,0,248
2026-06-02T14:50:49.302,1256,4,0x3fc;0x3f2;0x3f3;0x3fd,0,246
2026-06-02T14:50:49.302,1257,4,0x3fc;0x3f2;0x3f3;0x3fd,0,452
2026-06-02T14:50:49.503,1258,4,0x3fc;0x3f2;0x3f3;0x3fd,0,278
2026-06-02T14:50:49.503,1259,4,0x3fc;0x3f2;0x3f3;0x3fd,0,477
2026-06-02T14:50:49.503,1260,4,0x3fc;0x3f2;0x3f3;0x3fd,0,617
2026-06-02T14:50:49.706,1261,4,0x3fc;0x3f2;0x3f3;0x3fd,0,671
2026-06-02T14:50:49.706,1262,4,0x3fc;0x3f2;0x3f3;0x3fd,0,300
2026-06-02T14:50:49.909,1263,4,0x3fc;0x3f2;0x3f3;0x3fd,0,349
2026-06-02T14:50:49.909,1264,5,0x3fc;0x3f2;0x3f3;0x3fd;0x410,1,505
2026-06-02T14:50:50.114,1265,4,0x3fc;0x3f2;0x3f3;0x3fd,0,329
2026-06-02T14:50:50.114,1266,3,0x3f2;0x3f3;0x3fd,0,193
2026-06-02T14:50:50.316,1267,3,0x3fc;0x3f2;0x3fd,0,216
2026-06-02T14:50:50.316,1268,4,0x3fc;0x3f2;0x3f3;0x3fd,0,218
2026-06-02T14:50:50.316,1269,4,0x3fc;0x3f2;0x3f3;0x3fd,0,273
2026-06-02T14:50:50.519,1270,4,0x3fc;0x3f2;0x3f3;0x3fd,0,240
2026-06-02T14:50:50.519,1271,4,0x3fc;0x3f2;0x3f3;0x3fd,0,243
2026-06-02T14:50:50.719,1272,4,0x3fc;0x3f2;0x3f3;0x3fd,0,444
2026-06-02T14:50:50.719,1273,4,0x3fc;0x3f2;0x3f3;0x3fd,0,293
2026-06-02T14:50:50.922,1274,4,0x3fc;0x3f2;0x3f3;0x3fd,0,231
2026-06-02T14:50:50.922,1275,4,0x3fc;0x3f2;0x3f3;0x3fd,0,314
2026-06-02T14:50:51.124,1276,4,0x3fc;0x3f2;0x3f3;0x3fd,0,277
2026-06-02T14:50:51.124,1277,4,0x3fc;0x3f2;0x3f3;0x3fd,0,247
2026-06-02T14:50:51.124,1278,4,0x3fc;0x3f2;0x3f3;0x3fd,0,572
2026-06-02T14:50:51.326,1279,3,0x3f2;0x3f3;0x3fd,0,225
2026-06-02T14:50:51.530,1280,3,0x3f2;0x3fd;0x410,1,316
2026-06-02T14:50:51.530,1281,3,0x3fc;0x3f2;0x3fd,0,872
2026-06-02T14:50:51.530,1282,4,0x3fc;0x3f2;0x3f3;0x3fd,0,700
2026-06-02T14:50:51.732,1283,4,0x3fc;0x3f2;0x3f3;0x3fd,0,755
2026-06-02T14:50:51.733,1284,4,0x3fc;0x3f2;0x3f3;0x3fd,0,646
2026-06-02T14:50:51.933,1285,4,0x3fc;0x3f2;0x3f3;0x3fd,0,543
2026-06-02T14:50:51.933,1286,4,0x3fc;0x3f2;0x3f3;0x3fd,0,300
2026-06-02T14:50:51.933,1287,4,0x3fc;0x3f2;0x3f3;0x3fd,0,255
2026-06-02T14:50:52.134,1288,4,0x3fc;0x3f2;0x3f3;0x3fd,0,229
2026-06-02T14:50:52.134,1289,4,0x3fc;0x3f2;0x3f3;0x3fd,0,250
2026-06-02T14:50:52.337,1290,4,0x3fc;0x3f2;0x3f3;0x3fd,0,261
2026-06-02T14:50:52.337,1291,4,0x3fc;0x3f2;0x3f3;0x3fd,0,246
2026-06-02T14:50:52.540,1292,4,0x3fc;0x3f2;0x3f3;0x3fd,0,228
2026-06-02T14:50:52.540,1293,4,0x3fc;0x3f2;0x3f3;0x3fd,0,218
2026-06-02T14:50:52.744,1294,4,0x3fc;0x3f2;0x3f3;0x3fd,0,289
2026-06-02T14:50:52.744,1295,4,0x3fc;0x3f2;0x3f3;0x3fd,0,498
2026-06-02T14:50:52.945,1296,5,0x3fc;0x3f2;0x3f3;0x3fd;0x410,1,667
2026-06-02T14:50:52.945,1297,4,0x3fc;0x3f2;0x3f3;0x3fd,0,363
2026-06-02T14:50:52.945,1298,3,0x3f2;0x3f3;0x3fd,0,195
2026-06-02T14:50:53.150,1299,3,0x3fc;0x3f2;0x3fd,0,232
2026-06-02T14:50:53.150,1300,4,0x3fc;0x3f2;0x3f3;0x3fd,0,268
2026-06-02T14:50:53.351,1301,4,0x3fc;0x3f2;0x3f3;0x3fd,0,319
2026-06-02T14:50:53.351,1302,4,0x3fc;0x3f2;0x3f3;0x3fd,0,253
2026-06-02T14:50:53.553,1303,4,0x3fc;0x3f2;0x3f3;0x3fd,0,228
2026-06-02T14:50:53.553,1304,3,0x3f2;0x3f3;0x3fd,0,182
2026-06-02T14:50:53.553,1305,2,0x3f2;0x3fd,0,172
2026-06-02T14:50:53.757,1306,3,0x3fc;0x3f2;0x3fd,0,208
2026-06-02T14:50:53.757,1307,4,0x3fc;0x3f2;0x3f3;0x3fd,0,217
2026-06-02T14:50:53.960,1308,4,0x3fc;0x3f2;0x3f3;0x3fd,0,217
2026-06-02T14:50:53.960,1309,3,0x3f2;0x3f3;0x3fd,0,181
2026-06-02T14:50:54.176,1310,3,0x3fc;0x3f2;0x3fd,0,208
2026-06-02T14:50:54.176,1311,4,0x3fc;0x3f2;0x3f3;0x3fd,0,425
2026-06-02T14:50:54.379,1312,5,0x3fc;0x3f2;0x3f3;0x3fd;0x410,1,595
2026-06-02T14:50:54.379,1313,4,0x3fc;0x3f2;0x3f3;0x3fd,0,243
2026-06-02T14:50:54.379,1314,3,0x3f2;0x3f3;0x3fd,0,181
2026-06-02T14:50:54.582,1315,3,0x3fc;0x3f2;0x3fd,0,216
2026-06-02T14:50:54.582,1316,4,0x3fc;0x3f2;0x3f3;0x3fd,0,226
2026-06-02T14:50:54.784,1317,4,0x3fc;0x3f2;0x3f3;0x3fd,0,226
2026-06-02T14:50:54.784,1318,4,0x3fc;0x3f2;0x3f3;0x3fd,0,226
2026-06-02T14:50:54.999,1319,4,0x3fc;0x3f2;0x3f3;0x3fd,0,234
2026-06-02T14:50:54.999,1320,4,0x3fc;0x3f2;0x3f3;0x3fd,0,219
2026-06-02T14:50:54.999,1321,4,0x3fc;0x3f2;0x3f3;0x3fd,0,225
2026-06-02T14:50:55.202,1322,4,0x3fc;0x3f2;0x3f3;0x3fd,0,266
2026-06-02T14:50:55.202,1323,4,0x3fc;0x3f2;0x3f3;0x3fd,0,231
2026-06-02T14:50:55.403,1324,3,0x3f2;0x3f3;0x3fd,0,182
2026-06-02T14:50:55.403,1325,3,0x3fc;0x3f2;0x3fd,0,216
2026-06-02T14:50:55.605,1326,3,0x3f2;0x3f3;0x3fd,0,182
2026-06-02T14:50:55.605,1327,3,0x3fc;0x3f2;0x3fd,0,216
2026-06-02T14:50:55.808,1328,5,0x3fc;0x3f2;0x3f3;0x3fd;0x410,1,370
2026-06-02T14:50:55.808,1329,3,0x3f2;0x3f3;0x3fd,0,182
2026-06-02T14:50:55.808,1330,2,0x3f2;0x3fd,0,172
2026-06-02T14:50:56.009,1331,3,0x3fc;0x3f2;0x3fd,0,208
2026-06-02T14:50:56.009,1332,4,0x3fc;0x3f2;0x3f3;0x3fd,0,217
2026-06-02T14:50:56.214,1333,4,0x3fc;0x3f2;0x3f3;0x3fd,0,217
2026-06-02T14:50:56.214,1334,4,0x3fc;0x3f2;0x3f3;0x3fd,0,225
2026-06-02T14:50:56.415,1335,4,0x3fc;0x3f2;0x3f3;0x3fd,0,226
2026-06-02T14:50:56.415,1336,4,0x3fc;0x3f2;0x3f3;0x3fd,0,226
2026-06-02T14:50:56.616,1337,4,0x3fc;0x3f2;0x3f3;0x3fd,0,226
2026-06-02T14:50:56.616,1338,4,0x3fc;0x3f2;0x3f3;0x3fd,0,226
2026-06-02T14:50:56.616,1339,4,0x3fc;0x3f2;0x3f3;0x3fd,0,234
2026-06-02T14:50:56.817,1340,4,0x3fc;0x3f2;0x3f3;0x3fd,0,259
2026-06-02T14:50:56.817,1341,4,0x3fc;0x3f2;0x3f3;0x3fd,0,238
2026-06-02T14:50:57.020,1342,4,0x3fc;0x3f2;0x3f3;0x3fd,0,259
2026-06-02T14:50:57.020,1343,3,0x3f2;0x3f3;0x3fd,0,186
2026-06-02T14:50:57.223,1344,3,0x3f2;0x3fd;0x410,1,316
2026-06-02T14:50:57.223,1345,3,0x3fc;0x3f2;0x3fd,0,216
2026-06-02T14:50:57.425,1346,4,0x3fc;0x3f2;0x3f3;0x3fd,0,226
2026-06-02T14:50:57.425,1347,4,0x3fc;0x3f2;0x3f3;0x3fd,0,226
2026-06-02T14:50:57.425,1348,4,0x3fc;0x3f2;0x3f3;0x3fd,0,234
2026-06-02T14:50:57.625,1349,4,0x3fc;0x3f2;0x3f3;0x3fd,0,227
2026-06-02T14:50:57.625,1350,4,0x3fc;0x3f2;0x3f3;0x3fd,0,218
2026-06-02T14:50:57.828,1351,4,0x3fc;0x3f2;0x3f3;0x3fd,0,225
2026-06-02T14:50:57.828,1352,4,0x3fc;0x3f2;0x3f3;0x3fd,0,218
2026-06-02T14:50:58.044,1353,4,0x3fc;0x3f2;0x3f3;0x3fd,0,217
2026-06-02T14:50:58.044,1354,3,0x3f2;0x3f3;0x3fd,0,181
2026-06-02T14:50:58.244,1355,3,0x3fc;0x3f2;0x3fd,0,232
2026-06-02T14:50:58.244,1356,4,0x3fc;0x3f2;0x3f3;0x3fd,0,236
2026-06-02T14:50:58.244,1357,4,0x3fc;0x3f2;0x3f3;0x3fd,0,227
2026-06-02T14:50:58.447,1358,4,0x3fc;0x3f2;0x3f3;0x3fd,0,226
2026-06-02T14:50:58.447,1359,4,0x3fc;0x3f2;0x3f3;0x3fd,0,218
2026-06-02T14:50:58.649,1360,5,0x3fc;0x3f2;0x3f3;0x3fd;0x410,1,361
2026-06-02T14:50:58.649,1361,3,0x3f2;0x3f3;0x3fd,0,181
2026-06-02T14:50:58.851,1362,3,0x3fc;0x3f2;0x3fd,0,208
2026-06-02T14:50:58.851,1363,4,0x3fc;0x3f2;0x3f3;0x3fd,0,225
2026-06-02T14:50:59.066,1364,4,0x3fc;0x3f2;0x3f3;0x3fd,0,218
2026-06-02T14:50:59.066,1365,4,0x3fc;0x3f2;0x3f3;0x3fd,0,345
2026-06-02T14:50:59.066,1366,4,0x3fc;0x3f2;0x3f3;0x3fd,0,241
2026-06-02T14:50:59.268,1367,4,0x3fc;0x3f2;0x3f3;0x3fd,0,226
2026-06-02T14:50:59.268,1368,4,0x3fc;0x3f2;0x3f3;0x3fd,0,234
2026-06-02T14:50:59.468,1369,4,0x3fc;0x3f2;0x3f3;0x3fd,0,251
2026-06-02T14:50:59.468,1370,4,0x3fc;0x3f2;0x3f3;0x3fd,0,237
2026-06-02T14:50:59.671,1371,4,0x3fc;0x3f2;0x3f3;0x3fd,0,227
2026-06-02T14:50:59.671,1372,3,0x3f2;0x3f3;0x3fd,0,182
2026-06-02T14:50:59.671,1373,3,0x3fc;0x3f2;0x3fd,0,208
2026-06-02T14:50:59.873,1374,4,0x3fc;0x3f2;0x3f3;0x3fd,0,265
2026-06-02T14:50:59.873,1375,4,0x3fc;0x3f2;0x3f3;0x3fd,0,351
2026-06-02T14:51:00.076,1376,5,0x3fc;0x3f2;0x3f3;0x3fd;0x410,1,505
2026-06-02T14:51:00.076,1377,4,0x3fc;0x3f2;0x3f3;0x3fd,0,233
2026-06-02T14:51:00.278,1378,4,0x3fc;0x3f2;0x3f3;0x3fd,0,233
2026-06-02T14:51:00.278,1379,4,0x3fc;0x3f2;0x3f3;0x3fd,0,227
2026-06-02T14:51:00.481,1380,4,0x3fc;0x3f2;0x3f3;0x3fd,0,234
2026-06-02T14:51:00.481,1381,4,0x3fc;0x3f2;0x3f3;0x3fd,0,267
2026-06-02T14:51:00.481,1382,4,0x3fc;0x3f2;0x3f3;0x3fd,0,223
2026-06-02T14:51:00.684,1383,4,0x3fc;0x3f2;0x3f3;0x3fd,0,241
2026-06-02T14:51:00.684,1384,4,0x3fc;0x3f2;0x3f3;0x3fd,0,260
2026-06-02T14:51:00.885,1385,4,0x3fc;0x3f2;0x3f3;0x3fd,0,238
2026-06-02T14:51:00.885,1386,4,0x3fc;0x3f2;0x3f3;0x3fd,0,323
2026-06-02T14:51:01.090,1387,4,0x3fc;0x3f2;0x3f3;0x3fd,0,246
2026-06-02T14:51:01.090,1388,4,0x3fc;0x3f2;0x3f3;0x3fd,0,227
2026-06-02T14:51:01.292,1389,4,0x3fc;0x3f2;0x3f3;0x3fd,0,234
2026-06-02T14:51:01.292,1390,4,0x3fc;0x3f2;0x3f3;0x3fd,0,227
2026-06-02T14:51:01.292,1391,4,0x3fc;0x3f2;0x3f3;0x3fd,0,226
2026-06-02T14:51:01.494,1392,5,0x3fc;0x3f2;0x3f3;0x3fd;0x410,1,370
2026-06-02T14:51:01.494,1393,4,0x3fc;0x3f2;0x3f3;0x3fd,0,226
2026-06-02T14:51:01.698,1394,4,0x3fc;0x3f2;0x3f3;0x3fd,0,226
2026-06-02T14:51:01.698,1395,4,0x3fc;0x3f2;0x3f3;0x3fd,0,226
2026-06-02T14:51:01.900,1396,4,0x3fc;0x3f2;0x3f3;0x3fd,0,218
2026-06-02T14:51:01.900,1397,4,0x3fc;0x3f2;0x3f3;0x3fd,0,345
2026-06-02T14:51:02.102,1398,4,0x3fc;0x3f2;0x3f3;0x3fd,0,241
2026-06-02T14:51:02.102,1399,4,0x3fc;0x3f2;0x3f3;0x3fd,0,258
2026-06-02T14:51:02.102,1400,4,0x3fc;0x3f2;0x3f3;0x3fd,0,246
2026-06-02T14:51:02.305,1401,4,0x3fc;0x3f2;0x3f3;0x3fd,0,236
2026-06-02T14:51:02.305,1402,4,0x3fc;0x3f2;0x3f3;0x3fd,0,227
2026-06-02T14:51:02.507,1403,4,0x3fc;0x3f2;0x3f3;0x3fd,0,226
2026-06-02T14:51:02.507,1404,4,0x3fc;0x3f2;0x3f3;0x3fd,0,330
2026-06-02T14:51:02.710,1405,4,0x3fc;0x3f2;0x3f3;0x3fd,0,367
2026-06-02T14:51:02.710,1406,4,0x3fc;0x3f2;0x3f3;0x3fd,0,282
2026-06-02T14:51:02.913,1407,3,0x3f2;0x3f3;0x3fd,0,187
2026-06-02T14:51:02.913,1408,3,0x3f2;0x3fd;0x410,1,316
2026-06-02T14:51:02.913,1409,3,0x3fc;0x3f2;0x3fd,0,248
2026-06-02T14:51:03.116,1410,4,0x3fc;0x3f2;0x3f3;0x3fd,0,270
2026-06-02T14:51:03.116,1411,4,0x3fc;0x3f2;0x3f3;0x3fd,0,367
2026-06-02T14:51:03.319,1412,4,0x3fc;0x3f2;0x3f3;0x3fd,0,259
2026-06-02T14:51:03.319,1413,4,0x3fc;0x3f2;0x3f3;0x3fd,0,292
2026-06-02T14:51:03.523,1414,4,0x3fc;0x3f2;0x3f3;0x3fd,0,1114
2026-06-02T14:51:03.523,1415,4,0x3fc;0x3f2;0x3f3;0x3fd,0,744
2026-06-02T14:51:03.724,1416,4,0x3fc;0x3f2;0x3f3;0x3fd,0,637
2026-06-02T14:51:03.724,1417,4,0x3fc;0x3f2;0x3f3;0x3fd,0,1095
2026-06-02T14:51:03.724,1418,3,0x3f2;0x3f3;0x3fd,0,285
2026-06-02T14:51:03.925,1419,3,0x3fc;0x3f2;0x3fd,0,752
2026-06-02T14:51:03.925,1420,4,0x3fc;0x3f2;0x3f3;0x3fd,0,1133
2026-06-02T14:51:04.128,1421,4,0x3fc;0x3f2;0x3f3;0x3fd,0,1379
2026-06-02T14:51:04.128,1422,4,0x3fc;0x3f2;0x3f3;0x3fd,0,1021
2026-06-02T14:51:04.329,1423,4,0x3fc;0x3f2;0x3f3;0x3fd,0,421
2026-06-02T14:51:04.329,1424,5,0x3fc;0x3f2;0x3f3;0x3fd;0x410,1,496
2026-06-02T14:51:04.531,1425,4,0x3fc;0x3f2;0x3f3;0x3fd,0,632
2026-06-02T14:51:04.531,1426,4,0x3fc;0x3f2;0x3f3;0x3fd,0,883
2026-06-02T14:51:04.531,1427,4,0x3fc;0x3f2;0x3f3;0x3fd,0,478
2026-06-02T14:51:04.732,1428,4,0x3fc;0x3f2;0x3f3;0x3fd,0,848
2026-06-02T14:51:04.732,1429,4,0x3fc;0x3f2;0x3f3;0x3fd,0,293
2026-06-02T14:51:04.933,1430,4,0x3fc;0x3f2;0x3f3;0x3fd,0,577
2026-06-02T14:51:04.933,1431,4,0x3fc;0x3f2;0x3f3;0x3fd,0,670
2026-06-02T14:51:05.136,1432,4,0x3fc;0x3f2;0x3f3;0x3fd,0,892
2026-06-02T14:51:05.136,1433,4,0x3fc;0x3f2;0x3f3;0x3fd,0,1327
2026-06-02T14:51:05.338,1434,4,0x3fc;0x3f2;0x3f3;0x3fd,0,674
2026-06-02T14:51:05.338,1435,4,0x3fc;0x3f2;0x3f3;0x3fd,0,1442
2026-06-02T14:51:05.541,1436,4,0x3fc;0x3f2;0x3f3;0x3fd,0,877
2026-06-02T14:51:05.541,1437,4,0x3fc;0x3f2;0x3f3;0x3fd,0,1161
2026-06-02T14:51:05.541,1438,4,0x3fc;0x3f2;0x3f3;0x3fd,0,559
2026-06-02T14:51:05.745,1439,4,0x3fc;0x3f2;0x3f3;0x3fd,0,270
2026-06-02T14:51:05.745,1440,5,0x3fc;0x3f2;0x3f3;0x3fd;0x410,1,388
2026-06-02T14:51:05.948,1441,4,0x3fc;0x3f2;0x3f3;0x3fd,0,492
2026-06-02T14:51:05.948,1442,4,0x3fc;0x3f2;0x3f3;0x3fd,0,459
2026-06-02T14:51:06.149,1443,4,0x3fc;0x3f2;0x3f3;0x3fd,0,379
2026-06-02T14:51:06.149,1444,4,0x3fc;0x3f2;0x3f3;0x3fd,0,378
2026-06-02T14:51:06.149,1445,4,0x3fc;0x3f2;0x3f3;0x3fd,0,331
2026-06-02T14:51:06.350,1446,4,0x3fc;0x3f2;0x3f3;0x3fd,0,277
2026-06-02T14:51:06.350,1447,4,0x3fc;0x3f2;0x3f3;0x3fd,0,407
2026-06-02T14:51:06.553,1448,4,0x3fc;0x3f2;0x3f3;0x3fd,0,296
2026-06-02T14:51:06.553,1449,4,0x3fc;0x3f2;0x3f3;0x3fd,0,456
2026-06-02T14:51:06.753,1450,4,0x3fc;0x3f2;0x3f3;0x3fd,0,246
2026-06-02T14:51:06.753,1451,4,0x3fc;0x3f2;0x3f3;0x3fd,0,289
2026-06-02T14:51:06.957,1452,4,0x3fc;0x3f2;0x3f3;0x3fd,0,314
2026-06-02T14:51:06.957,1453,4,0x3fc;0x3f2;0x3f3;0x3fd,0,244
2026-06-02T14:51:07.160,1454,4,0x3fc;0x3f2;0x3f3;0x3fd,0,555
2026-06-02T14:51:07.160,1455,4,0x3fc;0x3f2;0x3f3;0x3fd,0,371
2026-06-02T14:51:07.363,1456,5,0x3fc;0x3f2;0x3f3;0x3fd;0x410,1,487
2026-06-02T14:51:07.364,1457,4,0x3fc;0x3f2;0x3f3;0x3fd,0,311
2026-06-02T14:51:07.364,1458,4,0x3fc;0x3f2;0x3f3;0x3fd,0,523
2026-06-02T14:51:07.569,1459,4,0x3fc;0x3f2;0x3f3;0x3fd,0,454
2026-06-02T14:51:07.569,1460,4,0x3fc;0x3f2;0x3f3;0x3fd,0,610
2026-06-02T14:51:07.772,1461,4,0x3fc;0x3f2;0x3f3;0x3fd,0,319
2026-06-02T14:51:07.772,1462,4,0x3fc;0x3f2;0x3f3;0x3fd,0,760
2026-06-02T14:51:07.975,1463,4,0x3fc;0x3f2;0x3f3;0x3fd,0,916
2026-06-02T14:51:07.975,1464,4,0x3fc;0x3f2;0x3f3;0x3fd,0,1224
2026-06-02T14:51:07.975,1465,4,0x3fc;0x3f2;0x3f3;0x3fd,0,477
2026-06-02T14:51:08.177,1466,4,0x3fc;0x3f2;0x3f3;0x3fd,0,779
2026-06-02T14:51:08.177,1467,4,0x3fc;0x3f2;0x3f3;0x3fd,0,981
2026-06-02T14:51:08.379,1468,4,0x3fc;0x3f2;0x3f3;0x3fd,0,616
2026-06-02T14:51:08.380,1469,4,0x3fc;0x3f2;0x3f3;0x3fd,0,976
2026-06-02T14:51:08.582,1470,4,0x3fc;0x3f2;0x3f3;0x3fd,0,363
2026-06-02T14:51:08.582,1471,4,0x3fc;0x3f2;0x3f3;0x3fd,0,392
2026-06-02T14:51:08.784,1472,5,0x3fc;0x3f2;0x3f3;0x3fd;0x410,1,550
2026-06-02T14:51:08.784,1473,4,0x3fc;0x3f2;0x3f3;0x3fd,0,806
2026-06-02T14:51:08.784,1474,4,0x3fc;0x3f2;0x3f3;0x3fd,0,824
2026-06-02T14:51:08.987,1475,4,0x3fc;0x3f2;0x3f3;0x3fd,0,548
2026-06-02T14:51:08.987,1476,4,0x3fc;0x3f2;0x3f3;0x3fd,0,810
2026-06-02T14:51:09.190,1477,4,0x3fc;0x3f2;0x3f3;0x3fd,0,687
2026-06-02T14:51:09.190,1478,4,0x3fc;0x3f2;0x3f3;0x3fd,0,523
2026-06-02T14:51:09.405,1479,4,0x3fc;0x3f2;0x3f3;0x3fd,0,785
2026-06-02T14:51:09.405,1480,4,0x3fc;0x3f2;0x3f3;0x3fd,0,596
2026-06-02T14:51:09.405,1481,4,0x3fc;0x3f2;0x3f3;0x3fd,0,328
2026-06-02T14:51:09.609,1482,4,0x3fc;0x3f2;0x3f3;0x3fd,0,226
2026-06-02T14:51:09.609,1483,4,0x3fc;0x3f2;0x3f3;0x3fd,0,561
2026-06-02T14:51:09.814,1484,4,0x3fc;0x3f2;0x3f3;0x3fd,0,724
2026-06-02T14:51:09.814,1485,4,0x3fc;0x3f2;0x3f3;0x3fd,0,723
2026-06-02T14:51:10.018,1486,4,0x3fc;0x3f2;0x3f3;0x3fd,0,337
2026-06-02T14:51:10.018,1487,4,0x3fc;0x3f2;0x3f3;0x3fd,0,489
2026-06-02T14:51:10.219,1488,5,0x3fc;0x3f2;0x3f3;0x3fd;0x410,1,658
2026-06-02T14:51:10.219,1489,4,0x3fc;0x3f2;0x3f3;0x3fd,0,738
2026-06-02T14:51:10.219,1490,4,0x3fc;0x3f2;0x3f3;0x3fd,0,518
2026-06-02T14:51:10.420,1491,4,0x3fc;0x3f2;0x3f3;0x3fd,0,575
2026-06-02T14:51:10.420,1492,4,0x3fc;0x3f2;0x3f3;0x3fd,0,402
2026-06-02T14:51:10.624,1493,4,0x3fc;0x3f2;0x3f3;0x3fd,0,251
2026-06-02T14:51:10.624,1494,4,0x3fc;0x3f2;0x3f3;0x3fd,0,675
2026-06-02T14:51:10.828,1495,4,0x3fc;0x3f2;0x3f3;0x3fd,0,730
2026-06-02T14:51:10.828,1496,4,0x3fc;0x3f2;0x3f3;0x3fd,0,530
2026-06-02T14:51:11.030,1497,4,0x3fc;0x3f2;0x3f3;0x3fd,0,441
2026-06-02T14:51:11.030,1498,4,0x3fc;0x3f2;0x3f3;0x3fd,0,425
2026-06-02T14:51:11.030,1499,4,0x3fc;0x3f2;0x3f3;0x3fd,0,352
2026-06-02T14:51:11.232,1500,4,0x3fc;0x3f2;0x3f3;0x3fd,0,263
2026-06-02T14:51:11.233,1501,4,0x3fc;0x3f2;0x3f3;0x3fd,0,245
2026-06-02T14:51:11.434,1502,4,0x3fc;0x3f2;0x3f3;0x3fd,0,252
2026-06-02T14:51:11.434,1503,4,0x3fc;0x3f2;0x3f3;0x3fd,0,277
2026-06-02T14:51:11.637,1504,5,0x3fc;0x3f2;0x3f3;0x3fd;0x410,1,424
2026-06-02T14:51:11.637,1505,4,0x3fc;0x3f2;0x3f3;0x3fd,0,264
2026-06-02T14:51:11.838,1506,4,0x3fc;0x3f2;0x3f3;0x3fd,0,446
2026-06-02T14:51:11.838,1507,4,0x3fc;0x3f2;0x3f3;0x3fd,0,333
2026-06-02T14:51:11.838,1508,4,0x3fc;0x3f2;0x3f3;0x3fd,0,268
2026-06-02T14:51:12.043,1509,4,0x3fc;0x3f2;0x3f3;0x3fd,0,246
2026-06-02T14:51:12.043,1510,4,0x3fc;0x3f2;0x3f3;0x3fd,0,260
2026-06-02T14:51:12.246,1511,4,0x3fc;0x3f2;0x3f3;0x3fd,0,246
2026-06-02T14:51:12.246,1512,4,0x3fc;0x3f2;0x3f3;0x3fd,0,236
2026-06-02T14:51:12.447,1513,4,0x3fc;0x3f2;0x3f3;0x3fd,0,251
2026-06-02T14:51:12.447,1514,4,0x3fc;0x3f2;0x3f3;0x3fd,0,325
2026-06-02T14:51:12.447,1515,4,0x3fc;0x3f2;0x3f3;0x3fd,0,302
2026-06-02T14:51:12.648,1516,4,0x3fc;0x3f2;0x3f3;0x3fd,0,242
2026-06-02T14:51:12.648,1517,4,0x3fc;0x3f2;0x3f3;0x3fd,0,251
2026-06-02T14:51:12.853,1518,4,0x3fc;0x3f2;0x3f3;0x3fd,0,461
2026-06-02T14:51:12.853,1519,4,0x3fc;0x3f2;0x3f3;0x3fd,0,279
2026-06-02T14:51:13.067,1520,5,0x3fc;0x3f2;0x3f3;0x3fd;0x410,1,397
2026-06-02T14:51:13.067,1521,4,0x3fc;0x3f2;0x3f3;0x3fd,0,245
2026-06-02T14:51:13.269,1522,4,0x3fc;0x3f2;0x3f3;0x3fd,0,252
2026-06-02T14:51:13.269,1523,4,0x3fc;0x3f2;0x3f3;0x3fd,0,349
2026-06-02T14:51:13.269,1524,4,0x3fc;0x3f2;0x3f3;0x3fd,0,393
2026-06-02T14:51:13.471,1525,4,0x3fc;0x3f2;0x3f3;0x3fd,0,293
2026-06-02T14:51:13.471,1526,4,0x3fc;0x3f2;0x3f3;0x3fd,0,256
2026-06-02T14:51:13.675,1527,4,0x3fc;0x3f2;0x3f3;0x3fd,0,261
2026-06-02T14:51:13.675,1528,4,0x3fc;0x3f2;0x3f3;0x3fd,0,262
2026-06-02T14:51:13.876,1529,4,0x3fc;0x3f2;0x3f3;0x3fd,0,246
2026-06-02T14:51:13.876,1530,4,0x3fc;0x3f2;0x3f3;0x3fd,0,252
2026-06-02T14:51:14.079,1531,4,0x3fc;0x3f2;0x3f3;0x3fd,0,445
2026-06-02T14:51:14.079,1532,4,0x3fc;0x3f2;0x3f3;0x3fd,0,725
2026-06-02T14:51:14.281,1533,4,0x3fc;0x3f2;0x3f3;0x3fd,0,1085
2026-06-02T14:51:14.281,1534,4,0x3fc;0x3f2;0x3f3;0x3fd,0,1094
2026-06-02T14:51:14.281,1535,3,0x3f2;0x3f3;0x3fd,0,278
2026-06-02T14:51:14.482,1536,3,0x3f2;0x3fd;0x410,1,316
2026-06-02T14:51:14.483,1537,3,0x3fc;0x3f2;0x3fd,0,696
2026-06-02T14:51:14.688,1538,4,0x3fc;0x3f2;0x3f3;0x3fd,0,398
2026-06-02T14:51:14.688,1539,4,0x3fc;0x3f2;0x3f3;0x3fd,0,656
2026-06-02T14:51:14.888,1540,4,0x3fc;0x3f2;0x3f3;0x3fd,0,318
2026-06-02T14:51:14.888,1541,4,0x3fc;0x3f2;0x3f3;0x3fd,0,311
2026-06-02T14:51:14.888,1542,4,0x3fc;0x3f2;0x3f3;0x3fd,0,268
2026-06-02T14:51:15.091,1543,4,0x3fc;0x3f2;0x3f3;0x3fd,0,318
2026-06-02T14:51:15.091,1544,4,0x3fc;0x3f2;0x3f3;0x3fd,0,269
2026-06-02T14:51:15.296,1545,4,0x3fc;0x3f2;0x3f3;0x3fd,0,222
2026-06-02T14:51:15.296,1546,4,0x3fc;0x3f2;0x3f3;0x3fd,0,305
2026-06-02T14:51:15.497,1547,4,0x3fc;0x3f2;0x3f3;0x3fd,0,252
2026-06-02T14:51:15.497,1548,3,0x3f2;0x3f3;0x3fd,0,184
2026-06-02T14:51:15.702,1549,3,0x3fc;0x3f2;0x3fd,0,224
2026-06-02T14:51:15.703,1550,4,0x3fc;0x3f2;0x3f3;0x3fd,0,219
2026-06-02T14:51:15.703,1551,4,0x3fc;0x3f2;0x3f3;0x3fd,0,281
2026-06-02T14:51:15.903,1552,5,0x3fc;0x3f2;0x3f3;0x3fd;0x410,1,433
2026-06-02T14:51:15.903,1553,3,0x3f2;0x3f3;0x3fd,0,189
2026-06-02T14:51:16.105,1554,2,0x3f2;0x3fd,0,172
2026-06-02T14:51:16.105,1555,3,0x3fc;0x3f2;0x3fd,0,208
2026-06-02T14:51:16.307,1556,3,0x3f2;0x3f3;0x3fd,0,181
2026-06-02T14:51:16.307,1557,3,0x3fc;0x3f2;0x3fd,0,216
2026-06-02T14:51:16.510,1558,3,0x3f2;0x3f3;0x3fd,0,182
2026-06-02T14:51:16.510,1559,2,0x3f2;0x3fd,0,172
2026-06-02T14:51:16.510,1560,2,0x3f2;0x3fd,0,172
2026-06-02T14:51:16.712,1561,2,0x3f2;0x3fd,0,172
2026-06-02T14:51:16.712,1562,2,0x3f2;0x3fd,0,172
2026-06-02T14:51:16.915,1563,2,0x3f2;0x3fd,0,172
2026-06-02T14:51:16.915,1564,2,0x3f2;0x3fd,0,172
2026-06-02T14:51:17.119,1565,2,0x3f2;0x3fd,0,172
2026-06-02T14:51:17.119,1566,2,0x3f2;0x3fd,0,172
2026-06-02T14:51:17.320,1567,3,0x3fc;0x3f2;0x3fd,0,208
2026-06-02T14:51:17.320,1568,5,0x3fc;0x3f2;0x3f3;0x3fd;0x410,1,361
2026-06-02T14:51:17.321,1569,4,0x3fc;0x3f2;0x3f3;0x3fd,0,257
2026-06-02T14:51:17.522,1570,3,0x3f2;0x3f3;0x3fd,0,186
2026-06-02T14:51:17.522,1571,2,0x3f2;0x3fd,0,172
2026-06-02T14:51:17.724,1572,3,0x3fc;0x3f2;0x3fd,0,488
2026-06-02T14:51:17.724,1573,4,0x3fc;0x3f2;0x3f3;0x3fd,0,300
2026-06-02T14:51:17.925,1574,3,0x3f2;0x3f3;0x3fd,0,187
2026-06-02T14:51:17.925,1575,2,0x3f2;0x3fd,0,172
2026-06-02T14:51:18.125,1576,2,0x3f2;0x3fd,0,172
2026-06-02T14:51:18.125,1577,2,0x3f2;0x3fd,0,172
2026-06-02T14:51:18.125,1578,3,0x3fc;0x3f2;0x3fd,0,296
2026-06-02T14:51:18.327,1579,4,0x3fc;0x3f2;0x3f3;0x3fd,0,228
2026-06-02T14:51:18.327,1580,3,0x3f2;0x3f3;0x3fd,0,181
2026-06-02T14:51:18.530,1581,2,0x3f2;0x3fd,0,172
2026-06-02T14:51:18.530,1582,2,0x3f2;0x3fd,0,172
2026-06-02T14:51:18.734,1583,2,0x3f2;0x3fd,0,172
2026-06-02T14:51:18.734,1584,3,0x3f2;0x3fd;0x410,1,316
2026-06-02T14:51:18.939,1585,2,0x3f2;0x3fd,0,172
2026-06-02T14:51:18.939,1586,2,0x3f2;0x3fd,0,172
2026-06-02T14:51:18.939,1587,3,0x3fc;0x3f2;0x3fd,0,208
2026-06-02T14:51:19.141,1588,3,0x3f2;0x3f3;0x3fd,0,181
2026-06-02T14:51:19.141,1589,3,0x3fc;0x3f2;0x3fd,0,240
2026-06-02T14:51:19.342,1590,3,0x3f2;0x3f3;0x3fd,0,185
2026-06-02T14:51:19.342,1591,3,0x3fc;0x3f2;0x3fd,0,208
2026-06-02T14:51:19.546,1592,3,0x3f2;0x3f3;0x3fd,0,181
2026-06-02T14:51:19.546,1593,3,0x3fc;0x3f2;0x3fd,0,224
2026-06-02T14:51:19.748,1594,3,0x3f2;0x3f3;0x3fd,0,183
2026-06-02T14:51:19.748,1595,3,0x3fc;0x3f2;0x3fd,0,224
2026-06-02T14:51:19.748,1596,3,0x3f2;0x3f3;0x3fd,0,183
2026-06-02T14:51:19.952,1597,2,0x3f2;0x3fd,0,172
2026-06-02T14:51:19.952,1598,2,0x3f2;0x3fd,0,172
2026-06-02T14:51:20.156,1599,3,0x3fc;0x3f2;0x3fd,0,224
2026-06-02T14:51:20.156,1600,5,0x3fc;0x3f2;0x3f3;0x3fd;0x410,1,379
2026-06-02T14:51:20.356,1601,4,0x3fc;0x3f2;0x3f3;0x3fd,0,219
2026-06-02T14:51:20.356,1602,4,0x3fc;0x3f2;0x3f3;0x3fd,0,225
2026-06-02T14:51:20.558,1603,4,0x3fc;0x3f2;0x3f3;0x3fd,0,218
2026-06-02T14:51:20.558,1604,3,0x3f2;0x3f3;0x3fd,0,181
2026-06-02T14:51:20.558,1605,3,0x3fc;0x3f2;0x3fd,0,304
2026-06-02T14:51:20.762,1606,3,0x3f2;0x3f3;0x3fd,0,193
2026-06-02T14:51:20.762,1607,3,0x3fc;0x3f2;0x3fd,0,208
2026-06-02T14:51:20.966,1608,3,0x3f2;0x3f3;0x3fd,0,181
2026-06-02T14:51:20.966,1609,2,0x3f2;0x3fd,0,172
2026-06-02T14:51:21.168,1610,3,0x3fc;0x3f2;0x3fd,0,472
2026-06-02T14:51:21.168,1611,3,0x3f2;0x3f3;0x3fd,0,214
2026-06-02T14:51:21.373,1612,3,0x3fc;0x3f2;0x3fd,0,304
2026-06-02T14:51:21.373,1613,3,0x3f2;0x3f3;0x3fd,0,193
2026-06-02T14:51:21.373,1614,3,0x3fc;0x3f2;0x3fd,0,216
2026-06-02T14:51:21.576,1615,3,0x3f2;0x3f3;0x3fd,0,182
2026-06-02T14:51:21.576,1616,3,0x3f2;0x3fd;0x410,1,316
2026-06-02T14:51:21.782,1617,3,0x3fc;0x3f2;0x3fd,0,216
2026-06-02T14:51:21.782,1618,3,0x3f2;0x3f3;0x3fd,0,182
2026-06-02T14:51:21.983,1619,2,0x3f2;0x3fd,0,172
2026-06-02T14:51:21.983,1620,2,0x3f2;0x3fd,0,172
2026-06-02T14:51:22.184,1621,3,0x3fc;0x3f2;0x3fd,0,208
2026-06-02T14:51:22.184,1622,4,0x3fc;0x3f2;0x3f3;0x3fd,0,289
2026-06-02T14:51:22.184,1623,4,0x3fc;0x3f2;0x3f3;0x3fd,0,370
2026-06-02T14:51:22.385,1624,3,0x3f2;0x3f3;0x3fd,0,199
2026-06-02T14:51:22.385,1625,2,0x3f2;0x3fd,0,172
2026-06-02T14:51:22.589,1626,3,0x3fc;0x3f2;0x3fd,0,216
2026-06-02T14:51:22.589,1627,4,0x3fc;0x3f2;0x3f3;0x3fd,0,266
2026-06-02T14:51:22.791,1628,3,0x3f2;0x3f3;0x3fd,0,187
2026-06-02T14:51:22.791,1629,2,0x3f2;0x3fd,0,172
2026-06-02T14:51:22.991,1630,2,0x3f2;0x3fd,0,172
2026-06-02T14:51:22.992,1631,3,0x3fc;0x3f2;0x3fd,0,208
2026-06-02T14:51:23.194,1632,5,0x3fc;0x3f2;0x3f3;0x3fd;0x410,1,361
2026-06-02T14:51:23.194,1633,4,0x3fc;0x3f2;0x3f3;0x3fd,0,257
2026-06-02T14:51:23.195,1634,3,0x3f2;0x3f3;0x3fd,0,186
2026-06-02T14:51:23.411,1635,3,0x3fc;0x3f2;0x3fd,0,208
2026-06-02T14:51:23.411,1636,4,0x3fc;0x3f2;0x3f3;0x3fd,0,217
2026-06-02T14:51:23.626,1637,4,0x3fc;0x3f2;0x3f3;0x3fd,0,233
2026-06-02T14:51:23.626,1638,4,0x3fc;0x3f2;0x3f3;0x3fd,0,235
2026-06-02T14:51:23.626,1639,4,0x3fc;0x3f2;0x3f3;0x3fd,0,227
2026-06-02T14:51:23.829,1640,4,0x3fc;0x3f2;0x3f3;0x3fd,0,218
2026-06-02T14:51:23.829,1641,4,0x3fc;0x3f2;0x3f3;0x3fd,0,225
2026-06-02T14:51:24.032,1642,3,0x3f2;0x3f3;0x3fd,0,182
2026-06-02T14:51:24.032,1643,3,0x3fc;0x3f2;0x3fd,0,216
2026-06-02T14:51:24.233,1644,4,0x3fc;0x3f2;0x3f3;0x3fd,0,226
2026-06-02T14:51:24.233,1645,4,0x3fc;0x3f2;0x3f3;0x3fd,0,250
2026-06-02T14:51:24.448,1646,4,0x3fc;0x3f2;0x3f3;0x3fd,0,237
2026-06-02T14:51:24.448,1647,4,0x3fc;0x3f2;0x3f3;0x3fd,0,331
2026-06-02T14:51:24.649,1648,5,0x3fc;0x3f2;0x3f3;0x3fd;0x410,1,487
2026-06-02T14:51:24.650,1649,4,0x3fc;0x3f2;0x3f3;0x3fd,0,247
2026-06-02T14:51:24.650,1650,3,0x3f2;0x3f3;0x3fd,0,183
2026-06-02T14:51:24.853,1651,2,0x3f2;0x3fd,0,172
2026-06-02T14:51:24.853,1652,2,0x3f2;0x3fd,0,172
2026-06-02T14:51:25.057,1653,2,0x3f2;0x3fd,0,172
2026-06-02T14:51:25.057,1654,3,0x3fc;0x3f2;0x3fd,0,208
2026-06-02T14:51:25.057,1655,3,0x3f2;0x3f3;0x3fd,0,181
2026-06-02T14:51:25.260,1656,2,0x3f2;0x3fd,0,172
2026-06-02T14:51:25.260,1657,3,0x3fc;0x3f2;0x3fd,0,344
2026-06-02T14:51:25.463,1658,4,0x3fc;0x3f2;0x3f3;0x3fd,0,266
2026-06-02T14:51:25.463,1659,4,0x3fc;0x3f2;0x3f3;0x3fd,0,229
2026-06-02T14:51:25.666,1660,4,0x3fc;0x3f2;0x3f3;0x3fd,0,218
2026-06-02T14:51:25.666,1661,3,0x3f2;0x3f3;0x3fd,0,181
2026-06-02T14:51:25.867,1662,2,0x3f2;0x3fd,0,172
2026-06-02T14:51:25.867,1663,3,0x3fc;0x3f2;0x3fd,0,472
2026-06-02T14:51:26.069,1664,5,0x3fc;0x3f2;0x3f3;0x3fd;0x410,1,658
2026-06-02T14:51:26.069,1665,3,0x3f2;0x3f3;0x3fd,0,214
2026-06-02T14:51:26.069,1666,3,0x3fc;0x3f2;0x3fd,0,264
2026-06-02T14:51:26.272,1667,3,0x3f2;0x3f3;0x3fd,0,188
2026-06-02T14:51:26.272,1668,3,0x3fc;0x3f2;0x3fd,0,240
2026-06-02T14:51:26.477,1669,4,0x3fc;0x3f2;0x3f3;0x3fd,0,237
2026-06-02T14:51:26.477,1670,3,0x3f2;0x3f3;0x3fd,0,183
2026-06-02T14:51:26.680,1671,2,0x3f2;0x3fd,0,172
2026-06-02T14:51:26.680,1672,2,0x3f2;0x3fd,0,172
2026-06-02T14:51:26.680,1673,2,0x3f2;0x3fd,0,172
2026-06-02T14:51:26.883,1674,3,0x3fc;0x3f2;0x3fd,0,216
2026-06-02T14:51:26.883,1675,4,0x3fc;0x3f2;0x3f3;0x3fd,0,218
2026-06-02T14:51:27.088,1676,3,0x3f2;0x3f3;0x3fd,0,181
2026-06-02T14:51:27.088,1677,2,0x3f2;0x3fd,0,172
2026-06-02T14:51:27.291,1678,3,0x3fc;0x3f2;0x3fd,0,208
2026-06-02T14:51:27.291,1679,4,0x3fc;0x3f2;0x3f3;0x3fd,0,225
2026-06-02T14:51:27.494,1680,5,0x3fc;0x3f2;0x3f3;0x3fd;0x410,1,370
2026-06-02T14:51:27.494,1681,3,0x3f2;0x3f3;0x3fd,0,182
2026-06-02T14:51:27.494,1682,2,0x3f2;0x3fd,0,172
2026-06-02T14:51:27.696,1683,2,0x3f2;0x3fd,0,172
2026-06-02T14:51:27.696,1684,3,0x3fc;0x3f2;0x3fd,0,216
2026-06-02T14:51:27.900,1685,4,0x3fc;0x3f2;0x3f3;0x3fd,0,274
2026-06-02T14:51:27.900,1686,3,0x3f2;0x3f3;0x3fd,0,188
2026-06-02T14:51:28.102,1687,2,0x3f2;0x3fd,0,172
2026-06-02T14:51:28.102,1688,2,0x3f2;0x3fd,0,172
2026-06-02T14:51:28.304,1689,3,0x3fc;0x3f2;0x3fd,0,216
2026-06-02T14:51:28.304,1690,4,0x3fc;0x3f2;0x3f3;0x3fd,0,226
2026-06-02T14:51:28.304,1691,4,0x3fc;0x3f2;0x3f3;0x3fd,0,242
2026-06-02T14:51:28.505,1692,4,0x3fc;0x3f2;0x3f3;0x3fd,0,228
2026-06-02T14:51:28.505,1693,3,0x3f2;0x3f3;0x3fd,0,182
2026-06-02T14:51:28.709,1694,3,0x3fc;0x3f2;0x3fd,0,208
2026-06-02T14:51:28.709,1695,3,0x3f2;0x3f3;0x3fd,0,181
2026-06-02T14:51:28.914,1696,3,0x3f2;0x3fd;0x410,1,316
2026-06-02T14:51:28.914,1697,3,0x3fc;0x3f2;0x3fd,0,224
2026-06-02T14:51:29.118,1698,4,0x3fc;0x3f2;0x3f3;0x3fd,0,395
2026-06-02T14:51:29.118,1699,4,0x3fc;0x3f2;0x3f3;0x3fd,0,383
2026-06-02T14:51:29.118,1700,4,0x3fc;0x3f2;0x3f3;0x3fd,0,267
2026-06-02T14:51:29.320,1701,3,0x3f2;0x3f3;0x3fd,0,185
2026-06-02T14:51:29.320,1702,3,0x3fc;0x3f2;0x3fd,0,208
2026-06-02T14:51:29.523,1703,3,0x3f2;0x3f3;0x3fd,0,181
2026-06-02T14:51:29.523,1704,3,0x3fc;0x3f2;0x3fd,0,216
2026-06-02T14:51:29.724,1705,3,0x3f2;0x3f3;0x3fd,0,182
2026-06-02T14:51:29.724,1706,3,0x3fc;0x3f2;0x3fd,0,208
2026-06-02T14:51:29.931,1707,4,0x3fc;0x3f2;0x3f3;0x3fd,0,369
2026-06-02T14:51:29.931,1708,4,0x3fc;0x3f2;0x3f3;0x3fd,0,244
2026-06-02T14:51:29.931,1709,4,0x3fc;0x3f2;0x3f3;0x3fd,0,226
2026-06-02T14:51:30.132,1710,4,0x3fc;0x3f2;0x3f3;0x3fd,0,226
2026-06-02T14:51:30.132,1711,3,0x3f2;0x3f3;0x3fd,0,182
2026-06-02T14:51:30.334,1712,3,0x3f2;0x3fd;0x410,1,316
2026-06-02T14:51:30.334,1713,3,0x3fc;0x3f2;0x3fd,0,216
2026-06-02T14:51:30.538,1714,4,0x3fc;0x3f2;0x3f3;0x3fd,0,226
2026-06-02T14:51:30.538,1715,4,0x3fc;0x3f2;0x3f3;0x3fd,0,258
2026-06-02T14:51:30.538,1716,3,0x3f2;0x3f3;0x3fd,0,186
2026-06-02T14:51:30.741,1717,2,0x3f2;0x3fd,0,172
2026-06-02T14:51:30.741,1718,3,0x3fc;0x3f2;0x3fd,0,360
2026-06-02T14:51:30.945,1719,4,0x3fc;0x3f2;0x3f3;0x3fd,0,308
2026-06-02T14:51:30.945,1720,4,0x3fc;0x3f2;0x3f3;0x3fd,0,242
2026-06-02T14:51:31.149,1721,4,0x3fc;0x3f2;0x3f3;0x3fd,0,227
2026-06-02T14:51:31.149,1722,4,0x3fc;0x3f2;0x3f3;0x3fd,0,226
2026-06-02T14:51:31.353,1723,4,0x3fc;0x3f2;0x3f3;0x3fd,0,226
2026-06-02T14:51:31.353,1724,3,0x3f2;0x3f3;0x3fd,0,182
2026-06-02T14:51:31.353,1725,2,0x3f2;0x3fd,0,172
2026-06-02T14:51:31.555,1726,2,0x3f2;0x3fd,0,172
2026-06-02T14:51:31.555,1727,2,0x3f2;0x3fd,0,172
2026-06-02T14:51:31.758,1728,3,0x3f2;0x3fd;0x410,1,316
2026-06-02T14:51:31.758,1729,3,0x3fc;0x3f2;0x3fd,0,208
2026-06-02T14:51:31.961,1730,4,0x3fc;0x3f2;0x3f3;0x3fd,0,217
2026-06-02T14:51:31.961,1731,4,0x3fc;0x3f2;0x3f3;0x3fd,0,217
2026-06-02T14:51:32.161,1732,4,0x3fc;0x3f2;0x3f3;0x3fd,0,281
2026-06-02T14:51:32.161,1733,4,0x3fc;0x3f2;0x3f3;0x3fd,0,249
2026-06-02T14:51:32.161,1734,4,0x3fc;0x3f2;0x3f3;0x3fd,0,228
2026-06-02T14:51:32.366,1735,4,0x3fc;0x3f2;0x3f3;0x3fd,0,242
2026-06-02T14:51:32.366,1736,3,0x3f2;0x3f3;0x3fd,0,184
2026-06-02T14:51:32.569,1737,2,0x3f2;0x3fd,0,172
2026-06-02T14:51:32.569,1738,3,0x3fc;0x3f2;0x3fd,0,216
2026-06-02T14:51:32.771,1739,4,0x3fc;0x3f2;0x3f3;0x3fd,0,394
2026-06-02T14:51:32.771,1740,4,0x3fc;0x3f2;0x3f3;0x3fd,0,247
2026-06-02T14:51:32.975,1741,4,0x3fc;0x3f2;0x3f3;0x3fd,0,226
2026-06-02T14:51:32.975,1742,3,0x3f2;0x3f3;0x3fd,0,182
2026-06-02T14:51:32.975,1743,3,0x3fc;0x3f2;0x3fd,0,360
2026-06-02T14:51:33.178,1744,5,0x3fc;0x3f2;0x3f3;0x3fd;0x410,1,532
2026-06-02T14:51:33.178,1745,3,0x3f2;0x3f3;0x3fd,0,200
2026-06-02T14:51:33.393,1746,2,0x3f2;0x3fd,0,172
2026-06-02T14:51:33.393,1747,3,0x3fc;0x3f2;0x3fd,0,240
2026-06-02T14:51:33.596,1748,4,0x3fc;0x3f2;0x3f3;0x3fd,0,221
2026-06-02T14:51:33.596,1749,4,0x3fc;0x3f2;0x3f3;0x3fd,0,225
2026-06-02T14:51:33.596,1750,4,0x3fc;0x3f2;0x3f3;0x3fd,0,234
2026-06-02T14:51:33.800,1751,4,0x3fc;0x3f2;0x3f3;0x3fd,0,227
2026-06-02T14:51:33.800,1752,4,0x3fc;0x3f2;0x3f3;0x3fd,0,242
2026-06-02T14:51:34.003,1753,4,0x3fc;0x3f2;0x3f3;0x3fd,0,380
2026-06-02T14:51:34.003,1754,4,0x3fc;0x3f2;0x3f3;0x3fd,0,269
2026-06-02T14:51:34.206,1755,4,0x3fc;0x3f2;0x3f3;0x3fd,0,229
2026-06-02T14:51:34.206,1756,4,0x3fc;0x3f2;0x3f3;0x3fd,0,242
2026-06-02T14:51:34.407,1757,4,0x3fc;0x3f2;0x3f3;0x3fd,0,244
2026-06-02T14:51:34.407,1758,3,0x3f2;0x3f3;0x3fd,0,184
2026-06-02T14:51:34.610,1759,3,0x3fc;0x3f2;0x3fd,0,232
2026-06-02T14:51:34.611,1760,5,0x3fc;0x3f2;0x3f3;0x3fd;0x410,1,388
2026-06-02T14:51:34.611,1761,4,0x3fc;0x3f2;0x3f3;0x3fd,0,244
2026-06-02T14:51:34.814,1762,4,0x3fc;0x3f2;0x3f3;0x3fd,0,364
2026-06-02T14:51:34.814,1763,4,0x3fc;0x3f2;0x3f3;0x3fd,0,235
2026-06-02T14:51:35.016,1764,4,0x3fc;0x3f2;0x3f3;0x3fd,0,233
2026-06-02T14:51:35.016,1765,4,0x3fc;0x3f2;0x3f3;0x3fd,0,227
2026-06-02T14:51:35.219,1766,4,0x3fc;0x3f2;0x3f3;0x3fd,0,218
2026-06-02T14:51:35.219,1767,4,0x3fc;0x3f2;0x3f3;0x3fd,0,257
2026-06-02T14:51:35.219,1768,4,0x3fc;0x3f2;0x3f3;0x3fd,0,238
2026-06-02T14:51:35.423,1769,4,0x3fc;0x3f2;0x3f3;0x3fd,0,219
2026-06-02T14:51:35.423,1770,4,0x3fc;0x3f2;0x3f3;0x3fd,0,281
2026-06-02T14:51:35.626,1771,4,0x3fc;0x3f2;0x3f3;0x3fd,0,225
2026-06-02T14:51:35.626,1772,4,0x3fc;0x3f2;0x3f3;0x3fd,0,225
2026-06-02T14:51:35.828,1773,4,0x3fc;0x3f2;0x3f3;0x3fd,0,386
2026-06-02T14:51:35.828,1774,4,0x3fc;0x3f2;0x3f3;0x3fd,0,238
2026-06-02T14:51:36.031,1775,4,0x3fc;0x3f2;0x3f3;0x3fd,0,217
2026-06-02T14:51:36.031,1776,5,0x3fc;0x3f2;0x3f3;0x3fd;0x410,1,361
2026-06-02T14:51:36.031,1777,3,0x3f2;0x3f3;0x3fd,0,181
2026-06-02T14:51:36.235,1778,3,0x3fc;0x3f2;0x3fd,0,208
2026-06-02T14:51:36.235,1779,3,0x3f2;0x3f3;0x3fd,0,181
2026-06-02T14:51:36.438,1780,3,0x3fc;0x3f2;0x3fd,0,224
2026-06-02T14:51:36.438,1781,3,0x3f2;0x3f3;0x3fd,0,183
2026-06-02T14:51:36.642,1782,3,0x3fc;0x3f2;0x3fd,0,216
2026-06-02T14:51:36.642,1783,4,0x3fc;0x3f2;0x3f3;0x3fd,0,226
2026-06-02T14:51:36.856,1784,4,0x3fc;0x3f2;0x3f3;0x3fd,0,234
2026-06-02T14:51:36.856,1785,4,0x3fc;0x3f2;0x3f3;0x3fd,0,227
2026-06-02T14:51:36.856,1786,4,0x3fc;0x3f2;0x3f3;0x3fd,0,282
2026-06-02T14:51:37.056,1787,4,0x3fc;0x3f2;0x3f3;0x3fd,0,233
2026-06-02T14:51:37.056,1788,4,0x3fc;0x3f2;0x3f3;0x3fd,0,226
2026-06-02T14:51:37.261,1789,4,0x3fc;0x3f2;0x3f3;0x3fd,0,218
2026-06-02T14:51:37.261,1790,3,0x3f2;0x3f3;0x3fd,0,181
2026-06-02T14:51:37.464,1791,3,0x3fc;0x3f2;0x3fd,0,328
2026-06-02T14:51:37.464,1792,5,0x3fc;0x3f2;0x3f3;0x3fd;0x410,1,496
2026-06-02T14:51:37.665,1793,3,0x3f2;0x3f3;0x3fd,0,196
2026-06-02T14:51:37.665,1794,2,0x3f2;0x3fd,0,172
2026-06-02T14:51:37.665,1795,3,0x3fc;0x3f2;0x3fd,0,224
2026-06-02T14:51:37.869,1796,4,0x3fc;0x3f2;0x3f3;0x3fd,0,259
2026-06-02T14:51:37.869,1797,4,0x3fc;0x3f2;0x3f3;0x3fd,0,230
2026-06-02T14:51:38.072,1798,4,0x3fc;0x3f2;0x3f3;0x3fd,0,362
2026-06-02T14:51:38.072,1799,4,0x3fc;0x3f2;0x3f3;0x3fd,0,243
2026-06-02T14:51:38.273,1800,3,0x3f2;0x3f3;0x3fd,0,182
2026-06-02T14:51:38.273,1801,2,0x3f2;0x3fd,0,172
2026-06-02T14:51:38.477,1802,3,0x3fc;0x3f2;0x3fd,0,296
2026-06-02T14:51:38.477,1803,3,0x3f2;0x3f3;0x3fd,0,192
2026-06-02T14:51:38.477,1804,3,0x3fc;0x3f2;0x3fd,0,272
2026-06-02T14:51:38.679,1805,4,0x3fc;0x3f2;0x3f3;0x3fd,0,337
2026-06-02T14:51:38.679,1806,4,0x3fc;0x3f2;0x3f3;0x3fd,0,375
2026-06-02T14:51:38.881,1807,4,0x3fc;0x3f2;0x3f3;0x3fd,0,443
2026-06-02T14:51:38.881,1808,5,0x3fc;0x3f2;0x3f3;0x3fd;0x410,1,595
2026-06-02T14:51:39.084,1809,4,0x3fc;0x3f2;0x3f3;0x3fd,0,395
2026-06-02T14:51:39.084,1810,4,0x3fc;0x3f2;0x3f3;0x3fd,0,332
2026-06-02T14:51:39.285,1811,4,0x3fc;0x3f2;0x3f3;0x3fd,0,421
2026-06-02T14:51:39.285,1812,4,0x3fc;0x3f2;0x3f3;0x3fd,0,241
2026-06-02T14:51:39.285,1813,4,0x3fc;0x3f2;0x3f3;0x3fd,0,329
2026-06-02T14:51:39.487,1814,4,0x3fc;0x3f2;0x3f3;0x3fd,0,247
2026-06-02T14:51:39.487,1815,3,0x3f2;0x3f3;0x3fd,0,183
2026-06-02T14:51:39.690,1816,2,0x3f2;0x3fd,0,172
2026-06-02T14:51:39.690,1817,2,0x3f2;0x3fd,0,172
2026-06-02T14:51:39.890,1818,3,0x3fc;0x3f2;0x3fd,0,208
2026-06-02T14:51:39.890,1819,4,0x3fc;0x3f2;0x3f3;0x3fd,0,233
2026-06-02T14:51:40.095,1820,3,0x3f2;0x3f3;0x3fd,0,183
2026-06-02T14:51:40.095,1821,2,0x3f2;0x3fd,0,172
2026-06-02T14:51:40.095,1822,3,0x3fc;0x3f2;0x3fd,0,240
2026-06-02T14:51:40.296,1823,4,0x3fc;0x3f2;0x3f3;0x3fd,0,269
2026-06-02T14:51:40.499,1824,5,0x3fc;0x3f2;0x3f3;0x3fd;0x410,1,415
2026-06-02T14:51:40.500,1825,4,0x3fc;0x3f2;0x3f3;0x3fd,0,239
2026-06-02T14:51:40.500,1826,3,0x3f2;0x3f3;0x3fd,0,183
2026-06-02T14:51:40.702,1827,2,0x3f2;0x3fd,0,172
2026-06-02T14:51:40.702,1828,3,0x3fc;0x3f2;0x3fd,0,216
2026-06-02T14:51:40.904,1829,4,0x3fc;0x3f2;0x3f3;0x3fd,0,218
2026-06-02T14:51:40.904,1830,3,0x3f2;0x3f3;0x3fd,0,181
2026-06-02T14:51:40.904,1831,2,0x3f2;0x3fd,0,172
2026-06-02T14:51:41.107,1832,2,0x3f2;0x3fd,0,172
2026-06-02T14:51:41.107,1833,3,0x3fc;0x3f2;0x3fd,0,216
2026-06-02T14:51:41.308,1834,4,0x3fc;0x3f2;0x3f3;0x3fd,0,218
2026-06-02T14:51:41.308,1835,4,0x3fc;0x3f2;0x3f3;0x3fd,0,217
2026-06-02T14:51:41.512,1836,4,0x3fc;0x3f2;0x3f3;0x3fd,0,433
2026-06-02T14:51:41.512,1837,4,0x3fc;0x3f2;0x3f3;0x3fd,0,292
2026-06-02T14:51:41.715,1838,4,0x3fc;0x3f2;0x3f3;0x3fd,0,223
2026-06-02T14:51:41.715,1839,4,0x3fc;0x3f2;0x3f3;0x3fd,0,225
2026-06-02T14:51:41.918,1840,5,0x3fc;0x3f2;0x3f3;0x3fd;0x410,1,370
2026-06-02T14:51:41.918,1841,3,0x3f2;0x3f3;0x3fd,0,182
2026-06-02T14:51:41.918,1842,2,0x3f2;0x3fd,0,172
2026-06-02T14:51:42.135,1843,2,0x3f2;0x3fd,0,172
2026-06-02T14:51:42.135,1844,3,0x3fc;0x3f2;0x3fd,0,456
2026-06-02T14:51:42.337,1845,4,0x3fc;0x3f2;0x3f3;0x3fd,0,296
2026-06-02T14:51:42.337,1846,3,0x3f2;0x3f3;0x3fd,0,187
2026-06-02T14:51:42.337,1847,3,0x3fc;0x3f2;0x3fd,0,360
2026-06-02T14:51:42.541,1848,4,0x3fc;0x3f2;0x3f3;0x3fd,0,252
2026-06-02T14:51:42.541,1849,4,0x3fc;0x3f2;0x3f3;0x3fd,0,227
2026-06-02T14:51:42.743,1850,3,0x3f2;0x3f3;0x3fd,0,182
2026-06-02T14:51:42.743,1851,3,0x3fc;0x3f2;0x3fd,0,392
2026-06-02T14:51:42.947,1852,4,0x3fc;0x3f2;0x3f3;0x3fd,0,240
2026-06-02T14:51:42.947,1853,4,0x3fc;0x3f2;0x3f3;0x3fd,0,217
2026-06-02T14:51:43.151,1854,4,0x3fc;0x3f2;0x3f3;0x3fd,0,217
2026-06-02T14:51:43.151,1855,4,0x3fc;0x3f2;0x3f3;0x3fd,0,249
2026-06-02T14:51:43.353,1856,5,0x3fc;0x3f2;0x3f3;0x3fd;0x410,1,397
2026-06-02T14:51:43.354,1857,4,0x3fc;0x3f2;0x3f3;0x3fd,0,245
2026-06-02T14:51:43.354,1858,4,0x3fc;0x3f2;0x3f3;0x3fd,0,228
2026-06-02T14:51:43.555,1859,4,0x3fc;0x3f2;0x3f3;0x3fd,0,234
2026-06-02T14:51:43.555,1860,4,0x3fc;0x3f2;0x3f3;0x3fd,0,227
2026-06-02T14:51:43.758,1861,4,0x3fc;0x3f2;0x3f3;0x3fd,0,298
2026-06-02T14:51:43.758,1862,4,0x3fc;0x3f2;0x3f3;0x3fd,0,251
2026-06-02T14:51:43.963,1863,4,0x3fc;0x3f2;0x3f3;0x3fd,0,228
2026-06-02T14:51:43.963,1864,4,0x3fc;0x3f2;0x3f3;0x3fd,0,266
2026-06-02T14:51:43.963,1865,4,0x3fc;0x3f2;0x3f3;0x3fd,0,231
2026-06-02T14:51:44.164,1866,4,0x3fc;0x3f2;0x3f3;0x3fd,0,242
2026-06-02T14:51:44.164,1867,4,0x3fc;0x3f2;0x3f3;0x3fd,0,236
2026-06-02T14:51:44.367,1868,4,0x3fc;0x3f2;0x3f3;0x3fd,0,227
2026-06-02T14:51:44.367,1869,4,0x3fc;0x3f2;0x3f3;0x3fd,0,266
2026-06-02T14:51:44.569,1870,4,0x3fc;0x3f2;0x3f3;0x3fd,0,223
2026-06-02T14:51:44.569,1871,4,0x3fc;0x3f2;0x3f3;0x3fd,0,385
2026-06-02T14:51:44.771,1872,5,0x3fc;0x3f2;0x3f3;0x3fd;0x410,1,550
2026-06-02T14:51:44.772,1873,3,0x3f2;0x3f3;0x3fd,0,202
2026-06-02T14:51:44.772,1874,3,0x3fc;0x3f2;0x3fd,0,344
2026-06-02T14:51:44.973,1875,4,0x3fc;0x3f2;0x3f3;0x3fd,0,394
2026-06-02T14:51:44.973,1876,4,0x3fc;0x3f2;0x3f3;0x3fd,0,789
2026-06-02T14:51:45.177,1877,4,0x3fc;0x3f2;0x3f3;0x3fd,0,334
2026-06-02T14:51:45.177,1878,4,0x3fc;0x3f2;0x3f3;0x3fd,0,447
2026-06-02T14:51:45.379,1879,4,0x3fc;0x3f2;0x3f3;0x3fd,0,677
2026-06-02T14:51:45.379,1880,4,0x3fc;0x3f2;0x3f3;0x3fd,0,687
2026-06-02T14:51:45.582,1881,4,0x3fc;0x3f2;0x3f3;0x3fd,0,509
2026-06-02T14:51:45.582,1882,4,0x3fc;0x3f2;0x3f3;0x3fd,0,583
2026-06-02T14:51:45.582,1883,4,0x3fc;0x3f2;0x3f3;0x3fd,0,371
2026-06-02T14:51:45.786,1884,4,0x3fc;0x3f2;0x3f3;0x3fd,0,559
2026-06-02T14:51:45.786,1885,4,0x3fc;0x3f2;0x3f3;0x3fd,0,682
2026-06-02T14:51:45.989,1886,4,0x3fc;0x3f2;0x3f3;0x3fd,0,318
2026-06-02T14:51:45.989,1887,4,0x3fc;0x3f2;0x3f3;0x3fd,0,247
2026-06-02T14:51:46.191,1888,5,0x3fc;0x3f2;0x3f3;0x3fd;0x410,1,388
2026-06-02T14:51:46.191,1889,4,0x3fc;0x3f2;0x3f3;0x3fd,0,228
2026-06-02T14:51:46.393,1890,4,0x3fc;0x3f2;0x3f3;0x3fd,0,274
2026-06-02T14:51:46.393,1891,4,0x3fc;0x3f2;0x3f3;0x3fd,0,248
2026-06-02T14:51:46.393,1892,4,0x3fc;0x3f2;0x3f3;0x3fd,0,236
2026-06-02T14:51:46.608,1893,4,0x3fc;0x3f2;0x3f3;0x3fd,0,243
2026-06-02T14:51:46.608,1894,3,0x3f2;0x3f3;0x3fd,0,184
2026-06-02T14:51:46.811,1895,3,0x3fc;0x3f2;0x3fd,0,280
2026-06-02T14:51:46.811,1896,4,0x3fc;0x3f2;0x3f3;0x3fd,0,378
2026-06-02T14:51:47.013,1897,4,0x3fc;0x3f2;0x3f3;0x3fd,0,380
2026-06-02T14:51:47.013,1898,4,0x3fc;0x3f2;0x3f3;0x3fd,0,459
2026-06-02T14:51:47.013,1899,4,0x3fc;0x3f2;0x3f3;0x3fd,0,261
2026-06-02T14:51:47.217,1900,3,0x3f2;0x3f3;0x3fd,0,183
2026-06-02T14:51:47.217,1901,3,0x3fc;0x3f2;0x3fd,0,208
2026-06-02T14:51:47.420,1902,4,0x3fc;0x3f2;0x3f3;0x3fd,0,217
2026-06-02T14:51:47.420,1903,4,0x3fc;0x3f2;0x3f3;0x3fd,0,257
2026-06-02T14:51:47.623,1904,5,0x3fc;0x3f2;0x3f3;0x3fd;0x410,1,406
2026-06-02T14:51:47.623,1905,3,0x3f2;0x3f3;0x3fd,0,186
2026-06-02T14:51:47.838,1906,2,0x3f2;0x3fd,0,172
2026-06-02T14:51:47.838,1907,2,0x3f2;0x3fd,0,172
2026-06-02T14:51:47.838,1908,3,0x3fc;0x3f2;0x3fd,0,232
2026-06-02T14:51:48.040,1909,3,0x3f2;0x3f3;0x3fd,0,184
2026-06-02T14:51:48.040,1910,2,0x3f2;0x3fd,0,172
2026-06-02T14:51:48.243,1911,2,0x3f2;0x3fd,0,172
2026-06-02T14:51:48.243,1912,3,0x3fc;0x3f2;0x3fd,0,208
2026-06-02T14:51:48.447,1913,4,0x3fc;0x3f2;0x3f3;0x3fd,0,225
2026-06-02T14:51:48.447,1914,3,0x3f2;0x3f3;0x3fd,0,182
2026-06-02T14:51:48.447,1915,2,0x3f2;0x3fd,0,172
2026-06-02T14:51:48.648,1916,3,0x3fc;0x3f2;0x3fd,0,224
2026-06-02T14:51:48.648,1917,4,0x3fc;0x3f2;0x3f3;0x3fd,0,227
2026-06-02T14:51:48.851,1918,4,0x3fc;0x3f2;0x3f3;0x3fd,0,226
2026-06-02T14:51:48.851,1919,4,0x3fc;0x3f2;0x3f3;0x3fd,0,250
2026-06-02T14:51:49.054,1920,5,0x3fc;0x3f2;0x3f3;0x3fd;0x410,1,397
2026-06-02T14:51:49.055,1921,4,0x3fc;0x3f2;0x3f3;0x3fd,0,221
2026-06-02T14:51:49.257,1922,4,0x3fc;0x3f2;0x3f3;0x3fd,0,241
2026-06-02T14:51:49.257,1923,3,0x3f2;0x3f3;0x3fd,0,184
2026-06-02T14:51:49.257,1924,2,0x3f2;0x3fd,0,172
2026-06-02T14:51:49.461,1925,3,0x3fc;0x3f2;0x3fd,0,224
2026-06-02T14:51:49.461,1926,4,0x3fc;0x3f2;0x3f3;0x3fd,0,227
2026-06-02T14:51:49.663,1927,4,0x3fc;0x3f2;0x3f3;0x3fd,0,218
2026-06-02T14:51:49.663,1928,4,0x3fc;0x3f2;0x3f3;0x3fd,0,225
2026-06-02T14:51:49.865,1929,4,0x3fc;0x3f2;0x3f3;0x3fd,0,218
2026-06-02T14:51:49.865,1930,3,0x3f2;0x3f3;0x3fd,0,181
2026-06-02T14:51:50.066,1931,3,0x3fc;0x3f2;0x3fd,0,248
2026-06-02T14:51:50.066,1932,4,0x3fc;0x3f2;0x3f3;0x3fd,0,246
2026-06-02T14:51:50.066,1933,4,0x3fc;0x3f2;0x3f3;0x3fd,0,268
2026-06-02T14:51:50.270,1934,4,0x3fc;0x3f2;0x3f3;0x3fd,0,279
2026-06-02T14:51:50.270,1935,4,0x3fc;0x3f2;0x3f3;0x3fd,0,288
2026-06-02T14:51:50.475,1936,5,0x3fc;0x3f2;0x3f3;0x3fd;0x410,1,433
2026-06-02T14:51:50.475,1937,3,0x3f2;0x3f3;0x3fd,0,189
2026-06-02T14:51:50.677,1938,3,0x3fc;0x3f2;0x3fd,0,344
2026-06-02T14:51:50.677,1939,4,0x3fc;0x3f2;0x3f3;0x3fd,0,250
2026-06-02T14:51:50.878,1940,4,0x3fc;0x3f2;0x3f3;0x3fd,0,243
2026-06-02T14:51:50.878,1941,4,0x3fc;0x3f2;0x3f3;0x3fd,0,268
2026-06-02T14:51:50.878,1942,3,0x3f2;0x3f3;0x3fd,0,187
2026-06-02T14:51:51.081,1943,3,0x3fc;0x3f2;0x3fd,0,208
2026-06-02T14:51:51.081,1944,3,0x3f2;0x3f3;0x3fd,0,181
2026-06-02T14:51:51.286,1945,2,0x3f2;0x3fd,0,172
2026-06-02T14:51:51.286,1946,3,0x3fc;0x3f2;0x3fd,0,208
2026-06-02T14:51:51.491,1947,3,0x3f2;0x3f3;0x3fd,0,181
2026-06-02T14:51:51.491,1948,2,0x3f2;0x3fd,0,172
2026-06-02T14:51:51.695,1949,3,0x3fc;0x3f2;0x3fd,0,216
2026-06-02T14:51:51.695,1950,4,0x3fc;0x3f2;0x3f3;0x3fd,0,242
2026-06-02T14:51:51.695,1951,3,0x3f2;0x3f3;0x3fd,0,184
2026-06-02T14:51:51.898,1952,3,0x3f2;0x3fd;0x410,1,316
2026-06-02T14:51:51.898,1953,3,0x3fc;0x3f2;0x3fd,0,224
2026-06-02T14:51:52.103,1954,4,0x3fc;0x3f2;0x3f3;0x3fd,0,227
2026-06-02T14:51:52.103,1955,4,0x3fc;0x3f2;0x3f3;0x3fd,0,226
2026-06-02T14:51:52.304,1956,4,0x3fc;0x3f2;0x3f3;0x3fd,0,290
2026-06-02T14:51:52.304,1957,4,0x3fc;0x3f2;0x3f3;0x3fd,0,242
2026-06-02T14:51:52.508,1958,4,0x3fc;0x3f2;0x3f3;0x3fd,0,299
2026-06-02T14:51:52.508,1959,4,0x3fc;0x3f2;0x3f3;0x3fd,0,243
2026-06-02T14:51:52.508,1960,4,0x3fc;0x3f2;0x3f3;0x3fd,0,235
2026-06-02T14:51:52.709,1961,4,0x3fc;0x3f2;0x3f3;0x3fd,0,227
2026-06-02T14:51:52.709,1962,4,0x3fc;0x3f2;0x3f3;0x3fd,0,282
2026-06-02T14:51:52.912,1963,4,0x3fc;0x3f2;0x3f3;0x3fd,0,233
2026-06-02T14:51:52.912,1964,4,0x3fc;0x3f2;0x3f3;0x3fd,0,234
2026-06-02T14:51:53.116,1965,4,0x3fc;0x3f2;0x3f3;0x3fd,0,227
2026-06-02T14:51:53.116,1966,4,0x3fc;0x3f2;0x3f3;0x3fd,0,226
2026-06-02T14:51:53.317,1967,4,0x3fc;0x3f2;0x3f3;0x3fd,0,218
2026-06-02T14:51:53.317,1968,5,0x3fc;0x3f2;0x3f3;0x3fd;0x410,1,361
2026-06-02T14:51:53.317,1969,4,0x3fc;0x3f2;0x3f3;0x3fd,0,233
2026-06-02T14:51:53.520,1970,4,0x3fc;0x3f2;0x3f3;0x3fd,0,243
2026-06-02T14:51:53.520,1971,4,0x3fc;0x3f2;0x3f3;0x3fd,0,220
2026-06-02T14:51:53.722,1972,4,0x3fc;0x3f2;0x3f3;0x3fd,0,217
2026-06-02T14:51:53.722,1973,4,0x3fc;0x3f2;0x3f3;0x3fd,0,217
2026-06-02T14:51:53.923,1974,4,0x3fc;0x3f2;0x3f3;0x3fd,0,337
2026-06-02T14:51:53.923,1975,3,0x3f2;0x3f3;0x3fd,0,196
2026-06-02T14:51:54.126,1976,2,0x3f2;0x3fd,0,172
2026-06-02T14:51:54.126,1977,2,0x3f2;0x3fd,0,172
2026-06-02T14:51:54.126,1978,2,0x3f2;0x3fd,0,172
2026-06-02T14:51:54.329,1979,2,0x3f2;0x3fd,0,172
2026-06-02T14:51:54.329,1980,3,0x3fc;0x3f2;0x3fd,0,224
2026-06-02T14:51:54.532,1981,4,0x3fc;0x3f2;0x3f3;0x3fd,0,435
2026-06-02T14:51:54.532,1982,4,0x3fc;0x3f2;0x3f3;0x3fd,0,396
2026-06-02T14:51:54.736,1983,4,0x3fc;0x3f2;0x3f3;0x3fd,0,308
2026-06-02T14:51:54.737,1984,5,0x3fc;0x3f2;0x3f3;0x3fd;0x410,1,442
2026-06-02T14:51:54.939,1985,4,0x3fc;0x3f2;0x3f3;0x3fd,0,250
2026-06-02T14:51:54.939,1986,4,0x3fc;0x3f2;0x3f3;0x3fd,0,228
2026-06-02T14:51:54.939,1987,3,0x3f2;0x3f3;0x3fd,0,182
2026-06-02T14:51:55.141,1988,2,0x3f2;0x3fd,0,172
2026-06-02T14:51:55.142,1989,2,0x3f2;0x3fd,0,172
2026-06-02T14:51:55.356,1990,3,0x3fc;0x3f2;0x3fd,0,208
2026-06-02T14:51:55.356,1991,3,0x3f2;0x3f3;0x3fd,0,181
2026-06-02T14:51:55.559,1992,3,0x3fc;0x3f2;0x3fd,0,264
2026-06-02T14:51:55.559,1993,4,0x3fc;0x3f2;0x3f3;0x3fd,0,232
2026-06-02T14:51:55.763,1994,4,0x3fc;0x3f2;0x3f3;0x3fd,0,378
2026-06-02T14:51:55.763,1995,4,0x3fc;0x3f2;0x3f3;0x3fd,0,429
2026-06-02T14:51:55.763,1996,4,0x3fc;0x3f2;0x3f3;0x3fd,0,241
2026-06-02T14:51:55.979,1997,4,0x3fc;0x3f2;0x3f3;0x3fd,0,241
2026-06-02T14:51:55.979,1998,4,0x3fc;0x3f2;0x3f3;0x3fd,0,324
2026-06-02T14:51:56.183,1999,4,0x3fc;0x3f2;0x3f3;0x3fd,0,238
2026-06-02T14:51:56.183,2000,5,0x3fc;0x3f2;0x3f3;0x3fd;0x410,1,370
2026-06-02T14:51:56.386,2001,4,0x3fc;0x3f2;0x3f3;0x3fd,0,234
2026-06-02T14:51:56.386,2002,4,0x3fc;0x3f2;0x3f3;0x3fd,0,267
2026-06-02T14:51:56.386,2003,4,0x3fc;0x3f2;0x3f3;0x3fd,0,223
2026-06-02T14:51:56.589,2004,4,0x3fc;0x3f2;0x3f3;0x3fd,0,377
2026-06-02T14:51:56.589,2005,4,0x3fc;0x3f2;0x3f3;0x3fd,0,301
2026-06-02T14:51:56.791,2006,4,0x3fc;0x3f2;0x3f3;0x3fd,0,425
2026-06-02T14:51:56.791,2007,4,0x3fc;0x3f2;0x3f3;0x3fd,0,458
2026-06-02T14:51:56.995,2008,3,0x3f2;0x3f3;0x3fd,0,208
2026-06-02T14:51:56.995,2009,3,0x3fc;0x3f2;0x3fd,0,216
2026-06-02T14:51:56.995,2010,3,0x3f2;0x3f3;0x3fd,0,182
2026-06-02T14:51:57.197,2011,3,0x3fc;0x3f2;0x3fd,0,216
2026-06-02T14:51:57.197,2012,3,0x3f2;0x3f3;0x3fd,0,182
2026-06-02T14:51:57.400,2013,2,0x3f2;0x3fd,0,172
2026-06-02T14:51:57.400,2014,3,0x3fc;0x3f2;0x3fd,0,216
2026-06-02T14:51:57.603,2015,4,0x3fc;0x3f2;0x3f3;0x3fd,0,306
2026-06-02T14:51:57.603,2016,5,0x3fc;0x3f2;0x3f3;0x3fd;0x410,1,460
2026-06-02T14:51:57.819,2017,3,0x3f2;0x3f3;0x3fd,0,192
2026-06-02T14:51:57.819,2018,2,0x3f2;0x3fd,0,172
2026-06-02T14:51:57.819,2019,3,0x3fc;0x3f2;0x3fd,0,224
2026-06-02T14:51:58.024,2020,4,0x3fc;0x3f2;0x3f3;0x3fd,0,227
2026-06-02T14:51:58.024,2021,3,0x3f2;0x3f3;0x3fd,0,182
2026-06-02T14:51:58.227,2022,2,0x3f2;0x3fd,0,172
2026-06-02T14:51:58.227,2023,3,0x3fc;0x3f2;0x3fd,0,240
2026-06-02T14:51:58.429,2024,4,0x3fc;0x3f2;0x3f3;0x3fd,0,405
2026-06-02T14:51:58.429,2025,4,0x3fc;0x3f2;0x3f3;0x3fd,0,272
2026-06-02T14:51:58.634,2026,4,0x3fc;0x3f2;0x3f3;0x3fd,0,405
2026-06-02T14:51:58.634,2027,4,0x3fc;0x3f2;0x3f3;0x3fd,0,248
2026-06-02T14:51:58.634,2028,4,0x3fc;0x3f2;0x3f3;0x3fd,0,218
2026-06-02T14:51:58.835,2029,4,0x3fc;0x3f2;0x3f3;0x3fd,0,217
2026-06-02T14:51:58.835,2030,4,0x3fc;0x3f2;0x3f3;0x3fd,0,225
2026-06-02T14:51:59.039,2031,4,0x3fc;0x3f2;0x3f3;0x3fd,0,234
2026-06-02T14:51:59.039,2032,5,0x3fc;0x3f2;0x3f3;0x3fd;0x410,1,379
2026-06-02T14:51:59.242,2033,4,0x3fc;0x3f2;0x3f3;0x3fd,0,219
2026-06-02T14:51:59.242,2034,4,0x3fc;0x3f2;0x3f3;0x3fd,0,217
2026-06-02T14:51:59.445,2035,4,0x3fc;0x3f2;0x3f3;0x3fd,0,417
2026-06-02T14:51:59.445,2036,4,0x3fc;0x3f2;0x3f3;0x3fd,0,402
2026-06-02T14:51:59.445,2037,4,0x3fc;0x3f2;0x3f3;0x3fd,0,381
2026-06-02T14:51:59.648,2038,4,0x3fc;0x3f2;0x3f3;0x3fd,0,251
2026-06-02T14:51:59.648,2039,3,0x3f2;0x3f3;0x3fd,0,183
2026-06-02T14:51:59.852,2040,3,0x3fc;0x3f2;0x3fd,0,496
2026-06-02T14:51:59.852,2041,4,0x3fc;0x3f2;0x3f3;0x3fd,0,445
2026-06-02T14:52:00.053,2042,4,0x3fc;0x3f2;0x3f3;0x3fd,0,241
2026-06-02T14:52:00.053,2043,3,0x3f2;0x3f3;0x3fd,0,181
2026-06-02T14:52:00.256,2044,2,0x3f2;0x3fd,0,172
2026-06-02T14:52:00.256,2045,3,0x3fc;0x3f2;0x3fd,0,256
2026-06-02T14:52:00.256,2046,4,0x3fc;0x3f2;0x3f3;0x3fd,0,231
2026-06-02T14:52:00.460,2047,4,0x3fc;0x3f2;0x3f3;0x3fd,0,234
2026-06-02T14:52:00.460,2048,5,0x3fc;0x3f2;0x3f3;0x3fd;0x410,1,379
2026-06-02T14:52:00.662,2049,3,0x3f2;0x3f3;0x3fd,0,183
2026-06-02T14:52:00.662,2050,2,0x3f2;0x3fd,0,172
2026-06-02T14:52:00.863,2051,3,0x3fc;0x3f2;0x3fd,0,216
2026-06-02T14:52:00.863,2052,4,0x3fc;0x3f2;0x3f3;0x3fd,0,226
2026-06-02T14:52:01.066,2053,3,0x3f2;0x3f3;0x3fd,0,182
2026-06-02T14:52:01.066,2054,3,0x3fc;0x3f2;0x3fd,0,216
2026-06-02T14:52:01.066,2055,3,0x3f2;0x3f3;0x3fd,0,182
2026-06-02T14:52:01.269,2056,2,0x3f2;0x3fd,0,172
2026-06-02T14:52:01.269,2057,3,0x3fc;0x3f2;0x3fd,0,312
2026-06-02T14:52:01.472,2058,3,0x3f2;0x3f3;0x3fd,0,194
2026-06-02T14:52:01.472,2059,3,0x3fc;0x3f2;0x3fd,0,224
2026-06-02T14:52:01.676,2060,4,0x3fc;0x3f2;0x3f3;0x3fd,0,227
2026-06-02T14:52:01.676,2061,4,0x3fc;0x3f2;0x3f3;0x3fd,0,226
2026-06-02T14:52:01.676,2062,4,0x3fc;0x3f2;0x3f3;0x3fd,0,234
2026-06-02T14:52:01.879,2063,4,0x3fc;0x3f2;0x3f3;0x3fd,0,227
2026-06-02T14:52:02.083,2064,5,0x3fc;0x3f2;0x3f3;0x3fd;0x410,1,370
2026-06-02T14:52:02.083,2065,4,0x3fc;0x3f2;0x3f3;0x3fd,0,218
2026-06-02T14:52:02.083,2066,4,0x3fc;0x3f2;0x3f3;0x3fd,0,297
2026-06-02T14:52:02.286,2067,3,0x3f2;0x3f3;0x3fd,0,191
2026-06-02T14:52:02.286,2068,2,0x3f2;0x3fd,0,172
2026-06-02T14:52:02.490,2069,3,0x3fc;0x3f2;0x3fd,0,240
2026-06-02T14:52:02.490,2070,4,0x3fc;0x3f2;0x3f3;0x3fd,0,221
2026-06-02T14:52:02.490,2071,4,0x3fc;0x3f2;0x3f3;0x3fd,0,257
2026-06-02T14:52:02.692,2072,4,0x3fc;0x3f2;0x3f3;0x3fd,0,222
2026-06-02T14:52:02.692,2073,4,0x3fc;0x3f2;0x3f3;0x3fd,0,273
2026-06-02T14:52:02.897,2074,4,0x3fc;0x3f2;0x3f3;0x3fd,0,288
2026-06-02T14:52:02.897,2075,4,0x3fc;0x3f2;0x3f3;0x3fd,0,337
2026-06-02T14:52:03.100,2076,4,0x3fc;0x3f2;0x3f3;0x3fd,0,503
2026-06-02T14:52:03.100,2077,4,0x3fc;0x3f2;0x3f3;0x3fd,0,499
2026-06-02T14:52:03.305,2078,4,0x3fc;0x3f2;0x3f3;0x3fd,0,632
2026-06-02T14:52:03.305,2079,4,0x3fc;0x3f2;0x3f3;0x3fd,0,377
2026-06-02T14:52:03.509,2080,5,0x3fc;0x3f2;0x3f3;0x3fd;0x410,1,487
2026-06-02T14:52:03.509,2081,4,0x3fc;0x3f2;0x3f3;0x3fd,0,455
2026-06-02T14:52:03.509,2082,4,0x3fc;0x3f2;0x3f3;0x3fd,0,301
2026-06-02T14:52:03.714,2083,4,0x3fc;0x3f2;0x3f3;0x3fd,0,368
2026-06-02T14:52:03.714,2084,4,0x3fc;0x3f2;0x3f3;0x3fd,0,267
2026-06-02T14:52:03.918,2085,4,0x3fc;0x3f2;0x3f3;0x3fd,0,429
2026-06-02T14:52:03.918,2086,4,0x3fc;0x3f2;0x3f3;0x3fd,0,275
2026-06-02T14:52:04.120,2087,4,0x3fc;0x3f2;0x3f3;0x3fd,0,229
2026-06-02T14:52:04.120,2088,4,0x3fc;0x3f2;0x3f3;0x3fd,0,242
2026-06-02T14:52:04.120,2089,3,0x3f2;0x3f3;0x3fd,0,184
2026-06-02T14:52:04.322,2090,2,0x3f2;0x3fd,0,172
2026-06-02T14:52:04.322,2091,3,0x3fc;0x3f2;0x3fd,0,288
2026-06-02T14:52:04.525,2092,4,0x3fc;0x3f2;0x3f3;0x3fd,0,499
2026-06-02T14:52:04.525,2093,4,0x3fc;0x3f2;0x3f3;0x3fd,0,315
2026-06-02T14:52:04.727,2094,4,0x3fc;0x3f2;0x3f3;0x3fd,0,489
2026-06-02T14:52:04.727,2095,4,0x3fc;0x3f2;0x3f3;0x3fd,0,378
2026-06-02T14:52:04.931,2096,5,0x3fc;0x3f2;0x3f3;0x3fd;0x410,1,505
2026-06-02T14:52:04.931,2097,4,0x3fc;0x3f2;0x3f3;0x3fd,0,241
2026-06-02T14:52:04.931,2098,4,0x3fc;0x3f2;0x3f3;0x3fd,0,250
2026-06-02T14:52:05.136,2099,4,0x3fc;0x3f2;0x3f3;0x3fd,0,333
2026-06-02T14:52:05.136,2100,4,0x3fc;0x3f2;0x3f3;0x3fd,0,399
2026-06-02T14:52:05.338,2101,4,0x3fc;0x3f2;0x3f3;0x3fd,0,262
2026-06-02T14:52:05.338,2102,4,0x3fc;0x3f2;0x3f3;0x3fd,0,316
2026-06-02T14:52:05.541,2103,4,0x3fc;0x3f2;0x3f3;0x3fd,0,253
2026-06-02T14:52:05.541,2104,4,0x3fc;0x3f2;0x3f3;0x3fd,0,452
2026-06-02T14:52:05.744,2105,4,0x3fc;0x3f2;0x3f3;0x3fd,0,350
2026-06-02T14:52:05.744,2106,4,0x3fc;0x3f2;0x3f3;0x3fd,0,302
2026-06-02T14:52:05.744,2107,4,0x3fc;0x3f2;0x3f3;0x3fd,0,258
2026-06-02T14:52:05.947,2108,4,0x3fc;0x3f2;0x3f3;0x3fd,0,317
2026-06-02T14:52:05.947,2109,4,0x3fc;0x3f2;0x3f3;0x3fd,0,237
2026-06-02T14:52:06.149,2110,4,0x3fc;0x3f2;0x3f3;0x3fd,0,258
2026-06-02T14:52:06.149,2111,4,0x3fc;0x3f2;0x3f3;0x3fd,0,310
2026-06-02T14:52:06.353,2112,5,0x3fc;0x3f2;0x3f3;0x3fd;0x410,1,460
2026-06-02T14:52:06.353,2113,4,0x3fc;0x3f2;0x3f3;0x3fd,0,308
2026-06-02T14:52:06.555,2114,4,0x3fc;0x3f2;0x3f3;0x3fd,0,347
2026-06-02T14:52:06.555,2115,4,0x3fc;0x3f2;0x3f3;0x3fd,0,232
2026-06-02T14:52:06.555,2116,4,0x3fc;0x3f2;0x3f3;0x3fd,0,241
2026-06-02T14:52:06.759,2117,4,0x3fc;0x3f2;0x3f3;0x3fd,0,396
2026-06-02T14:52:06.759,2118,4,0x3fc;0x3f2;0x3f3;0x3fd,0,311
2026-06-02T14:52:06.962,2119,4,0x3fc;0x3f2;0x3f3;0x3fd,0,642
2026-06-02T14:52:06.962,2120,4,0x3fc;0x3f2;0x3f3;0x3fd,0,749
2026-06-02T14:52:07.165,2121,4,0x3fc;0x3f2;0x3f3;0x3fd,0,373
2026-06-02T14:52:07.165,2122,4,0x3fc;0x3f2;0x3f3;0x3fd,0,245
2026-06-02T14:52:07.367,2123,4,0x3fc;0x3f2;0x3f3;0x3fd,0,931
2026-06-02T14:52:07.367,2124,4,0x3fc;0x3f2;0x3f3;0x3fd,0,522
2026-06-02T14:52:07.367,2125,4,0x3fc;0x3f2;0x3f3;0x3fd,0,564
2026-06-02T14:52:07.570,2126,4,0x3fc;0x3f2;0x3f3;0x3fd,0,481
2026-06-02T14:52:07.570,2127,4,0x3fc;0x3f2;0x3f3;0x3fd,0,701
2026-06-02T14:52:07.772,2128,5,0x3fc;0x3f2;0x3f3;0x3fd;0x410,1,874
2026-06-02T14:52:07.772,2129,4,0x3fc;0x3f2;0x3f3;0x3fd,0,418
2026-06-02T14:52:07.973,2130,4,0x3fc;0x3f2;0x3f3;0x3fd,0,307
2026-06-02T14:52:07.973,2131,4,0x3fc;0x3f2;0x3f3;0x3fd,0,498
2026-06-02T14:52:08.177,2132,4,0x3fc;0x3f2;0x3f3;0x3fd,0,499
2026-06-02T14:52:08.177,2133,4,0x3fc;0x3f2;0x3f3;0x3fd,0,368
2026-06-02T14:52:08.177,2134,4,0x3fc;0x3f2;0x3f3;0x3fd,0,456
2026-06-02T14:52:08.380,2135,4,0x3fc;0x3f2;0x3f3;0x3fd,0,557
2026-06-02T14:52:08.380,2136,4,0x3fc;0x3f2;0x3f3;0x3fd,0,384
2026-06-02T14:52:08.582,2137,4,0x3fc;0x3f2;0x3f3;0x3fd,0,321
2026-06-02T14:52:08.582,2138,4,0x3fc;0x3f2;0x3f3;0x3fd,0,348
2026-06-02T14:52:08.783,2139,4,0x3fc;0x3f2;0x3f3;0x3fd,0,232
2026-06-02T14:52:08.783,2140,4,0x3fc;0x3f2;0x3f3;0x3fd,0,633
2026-06-02T14:52:08.986,2141,4,0x3fc;0x3f2;0x3f3;0x3fd,0,309
2026-06-02T14:52:08.986,2142,4,0x3fc;0x3f2;0x3f3;0x3fd,0,230
2026-06-02T14:52:08.986,2143,4,0x3fc;0x3f2;0x3f3;0x3fd,0,234
2026-06-02T14:52:09.190,2144,5,0x3fc;0x3f2;0x3f3;0x3fd;0x410,1,379
2026-06-02T14:52:09.190,2145,4,0x3fc;0x3f2;0x3f3;0x3fd,0,547
2026-06-02T14:52:09.393,2146,4,0x3fc;0x3f2;0x3f3;0x3fd,0,322
2026-06-02T14:52:09.393,2147,4,0x3fc;0x3f2;0x3f3;0x3fd,0,481
2026-06-02T14:52:09.595,2148,4,0x3fc;0x3f2;0x3f3;0x3fd,0,265
2026-06-02T14:52:09.595,2149,4,0x3fc;0x3f2;0x3f3;0x3fd,0,315
2026-06-02T14:52:09.797,2150,4,0x3fc;0x3f2;0x3f3;0x3fd,0,373
2026-06-02T14:52:09.797,2151,4,0x3fc;0x3f2;0x3f3;0x3fd,0,347
2026-06-02T14:52:09.797,2152,4,0x3fc;0x3f2;0x3f3;0x3fd,0,255
2026-06-02T14:52:09.998,2153,4,0x3fc;0x3f2;0x3f3;0x3fd,0,220
2026-06-02T14:52:09.998,2154,4,0x3fc;0x3f2;0x3f3;0x3fd,0,361
2026-06-02T14:52:10.201,2155,4,0x3fc;0x3f2;0x3f3;0x3fd,0,267
2026-06-02T14:52:10.201,2156,4,0x3fc;0x3f2;0x3f3;0x3fd,0,229
2026-06-02T14:52:10.404,2157,4,0x3fc;0x3f2;0x3f3;0x3fd,0,434
2026-06-02T14:52:10.404,2158,4,0x3fc;0x3f2;0x3f3;0x3fd,0,404
2026-06-02T14:52:10.605,2159,4,0x3fc;0x3f2;0x3f3;0x3fd,0,285
2026-06-02T14:52:10.605,2160,5,0x3fc;0x3f2;0x3f3;0x3fd;0x410,1,415
2026-06-02T14:52:10.605,2161,4,0x3fc;0x3f2;0x3f3;0x3fd,0,263
2026-06-02T14:52:10.807,2162,4,0x3fc;0x3f2;0x3f3;0x3fd,0,462
2026-06-02T14:52:10.807,2163,4,0x3fc;0x3f2;0x3f3;0x3fd,0,655
2026-06-02T14:52:11.010,2164,4,0x3fc;0x3f2;0x3f3;0x3fd,0,1028
2026-06-02T14:52:11.010,2165,4,0x3fc;0x3f2;0x3f3;0x3fd,0,352
2026-06-02T14:52:11.214,2166,4,0x3fc;0x3f2;0x3f3;0x3fd,0,734
2026-06-02T14:52:11.214,2167,4,0x3fc;0x3f2;0x3f3;0x3fd,0,809
2026-06-02T14:52:11.418,2168,4,0x3fc;0x3f2;0x3f3;0x3fd,0,875
2026-06-02T14:52:11.418,2169,4,0x3fc;0x3f2;0x3f3;0x3fd,0,843
2026-06-02T14:52:11.418,2170,4,0x3fc;0x3f2;0x3f3;0x3fd,0,614
2026-06-02T14:52:11.620,2171,4,0x3fc;0x3f2;0x3f3;0x3fd,0,746
2026-06-02T14:52:11.620,2172,4,0x3fc;0x3f2;0x3f3;0x3fd,0,1102
2026-06-02T14:52:11.823,2173,4,0x3fc;0x3f2;0x3f3;0x3fd,0,1320
2026-06-02T14:52:11.823,2174,4,0x3fc;0x3f2;0x3f3;0x3fd,0,1126
2026-06-02T14:52:12.026,2175,4,0x3fc;0x3f2;0x3f3;0x3fd,0,467
2026-06-02T14:52:12.026,2176,5,0x3fc;0x3f2;0x3f3;0x3fd;0x410,1,532
2026-06-02T14:52:12.222,2177,4,0x3fc;0x3f2;0x3f3;0x3fd,0,1420
2026-06-02T14:52:12.223,2178,4,0x3fc;0x3f2;0x3f3;0x3fd,0,1549
2026-06-02T14:52:12.432,2179,4,0x3fc;0x3f2;0x3f3;0x3fd,0,1549
2026-06-02T14:52:12.432,2180,4,0x3fc;0x3f2;0x3f3;0x3fd,0,1549
2026-06-02T14:52:12.432,2181,4,0x3fc;0x3f2;0x3f3;0x3fd,0,1549
2026-06-02T14:52:12.633,2182,4,0x3fc;0x3f2;0x3f3;0x3fd,0,1549
2026-06-02T14:52:12.633,2183,4,0x3fc;0x3f2;0x3f3;0x3fd,0,1469
2026-06-02T14:52:12.836,2184,4,0x3fc;0x3f2;0x3f3;0x3fd,0,1403
2026-06-02T14:52:12.836,2185,4,0x3fc;0x3f2;0x3f3;0x3fd,0,1420
2026-06-02T14:52:13.039,2186,4,0x3fc;0x3f2;0x3f3;0x3fd,0,543
2026-06-02T14:52:13.039,2187,4,0x3fc;0x3f2;0x3f3;0x3fd,0,1017
2026-06-02T14:52:13.039,2188,4,0x3fc;0x3f2;0x3f3;0x3fd,0,874
2026-06-02T14:52:13.240,2189,4,0x3fc;0x3f2;0x3f3;0x3fd,0,927
2026-06-02T14:52:13.240,2190,4,0x3fc;0x3f2;0x3f3;0x3fd,0,849
2026-06-02T14:52:13.444,2191,4,0x3fc;0x3f2;0x3f3;0x3fd,0,918
2026-06-02T14:52:13.444,2192,5,0x3fc;0x3f2;0x3f3;0x3fd;0x410,1,1072
2026-06-02T14:52:13.646,2193,4,0x3fc;0x3f2;0x3f3;0x3fd,0,728
2026-06-02T14:52:13.646,2194,4,0x3fc;0x3f2;0x3f3;0x3fd,0,1255
2026-06-02T14:52:13.848,2195,4,0x3fc;0x3f2;0x3f3;0x3fd,0,1212
2026-06-02T14:52:13.848,2196,4,0x3fc;0x3f2;0x3f3;0x3fd,0,1190
2026-06-02T14:52:13.848,2197,4,0x3fc;0x3f2;0x3f3;0x3fd,0,485
2026-06-02T14:52:14.050,2198,4,0x3fc;0x3f2;0x3f3;0x3fd,0,1141
2026-06-02T14:52:14.050,2199,4,0x3fc;0x3f2;0x3f3;0x3fd,0,1394
2026-06-02T14:52:14.253,2200,4,0x3fc;0x3f2;0x3f3;0x3fd,0,1310
2026-06-02T14:52:14.253,2201,4,0x3fc;0x3f2;0x3f3;0x3fd,0,1273
2026-06-02T14:52:14.456,2202,4,0x3fc;0x3f2;0x3f3;0x3fd,0,894
2026-06-02T14:52:14.456,2203,4,0x3fc;0x3f2;0x3f3;0x3fd,0,847
2026-06-02T14:52:14.660,2204,4,0x3fc;0x3f2;0x3f3;0x3fd,0,751
2026-06-02T14:52:14.660,2205,4,0x3fc;0x3f2;0x3f3;0x3fd,0,835
2026-06-02T14:52:14.660,2206,4,0x3fc;0x3f2;0x3f3;0x3fd,0,799
2026-06-02T14:52:14.863,2207,4,0x3fc;0x3f2;0x3f3;0x3fd,0,297
2026-06-02T14:52:14.863,2208,5,0x3fc;0x3f2;0x3f3;0x3fd;0x410,1,379
2026-06-02T14:52:15.063,2209,4,0x3fc;0x3f2;0x3f3;0x3fd,0,723
2026-06-02T14:52:15.063,2210,4,0x3fc;0x3f2;0x3f3;0x3fd,0,760
2026-06-02T14:52:15.266,2211,4,0x3fc;0x3f2;0x3f3;0x3fd,0,749
2026-06-02T14:52:15.266,2212,4,0x3fc;0x3f2;0x3f3;0x3fd,0,420
2026-06-02T14:52:15.467,2213,4,0x3fc;0x3f2;0x3f3;0x3fd,0,595
2026-06-02T14:52:15.467,2214,4,0x3fc;0x3f2;0x3f3;0x3fd,0,462
2026-06-02T14:52:15.467,2215,4,0x3fc;0x3f2;0x3f3;0x3fd,0,698
2026-06-02T14:52:15.670,2216,4,0x3fc;0x3f2;0x3f3;0x3fd,0,522
2026-06-02T14:52:15.670,2217,4,0x3fc;0x3f2;0x3f3;0x3fd,0,552
2026-06-02T14:52:15.872,2218,4,0x3fc;0x3f2;0x3f3;0x3fd,0,287
2026-06-02T14:52:15.872,2219,4,0x3fc;0x3f2;0x3f3;0x3fd,0,637
2026-06-02T14:52:16.076,2220,4,0x3fc;0x3f2;0x3f3;0x3fd,0,621
2026-06-02T14:52:16.076,2221,4,0x3fc;0x3f2;0x3f3;0x3fd,0,269
2026-06-02T14:52:16.077,2222,4,0x3fc;0x3f2;0x3f3;0x3fd,0,226
2026-06-02T14:52:16.279,2223,4,0x3fc;0x3f2;0x3f3;0x3fd,0,226
2026-06-02T14:52:16.481,2224,5,0x3fc;0x3f2;0x3f3;0x3fd;0x410,1,370
2026-06-02T14:52:16.481,2225,4,0x3fc;0x3f2;0x3f3;0x3fd,0,490
2026-06-02T14:52:16.685,2228,4,0x3fc;0x3f2;0x3f3;0x3fd,0,338
2026-06-02T14:52:16.886,2229,3,0x3f2;0x3f3;0x3fd,0,193
2026-06-02T14:52:16.886,2230,3,0x3fc;0x3f2;0x3fd,0,216
2026-06-02T14:52:16.886,2231,4,0x3fc;0x3f2;0x3f3;0x3fd,0,226
2026-06-02T14:52:17.090,2232,4,0x3fc;0x3f2;0x3f3;0x3fd,0,226
2026-06-02T14:52:17.090,2233,4,0x3fc;0x3f2;0x3f3;0x3fd,0,226
2026-06-02T14:52:17.294,2234,4,0x3fc;0x3f2;0x3f3;0x3fd,0,226
2026-06-02T14:52:17.294,2235,4,0x3fc;0x3f2;0x3f3;0x3fd,0,226
2026-06-02T14:52:17.495,2236,4,0x3fc;0x3f2;0x3f3;0x3fd,0,226
2026-06-02T14:52:17.495,2237,4,0x3fc;0x3f2;0x3f3;0x3fd,0,338
2026-06-02T14:52:17.697,2238,4,0x3fc;0x3f2;0x3f3;0x3fd,0,240
2026-06-02T14:52:17.697,2239,4,0x3fc;0x3f2;0x3f3;0x3fd,0,458
2026-06-02T14:52:17.900,2240,5,0x3fc;0x3f2;0x3f3;0x3fd;0x410,1,631
2026-06-02T14:52:17.900,2241,4,0x3fc;0x3f2;0x3f3;0x3fd,0,255
2026-06-02T14:52:17.900,2242,4,0x3fc;0x3f2;0x3f3;0x3fd,0,226
2026-06-02T14:52:18.104,2243,4,0x3fc;0x3f2;0x3f3;0x3fd,0,226
2026-06-02T14:52:18.104,2244,4,0x3fc;0x3f2;0x3f3;0x3fd,0,234
2026-06-02T14:52:18.319,2245,4,0x3fc;0x3f2;0x3f3;0x3fd,0,227
2026-06-02T14:52:18.319,2246,4,0x3fc;0x3f2;0x3f3;0x3fd,0,346
2026-06-02T14:52:18.522,2247,4,0x3fc;0x3f2;0x3f3;0x3fd,0,241
2026-06-02T14:52:18.522,2248,4,0x3fc;0x3f2;0x3f3;0x3fd,0,290
2026-06-02T14:52:18.522,2249,4,0x3fc;0x3f2;0x3f3;0x3fd,0,322
2026-06-02T14:52:18.725,2250,3,0x3f2;0x3f3;0x3fd,0,193
2026-06-02T14:52:18.725,2251,3,0x3fc;0x3f2;0x3fd,0,216
2026-06-02T14:52:18.928,2252,4,0x3fc;0x3f2;0x3f3;0x3fd,0,226
2026-06-02T14:52:18.928,2253,4,0x3fc;0x3f2;0x3f3;0x3fd,0,226
2026-06-02T14:52:19.132,2254,4,0x3fc;0x3f2;0x3f3;0x3fd,0,226
2026-06-02T14:52:19.132,2255,4,0x3fc;0x3f2;0x3f3;0x3fd,0,226
2026-06-02T14:52:19.336,2256,5,0x3fc;0x3f2;0x3f3;0x3fd;0x410,1,370
2026-06-02T14:52:19.336,2257,4,0x3fc;0x3f2;0x3f3;0x3fd,0,226
2026-06-02T14:52:19.336,2258,4,0x3fc;0x3f2;0x3f3;0x3fd,0,234
2026-06-02T14:52:19.539,2259,4,0x3fc;0x3f2;0x3f3;0x3fd,0,227
2026-06-02T14:52:19.539,2260,4,0x3fc;0x3f2;0x3f3;0x3fd,0,226
2026-06-02T14:52:19.741,2261,4,0x3fc;0x3f2;0x3f3;0x3fd,0,434
2026-06-02T14:52:19.741,2262,4,0x3fc;0x3f2;0x3f3;0x3fd,0,252
2026-06-02T14:52:19.944,2263,4,0x3fc;0x3f2;0x3f3;0x3fd,0,242
2026-06-02T14:52:19.944,2264,4,0x3fc;0x3f2;0x3f3;0x3fd,0,228
2026-06-02T14:52:20.147,2265,4,0x3fc;0x3f2;0x3f3;0x3fd,0,226
2026-06-02T14:52:20.147,2266,4,0x3fc;0x3f2;0x3f3;0x3fd,0,226
2026-06-02T14:52:20.147,2267,4,0x3fc;0x3f2;0x3f3;0x3fd,0,226
2026-06-02T14:52:20.349,2268,4,0x3fc;0x3f2;0x3f3;0x3fd,0,226
2026-06-02T14:52:20.349,2269,4,0x3fc;0x3f2;0x3f3;0x3fd,0,226
2026-06-02T14:52:20.552,2270,4,0x3fc;0x3f2;0x3f3;0x3fd,0,226
2026-06-02T14:52:20.552,2271,3,0x3f2;0x3f3;0x3fd,0,182
2026-06-02T14:52:20.752,2272,3,0x3f2;0x3fd;0x410,1,316
2026-06-02T14:52:20.752,2273,3,0x3fc;0x3f2;0x3fd,0,216
2026-06-02T14:52:20.954,2274,4,0x3fc;0x3f2;0x3f3;0x3fd,0,226
2026-06-02T14:52:20.954,2275,4,0x3fc;0x3f2;0x3f3;0x3fd,0,226
2026-06-02T14:52:20.954,2276,4,0x3fc;0x3f2;0x3f3;0x3fd,0,226
2026-06-02T14:52:21.156,2277,4,0x3fc;0x3f2;0x3f3;0x3fd,0,226
2026-06-02T14:52:21.156,2278,4,0x3fc;0x3f2;0x3f3;0x3fd,0,226
2026-06-02T14:52:21.356,2279,4,0x3fc;0x3f2;0x3f3;0x3fd,0,226
2026-06-02T14:52:21.356,2280,4,0x3fc;0x3f2;0x3f3;0x3fd,0,234
2026-06-02T14:52:21.558,2281,4,0x3fc;0x3f2;0x3f3;0x3fd,0,227
2026-06-02T14:52:21.558,2282,4,0x3fc;0x3f2;0x3f3;0x3fd,0,266
2026-06-02T14:52:21.759,2283,4,0x3fc;0x3f2;0x3f3;0x3fd,0,231
2026-06-02T14:52:21.759,2284,4,0x3fc;0x3f2;0x3f3;0x3fd,0,226
2026-06-02T14:52:21.759,2285,4,0x3fc;0x3f2;0x3f3;0x3fd,0,290
2026-06-02T14:52:21.962,2286,4,0x3fc;0x3f2;0x3f3;0x3fd,0,250
2026-06-02T14:52:21.962,2287,4,0x3fc;0x3f2;0x3f3;0x3fd,0,236
2026-06-02T14:52:22.163,2288,5,0x3fc;0x3f2;0x3f3;0x3fd;0x410,1,379
2026-06-02T14:52:22.163,2289,4,0x3fc;0x3f2;0x3f3;0x3fd,0,227
2026-06-02T14:52:22.364,2290,4,0x3fc;0x3f2;0x3f3;0x3fd,0,226
2026-06-02T14:52:22.364,2291,4,0x3fc;0x3f2;0x3f3;0x3fd,0,226
2026-06-02T14:52:22.565,2292,4,0x3fc;0x3f2;0x3f3;0x3fd,0,234
2026-06-02T14:52:22.565,2293,4,0x3fc;0x3f2;0x3f3;0x3fd,0,219
2026-06-02T14:52:22.565,2294,4,0x3fc;0x3f2;0x3f3;0x3fd,0,225
2026-06-02T14:52:22.767,2295,4,0x3fc;0x3f2;0x3f3;0x3fd,0,226
2026-06-02T14:52:22.767,2296,4,0x3fc;0x3f2;0x3f3;0x3fd,0,226
2026-06-02T14:52:22.969,2297,4,0x3fc;0x3f2;0x3f3;0x3fd,0,226
2026-06-02T14:52:22.969,2298,4,0x3fc;0x3f2;0x3f3;0x3fd,0,242
2026-06-02T14:52:23.170,2299,4,0x3fc;0x3f2;0x3f3;0x3fd,0,364
2026-06-02T14:52:23.170,2300,4,0x3fc;0x3f2;0x3f3;0x3fd,0,243
2026-06-02T14:52:23.372,2301,4,0x3fc;0x3f2;0x3f3;0x3fd,0,274
2026-06-02T14:52:23.372,2302,4,0x3fc;0x3f2;0x3f3;0x3fd,0,248
2026-06-02T14:52:23.576,2303,4,0x3fc;0x3f2;0x3f3;0x3fd,0,260
2026-06-02T14:52:23.576,2304,5,0x3fc;0x3f2;0x3f3;0x3fd;0x410,1,406
2026-06-02T14:52:23.577,2305,4,0x3fc;0x3f2;0x3f3;0x3fd,0,254
2026-06-02T14:52:23.780,2306,4,0x3fc;0x3f2;0x3f3;0x3fd,0,229
2026-06-02T14:52:23.780,2307,4,0x3fc;0x3f2;0x3f3;0x3fd,0,250
2026-06-02T14:52:23.982,2308,4,0x3fc;0x3f2;0x3f3;0x3fd,0,237
2026-06-02T14:52:24.183,2309,4,0x3fc;0x3f2;0x3f3;0x3fd,0,419
2026-06-02T14:52:24.183,2311,4,0x3fc;0x3f2;0x3f3;0x3fd,0,365
2026-06-02T14:52:24.183,2312,4,0x3fc;0x3f2;0x3f3;0x3fd,0,258
2026-06-02T14:52:24.387,2313,4,0x3fc;0x3f2;0x3f3;0x3fd,0,228
2026-06-02T14:52:24.387,2314,4,0x3fc;0x3f2;0x3f3;0x3fd,0,322
2026-06-02T14:52:24.603,2315,4,0x3fc;0x3f2;0x3f3;0x3fd,0,254
2026-06-02T14:52:24.603,2316,4,0x3fc;0x3f2;0x3f3;0x3fd,0,244
2026-06-02T14:52:24.818,2317,4,0x3fc;0x3f2;0x3f3;0x3fd,0,228
2026-06-02T14:52:24.818,2318,4,0x3fc;0x3f2;0x3f3;0x3fd,0,234
2026-06-02T14:52:24.818,2319,4,0x3fc;0x3f2;0x3f3;0x3fd,0,259
2026-06-02T14:52:25.020,2320,5,0x3fc;0x3f2;0x3f3;0x3fd;0x410,1,406
2026-06-02T14:52:25.020,2321,4,0x3fc;0x3f2;0x3f3;0x3fd,0,270
2026-06-02T14:52:25.224,2322,4,0x3fc;0x3f2;0x3f3;0x3fd,0,279
2026-06-02T14:52:25.224,2323,4,0x3fc;0x3f2;0x3f3;0x3fd,0,272
2026-06-02T14:52:25.426,2324,4,0x3fc;0x3f2;0x3f3;0x3fd,0,231
2026-06-02T14:52:25.426,2325,4,0x3fc;0x3f2;0x3f3;0x3fd,0,490
2026-06-02T14:52:25.629,2326,4,0x3fc;0x3f2;0x3f3;0x3fd,0,259
2026-06-02T14:52:25.629,2327,4,0x3fc;0x3f2;0x3f3;0x3fd,0,370
2026-06-02T14:52:25.629,2328,4,0x3fc;0x3f2;0x3f3;0x3fd,0,244
2026-06-02T14:52:25.833,2329,4,0x3fc;0x3f2;0x3f3;0x3fd,0,282
2026-06-02T14:52:25.833,2330,4,0x3fc;0x3f2;0x3f3;0x3fd,0,249
2026-06-02T14:52:26.037,2331,4,0x3fc;0x3f2;0x3f3;0x3fd,0,300
2026-06-02T14:52:26.037,2332,4,0x3fc;0x3f2;0x3f3;0x3fd,0,235
2026-06-02T14:52:26.239,2333,4,0x3fc;0x3f2;0x3f3;0x3fd,0,250
2026-06-02T14:52:26.239,2334,4,0x3fc;0x3f2;0x3f3;0x3fd,0,253
2026-06-02T14:52:26.442,2335,4,0x3fc;0x3f2;0x3f3;0x3fd,0,301
2026-06-02T14:52:26.442,2336,5,0x3fc;0x3f2;0x3f3;0x3fd;0x410,1,451
2026-06-02T14:52:26.442,2337,4,0x3fc;0x3f2;0x3f3;0x3fd,0,259
2026-06-02T14:52:26.644,2338,4,0x3fc;0x3f2;0x3f3;0x3fd,0,229
2026-06-02T14:52:26.644,2339,4,0x3fc;0x3f2;0x3f3;0x3fd,0,226
2026-06-02T14:52:26.848,2340,4,0x3fc;0x3f2;0x3f3;0x3fd,0,226
2026-06-02T14:52:26.848,2341,4,0x3fc;0x3f2;0x3f3;0x3fd,0,226
2026-06-02T14:52:27.051,2342,4,0x3fc;0x3f2;0x3f3;0x3fd,0,226
2026-06-02T14:52:27.051,2343,4,0x3fc;0x3f2;0x3f3;0x3fd,0,226
2026-06-02T14:52:27.254,2344,4,0x3fc;0x3f2;0x3f3;0x3fd,0,234
2026-06-02T14:52:27.254,2345,4,0x3fc;0x3f2;0x3f3;0x3fd,0,227
2026-06-02T14:52:27.254,2346,4,0x3fc;0x3f2;0x3f3;0x3fd,0,218
2026-06-02T14:52:27.458,2347,4,0x3fc;0x3f2;0x3f3;0x3fd,0,249
2026-06-02T14:52:27.458,2348,4,0x3fc;0x3f2;0x3f3;0x3fd,0,341
2026-06-02T14:52:27.660,2349,4,0x3fc;0x3f2;0x3f3;0x3fd,0,400
2026-06-02T14:52:27.660,2350,4,0x3fc;0x3f2;0x3f3;0x3fd,0,270
2026-06-02T14:52:27.864,2351,4,0x3fc;0x3f2;0x3f3;0x3fd,0,229
2026-06-02T14:52:27.864,2352,5,0x3fc;0x3f2;0x3f3;0x3fd;0x410,1,370
2026-06-02T14:52:28.068,2353,4,0x3fc;0x3f2;0x3f3;0x3fd,0,378
2026-06-02T14:52:28.068,2354,4,0x3fc;0x3f2;0x3f3;0x3fd,0,253
2026-06-02T14:52:28.068,2355,4,0x3fc;0x3f2;0x3f3;0x3fd,0,435
2026-06-02T14:52:28.270,2356,4,0x3fc;0x3f2;0x3f3;0x3fd,0,356
2026-06-02T14:52:28.270,2357,4,0x3fc;0x3f2;0x3f3;0x3fd,0,247
2026-06-02T14:52:28.472,2358,4,0x3fc;0x3f2;0x3f3;0x3fd,0,379
2026-06-02T14:52:28.472,2359,4,0x3fc;0x3f2;0x3f3;0x3fd,0,333
2026-06-02T14:52:28.674,2360,4,0x3fc;0x3f2;0x3f3;0x3fd,0,237
2026-06-02T14:52:28.674,2361,4,0x3fc;0x3f2;0x3f3;0x3fd,0,242
2026-06-02T14:52:28.874,2362,4,0x3fc;0x3f2;0x3f3;0x3fd,0,292
2026-06-02T14:52:28.874,2363,4,0x3fc;0x3f2;0x3f3;0x3fd,0,234
2026-06-02T14:52:28.874,2364,4,0x3fc;0x3f2;0x3f3;0x3fd,0,490
2026-06-02T14:52:29.078,2365,4,0x3fc;0x3f2;0x3f3;0x3fd,0,659
2026-06-02T14:52:29.078,2366,4,0x3fc;0x3f2;0x3f3;0x3fd,0,804
2026-06-02T14:52:29.283,2367,3,0x3f2;0x3f3;0x3fd,0,248
2026-06-02T14:52:29.284,2368,3,0x3f2;0x3fd;0x410,1,316
2026-06-02T14:52:29.499,2369,3,0x3fc;0x3f2;0x3fd,0,520
2026-06-02T14:52:29.499,2370,4,0x3fc;0x3f2;0x3f3;0x3fd,0,384
2026-06-02T14:52:29.499,2371,4,0x3fc;0x3f2;0x3f3;0x3fd,0,241
2026-06-02T14:52:29.701,2372,4,0x3fc;0x3f2;0x3f3;0x3fd,0,282
2026-06-02T14:52:29.701,2373,4,0x3fc;0x3f2;0x3f3;0x3fd,0,345
2026-06-02T14:52:29.904,2374,4,0x3fc;0x3f2;0x3f3;0x3fd,0,472
2026-06-02T14:52:29.904,2375,4,0x3fc;0x3f2;0x3f3;0x3fd,0,511
2026-06-02T14:52:30.106,2376,4,0x3fc;0x3f2;0x3f3;0x3fd,0,562
2026-06-02T14:52:30.106,2377,4,0x3fc;0x3f2;0x3f3;0x3fd,0,400
2026-06-02T14:52:30.308,2378,4,0x3fc;0x3f2;0x3f3;0x3fd,0,491
2026-06-02T14:52:30.308,2379,4,0x3fc;0x3f2;0x3f3;0x3fd,0,585
2026-06-02T14:52:30.308,2380,4,0x3fc;0x3f2;0x3f3;0x3fd,0,491
2026-06-02T14:52:30.510,2381,4,0x3fc;0x3f2;0x3f3;0x3fd,0,846
2026-06-02T14:52:30.510,2382,4,0x3fc;0x3f2;0x3f3;0x3fd,0,764
2026-06-02T14:52:30.715,2383,4,0x3fc;0x3f2;0x3f3;0x3fd,0,932
2026-06-02T14:52:30.715,2384,5,0x3fc;0x3f2;0x3f3;0x3fd;0x410,1,1099
2026-06-02T14:52:30.919,2385,4,0x3fc;0x3f2;0x3f3;0x3fd,0,867
2026-06-02T14:52:30.919,2386,4,0x3fc;0x3f2;0x3f3;0x3fd,0,1296
2026-06-02T14:52:31.119,2387,4,0x3fc;0x3f2;0x3f3;0x3fd,0,1335
2026-06-02T14:52:31.119,2388,4,0x3fc;0x3f2;0x3f3;0x3fd,0,1525
2026-06-02T14:52:31.119,2389,4,0x3fc;0x3f2;0x3f3;0x3fd,0,501
2026-06-02T14:52:31.320,2390,4,0x3fc;0x3f2;0x3f3;0x3fd,0,1338
2026-06-02T14:52:31.320,2391,4,0x3fc;0x3f2;0x3f3;0x3fd,0,1539
2026-06-02T14:52:31.522,2392,4,0x3fc;0x3f2;0x3f3;0x3fd,0,1549
2026-06-02T14:52:31.522,2393,4,0x3fc;0x3f2;0x3f3;0x3fd,0,1549
2026-06-02T14:52:31.725,2394,4,0x3fc;0x3f2;0x3f3;0x3fd,0,1549
2026-06-02T14:52:31.725,2395,4,0x3fc;0x3f2;0x3f3;0x3fd,0,1549
2026-06-02T14:52:31.941,2396,4,0x3fc;0x3f2;0x3f3;0x3fd,0,1117
2026-06-02T14:52:31.941,2397,4,0x3fc;0x3f2;0x3f3;0x3fd,0,871
2026-06-02T14:52:31.941,2398,4,0x3fc;0x3f2;0x3f3;0x3fd,0,903
2026-06-02T14:52:32.145,2399,4,0x3fc;0x3f2;0x3f3;0x3fd,0,782
2026-06-02T14:52:32.145,2400,5,0x3fc;0x3f2;0x3f3;0x3fd;0x410,1,910
2026-06-02T14:52:32.347,2401,4,0x3fc;0x3f2;0x3f3;0x3fd,0,1110
2026-06-02T14:52:32.347,2402,4,0x3fc;0x3f2;0x3f3;0x3fd,0,753
2026-06-02T14:52:32.550,2403,4,0x3fc;0x3f2;0x3f3;0x3fd,0,831
2026-06-02T14:52:32.550,2404,4,0x3fc;0x3f2;0x3f3;0x3fd,0,991
2026-06-02T14:52:32.753,2405,4,0x3fc;0x3f2;0x3f3;0x3fd,0,1041
2026-06-02T14:52:32.753,2406,4,0x3fc;0x3f2;0x3f3;0x3fd,0,1085
2026-06-02T14:52:32.754,2407,4,0x3fc;0x3f2;0x3f3;0x3fd,0,858
2026-06-02T14:52:32.955,2408,4,0x3fc;0x3f2;0x3f3;0x3fd,0,1445
2026-06-02T14:52:32.955,2409,4,0x3fc;0x3f2;0x3f3;0x3fd,0,906
2026-06-02T14:52:33.155,2410,4,0x3fc;0x3f2;0x3f3;0x3fd,0,285
2026-06-02T14:52:33.155,2411,4,0x3fc;0x3f2;0x3f3;0x3fd,0,881
2026-06-02T14:52:33.357,2412,4,0x3fc;0x3f2;0x3f3;0x3fd,0,1012
2026-06-02T14:52:33.357,2413,4,0x3fc;0x3f2;0x3f3;0x3fd,0,1490
2026-06-02T14:52:33.560,2414,4,0x3fc;0x3f2;0x3f3;0x3fd,0,1181
2026-06-02T14:52:33.560,2415,4,0x3fc;0x3f2;0x3f3;0x3fd,0,1423
2026-06-02T14:52:33.765,2416,5,0x3fc;0x3f2;0x3f3;0x3fd;0x410,1,1603
2026-06-02T14:52:33.765,2417,4,0x3fc;0x3f2;0x3f3;0x3fd,0,635
2026-06-02T14:52:33.765,2418,4,0x3fc;0x3f2;0x3f3;0x3fd,0,1020
2026-06-02T14:52:33.967,2419,4,0x3fc;0x3f2;0x3f3;0x3fd,0,513
2026-06-02T14:52:33.967,2420,4,0x3fc;0x3f2;0x3f3;0x3fd,0,522
2026-06-02T14:52:34.169,2421,4,0x3fc;0x3f2;0x3f3;0x3fd,0,396
2026-06-02T14:52:34.169,2422,4,0x3fc;0x3f2;0x3f3;0x3fd,0,523
2026-06-02T14:52:34.370,2423,4,0x3fc;0x3f2;0x3f3;0x3fd,0,821
2026-06-02T14:52:34.370,2424,4,0x3fc;0x3f2;0x3f3;0x3fd,0,344
2026-06-02T14:52:34.370,2425,4,0x3fc;0x3f2;0x3f3;0x3fd,0,520
2026-06-02T14:52:34.573,2426,4,0x3fc;0x3f2;0x3f3;0x3fd,0,414
2026-06-02T14:52:34.573,2427,4,0x3fc;0x3f2;0x3f3;0x3fd,0,301
2026-06-02T14:52:34.789,2428,4,0x3fc;0x3f2;0x3f3;0x3fd,0,273
2026-06-02T14:52:34.789,2429,4,0x3fc;0x3f2;0x3f3;0x3fd,0,495
2026-06-02T14:52:34.989,2430,4,0x3fc;0x3f2;0x3f3;0x3fd,0,299
2026-06-02T14:52:34.989,2431,4,0x3fc;0x3f2;0x3f3;0x3fd,0,255
2026-06-02T14:52:35.194,2432,5,0x3fc;0x3f2;0x3f3;0x3fd;0x410,1,397
2026-06-02T14:52:35.194,2433,4,0x3fc;0x3f2;0x3f3;0x3fd,0,277
2026-06-02T14:52:35.194,2434,4,0x3fc;0x3f2;0x3f3;0x3fd,0,264
2026-06-02T14:52:35.396,2435,4,0x3fc;0x3f2;0x3f3;0x3fd,0,270
2026-06-02T14:52:35.396,2436,4,0x3fc;0x3f2;0x3f3;0x3fd,0,255
2026-06-02T14:52:35.598,2437,4,0x3fc;0x3f2;0x3f3;0x3fd,0,253
2026-06-02T14:52:35.598,2438,4,0x3fc;0x3f2;0x3f3;0x3fd,0,349
2026-06-02T14:52:35.799,2439,4,0x3fc;0x3f2;0x3f3;0x3fd,0,329
2026-06-02T14:52:35.799,2440,4,0x3fc;0x3f2;0x3f3;0x3fd,0,437
2026-06-02T14:52:35.799,2441,4,0x3fc;0x3f2;0x3f3;0x3fd,0,251
2026-06-02T14:52:36.003,2442,4,0x3fc;0x3f2;0x3f3;0x3fd,0,306
2026-06-02T14:52:36.003,2443,4,0x3fc;0x3f2;0x3f3;0x3fd,0,244
2026-06-02T14:52:36.207,2444,4,0x3fc;0x3f2;0x3f3;0x3fd,0,323
2026-06-02T14:52:36.207,2445,4,0x3fc;0x3f2;0x3f3;0x3fd,0,326
2026-06-02T14:52:36.410,2446,4,0x3fc;0x3f2;0x3f3;0x3fd,0,293
2026-06-02T14:52:36.410,2447,4,0x3fc;0x3f2;0x3f3;0x3fd,0,249
2026-06-02T14:52:36.613,2448,5,0x3fc;0x3f2;0x3f3;0x3fd;0x410,1,388
2026-06-02T14:52:36.613,2449,4,0x3fc;0x3f2;0x3f3;0x3fd,0,236
2026-06-02T14:52:36.613,2450,4,0x3fc;0x3f2;0x3f3;0x3fd,0,227
2026-06-02T14:52:36.815,2451,4,0x3fc;0x3f2;0x3f3;0x3fd,0,226
2026-06-02T14:52:36.815,2452,4,0x3fc;0x3f2;0x3f3;0x3fd,0,234
2026-06-02T14:52:37.018,2453,4,0x3fc;0x3f2;0x3f3;0x3fd,0,315
2026-06-02T14:52:37.018,2454,4,0x3fc;0x3f2;0x3f3;0x3fd,0,245
2026-06-02T14:52:37.223,2455,4,0x3fc;0x3f2;0x3f3;0x3fd,0,243
2026-06-02T14:52:37.223,2456,4,0x3fc;0x3f2;0x3f3;0x3fd,0,252
2026-06-02T14:52:37.424,2457,4,0x3fc;0x3f2;0x3f3;0x3fd,0,229
2026-06-02T14:52:37.424,2458,4,0x3fc;0x3f2;0x3f3;0x3fd,0,322
2026-06-02T14:52:37.424,2459,4,0x3fc;0x3f2;0x3f3;0x3fd,0,310
2026-06-02T14:52:37.628,2460,4,0x3fc;0x3f2;0x3f3;0x3fd,0,371
2026-06-02T14:52:37.628,2461,4,0x3fc;0x3f2;0x3f3;0x3fd,0,659
2026-06-02T14:52:37.828,2462,4,0x3fc;0x3f2;0x3f3;0x3fd,0,310
2026-06-02T14:52:37.828,2463,4,0x3fc;0x3f2;0x3f3;0x3fd,0,222
2026-06-02T14:52:38.031,2464,5,0x3fc;0x3f2;0x3f3;0x3fd;0x410,1,361
2026-06-02T14:52:38.031,2465,4,0x3fc;0x3f2;0x3f3;0x3fd,0,225
2026-06-02T14:52:38.234,2466,4,0x3fc;0x3f2;0x3f3;0x3fd,0,242
2026-06-02T14:52:38.234,2467,4,0x3fc;0x3f2;0x3f3;0x3fd,0,252
2026-06-02T14:52:38.234,2468,4,0x3fc;0x3f2;0x3f3;0x3fd,0,253
2026-06-02T14:52:38.437,2469,4,0x3fc;0x3f2;0x3f3;0x3fd,0,229
2026-06-02T14:52:38.437,2470,4,0x3fc;0x3f2;0x3f3;0x3fd,0,226
2026-06-02T14:52:38.638,2471,4,0x3fc;0x3f2;0x3f3;0x3fd,0,226
2026-06-02T14:52:38.638,2472,4,0x3fc;0x3f2;0x3f3;0x3fd,0,242
2026-06-02T14:52:38.839,2473,4,0x3fc;0x3f2;0x3f3;0x3fd,0,252
2026-06-02T14:52:38.839,2474,4,0x3fc;0x3f2;0x3f3;0x3fd,0,293
2026-06-02T14:52:39.042,2475,4,0x3fc;0x3f2;0x3f3;0x3fd,0,234
2026-06-02T14:52:39.042,2476,4,0x3fc;0x3f2;0x3f3;0x3fd,0,226
2026-06-02T14:52:39.042,2477,4,0x3fc;0x3f2;0x3f3;0x3fd,0,226
2026-06-02T14:52:39.244,2478,4,0x3fc;0x3f2;0x3f3;0x3fd,0,250
2026-06-02T14:52:39.244,2479,4,0x3fc;0x3f2;0x3f3;0x3fd,0,269
2026-06-02T14:52:39.446,2480,5,0x3fc;0x3f2;0x3f3;0x3fd;0x410,1,415
2026-06-02T14:52:39.446,2481,4,0x3fc;0x3f2;0x3f3;0x3fd,0,247
2026-06-02T14:52:39.648,2482,4,0x3fc;0x3f2;0x3f3;0x3fd,0,228
2026-06-02T14:52:39.648,2483,4,0x3fc;0x3f2;0x3f3;0x3fd,0,226
2026-06-02T14:52:39.850,2484,4,0x3fc;0x3f2;0x3f3;0x3fd,0,226
2026-06-02T14:52:39.850,2485,4,0x3fc;0x3f2;0x3f3;0x3fd,0,242
2026-06-02T14:52:39.850,2486,4,0x3fc;0x3f2;0x3f3;0x3fd,0,228
2026-06-02T14:52:40.054,2487,4,0x3fc;0x3f2;0x3f3;0x3fd,0,234
2026-06-02T14:52:40.054,2488,4,0x3fc;0x3f2;0x3f3;0x3fd,0,227
2026-06-02T14:52:40.256,2489,4,0x3fc;0x3f2;0x3f3;0x3fd,0,226
2026-06-02T14:52:40.256,2490,4,0x3fc;0x3f2;0x3f3;0x3fd,0,234
2026-06-02T14:52:40.459,2491,4,0x3fc;0x3f2;0x3f3;0x3fd,0,227
2026-06-02T14:52:40.459,2492,4,0x3fc;0x3f2;0x3f3;0x3fd,0,226
2026-06-02T14:52:40.662,2493,4,0x3fc;0x3f2;0x3f3;0x3fd,0,226
2026-06-02T14:52:40.662,2494,4,0x3fc;0x3f2;0x3f3;0x3fd,0,226
2026-06-02T14:52:40.662,2495,4,0x3fc;0x3f2;0x3f3;0x3fd,0,266
2026-06-02T14:52:40.864,2496,5,0x3fc;0x3f2;0x3f3;0x3fd;0x410,1,415
2026-06-02T14:52:40.864,2497,4,0x3fc;0x3f2;0x3f3;0x3fd,0,247
2026-06-02T14:52:41.068,2498,4,0x3fc;0x3f2;0x3f3;0x3fd,0,244
2026-06-02T14:52:41.068,2499,4,0x3fc;0x3f2;0x3f3;0x3fd,0,268
2026-06-02T14:52:41.271,2500,4,0x3fc;0x3f2;0x3f3;0x3fd,0,231
2026-06-02T14:52:41.271,2501,4,0x3fc;0x3f2;0x3f3;0x3fd,0,258
2026-06-02T14:52:41.472,2502,4,0x3fc;0x3f2;0x3f3;0x3fd,0,246
2026-06-02T14:52:41.472,2503,4,0x3fc;0x3f2;0x3f3;0x3fd,0,244
2026-06-02T14:52:41.472,2504,4,0x3fc;0x3f2;0x3f3;0x3fd,0,228
2026-06-02T14:52:41.674,2505,4,0x3fc;0x3f2;0x3f3;0x3fd,0,226
2026-06-02T14:52:41.674,2506,4,0x3fc;0x3f2;0x3f3;0x3fd,0,370
2026-06-02T14:52:41.875,2507,4,0x3fc;0x3f2;0x3f3;0x3fd,0,284
2026-06-02T14:52:41.875,2508,4,0x3fc;0x3f2;0x3f3;0x3fd,0,239
2026-06-02T14:52:42.075,2509,4,0x3fc;0x3f2;0x3f3;0x3fd,0,355
2026-06-02T14:52:42.075,2510,4,0x3fc;0x3f2;0x3f3;0x3fd,0,298
2026-06-02T14:52:42.278,2511,4,0x3fc;0x3f2;0x3f3;0x3fd,0,265
2026-06-02T14:52:42.278,2512,5,0x3fc;0x3f2;0x3f3;0x3fd;0x410,1,406
2026-06-02T14:52:42.278,2513,4,0x3fc;0x3f2;0x3f3;0x3fd,0,230
2026-06-02T14:52:42.481,2514,4,0x3fc;0x3f2;0x3f3;0x3fd,0,242
2026-06-02T14:52:42.481,2515,4,0x3fc;0x3f2;0x3f3;0x3fd,0,228
2026-06-02T14:52:42.684,2516,4,0x3fc;0x3f2;0x3f3;0x3fd,0,234
2026-06-02T14:52:42.684,2517,4,0x3fc;0x3f2;0x3f3;0x3fd,0,571
2026-06-02T14:52:42.886,2518,4,0x3fc;0x3f2;0x3f3;0x3fd,0,293
2026-06-02T14:52:42.886,2519,4,0x3fc;0x3f2;0x3f3;0x3fd,0,277
2026-06-02T14:52:43.087,2520,4,0x3fc;0x3f2;0x3f3;0x3fd,0,264
2026-06-02T14:52:43.087,2521,4,0x3fc;0x3f2;0x3f3;0x3fd,0,246
2026-06-02T14:52:43.087,2522,4,0x3fc;0x3f2;0x3f3;0x3fd,0,252
2026-06-02T14:52:43.291,2523,4,0x3fc;0x3f2;0x3f3;0x3fd,0,317
2026-06-02T14:52:43.291,2524,4,0x3fc;0x3f2;0x3f3;0x3fd,0,293
2026-06-02T14:52:43.495,2525,4,0x3fc;0x3f2;0x3f3;0x3fd,0,249
2026-06-02T14:52:43.495,2526,4,0x3fc;0x3f2;0x3f3;0x3fd,0,268
2026-06-02T14:52:43.696,2527,4,0x3fc;0x3f2;0x3f3;0x3fd,0,343
2026-06-02T14:52:43.696,2528,5,0x3fc;0x3f2;0x3f3;0x3fd;0x410,1,496
2026-06-02T14:52:43.899,2529,4,0x3fc;0x3f2;0x3f3;0x3fd,0,256
2026-06-02T14:52:43.899,2530,4,0x3fc;0x3f2;0x3f3;0x3fd,0,228
2026-06-02T14:52:43.899,2531,4,0x3fc;0x3f2;0x3f3;0x3fd,0,226
2026-06-02T14:52:44.101,2532,4,0x3fc;0x3f2;0x3f3;0x3fd,0,226
2026-06-02T14:52:44.101,2533,4,0x3fc;0x3f2;0x3f3;0x3fd,0,226
2026-06-02T14:52:44.302,2534,4,0x3fc;0x3f2;0x3f3;0x3fd,0,226
2026-06-02T14:52:44.302,2535,4,0x3fc;0x3f2;0x3f3;0x3fd,0,226
2026-06-02T14:52:44.506,2536,4,0x3fc;0x3f2;0x3f3;0x3fd,0,226
2026-06-02T14:52:44.506,2537,4,0x3fc;0x3f2;0x3f3;0x3fd,0,226
2026-06-02T14:52:44.711,2540,4,0x3fc;0x3f2;0x3f3;0x3fd,0,234
2026-06-02T14:52:44.914,2541,4,0x3fc;0x3f2;0x3f3;0x3fd,0,243
2026-06-02T14:52:44.914,2542,4,0x3fc;0x3f2;0x3f3;0x3fd,0,228
2026-06-02T14:52:45.117,2543,4,0x3fc;0x3f2;0x3f3;0x3fd,0,226
2026-06-02T14:52:45.117,2544,5,0x3fc;0x3f2;0x3f3;0x3fd;0x410,1,370
2026-06-02T14:52:45.320,2545,4,0x3fc;0x3f2;0x3f3;0x3fd,0,226
2026-06-02T14:52:45.320,2546,4,0x3fc;0x3f2;0x3f3;0x3fd,0,242
2026-06-02T14:52:45.523,2547,4,0x3fc;0x3f2;0x3f3;0x3fd,0,228
2026-06-02T14:52:45.523,2548,4,0x3fc;0x3f2;0x3f3;0x3fd,0,226
2026-06-02T14:52:45.523,2549,4,0x3fc;0x3f2;0x3f3;0x3fd,0,290
2026-06-02T14:52:45.727,2550,4,0x3fc;0x3f2;0x3f3;0x3fd,0,234
2026-06-02T14:52:45.727,2551,4,0x3fc;0x3f2;0x3f3;0x3fd,0,226
2026-06-02T14:52:45.928,2552,4,0x3fc;0x3f2;0x3f3;0x3fd,0,226
2026-06-02T14:52:45.928,2553,4,0x3fc;0x3f2;0x3f3;0x3fd,0,234
2026-06-02T14:52:46.130,2554,4,0x3fc;0x3f2;0x3f3;0x3fd,0,227
2026-06-02T14:52:46.130,2555,4,0x3fc;0x3f2;0x3f3;0x3fd,0,226
2026-06-02T14:52:46.331,2556,4,0x3fc;0x3f2;0x3f3;0x3fd,0,226
2026-06-02T14:52:46.331,2557,4,0x3fc;0x3f2;0x3f3;0x3fd,0,226
2026-06-02T14:52:46.331,2558,4,0x3fc;0x3f2;0x3f3;0x3fd,0,226
2026-06-02T14:52:46.534,2559,4,0x3fc;0x3f2;0x3f3;0x3fd,0,242
2026-06-02T14:52:46.749,2560,5,0x3fc;0x3f2;0x3f3;0x3fd;0x410,1,388
2026-06-02T14:52:46.749,2561,4,0x3fc;0x3f2;0x3f3;0x3fd,0,228
2026-06-02T14:52:46.749,2562,4,0x3fc;0x3f2;0x3f3;0x3fd,0,226
2026-06-02T14:52:46.951,2563,4,0x3fc;0x3f2;0x3f3;0x3fd,0,226
2026-06-02T14:52:46.951,2564,4,0x3fc;0x3f2;0x3f3;0x3fd,0,242
2026-06-02T14:52:46.951,2565,4,0x3fc;0x3f2;0x3f3;0x3fd,0,228
2026-06-02T14:52:47.153,2566,4,0x3fc;0x3f2;0x3f3;0x3fd,0,226
2026-06-02T14:52:47.153,2567,4,0x3fc;0x3f2;0x3f3;0x3fd,0,274
2026-06-02T14:52:47.356,2568,4,0x3fc;0x3f2;0x3f3;0x3fd,0,232
2026-06-02T14:52:47.356,2569,4,0x3fc;0x3f2;0x3f3;0x3fd,0,234
2026-06-02T14:52:47.558,2570,4,0x3fc;0x3f2;0x3f3;0x3fd,0,331
2026-06-02T14:52:47.558,2571,4,0x3fc;0x3f2;0x3f3;0x3fd,0,239
2026-06-02T14:52:47.761,2572,4,0x3fc;0x3f2;0x3f3;0x3fd,0,226
2026-06-02T14:52:47.761,2573,4,0x3fc;0x3f2;0x3f3;0x3fd,0,226
2026-06-02T14:52:47.761,2574,4,0x3fc;0x3f2;0x3f3;0x3fd,0,226
2026-06-02T14:52:47.966,2575,4,0x3fc;0x3f2;0x3f3;0x3fd,0,226
2026-06-02T14:52:48.169,2576,5,0x3fc;0x3f2;0x3f3;0x3fd;0x410,1,370
2026-06-02T14:52:48.169,2577,4,0x3fc;0x3f2;0x3f3;0x3fd,0,234
2026-06-02T14:52:48.169,2578,4,0x3fc;0x3f2;0x3f3;0x3fd,0,275
2026-06-02T14:52:48.372,2579,4,0x3fc;0x3f2;0x3f3;0x3fd,0,248
2026-06-02T14:52:48.372,2580,4,0x3fc;0x3f2;0x3f3;0x3fd,0,252
2026-06-02T14:52:48.575,2581,4,0x3fc;0x3f2;0x3f3;0x3fd,0,221
2026-06-02T14:52:48.575,2582,4,0x3fc;0x3f2;0x3f3;0x3fd,0,225
2026-06-02T14:52:48.575,2583,4,0x3fc;0x3f2;0x3f3;0x3fd,0,234
2026-06-02T14:52:48.777,2584,4,0x3fc;0x3f2;0x3f3;0x3fd,0,251
2026-06-02T14:52:48.777,2585,4,0x3fc;0x3f2;0x3f3;0x3fd,0,229
2026-06-02T14:52:48.979,2586,4,0x3fc;0x3f2;0x3f3;0x3fd,0,226
2026-06-02T14:52:48.979,2587,4,0x3fc;0x3f2;0x3f3;0x3fd,0,250
2026-06-02T14:52:49.182,2588,4,0x3fc;0x3f2;0x3f3;0x3fd,0,237
2026-06-02T14:52:49.182,2589,4,0x3fc;0x3f2;0x3f3;0x3fd,0,227
2026-06-02T14:52:49.383,2590,4,0x3fc;0x3f2;0x3f3;0x3fd,0,226
2026-06-02T14:52:49.383,2591,4,0x3fc;0x3f2;0x3f3;0x3fd,0,338
2026-06-02T14:52:49.585,2592,5,0x3fc;0x3f2;0x3f3;0x3fd;0x410,1,496
2026-06-02T14:52:49.586,2593,4,0x3fc;0x3f2;0x3f3;0x3fd,0,256
2026-06-02T14:52:49.586,2594,4,0x3fc;0x3f2;0x3f3;0x3fd,0,244
2026-06-02T14:52:49.788,2595,4,0x3fc;0x3f2;0x3f3;0x3fd,0,228
2026-06-02T14:52:49.788,2596,4,0x3fc;0x3f2;0x3f3;0x3fd,0,234
2026-06-02T14:52:50.004,2597,4,0x3fc;0x3f2;0x3f3;0x3fd,0,227
2026-06-02T14:52:50.004,2598,4,0x3fc;0x3f2;0x3f3;0x3fd,0,226
2026-06-02T14:52:50.208,2599,4,0x3fc;0x3f2;0x3f3;0x3fd,0,226
2026-06-02T14:52:50.208,2600,4,0x3fc;0x3f2;0x3f3;0x3fd,0,226
2026-06-02T14:52:50.208,2601,4,0x3fc;0x3f2;0x3f3;0x3fd,0,234
2026-06-02T14:52:50.411,2602,4,0x3fc;0x3f2;0x3f3;0x3fd,0,291
2026-06-02T14:52:50.411,2603,4,0x3fc;0x3f2;0x3f3;0x3fd,0,546
2026-06-02T14:52:50.614,2604,4,0x3fc;0x3f2;0x3f3;0x3fd,0,281
2026-06-02T14:52:50.614,2605,4,0x3fc;0x3f2;0x3f3;0x3fd,0,228
2026-06-02T14:52:50.817,2606,4,0x3fc;0x3f2;0x3f3;0x3fd,0,226
2026-06-02T14:52:50.817,2607,4,0x3fc;0x3f2;0x3f3;0x3fd,0,226
2026-06-02T14:52:51.018,2608,5,0x3fc;0x3f2;0x3f3;0x3fd;0x410,1,370
2026-06-02T14:52:51.019,2609,4,0x3fc;0x3f2;0x3f3;0x3fd,0,250
2026-06-02T14:52:51.019,2610,4,0x3fc;0x3f2;0x3f3;0x3fd,0,229
2026-06-02T14:52:51.221,2611,4,0x3fc;0x3f2;0x3f3;0x3fd,0,242
2026-06-02T14:52:51.221,2612,4,0x3fc;0x3f2;0x3f3;0x3fd,0,244
2026-06-02T14:52:51.424,2613,4,0x3fc;0x3f2;0x3f3;0x3fd,0,228
2026-06-02T14:52:51.424,2614,4,0x3fc;0x3f2;0x3f3;0x3fd,0,226
2026-06-02T14:52:51.625,2615,4,0x3fc;0x3f2;0x3f3;0x3fd,0,226
2026-06-02T14:52:51.625,2616,4,0x3fc;0x3f2;0x3f3;0x3fd,0,226
2026-06-02T14:52:51.828,2617,4,0x3fc;0x3f2;0x3f3;0x3fd,0,226
2026-06-02T14:52:51.828,2618,4,0x3fc;0x3f2;0x3f3;0x3fd,0,242
2026-06-02T14:52:51.828,2619,4,0x3fc;0x3f2;0x3f3;0x3fd,0,260
2026-06-02T14:52:52.032,2620,4,0x3fc;0x3f2;0x3f3;0x3fd,0,230
2026-06-02T14:52:52.032,2621,4,0x3fc;0x3f2;0x3f3;0x3fd,0,226
2026-06-02T14:52:52.234,2622,4,0x3fc;0x3f2;0x3f3;0x3fd,0,226
2026-06-02T14:52:52.234,2623,4,0x3fc;0x3f2;0x3f3;0x3fd,0,266
2026-06-02T14:52:52.437,2624,5,0x3fc;0x3f2;0x3f3;0x3fd;0x410,1,415
2026-06-02T14:52:52.438,2625,4,0x3fc;0x3f2;0x3f3;0x3fd,0,271
2026-06-02T14:52:52.438,2626,4,0x3fc;0x3f2;0x3f3;0x3fd,0,239
2026-06-02T14:52:52.642,2627,4,0x3fc;0x3f2;0x3f3;0x3fd,0,227
2026-06-02T14:52:52.642,2628,4,0x3fc;0x3f2;0x3f3;0x3fd,0,226
2026-06-02T14:52:52.845,2629,4,0x3fc;0x3f2;0x3f3;0x3fd,0,226
2026-06-02T14:52:52.846,2630,4,0x3fc;0x3f2;0x3f3;0x3fd,0,226
2026-06-02T14:52:53.047,2631,4,0x3fc;0x3f2;0x3f3;0x3fd,0,226
2026-06-02T14:52:53.047,2632,4,0x3fc;0x3f2;0x3f3;0x3fd,0,450
2026-06-02T14:52:53.249,2633,4,0x3fc;0x3f2;0x3f3;0x3fd,0,302
2026-06-02T14:52:53.249,2634,4,0x3fc;0x3f2;0x3f3;0x3fd,0,312
2026-06-02T14:52:53.249,2635,4,0x3fc;0x3f2;0x3f3;0x3fd,0,236
2026-06-02T14:52:53.453,2636,4,0x3fc;0x3f2;0x3f3;0x3fd,0,226
2026-06-02T14:52:53.453,2637,4,0x3fc;0x3f2;0x3f3;0x3fd,0,226
2026-06-02T14:52:53.657,2638,4,0x3fc;0x3f2;0x3f3;0x3fd,0,226
2026-06-02T14:52:53.657,2639,4,0x3fc;0x3f2;0x3f3;0x3fd,0,338
2026-06-02T14:52:53.859,2640,5,0x3fc;0x3f2;0x3f3;0x3fd;0x410,1,496
2026-06-02T14:52:53.859,2641,4,0x3fc;0x3f2;0x3f3;0x3fd,0,248
2026-06-02T14:52:54.062,2642,4,0x3fc;0x3f2;0x3f3;0x3fd,0,267
2026-06-02T14:52:54.062,2643,4,0x3fc;0x3f2;0x3f3;0x3fd,0,231
2026-06-02T14:52:54.062,2644,4,0x3fc;0x3f2;0x3f3;0x3fd,0,322
2026-06-02T14:52:54.265,2645,3,0x3f2;0x3f3;0x3fd,0,194
2026-06-02T14:52:54.265,2646,3,0x3fc;0x3f2;0x3fd,0,216
2026-06-02T14:52:54.468,2647,4,0x3fc;0x3f2;0x3f3;0x3fd,0,226
2026-06-02T14:52:54.468,2648,4,0x3fc;0x3f2;0x3f3;0x3fd,0,226
2026-06-02T14:52:54.671,2649,4,0x3fc;0x3f2;0x3f3;0x3fd,0,226
2026-06-02T14:52:54.671,2650,4,0x3fc;0x3f2;0x3f3;0x3fd,0,482
2026-06-02T14:52:54.873,2651,4,0x3fc;0x3f2;0x3f3;0x3fd,0,274
2026-06-02T14:52:54.873,2652,4,0x3fc;0x3f2;0x3f3;0x3fd,0,228
2026-06-02T14:52:54.873,2653,4,0x3fc;0x3f2;0x3f3;0x3fd,0,226
2026-06-02T14:52:55.077,2654,4,0x3fc;0x3f2;0x3f3;0x3fd,0,226
2026-06-02T14:52:55.077,2655,4,0x3fc;0x3f2;0x3f3;0x3fd,0,282
2026-06-02T14:52:55.280,2656,5,0x3fc;0x3f2;0x3f3;0x3fd;0x410,1,433
2026-06-02T14:52:55.280,2657,4,0x3fc;0x3f2;0x3f3;0x3fd,0,377
2026-06-02T14:52:55.481,2658,4,0x3fc;0x3f2;0x3f3;0x3fd,0,300
2026-06-02T14:52:55.481,2659,4,0x3fc;0x3f2;0x3f3;0x3fd,0,241
2026-06-02T14:52:55.683,2660,4,0x3fc;0x3f2;0x3f3;0x3fd,0,227
2026-06-02T14:52:55.683,2661,4,0x3fc;0x3f2;0x3f3;0x3fd,0,226
2026-06-02T14:52:55.683,2662,4,0x3fc;0x3f2;0x3f3;0x3fd,0,242
2026-06-02T14:52:55.886,2663,4,0x3fc;0x3f2;0x3f3;0x3fd,0,228
2026-06-02T14:52:55.886,2664,4,0x3fc;0x3f2;0x3f3;0x3fd,0,226
2026-06-02T14:52:56.089,2665,4,0x3fc;0x3f2;0x3f3;0x3fd,0,226
2026-06-02T14:52:56.089,2666,4,0x3fc;0x3f2;0x3f3;0x3fd,0,370
2026-06-02T14:52:56.293,2667,4,0x3fc;0x3f2;0x3f3;0x3fd,0,276
2026-06-02T14:52:56.293,2668,4,0x3fc;0x3f2;0x3f3;0x3fd,0,230
2026-06-02T14:52:56.496,2669,4,0x3fc;0x3f2;0x3f3;0x3fd,0,226
2026-06-02T14:52:56.496,2670,4,0x3fc;0x3f2;0x3f3;0x3fd,0,226
2026-06-02T14:52:56.496,2671,4,0x3fc;0x3f2;0x3f3;0x3fd,0,226
2026-06-02T14:52:56.698,2672,5,0x3fc;0x3f2;0x3f3;0x3fd;0x410,1,370
2026-06-02T14:52:56.698,2673,4,0x3fc;0x3f2;0x3f3;0x3fd,0,242
2026-06-02T14:52:56.901,2674,4,0x3fc;0x3f2;0x3f3;0x3fd,0,228
2026-06-02T14:52:56.901,2675,4,0x3fc;0x3f2;0x3f3;0x3fd,0,282
2026-06-02T14:52:57.105,2676,4,0x3fc;0x3f2;0x3f3;0x3fd,0,313
2026-06-02T14:52:57.105,2677,4,0x3fc;0x3f2;0x3f3;0x3fd,0,236
2026-06-02T14:52:57.309,2678,4,0x3fc;0x3f2;0x3f3;0x3fd,0,226
2026-06-02T14:52:57.309,2679,4,0x3fc;0x3f2;0x3f3;0x3fd,0,226
2026-06-02T14:52:57.309,2680,4,0x3fc;0x3f2;0x3f3;0x3fd,0,226
2026-06-02T14:52:57.514,2681,4,0x3fc;0x3f2;0x3f3;0x3fd,0,226
2026-06-02T14:52:57.514,2682,4,0x3fc;0x3f2;0x3f3;0x3fd,0,394
2026-06-02T14:52:57.716,2683,4,0x3fc;0x3f2;0x3f3;0x3fd,0,247
2026-06-02T14:52:57.716,2684,4,0x3fc;0x3f2;0x3f3;0x3fd,0,226
2026-06-02T14:52:57.919,2685,4,0x3fc;0x3f2;0x3f3;0x3fd,0,274
2026-06-02T14:52:57.919,2686,4,0x3fc;0x3f2;0x3f3;0x3fd,0,232
2026-06-02T14:52:58.123,2687,4,0x3fc;0x3f2;0x3f3;0x3fd,0,890
2026-06-02T14:52:58.123,2688,5,0x3fc;0x3f2;0x3f3;0x3fd;0x410,1,1117
2026-06-02T14:52:58.123,2689,4,0x3fc;0x3f2;0x3f3;0x3fd,0,349
2026-06-02T14:52:58.326,2690,4,0x3fc;0x3f2;0x3f3;0x3fd,0,231
2026-06-02T14:52:58.326,2691,4,0x3fc;0x3f2;0x3f3;0x3fd,0,282
2026-06-02T14:52:58.531,2692,4,0x3fc;0x3f2;0x3f3;0x3fd,0,257
2026-06-02T14:52:58.531,2693,4,0x3fc;0x3f2;0x3f3;0x3fd,0,229
2026-06-02T14:52:58.734,2694,4,0x3fc;0x3f2;0x3f3;0x3fd,0,226
2026-06-02T14:52:58.734,2695,4,0x3fc;0x3f2;0x3f3;0x3fd,0,226
2026-06-02T14:52:58.935,2696,4,0x3fc;0x3f2;0x3f3;0x3fd,0,226
2026-06-02T14:52:58.935,2697,4,0x3fc;0x3f2;0x3f3;0x3fd,0,226
2026-06-02T14:52:58.935,2698,4,0x3fc;0x3f2;0x3f3;0x3fd,0,218
2026-06-02T14:52:59.135,2699,4,0x3fc;0x3f2;0x3f3;0x3fd,0,225
2026-06-02T14:52:59.135,2700,4,0x3fc;0x3f2;0x3f3;0x3fd,0,386
2026-06-02T14:52:59.350,2701,4,0x3fc;0x3f2;0x3f3;0x3fd,0,318
2026-06-02T14:52:59.350,2702,4,0x3fc;0x3f2;0x3f3;0x3fd,0,235
2026-06-02T14:52:59.553,2703,4,0x3fc;0x3f2;0x3f3;0x3fd,0,226
2026-06-02T14:52:59.553,2704,5,0x3fc;0x3f2;0x3f3;0x3fd;0x410,1,370
2026-06-02T14:52:59.553,2705,4,0x3fc;0x3f2;0x3f3;0x3fd,0,354
2026-06-02T14:52:59.758,2706,4,0x3fc;0x3f2;0x3f3;0x3fd,0,258
2026-06-02T14:52:59.758,2707,4,0x3fc;0x3f2;0x3f3;0x3fd,0,228
2026-06-02T14:52:59.960,2708,4,0x3fc;0x3f2;0x3f3;0x3fd,0,242
2026-06-02T14:52:59.960,2709,4,0x3fc;0x3f2;0x3f3;0x3fd,0,412
2026-06-02T14:53:00.164,2710,4,0x3fc;0x3f2;0x3f3;0x3fd,0,257
2026-06-02T14:53:00.164,2711,4,0x3fc;0x3f2;0x3f3;0x3fd,0,323
2026-06-02T14:53:00.366,2712,4,0x3fc;0x3f2;0x3f3;0x3fd,0,566
2026-06-02T14:53:00.366,2713,4,0x3fc;0x3f2;0x3f3;0x3fd,0,379
2026-06-02T14:53:00.366,2714,4,0x3fc;0x3f2;0x3f3;0x3fd,0,240
2026-06-02T14:53:00.569,2715,4,0x3fc;0x3f2;0x3f3;0x3fd,0,226
2026-06-02T14:53:00.569,2716,4,0x3fc;0x3f2;0x3f3;0x3fd,0,226
2026-06-02T14:53:00.774,2717,4,0x3fc;0x3f2;0x3f3;0x3fd,0,226
2026-06-02T14:53:00.774,2718,4,0x3fc;0x3f2;0x3f3;0x3fd,0,242
2026-06-02T14:53:00.976,2719,3,0x3f2;0x3f3;0x3fd,0,184
2026-06-02T14:53:00.976,2720,3,0x3f2;0x3fd;0x410,1,316
2026-06-02T14:53:01.180,2721,3,0x3fc;0x3f2;0x3fd,0,216
2026-06-02T14:53:01.180,2722,4,0x3fc;0x3f2;0x3f3;0x3fd,0,226
2026-06-02T14:53:01.180,2723,4,0x3fc;0x3f2;0x3f3;0x3fd,0,226
2026-06-02T14:53:01.384,2724,4,0x3fc;0x3f2;0x3f3;0x3fd,0,226
2026-06-02T14:53:01.384,2725,4,0x3fc;0x3f2;0x3f3;0x3fd,0,226
2026-06-02T14:53:01.587,2726,4,0x3fc;0x3f2;0x3f3;0x3fd,0,226
2026-06-02T14:53:01.587,2727,4,0x3fc;0x3f2;0x3f3;0x3fd,0,226
2026-06-02T14:53:01.789,2728,4,0x3fc;0x3f2;0x3f3;0x3fd,0,226
2026-06-02T14:53:01.789,2729,4,0x3fc;0x3f2;0x3f3;0x3fd,0,330
2026-06-02T14:53:01.992,2730,4,0x3fc;0x3f2;0x3f3;0x3fd,0,447
2026-06-02T14:53:01.992,2731,4,0x3fc;0x3f2;0x3f3;0x3fd,0,252
2026-06-02T14:53:01.992,2732,4,0x3fc;0x3f2;0x3f3;0x3fd,0,274
2026-06-02T14:53:02.195,2733,4,0x3fc;0x3f2;0x3f3;0x3fd,0,232
2026-06-02T14:53:02.195,2734,4,0x3fc;0x3f2;0x3f3;0x3fd,0,234
2026-06-02T14:53:02.398,2735,4,0x3fc;0x3f2;0x3f3;0x3fd,0,227
2026-06-02T14:53:02.398,2736,5,0x3fc;0x3f2;0x3f3;0x3fd;0x410,1,370
2026-06-02T14:53:02.603,2737,4,0x3fc;0x3f2;0x3f3;0x3fd,0,226
2026-06-02T14:53:02.603,2738,4,0x3fc;0x3f2;0x3f3;0x3fd,0,266
2026-06-02T14:53:02.806,2739,4,0x3fc;0x3f2;0x3f3;0x3fd,0,231
2026-06-02T14:53:02.806,2740,4,0x3fc;0x3f2;0x3f3;0x3fd,0,226
2026-06-02T14:53:02.806,2741,4,0x3fc;0x3f2;0x3f3;0x3fd,0,234
2026-06-02T14:53:03.011,2742,4,0x3fc;0x3f2;0x3f3;0x3fd,0,227
2026-06-02T14:53:03.011,2743,4,0x3fc;0x3f2;0x3f3;0x3fd,0,226
2026-06-02T14:53:03.215,2744,4,0x3fc;0x3f2;0x3f3;0x3fd,0,226
2026-06-02T14:53:03.215,2745,4,0x3fc;0x3f2;0x3f3;0x3fd,0,226
2026-06-02T14:53:03.418,2746,4,0x3fc;0x3f2;0x3f3;0x3fd,0,226
2026-06-02T14:53:03.418,2747,4,0x3fc;0x3f2;0x3f3;0x3fd,0,234
2026-06-02T14:53:03.418,2748,4,0x3fc;0x3f2;0x3f3;0x3fd,0,227
2026-06-02T14:53:03.620,2749,4,0x3fc;0x3f2;0x3f3;0x3fd,0,226
2026-06-02T14:53:03.620,2750,4,0x3fc;0x3f2;0x3f3;0x3fd,0,226
2026-06-02T14:53:03.823,2751,4,0x3fc;0x3f2;0x3f3;0x3fd,0,354
2026-06-02T14:53:03.823,2752,5,0x3fc;0x3f2;0x3f3;0x3fd;0x410,1,514
2026-06-02T14:53:04.025,2753,4,0x3fc;0x3f2;0x3f3;0x3fd,0,242
2026-06-02T14:53:04.025,2754,4,0x3fc;0x3f2;0x3f3;0x3fd,0,242
2026-06-02T14:53:04.227,2755,4,0x3fc;0x3f2;0x3f3;0x3fd,0,228
2026-06-02T14:53:04.227,2756,4,0x3fc;0x3f2;0x3f3;0x3fd,0,282
2026-06-02T14:53:04.429,2757,4,0x3fc;0x3f2;0x3f3;0x3fd,0,257
2026-06-02T14:53:04.429,2758,4,0x3fc;0x3f2;0x3f3;0x3fd,0,229
2026-06-02T14:53:04.429,2759,4,0x3fc;0x3f2;0x3f3;0x3fd,0,226
2026-06-02T14:53:04.632,2760,4,0x3fc;0x3f2;0x3f3;0x3fd,0,234
2026-06-02T14:53:04.632,2761,4,0x3fc;0x3f2;0x3f3;0x3fd,0,227
2026-06-02T14:53:04.835,2762,4,0x3fc;0x3f2;0x3f3;0x3fd,0,298
2026-06-02T14:53:04.835,2763,4,0x3fc;0x3f2;0x3f3;0x3fd,0,267
2026-06-02T14:53:05.041,2764,4,0x3fc;0x3f2;0x3f3;0x3fd,0,230
2026-06-02T14:53:05.041,2765,4,0x3fc;0x3f2;0x3f3;0x3fd,0,226
2026-06-02T14:53:05.042,2766,4,0x3fc;0x3f2;0x3f3;0x3fd,0,242
2026-06-02T14:53:05.257,2767,4,0x3fc;0x3f2;0x3f3;0x3fd,0,228
2026-06-02T14:53:05.472,2768,5,0x3fc;0x3f2;0x3f3;0x3fd;0x410,1,370
2026-06-02T14:53:05.472,2769,4,0x3fc;0x3f2;0x3f3;0x3fd,0,226
2026-06-02T14:53:05.472,2770,4,0x3fc;0x3f2;0x3f3;0x3fd,0,226
2026-06-02T14:53:05.676,2771,4,0x3fc;0x3f2;0x3f3;0x3fd,0,234
2026-06-02T14:53:05.676,2772,4,0x3fc;0x3f2;0x3f3;0x3fd,0,251
2026-06-02T14:53:05.676,2773,3,0x3f2;0x3f3;0x3fd,0,185
2026-06-02T14:53:05.878,2774,3,0x3fc;0x3f2;0x3fd,0,280
2026-06-02T14:53:05.878,2775,4,0x3fc;0x3f2;0x3f3;0x3fd,0,234
2026-06-02T14:53:06.081,2776,4,0x3fc;0x3f2;0x3f3;0x3fd,0,226
2026-06-02T14:53:06.081,2777,4,0x3fc;0x3f2;0x3f3;0x3fd,0,258
2026-06-02T14:53:06.284,2778,4,0x3fc;0x3f2;0x3f3;0x3fd,0,230
2026-06-02T14:53:06.284,2779,4,0x3fc;0x3f2;0x3f3;0x3fd,0,226
2026-06-02T14:53:06.487,2780,4,0x3fc;0x3f2;0x3f3;0x3fd,0,226
2026-06-02T14:53:06.488,2781,4,0x3fc;0x3f2;0x3f3;0x3fd,0,226
2026-06-02T14:53:06.488,2782,4,0x3fc;0x3f2;0x3f3;0x3fd,0,226
2026-06-02T14:53:06.690,2783,4,0x3fc;0x3f2;0x3f3;0x3fd,0,242
2026-06-02T14:53:06.893,2784,5,0x3fc;0x3f2;0x3f3;0x3fd;0x410,1,388
2026-06-02T14:53:06.893,2785,4,0x3fc;0x3f2;0x3f3;0x3fd,0,236
2026-06-02T14:53:06.893,2786,4,0x3fc;0x3f2;0x3f3;0x3fd,0,275
2026-06-02T14:53:07.095,2787,4,0x3fc;0x3f2;0x3f3;0x3fd,0,232
2026-06-02T14:53:07.095,2788,4,0x3fc;0x3f2;0x3f3;0x3fd,0,226
2026-06-02T14:53:07.298,2789,4,0x3fc;0x3f2;0x3f3;0x3fd,0,226
2026-06-02T14:53:07.298,2790,4,0x3fc;0x3f2;0x3f3;0x3fd,0,242
2026-06-02T14:53:07.298,2791,4,0x3fc;0x3f2;0x3f3;0x3fd,0,228
2026-06-02T14:53:07.499,2792,4,0x3fc;0x3f2;0x3f3;0x3fd,0,354
2026-06-02T14:53:07.499,2793,4,0x3fc;0x3f2;0x3f3;0x3fd,0,242
2026-06-02T14:53:07.702,2794,4,0x3fc;0x3f2;0x3f3;0x3fd,0,218
2026-06-02T14:53:07.702,2795,4,0x3fc;0x3f2;0x3f3;0x3fd,0,225
2026-06-02T14:53:07.905,2796,4,0x3fc;0x3f2;0x3f3;0x3fd,0,226
2026-06-02T14:53:07.905,2797,4,0x3fc;0x3f2;0x3f3;0x3fd,0,242
2026-06-02T14:53:08.108,2798,4,0x3fc;0x3f2;0x3f3;0x3fd,0,228
2026-06-02T14:53:08.108,2799,4,0x3fc;0x3f2;0x3f3;0x3fd,0,226
2026-06-02T14:53:08.310,2800,5,0x3fc;0x3f2;0x3f3;0x3fd;0x410,1,370
2026-06-02T14:53:08.310,2801,4,0x3fc;0x3f2;0x3f3;0x3fd,0,226
2026-06-02T14:53:08.310,2802,4,0x3fc;0x3f2;0x3f3;0x3fd,0,226
2026-06-02T14:53:08.514,2803,4,0x3fc;0x3f2;0x3f3;0x3fd,0,226
2026-06-02T14:53:08.514,2804,4,0x3fc;0x3f2;0x3f3;0x3fd,0,250
2026-06-02T14:53:08.716,2805,4,0x3fc;0x3f2;0x3f3;0x3fd,0,221
2026-06-02T14:53:08.716,2806,4,0x3fc;0x3f2;0x3f3;0x3fd,0,225
2026-06-02T14:53:08.920,2807,4,0x3fc;0x3f2;0x3f3;0x3fd,0,226
2026-06-02T14:53:08.920,2808,4,0x3fc;0x3f2;0x3f3;0x3fd,0,226
2026-06-02T14:53:08.920,2809,4,0x3fc;0x3f2;0x3f3;0x3fd,0,226
2026-06-02T14:53:09.122,2810,4,0x3fc;0x3f2;0x3f3;0x3fd,0,226
2026-06-02T14:53:09.122,2811,4,0x3fc;0x3f2;0x3f3;0x3fd,0,226
2026-06-02T14:53:09.323,2812,4,0x3fc;0x3f2;0x3f3;0x3fd,0,226
2026-06-02T14:53:09.323,2813,4,0x3fc;0x3f2;0x3f3;0x3fd,0,242
2026-06-02T14:53:09.526,2814,4,0x3fc;0x3f2;0x3f3;0x3fd,0,228
2026-06-02T14:53:09.526,2815,4,0x3fc;0x3f2;0x3f3;0x3fd,0,450
2026-06-02T14:53:09.730,2816,5,0x3fc;0x3f2;0x3f3;0x3fd;0x410,1,622
2026-06-02T14:53:09.730,2817,4,0x3fc;0x3f2;0x3f3;0x3fd,0,254
2026-06-02T14:53:09.730,2818,4,0x3fc;0x3f2;0x3f3;0x3fd,0,226
2026-06-02T14:53:09.933,2819,4,0x3fc;0x3f2;0x3f3;0x3fd,0,226
2026-06-02T14:53:09.933,2820,4,0x3fc;0x3f2;0x3f3;0x3fd,0,554
2026-06-02T14:53:10.137,2821,4,0x3fc;0x3f2;0x3f3;0x3fd,0,515
2026-06-02T14:53:10.137,2822,4,0x3fc;0x3f2;0x3f3;0x3fd,0,281
2026-06-02T14:53:10.340,2823,4,0x3fc;0x3f2;0x3f3;0x3fd,0,229
2026-06-02T14:53:10.340,2824,4,0x3fc;0x3f2;0x3f3;0x3fd,0,242
2026-06-02T14:53:10.545,2825,4,0x3fc;0x3f2;0x3f3;0x3fd,0,244
2026-06-02T14:53:10.545,2826,4,0x3fc;0x3f2;0x3f3;0x3fd,0,404
2026-06-02T14:53:10.545,2827,4,0x3fc;0x3f2;0x3f3;0x3fd,0,248
2026-06-02T14:53:10.749,2828,4,0x3fc;0x3f2;0x3f3;0x3fd,0,226
2026-06-02T14:53:10.749,2829,4,0x3fc;0x3f2;0x3f3;0x3fd,0,226
2026-06-02T14:53:10.953,2830,4,0x3fc;0x3f2;0x3f3;0x3fd,0,226
2026-06-02T14:53:10.953,2831,4,0x3fc;0x3f2;0x3f3;0x3fd,0,226
2026-06-02T14:53:11.155,2832,5,0x3fc;0x3f2;0x3f3;0x3fd;0x410,1,370
2026-06-02T14:53:11.155,2833,4,0x3fc;0x3f2;0x3f3;0x3fd,0,282
2026-06-02T14:53:11.356,2834,4,0x3fc;0x3f2;0x3f3;0x3fd,0,233
2026-06-02T14:53:11.356,2835,4,0x3fc;0x3f2;0x3f3;0x3fd,0,226
2026-06-02T14:53:11.356,2836,4,0x3fc;0x3f2;0x3f3;0x3fd,0,226
2026-06-02T14:53:11.561,2837,4,0x3fc;0x3f2;0x3f3;0x3fd,0,338
2026-06-02T14:53:11.561,2838,4,0x3fc;0x3f2;0x3f3;0x3fd,0,240
2026-06-02T14:53:11.762,2839,4,0x3fc;0x3f2;0x3f3;0x3fd,0,226
2026-06-02T14:53:11.762,2840,4,0x3fc;0x3f2;0x3f3;0x3fd,0,226
2026-06-02T14:53:11.964,2841,4,0x3fc;0x3f2;0x3f3;0x3fd,0,226
2026-06-02T14:53:11.964,2842,4,0x3fc;0x3f2;0x3f3;0x3fd,0,274
2026-06-02T14:53:12.165,2843,4,0x3fc;0x3f2;0x3f3;0x3fd,0,272
2026-06-02T14:53:12.165,2844,4,0x3fc;0x3f2;0x3f3;0x3fd,0,271
2026-06-02T14:53:12.165,2845,4,0x3fc;0x3f2;0x3f3;0x3fd,0,231
2026-06-02T14:53:12.367,2846,4,0x3fc;0x3f2;0x3f3;0x3fd,0,226
2026-06-02T14:53:12.367,2847,4,0x3fc;0x3f2;0x3f3;0x3fd,0,234
2026-06-02T14:53:12.571,2848,5,0x3fc;0x3f2;0x3f3;0x3fd;0x410,1,379
2026-06-02T14:53:12.571,2849,4,0x3fc;0x3f2;0x3f3;0x3fd,0,227
2026-06-02T14:53:12.774,2850,4,0x3fc;0x3f2;0x3f3;0x3fd,0,242
2026-06-02T14:53:12.774,2851,4,0x3fc;0x3f2;0x3f3;0x3fd,0,228
2026-06-02T14:53:12.975,2852,4,0x3fc;0x3f2;0x3f3;0x3fd,0,226
2026-06-02T14:53:12.975,2853,4,0x3fc;0x3f2;0x3f3;0x3fd,0,242
2026-06-02T14:53:12.975,2854,4,0x3fc;0x3f2;0x3f3;0x3fd,0,236
2026-06-02T14:53:13.178,2855,4,0x3fc;0x3f2;0x3f3;0x3fd,0,227
2026-06-02T14:53:13.178,2856,4,0x3fc;0x3f2;0x3f3;0x3fd,0,226
2026-06-02T14:53:13.381,2857,4,0x3fc;0x3f2;0x3f3;0x3fd,0,226
2026-06-02T14:53:13.381,2858,4,0x3fc;0x3f2;0x3f3;0x3fd,0,298
2026-06-02T14:53:13.582,2859,4,0x3fc;0x3f2;0x3f3;0x3fd,0,243
2026-06-02T14:53:13.582,2860,4,0x3fc;0x3f2;0x3f3;0x3fd,0,259
2026-06-02T14:53:13.786,2861,4,0x3fc;0x3f2;0x3f3;0x3fd,0,230
2026-06-02T14:53:13.786,2862,4,0x3fc;0x3f2;0x3f3;0x3fd,0,226
2026-06-02T14:53:13.786,2863,4,0x3fc;0x3f2;0x3f3;0x3fd,0,226
2026-06-02T14:53:13.988,2864,5,0x3fc;0x3f2;0x3f3;0x3fd;0x410,1,370
2026-06-02T14:53:13.988,2865,4,0x3fc;0x3f2;0x3f3;0x3fd,0,226
2026-06-02T14:53:14.191,2866,4,0x3fc;0x3f2;0x3f3;0x3fd,0,226
2026-06-02T14:53:14.191,2867,4,0x3fc;0x3f2;0x3f3;0x3fd,0,226
2026-06-02T14:53:14.392,2868,4,0x3fc;0x3f2;0x3f3;0x3fd,0,226
2026-06-02T14:53:14.392,2869,4,0x3fc;0x3f2;0x3f3;0x3fd,0,282
2026-06-02T14:53:14.595,2870,4,0x3fc;0x3f2;0x3f3;0x3fd,0,249
2026-06-02T14:53:14.595,2871,4,0x3fc;0x3f2;0x3f3;0x3fd,0,228
2026-06-02T14:53:14.595,2872,4,0x3fc;0x3f2;0x3f3;0x3fd,0,226
2026-06-02T14:53:14.797,2873,4,0x3fc;0x3f2;0x3f3;0x3fd,0,226
2026-06-02T14:53:14.797,2874,4,0x3fc;0x3f2;0x3f3;0x3fd,0,226
2026-06-02T14:53:14.999,2875,4,0x3fc;0x3f2;0x3f3;0x3fd,0,226
2026-06-02T14:53:14.999,2876,4,0x3fc;0x3f2;0x3f3;0x3fd,0,226
2026-06-02T14:53:15.202,2877,4,0x3fc;0x3f2;0x3f3;0x3fd,0,242
2026-06-02T14:53:15.202,2878,4,0x3fc;0x3f2;0x3f3;0x3fd,0,236
2026-06-02T14:53:15.404,2879,4,0x3fc;0x3f2;0x3f3;0x3fd,0,235
2026-06-02T14:53:15.404,2880,5,0x3fc;0x3f2;0x3f3;0x3fd;0x410,1,379
2026-06-02T14:53:15.404,2881,4,0x3fc;0x3f2;0x3f3;0x3fd,0,227
2026-06-02T14:53:15.606,2882,4,0x3fc;0x3f2;0x3f3;0x3fd,0,226
2026-06-02T14:53:15.606,2883,4,0x3fc;0x3f2;0x3f3;0x3fd,0,226
2026-06-02T14:53:15.807,2884,4,0x3fc;0x3f2;0x3f3;0x3fd,0,226
2026-06-02T14:53:15.807,2885,4,0x3fc;0x3f2;0x3f3;0x3fd,0,226
2026-06-02T14:53:16.013,2886,4,0x3fc;0x3f2;0x3f3;0x3fd,0,226
2026-06-02T14:53:16.013,2887,4,0x3fc;0x3f2;0x3f3;0x3fd,0,250
2026-06-02T14:53:16.214,2888,4,0x3fc;0x3f2;0x3f3;0x3fd,0,229
2026-06-02T14:53:16.214,2889,4,0x3fc;0x3f2;0x3f3;0x3fd,0,226
2026-06-02T14:53:16.214,2890,3,0x3f2;0x3f3;0x3fd,0,182
2026-06-02T14:53:16.416,2891,3,0x3fc;0x3f2;0x3fd,0,216
2026-06-02T14:53:16.416,2892,4,0x3fc;0x3f2;0x3f3;0x3fd,0,226
2026-06-02T14:53:16.620,2893,4,0x3fc;0x3f2;0x3f3;0x3fd,0,226
2026-06-02T14:53:16.620,2894,4,0x3fc;0x3f2;0x3f3;0x3fd,0,250
2026-06-02T14:53:16.823,2895,4,0x3fc;0x3f2;0x3f3;0x3fd,0,229
2026-06-02T14:53:16.823,2896,5,0x3fc;0x3f2;0x3f3;0x3fd;0x410,1,370
2026-06-02T14:53:17.025,2897,4,0x3fc;0x3f2;0x3f3;0x3fd,0,226
2026-06-02T14:53:17.025,2898,4,0x3fc;0x3f2;0x3f3;0x3fd,0,226
2026-06-02T14:53:17.025,2899,4,0x3fc;0x3f2;0x3f3;0x3fd,0,226
2026-06-02T14:53:17.227,2900,4,0x3fc;0x3f2;0x3f3;0x3fd,0,258
2026-06-02T14:53:17.227,2901,4,0x3fc;0x3f2;0x3f3;0x3fd,0,238
2026-06-02T14:53:17.430,2902,4,0x3fc;0x3f2;0x3f3;0x3fd,0,227
2026-06-02T14:53:17.430,2903,4,0x3fc;0x3f2;0x3f3;0x3fd,0,226
2026-06-02T14:53:17.631,2904,4,0x3fc;0x3f2;0x3f3;0x3fd,0,226
2026-06-02T14:53:17.631,2905,4,0x3fc;0x3f2;0x3f3;0x3fd,0,226
2026-06-02T14:53:17.837,2906,4,0x3fc;0x3f2;0x3f3;0x3fd,0,226
2026-06-02T14:53:17.837,2907,4,0x3fc;0x3f2;0x3f3;0x3fd,0,234
2026-06-02T14:53:17.837,2908,4,0x3fc;0x3f2;0x3f3;0x3fd,0,235
2026-06-02T14:53:18.039,2909,4,0x3fc;0x3f2;0x3f3;0x3fd,0,227
2026-06-02T14:53:18.039,2910,4,0x3fc;0x3f2;0x3f3;0x3fd,0,226
2026-06-02T14:53:18.243,2911,4,0x3fc;0x3f2;0x3f3;0x3fd,0,386
2026-06-02T14:53:18.243,2912,5,0x3fc;0x3f2;0x3f3;0x3fd;0x410,1,550
2026-06-02T14:53:18.444,2913,4,0x3fc;0x3f2;0x3f3;0x3fd,0,246
2026-06-02T14:53:18.444,2914,4,0x3fc;0x3f2;0x3f3;0x3fd,0,226
2026-06-02T14:53:18.646,2915,4,0x3fc;0x3f2;0x3f3;0x3fd,0,250
2026-06-02T14:53:18.646,2916,4,0x3fc;0x3f2;0x3f3;0x3fd,0,229
2026-06-02T14:53:18.646,2917,4,0x3fc;0x3f2;0x3f3;0x3fd,0,226
2026-06-02T14:53:18.849,2918,4,0x3fc;0x3f2;0x3f3;0x3fd,0,226
2026-06-02T14:53:18.849,2919,4,0x3fc;0x3f2;0x3f3;0x3fd,0,226
2026-06-02T14:53:19.050,2920,4,0x3fc;0x3f2;0x3f3;0x3fd,0,226
2026-06-02T14:53:19.050,2921,4,0x3fc;0x3f2;0x3f3;0x3fd,0,226
2026-06-02T14:53:19.253,2922,4,0x3fc;0x3f2;0x3f3;0x3fd,0,282
2026-06-02T14:53:19.253,2923,4,0x3fc;0x3f2;0x3f3;0x3fd,0,233
2026-06-02T14:53:19.457,2924,4,0x3fc;0x3f2;0x3f3;0x3fd,0,234
2026-06-02T14:53:19.457,2925,4,0x3fc;0x3f2;0x3f3;0x3fd,0,227
2026-06-02T14:53:19.457,2926,4,0x3fc;0x3f2;0x3f3;0x3fd,0,234
2026-06-02T14:53:19.662,2927,4,0x3fc;0x3f2;0x3f3;0x3fd,0,227
2026-06-02T14:53:19.662,2928,5,0x3fc;0x3f2;0x3f3;0x3fd;0x410,1,370
2026-06-02T14:53:19.864,2929,4,0x3fc;0x3f2;0x3f3;0x3fd,0,226
2026-06-02T14:53:19.864,2930,4,0x3fc;0x3f2;0x3f3;0x3fd,0,226
2026-06-02T14:53:20.065,2931,4,0x3fc;0x3f2;0x3f3;0x3fd,0,226
2026-06-02T14:53:20.065,2932,4,0x3fc;0x3f2;0x3f3;0x3fd,0,226
2026-06-02T14:53:20.266,2933,4,0x3fc;0x3f2;0x3f3;0x3fd,0,330
2026-06-02T14:53:20.266,2934,4,0x3fc;0x3f2;0x3f3;0x3fd,0,239
2026-06-02T14:53:20.266,2935,4,0x3fc;0x3f2;0x3f3;0x3fd,0,226
2026-06-02T14:53:20.467,2936,4,0x3fc;0x3f2;0x3f3;0x3fd,0,226
2026-06-02T14:53:20.467,2937,4,0x3fc;0x3f2;0x3f3;0x3fd,0,226
2026-06-02T14:53:20.669,2938,4,0x3fc;0x3f2;0x3f3;0x3fd,0,226
2026-06-02T14:53:20.669,2939,4,0x3fc;0x3f2;0x3f3;0x3fd,0,226
2026-06-02T14:53:20.870,2940,4,0x3fc;0x3f2;0x3f3;0x3fd,0,226
2026-06-02T14:53:20.870,2941,4,0x3fc;0x3f2;0x3f3;0x3fd,0,226
2026-06-02T14:53:21.073,2942,4,0x3fc;0x3f2;0x3f3;0x3fd,0,226
2026-06-02T14:53:21.073,2943,4,0x3fc;0x3f2;0x3f3;0x3fd,0,266
2026-06-02T14:53:21.278,2944,5,0x3fc;0x3f2;0x3f3;0x3fd;0x410,1,415
2026-06-02T14:53:21.278,2945,4,0x3fc;0x3f2;0x3f3;0x3fd,0,231
2026-06-02T14:53:21.278,2946,4,0x3fc;0x3f2;0x3f3;0x3fd,0,226
2026-06-02T14:53:21.481,2947,4,0x3fc;0x3f2;0x3f3;0x3fd,0,226
2026-06-02T14:53:21.481,2948,4,0x3fc;0x3f2;0x3f3;0x3fd,0,226
2026-06-02T14:53:21.684,2949,4,0x3fc;0x3f2;0x3f3;0x3fd,0,226
2026-06-02T14:53:21.684,2950,4,0x3fc;0x3f2;0x3f3;0x3fd,0,226
2026-06-02T14:53:21.886,2951,4,0x3fc;0x3f2;0x3f3;0x3fd,0,226
2026-06-02T14:53:21.886,2952,4,0x3fc;0x3f2;0x3f3;0x3fd,0,226
2026-06-02T14:53:21.886,2953,4,0x3fc;0x3f2;0x3f3;0x3fd,0,226
2026-06-02T14:53:22.089,2954,4,0x3fc;0x3f2;0x3f3;0x3fd,0,290
2026-06-02T14:53:22.089,2955,4,0x3fc;0x3f2;0x3f3;0x3fd,0,242
2026-06-02T14:53:22.290,2956,4,0x3fc;0x3f2;0x3f3;0x3fd,0,227
2026-06-02T14:53:22.290,2957,4,0x3fc;0x3f2;0x3f3;0x3fd,0,226
2026-06-02T14:53:22.495,2958,4,0x3fc;0x3f2;0x3f3;0x3fd,0,226
2026-06-02T14:53:22.495,2959,4,0x3fc;0x3f2;0x3f3;0x3fd,0,226
2026-06-02T14:53:22.698,2960,5,0x3fc;0x3f2;0x3f3;0x3fd;0x410,1,370
2026-06-02T14:53:22.699,2961,4,0x3fc;0x3f2;0x3f3;0x3fd,0,226
2026-06-02T14:53:22.699,2962,4,0x3fc;0x3f2;0x3f3;0x3fd,0,226
2026-06-02T14:53:22.900,2963,4,0x3fc;0x3f2;0x3f3;0x3fd,0,226
2026-06-02T14:53:22.900,2964,4,0x3fc;0x3f2;0x3f3;0x3fd,0,226
2026-06-02T14:53:23.102,2965,4,0x3fc;0x3f2;0x3f3;0x3fd,0,258
2026-06-02T14:53:23.102,2966,4,0x3fc;0x3f2;0x3f3;0x3fd,0,230
2026-06-02T14:53:23.304,2967,4,0x3fc;0x3f2;0x3f3;0x3fd,0,226
2026-06-02T14:53:23.304,2968,4,0x3fc;0x3f2;0x3f3;0x3fd,0,226
2026-06-02T14:53:23.506,2969,4,0x3fc;0x3f2;0x3f3;0x3fd,0,226
2026-06-02T14:53:23.506,2970,4,0x3fc;0x3f2;0x3f3;0x3fd,0,226
2026-06-02T14:53:23.506,2971,4,0x3fc;0x3f2;0x3f3;0x3fd,0,226
2026-06-02T14:53:23.710,2972,4,0x3fc;0x3f2;0x3f3;0x3fd,0,226
2026-06-02T14:53:23.710,2973,4,0x3fc;0x3f2;0x3f3;0x3fd,0,226
2026-06-02T14:53:23.910,2974,4,0x3fc;0x3f2;0x3f3;0x3fd,0,226
2026-06-02T14:53:23.910,2975,4,0x3fc;0x3f2;0x3f3;0x3fd,0,274
2026-06-02T14:53:24.114,2976,5,0x3fc;0x3f2;0x3f3;0x3fd;0x410,1,424
2026-06-02T14:53:24.114,2977,4,0x3fc;0x3f2;0x3f3;0x3fd,0,232
2026-06-02T14:53:24.329,2978,4,0x3fc;0x3f2;0x3f3;0x3fd,0,226
2026-06-02T14:53:24.329,2979,4,0x3fc;0x3f2;0x3f3;0x3fd,0,226
2026-06-02T14:53:24.329,2980,4,0x3fc;0x3f2;0x3f3;0x3fd,0,226
2026-06-02T14:53:24.531,2981,4,0x3fc;0x3f2;0x3f3;0x3fd,0,226
2026-06-02T14:53:24.531,2982,4,0x3fc;0x3f2;0x3f3;0x3fd,0,226
2026-06-02T14:53:24.735,2983,4,0x3fc;0x3f2;0x3f3;0x3fd,0,226
2026-06-02T14:53:24.735,2984,4,0x3fc;0x3f2;0x3f3;0x3fd,0,226
2026-06-02T14:53:24.937,2985,4,0x3fc;0x3f2;0x3f3;0x3fd,0,242
2026-06-02T14:53:24.937,2986,4,0x3fc;0x3f2;0x3f3;0x3fd,0,284
2026-06-02T14:53:24.937,2987,4,0x3fc;0x3f2;0x3f3;0x3fd,0,233
2026-06-02T14:53:25.153,2988,4,0x3fc;0x3f2;0x3f3;0x3fd,0,226
2026-06-02T14:53:25.153,2989,4,0x3fc;0x3f2;0x3f3;0x3fd,0,234
2026-06-02T14:53:25.354,2990,4,0x3fc;0x3f2;0x3f3;0x3fd,0,227
2026-06-02T14:53:25.354,2991,4,0x3fc;0x3f2;0x3f3;0x3fd,0,226
2026-06-02T14:53:25.556,2992,5,0x3fc;0x3f2;0x3f3;0x3fd;0x410,1,370
2026-06-02T14:53:25.556,2993,4,0x3fc;0x3f2;0x3f3;0x3fd,0,226
2026-06-02T14:53:25.556,2994,4,0x3fc;0x3f2;0x3f3;0x3fd,0,226
2026-06-02T14:53:25.759,2995,4,0x3fc;0x3f2;0x3f3;0x3fd,0,226
2026-06-02T14:53:25.759,2996,4,0x3fc;0x3f2;0x3f3;0x3fd,0,226
2026-06-02T14:53:25.964,2997,4,0x3fc;0x3f2;0x3f3;0x3fd,0,226
2026-06-02T14:53:25.964,2998,4,0x3fc;0x3f2;0x3f3;0x3fd,0,226
2026-06-02T14:53:26.166,2999,4,0x3fc;0x3f2;0x3f3;0x3fd,0,226
2026-06-02T14:53:26.166,3000,4,0x3fc;0x3f2;0x3f3;0x3fd,0,226
2026-06-02T14:53:26.369,3001,4,0x3fc;0x3f2;0x3f3;0x3fd,0,234
2026-06-02T14:53:26.369,3002,4,0x3fc;0x3f2;0x3f3;0x3fd,0,227
2026-06-02T14:53:26.369,3003,4,0x3fc;0x3f2;0x3f3;0x3fd,0,234
2026-06-02T14:53:26.572,3004,4,0x3fc;0x3f2;0x3f3;0x3fd,0,227
2026-06-02T14:53:26.572,3005,4,0x3fc;0x3f2;0x3f3;0x3fd,0,226
2026-06-02T14:53:26.775,3006,4,0x3fc;0x3f2;0x3f3;0x3fd,0,226
2026-06-02T14:53:26.775,3007,4,0x3fc;0x3f2;0x3f3;0x3fd,0,314
2026-06-02T14:53:26.978,3008,5,0x3fc;0x3f2;0x3f3;0x3fd;0x410,1,469
2026-06-02T14:53:26.978,3009,4,0x3fc;0x3f2;0x3f3;0x3fd,0,245
2026-06-02T14:53:27.180,3010,4,0x3fc;0x3f2;0x3f3;0x3fd,0,227
2026-06-02T14:53:27.180,3011,4,0x3fc;0x3f2;0x3f3;0x3fd,0,226
2026-06-02T14:53:27.180,3012,4,0x3fc;0x3f2;0x3f3;0x3fd,0,226
2026-06-02T14:53:27.384,3013,4,0x3fc;0x3f2;0x3f3;0x3fd,0,226
2026-06-02T14:53:27.384,3014,4,0x3fc;0x3f2;0x3f3;0x3fd,0,226
2026-06-02T14:53:27.586,3015,4,0x3fc;0x3f2;0x3f3;0x3fd,0,226
2026-06-02T14:53:27.586,3016,4,0x3fc;0x3f2;0x3f3;0x3fd,0,242
2026-06-02T14:53:27.790,3017,4,0x3fc;0x3f2;0x3f3;0x3fd,0,228
2026-06-02T14:53:27.790,3018,3,0x3f2;0x3f3;0x3fd,0,182
2026-06-02T14:53:27.991,3019,3,0x3fc;0x3f2;0x3fd,0,216
2026-06-02T14:53:27.991,3020,4,0x3fc;0x3f2;0x3f3;0x3fd,0,226
2026-06-02T14:53:27.991,3021,4,0x3fc;0x3f2;0x3f3;0x3fd,0,234
2026-06-02T14:53:28.194,3022,4,0x3fc;0x3f2;0x3f3;0x3fd,0,227
2026-06-02T14:53:28.194,3023,4,0x3fc;0x3f2;0x3f3;0x3fd,0,226
2026-06-02T14:53:28.397,3024,5,0x3fc;0x3f2;0x3f3;0x3fd;0x410,1,370
2026-06-02T14:53:28.397,3025,4,0x3fc;0x3f2;0x3f3;0x3fd,0,226
2026-06-02T14:53:28.598,3026,4,0x3fc;0x3f2;0x3f3;0x3fd,0,226
2026-06-02T14:53:28.598,3027,4,0x3fc;0x3f2;0x3f3;0x3fd,0,226
2026-06-02T14:53:28.802,3028,4,0x3fc;0x3f2;0x3f3;0x3fd,0,234
2026-06-02T14:53:28.802,3029,4,0x3fc;0x3f2;0x3f3;0x3fd,0,259
2026-06-02T14:53:28.803,3030,4,0x3fc;0x3f2;0x3f3;0x3fd,0,230
2026-06-02T14:53:29.005,3031,4,0x3fc;0x3f2;0x3f3;0x3fd,0,226
2026-06-02T14:53:29.005,3032,4,0x3fc;0x3f2;0x3f3;0x3fd,0,226
2026-06-02T14:53:29.209,3033,4,0x3fc;0x3f2;0x3f3;0x3fd,0,226
2026-06-02T14:53:29.209,3034,4,0x3fc;0x3f2;0x3f3;0x3fd,0,226
2026-06-02T14:53:29.411,3035,4,0x3fc;0x3f2;0x3f3;0x3fd,0,226
2026-06-02T14:53:29.411,3036,4,0x3fc;0x3f2;0x3f3;0x3fd,0,226
2026-06-02T14:53:29.613,3037,4,0x3fc;0x3f2;0x3f3;0x3fd,0,226
2026-06-02T14:53:29.613,3038,4,0x3fc;0x3f2;0x3f3;0x3fd,0,226
2026-06-02T14:53:29.817,3039,2,0x3fc;0x3fd,0,232
2026-06-02T14:53:29.817,3040,3,0x3fc;0x3fd;0x410,1,376
2026-06-02T14:53:29.817,3041,2,0x3fc;0x3fd,0,96
2026-06-02T14:53:30.023,3042,2,0x3fc;0x3fd,0,96
2026-06-02T14:53:30.023,3043,2,0x3fc;0x3fd,0,96
2026-06-02T14:53:30.227,3044,2,0x3fc;0x3fd,0,96
2026-06-02T14:53:30.227,3045,2,0x3fc;0x3fd,0,96
2026-06-02T14:53:30.430,3046,2,0x3fc;0x3fd,0,96
2026-06-02T14:53:30.430,3047,2,0x3fc;0x3fd,0,96
2026-06-02T14:53:30.430,3048,2,0x3fc;0x3fd,0,96
2026-06-02T14:53:30.632,3049,2,0x3fc;0x3fd,0,96
2026-06-02T14:53:30.632,3050,2,0x3fc;0x3fd,0,88
2026-06-02T14:53:30.834,3051,2,0x3fc;0x3fd,0,96
2026-06-02T14:53:30.834,3052,2,0x3fc;0x3fd,0,96
2026-06-02T14:53:31.037,3053,2,0x3fc;0x3fd,0,96
2026-06-02T14:53:31.037,3054,2,0x3fc;0x3fd,0,96
2026-06-02T14:53:31.241,3055,2,0x3fc;0x3fd,0,96
2026-06-02T14:53:31.241,3056,3,0x3fc;0x3fd;0x410,1,240
2026-06-02T14:53:31.241,3057,2,0x3fc;0x3fd,0,96
2026-06-02T14:53:31.444,3058,2,0x3fc;0x3fd,0,96
2026-06-02T14:53:31.444,3059,2,0x3fc;0x3fd,0,96
2026-06-02T14:53:31.646,3060,2,0x3fc;0x3fd,0,96
2026-06-02T14:53:31.646,3061,1,0x3fd,0,52
2026-06-02T14:53:31.848,3062,2,0x3fc;0x3fd,0,96
2026-06-02T14:53:31.848,3063,2,0x3fc;0x3fd,0,96
2026-06-02T14:53:32.052,3064,2,0x3fc;0x3fd,0,96
2026-06-02T14:53:32.052,3065,2,0x3fc;0x3fd,0,96
2026-06-02T14:53:32.052,3066,2,0x3fc;0x3fd,0,96
2026-06-02T14:53:32.256,3067,2,0x3fc;0x3fd,0,96
2026-06-02T14:53:32.256,3068,2,0x3fc;0x3fd,0,96
2026-06-02T14:53:32.458,3069,2,0x3fc;0x3fd,0,104
2026-06-02T14:53:32.458,3070,2,0x3fc;0x3fd,0,96
2026-06-02T14:53:32.661,3071,2,0x3fc;0x3fd,0,104
2026-06-02T14:53:32.661,3072,3,0x3fc;0x3fd;0x410,1,248
2026-06-02T14:53:32.863,3073,2,0x3fc;0x3fd,0,96
2026-06-02T14:53:32.863,3074,2,0x3fc;0x3fd,0,96
2026-06-02T14:53:32.863,3075,2,0x3fc;0x3fd,0,104
2026-06-02T14:53:33.067,3076,2,0x3fc;0x3fd,0,96
2026-06-02T14:53:33.067,3077,2,0x3fc;0x3fd,0,96
2026-06-02T14:53:33.270,3078,2,0x3fc;0x3fd,0,96
2026-06-02T14:53:33.270,3079,2,0x3fc;0x3fd,0,96
2026-06-02T14:53:33.473,3080,2,0x3fc;0x3fd,0,96
2026-06-02T14:53:33.473,3081,2,0x3fc;0x3fd,0,96
2026-06-02T14:53:33.674,3082,2,0x3fc;0x3fd,0,160
2026-06-02T14:53:33.674,3083,2,0x3fc;0x3fd,0,96
2026-06-02T14:53:33.674,3084,2,0x3fc;0x3fd,0,96
2026-06-02T14:53:33.875,3085,2,0x3fc;0x3fd,0,96
2026-06-02T14:53:33.875,3086,2,0x3fc;0x3fd,0,96
2026-06-02T14:53:34.077,3087,2,0x3fc;0x3fd,0,96
2026-06-02T14:53:34.077,3088,3,0x3fc;0x3fd;0x410,1,240
2026-06-02T14:53:34.280,3089,2,0x3fc;0x3fd,0,96
2026-06-02T14:53:34.280,3090,2,0x3fc;0x3fd,0,96
2026-06-02T14:53:34.483,3091,2,0x3fc;0x3fd,0,96
2026-06-02T14:53:34.483,3092,2,0x3fc;0x3fd,0,96
2026-06-02T14:53:34.483,3093,2,0x3fc;0x3fd,0,136
2026-06-02T14:53:34.686,3094,2,0x3fc;0x3fd,0,96
2026-06-02T14:53:34.686,3095,2,0x3fc;0x3fd,0,112
2026-06-02T14:53:34.888,3096,2,0x3fc;0x3fd,0,112
2026-06-02T14:53:34.888,3097,2,0x3fc;0x3fd,0,112
2026-06-02T14:53:35.092,3098,2,0x3fc;0x3fd,0,96
2026-06-02T14:53:35.092,3099,2,0x3fc;0x3fd,0,96
2026-06-02T14:53:35.295,3100,2,0x3fc;0x3fd,0,104
2026-06-02T14:53:35.295,3101,2,0x3fc;0x3fd,0,96
2026-06-02T14:53:35.295,3102,2,0x3fc;0x3fd,0,96
2026-06-02T14:53:35.496,3103,2,0x3fc;0x3fd,0,288
2026-06-02T14:53:35.700,3104,3,0x3fc;0x3fd;0x410,1,432
2026-06-02T14:53:35.700,3105,2,0x3fc;0x3fd,0,200
2026-06-02T14:53:35.700,3106,2,0x3fc;0x3fd,0,112
2026-06-02T14:53:35.903,3107,2,0x3fc;0x3fd,0,96
2026-06-02T14:53:35.903,3108,2,0x3fc;0x3fd,0,104
2026-06-02T14:53:36.107,3109,2,0x3fc;0x3fd,0,96
2026-06-02T14:53:36.107,3110,2,0x3fc;0x3fd,0,96
2026-06-02T14:53:36.107,3111,2,0x3fc;0x3fd,0,96
2026-06-02T14:53:36.308,3112,2,0x3fc;0x3fd,0,96
2026-06-02T14:53:36.308,3113,2,0x3fc;0x3fd,0,144
2026-06-02T14:53:36.511,3114,2,0x3fc;0x3fd,0,384
2026-06-02T14:53:36.511,3115,2,0x3fc;0x3fd,0,96
2026-06-02T14:53:36.715,3116,2,0x3fc;0x3fd,0,96
2026-06-02T14:53:36.715,3117,2,0x3fc;0x3fd,0,96
2026-06-02T14:53:36.715,3118,2,0x3fc;0x3fd,0,96
2026-06-02T14:53:36.917,3119,2,0x3fc;0x3fd,0,96
2026-06-02T14:53:37.120,3120,3,0x3fc;0x3fd;0x410,1,240
2026-06-02T14:53:37.121,3121,2,0x3fc;0x3fd,0,96
2026-06-02T14:53:37.121,3122,2,0x3fc;0x3fd,0,96
2026-06-02T14:53:37.323,3123,2,0x3fc;0x3fd,0,96
2026-06-02T14:53:37.323,3124,2,0x3fc;0x3fd,0,96
2026-06-02T14:53:37.525,3125,2,0x3fc;0x3fd,0,104
2026-06-02T14:53:37.525,3126,2,0x3fc;0x3fd,0,96
2026-06-02T14:53:37.729,3127,2,0x3fc;0x3fd,0,104
2026-06-02T14:53:37.729,3128,2,0x3fc;0x3fd,0,112
2026-06-02T14:53:37.729,3129,2,0x3fc;0x3fd,0,96
2026-06-02T14:53:37.932,3130,2,0x3fc;0x3fd,0,104
2026-06-02T14:53:37.932,3131,2,0x3fc;0x3fd,0,104
2026-06-02T14:53:38.135,3132,2,0x3fc;0x3fd,0,104
2026-06-02T14:53:38.135,3133,2,0x3fc;0x3fd,0,96
2026-06-02T14:53:38.338,3134,2,0x3fc;0x3fd,0,96
2026-06-02T14:53:38.338,3135,2,0x3fc;0x3fd,0,192
2026-06-02T14:53:38.540,3136,3,0x3fc;0x3fd;0x410,1,336
2026-06-02T14:53:38.540,3137,2,0x3fc;0x3fd,0,96
2026-06-02T14:53:38.540,3138,2,0x3fc;0x3fd,0,96
2026-06-02T14:53:38.742,3139,2,0x3fc;0x3fd,0,96
2026-06-02T14:53:38.742,3140,2,0x3fc;0x3fd,0,96
2026-06-02T14:53:38.945,3141,2,0x3fc;0x3fd,0,96
2026-06-02T14:53:38.945,3142,2,0x3fc;0x3fd,0,96
2026-06-02T14:53:39.148,3143,2,0x3fc;0x3fd,0,96
2026-06-02T14:53:39.148,3144,2,0x3fc;0x3fd,0,96
2026-06-02T14:53:39.148,3145,2,0x3fc;0x3fd,0,104
2026-06-02T14:53:39.350,3146,2,0x3fc;0x3fd,0,160
2026-06-02T14:53:39.350,3147,2,0x3fc;0x3fd,0,96
2026-06-02T14:53:39.552,3148,2,0x3fc;0x3fd,0,104
2026-06-02T14:53:39.552,3149,2,0x3fc;0x3fd,0,96
2026-06-02T14:53:39.756,3150,2,0x3fc;0x3fd,0,112
2026-06-02T14:53:39.756,3151,2,0x3fc;0x3fd,0,96
2026-06-02T14:53:39.959,3152,3,0x3fc;0x3fd;0x410,1,240
2026-06-02T14:53:39.959,3153,2,0x3fc;0x3fd,0,96
2026-06-02T14:53:39.959,3154,2,0x3fc;0x3fd,0,96
2026-06-02T14:53:40.163,3155,2,0x3fc;0x3fd,0,96
2026-06-02T14:53:40.163,3156,2,0x3fc;0x3fd,0,96
2026-06-02T14:53:40.365,3157,1,0x3fd,0,52
2026-06-02T14:53:40.365,3158,2,0x3fc;0x3fd,0,96
2026-06-02T14:53:40.568,3159,2,0x3fc;0x3fd,0,96
2026-06-02T14:53:40.568,3160,2,0x3fc;0x3fd,0,96
2026-06-02T14:53:40.772,3161,2,0x3fc;0x3fd,0,96
2026-06-02T14:53:40.772,3162,2,0x3fc;0x3fd,0,96
2026-06-02T14:53:40.772,3163,2,0x3fc;0x3fd,0,96
2026-06-02T14:53:40.972,3164,2,0x3fc;0x3fd,0,96
2026-06-02T14:53:40.972,3165,2,0x3fc;0x3fd,0,120
2026-06-02T14:53:41.174,3166,2,0x3fc;0x3fd,0,96
2026-06-02T14:53:41.174,3167,2,0x3fc;0x3fd,0,352
2026-06-02T14:53:41.376,3168,3,0x3fc;0x3fd;0x410,1,496
2026-06-02T14:53:41.376,3169,2,0x3fc;0x3fd,0,96
2026-06-02T14:53:41.579,3170,2,0x3fc;0x3fd,0,96
2026-06-02T14:53:41.579,3171,2,0x3fc;0x3fd,0,96
2026-06-02T14:53:41.579,3172,2,0x3fc;0x3fd,0,96
2026-06-02T14:53:41.781,3173,2,0x3fc;0x3fd,0,96
2026-06-02T14:53:41.782,3174,2,0x3fc;0x3fd,0,112
2026-06-02T14:53:41.983,3175,2,0x3fc;0x3fd,0,96
2026-06-02T14:53:41.983,3176,2,0x3fc;0x3fd,0,96
2026-06-02T14:53:42.187,3177,2,0x3fc;0x3fd,0,96
2026-06-02T14:53:42.187,3178,2,0x3fc;0x3fd,0,88
2026-06-02T14:53:42.388,3179,2,0x3fc;0x3fd,0,96
2026-06-02T14:53:42.388,3180,2,0x3fc;0x3fd,0,96
2026-06-02T14:53:42.388,3181,2,0x3fc;0x3fd,0,96
2026-06-02T14:53:42.590,3182,2,0x3fc;0x3fd,0,96
2026-06-02T14:53:42.590,3183,2,0x3fc;0x3fd,0,96
2026-06-02T14:53:42.792,3184,3,0x3fc;0x3fd;0x410,1,240
2026-06-02T14:53:42.792,3185,2,0x3fc;0x3fd,0,96
2026-06-02T14:53:42.996,3186,2,0x3fc;0x3fd,0,104
2026-06-02T14:53:42.996,3187,2,0x3fc;0x3fd,0,96
2026-06-02T14:53:43.199,3188,2,0x3fc;0x3fd,0,96
2026-06-02T14:53:43.199,3189,2,0x3fc;0x3fd,0,400
2026-06-02T14:53:43.199,3190,2,0x3fc;0x3fd,0,96
2026-06-02T14:53:43.399,3191,2,0x3fc;0x3fd,0,96
2026-06-02T14:53:43.399,3192,2,0x3fc;0x3fd,0,104
2026-06-02T14:53:43.600,3193,2,0x3fc;0x3fd,0,112
2026-06-02T14:53:43.600,3194,2,0x3fc;0x3fd,0,96
2026-06-02T14:53:43.803,3195,2,0x3fc;0x3fd,0,96
2026-06-02T14:53:43.803,3196,2,0x3fc;0x3fd,0,96
2026-06-02T14:53:44.004,3197,2,0x3fc;0x3fd,0,104
2026-06-02T14:53:44.004,3198,2,0x3fc;0x3fd,0,112
2026-06-02T14:53:44.208,3199,2,0x3fc;0x3fd,0,432
2026-06-02T14:53:44.208,3200,3,0x3fc;0x3fd;0x410,1,576
2026-06-02T14:53:44.208,3201,2,0x3fc;0x3fd,0,112
2026-06-02T14:53:44.423,3202,2,0x3fc;0x3fd,0,96
2026-06-02T14:53:44.423,3203,2,0x3fc;0x3fd,0,96
2026-06-02T14:53:44.626,3204,2,0x3fc;0x3fd,0,96
2026-06-02T14:53:44.626,3205,2,0x3fc;0x3fd,0,96
2026-06-02T14:53:44.829,3206,2,0x3fc;0x3fd,0,96
2026-06-02T14:53:44.829,3207,2,0x3fc;0x3fd,0,96
2026-06-02T14:53:44.829,3208,2,0x3fc;0x3fd,0,96
2026-06-02T14:53:45.031,3209,2,0x3fc;0x3fd,0,96
2026-06-02T14:53:45.031,3210,2,0x3fc;0x3fd,0,88
2026-06-02T14:53:45.233,3211,2,0x3fc;0x3fd,0,96
2026-06-02T14:53:45.233,3212,2,0x3fc;0x3fd,0,96
2026-06-02T14:53:45.436,3213,2,0x3fc;0x3fd,0,96
2026-06-02T14:53:45.436,3214,2,0x3fc;0x3fd,0,96
2026-06-02T14:53:45.639,3215,2,0x3fc;0x3fd,0,160
2026-06-02T14:53:45.639,3216,3,0x3fc;0x3fd;0x410,1,304
2026-06-02T14:53:45.640,3217,2,0x3fc;0x3fd,0,112
2026-06-02T14:53:45.842,3218,2,0x3fc;0x3fd,0,96
2026-06-02T14:53:45.842,3219,2,0x3fc;0x3fd,0,112
2026-06-02T14:53:46.043,3220,2,0x3fc;0x3fd,0,96
2026-06-02T14:53:46.043,3221,2,0x3fc;0x3fd,0,160
2026-06-02T14:53:46.245,3222,2,0x3fc;0x3fd,0,96
2026-06-02T14:53:46.245,3223,2,0x3fc;0x3fd,0,96
2026-06-02T14:53:46.448,3224,2,0x3fc;0x3fd,0,96
2026-06-02T14:53:46.448,3225,2,0x3fc;0x3fd,0,96
2026-06-02T14:53:46.448,3226,2,0x3fc;0x3fd,0,96
2026-06-02T14:53:46.650,3227,2,0x3fc;0x3fd,0,96
2026-06-02T14:53:46.650,3228,2,0x3fc;0x3fd,0,232
2026-06-02T14:53:46.853,3229,2,0x3fc;0x3fd,0,184
2026-06-02T14:53:46.853,3230,2,0x3fc;0x3fd,0,112
2026-06-02T14:53:47.055,3231,2,0x3fc;0x3fd,0,136
2026-06-02T14:53:47.055,3232,3,0x3fc;0x3fd;0x410,1,280
2026-06-02T14:53:47.258,3233,2,0x3fc;0x3fd,0,96
2026-06-02T14:53:47.258,3234,2,0x3fc;0x3fd,0,112
2026-06-02T14:53:47.258,3235,2,0x3fc;0x3fd,0,96
2026-06-02T14:53:47.461,3236,2,0x3fc;0x3fd,0,96
2026-06-02T14:53:47.461,3237,2,0x3fc;0x3fd,0,96
2026-06-02T14:53:47.666,3238,2,0x3fc;0x3fd,0,96
2026-06-02T14:53:47.666,3239,2,0x3fc;0x3fd,0,96
2026-06-02T14:53:47.867,3240,2,0x3fc;0x3fd,0,104
2026-06-02T14:53:47.867,3241,2,0x3fc;0x3fd,0,96
2026-06-02T14:53:48.070,3242,2,0x3fc;0x3fd,0,288
2026-06-02T14:53:48.070,3243,2,0x3fc;0x3fd,0,104
2026-06-02T14:53:48.070,3244,2,0x3fc;0x3fd,0,96
2026-06-02T14:53:48.272,3245,2,0x3fc;0x3fd,0,96
2026-06-02T14:53:48.272,3246,2,0x3fc;0x3fd,0,112
2026-06-02T14:53:48.476,3247,2,0x3fc;0x3fd,0,96
2026-06-02T14:53:48.476,3248,3,0x3fc;0x3fd;0x410,1,240
2026-06-02T14:53:48.680,3249,2,0x3fc;0x3fd,0,96
2026-06-02T14:53:48.680,3250,2,0x3fc;0x3fd,0,96
2026-06-02T14:53:48.882,3251,2,0x3fc;0x3fd,0,96
2026-06-02T14:53:48.882,3252,2,0x3fc;0x3fd,0,96
2026-06-02T14:53:48.882,3253,2,0x3fc;0x3fd,0,144
2026-06-02T14:53:49.084,3254,2,0x3fc;0x3fd,0,96
2026-06-02T14:53:49.084,3255,2,0x3fc;0x3fd,0,96
2026-06-02T14:53:49.286,3256,2,0x3fc;0x3fd,0,96
2026-06-02T14:53:49.286,3257,2,0x3fc;0x3fd,0,104
2026-06-02T14:53:49.490,3258,2,0x3fc;0x3fd,0,120
2026-06-02T14:53:49.490,3259,2,0x3fc;0x3fd,0,96
2026-06-02T14:53:49.692,3260,2,0x3fc;0x3fd,0,104
2026-06-02T14:53:49.692,3261,2,0x3fc;0x3fd,0,96
2026-06-02T14:53:49.692,3262,2,0x3fc;0x3fd,0,96
2026-06-02T14:53:49.896,3263,2,0x3fc;0x3fd,0,232
2026-06-02T14:53:50.099,3264,3,0x3fc;0x3fd;0x410,1,376
2026-06-02T14:53:50.099,3265,2,0x3fc;0x3fd,0,96
2026-06-02T14:53:50.099,3266,2,0x3fc;0x3fd,0,96
2026-06-02T14:53:50.302,3267,2,0x3fc;0x3fd,0,120
2026-06-02T14:53:50.302,3268,2,0x3fc;0x3fd,0,96
2026-06-02T14:53:50.504,3269,2,0x3fc;0x3fd,0,96
2026-06-02T14:53:50.504,3270,2,0x3fc;0x3fd,0,96
2026-06-02T14:53:50.504,3271,2,0x3fc;0x3fd,0,96
2026-06-02T14:53:50.706,3272,2,0x3fc;0x3fd,0,96
2026-06-02T14:53:50.706,3273,2,0x3fc;0x3fd,0,96
2026-06-02T14:53:50.908,3274,2,0x3fc;0x3fd,0,112
2026-06-02T14:53:50.908,3275,2,0x3fc;0x3fd,0,104
2026-06-02T14:53:51.110,3276,2,0x3fc;0x3fd,0,120
2026-06-02T14:53:51.110,3277,2,0x3fc;0x3fd,0,96
2026-06-02T14:53:51.313,3278,2,0x3fc;0x3fd,0,96
2026-06-02T14:53:51.313,3279,2,0x3fc;0x3fd,0,96
2026-06-02T14:53:51.527,3280,3,0x3fc;0x3fd;0x410,1,240
2026-06-02T14:53:51.527,3281,2,0x3fc;0x3fd,0,96
2026-06-02T14:53:51.527,3282,2,0x3fc;0x3fd,0,96
2026-06-02T14:53:51.729,3283,2,0x3fc;0x3fd,0,96
2026-06-02T14:53:51.729,3284,2,0x3fc;0x3fd,0,96
2026-06-02T14:53:51.932,3285,1,0x3fd,0,52
2026-06-02T14:53:51.932,3286,2,0x3fc;0x3fd,0,96
2026-06-02T14:53:51.932,3287,2,0x3fc;0x3fd,0,96
2026-06-02T14:53:52.133,3288,2,0x3fc;0x3fd,0,96
2026-06-02T14:53:52.133,3289,2,0x3fc;0x3fd,0,96
2026-06-02T14:53:52.336,3290,2,0x3fc;0x3fd,0,96
2026-06-02T14:53:52.336,3291,2,0x3fc;0x3fd,0,112
2026-06-02T14:53:52.540,3292,2,0x3fc;0x3fd,0,96
2026-06-02T14:53:52.540,3293,2,0x3fc;0x3fd,0,104
2026-06-02T14:53:52.744,3294,2,0x3fc;0x3fd,0,168
2026-06-02T14:53:52.744,3295,2,0x3fc;0x3fd,0,136
2026-06-02T14:53:52.944,3296,3,0x3fc;0x3fd;0x410,1,280
2026-06-02T14:53:52.944,3297,2,0x3fc;0x3fd,0,112
2026-06-02T14:53:52.944,3298,2,0x3fc;0x3fd,0,112
2026-06-02T14:53:53.147,3299,2,0x3fc;0x3fd,0,96
2026-06-02T14:53:53.147,3300,2,0x3fc;0x3fd,0,96
2026-06-02T14:53:53.349,3301,2,0x3fc;0x3fd,0,96
2026-06-02T14:53:53.349,3302,2,0x3fc;0x3fd,0,112
2026-06-02T14:53:53.550,3303,2,0x3fc;0x3fd,0,96
2026-06-02T14:53:53.550,3304,2,0x3fc;0x3fd,0,96
2026-06-02T14:53:53.550,3305,2,0x3fc;0x3fd,0,96
2026-06-02T14:53:53.754,3306,2,0x3fc;0x3fd,0,448
2026-06-02T14:53:53.754,3307,2,0x3fc;0x3fd,0,96
2026-06-02T14:53:53.958,3308,2,0x3fc;0x3fd,0,96
2026-06-02T14:53:53.958,3309,2,0x3fc;0x3fd,0,152
2026-06-02T14:53:54.160,3310,2,0x3fc;0x3fd,0,96
2026-06-02T14:53:54.160,3311,2,0x3fc;0x3fd,0,112
2026-06-02T14:53:54.362,3312,3,0x3fc;0x3fd;0x410,1,256
2026-06-02T14:53:54.362,3313,2,0x3fc;0x3fd,0,96
2026-06-02T14:53:54.362,3314,2,0x3fc;0x3fd,0,104
2026-06-02T14:53:54.564,3315,2,0x3fc;0x3fd,0,96
2026-06-02T14:53:54.564,3316,2,0x3fc;0x3fd,0,96
2026-06-02T14:53:54.768,3317,2,0x3fc;0x3fd,0,152
2026-06-02T14:53:54.768,3318,2,0x3fc;0x3fd,0,96
2026-06-02T14:53:54.970,3319,2,0x3fc;0x3fd,0,96
2026-06-02T14:53:54.970,3320,2,0x3fc;0x3fd,0,96
2026-06-02T14:53:55.172,3321,2,0x3fc;0x3fd,0,96
2026-06-02T14:53:55.172,3322,2,0x3fc;0x3fd,0,96
2026-06-02T14:53:55.172,3323,2,0x3fc;0x3fd,0,96
2026-06-02T14:53:55.375,3324,2,0x3fc;0x3fd,0,96
2026-06-02T14:53:55.375,3325,2,0x3fc;0x3fd,0,96
2026-06-02T14:53:55.577,3326,2,0x3fc;0x3fd,0,104
2026-06-02T14:53:55.577,3327,2,0x3fc;0x3fd,0,240
2026-06-02T14:53:55.781,3328,3,0x3fc;0x3fd;0x410,1,384
2026-06-02T14:53:55.781,3329,2,0x3fc;0x3fd,0,96
2026-06-02T14:53:55.983,3330,2,0x3fc;0x3fd,0,96
2026-06-02T14:53:55.983,3331,2,0x3fc;0x3fd,0,96
2026-06-02T14:53:55.983,3332,2,0x3fc;0x3fd,0,96
2026-06-02T14:53:56.185,3333,2,0x3fc;0x3fd,0,96
2026-06-02T14:53:56.185,3334,2,0x3fc;0x3fd,0,96
2026-06-02T14:53:56.387,3335,2,0x3fc;0x3fd,0,96
2026-06-02T14:53:56.387,3336,2,0x3fc;0x3fd,0,104
2026-06-02T14:53:56.592,3337,2,0x3fc;0x3fd,0,96
2026-06-02T14:53:56.592,3338,2,0x3fc;0x3fd,0,112
2026-06-02T14:53:56.793,3339,2,0x3fc;0x3fd,0,96
2026-06-02T14:53:56.793,3340,2,0x3fc;0x3fd,0,96
2026-06-02T14:53:56.793,3341,2,0x3fc;0x3fd,0,96
2026-06-02T14:53:56.996,3342,2,0x3fc;0x3fd,0,96
2026-06-02T14:53:56.996,3343,2,0x3fc;0x3fd,0,96
2026-06-02T14:53:57.200,3344,3,0x3fc;0x3fd;0x410,1,240
2026-06-02T14:53:57.200,3345,2,0x3fc;0x3fd,0,96
2026-06-02T14:53:57.402,3346,2,0x3fc;0x3fd,0,96
2026-06-02T14:53:57.402,3347,2,0x3fc;0x3fd,0,96
2026-06-02T14:53:57.605,3348,2,0x3fc;0x3fd,0,96
2026-06-02T14:53:57.605,3349,2,0x3fc;0x3fd,0,112
2026-06-02T14:53:57.605,3350,2,0x3fc;0x3fd,0,104
2026-06-02T14:53:57.808,3351,2,0x3fc;0x3fd,0,96
2026-06-02T14:53:57.808,3352,2,0x3fc;0x3fd,0,96
2026-06-02T14:53:58.009,3353,2,0x3fc;0x3fd,0,96
2026-06-02T14:53:58.009,3354,2,0x3fc;0x3fd,0,128
2026-06-02T14:53:58.213,3355,2,0x3fc;0x3fd,0,96
2026-06-02T14:53:58.213,3356,2,0x3fc;0x3fd,0,104
2026-06-02T14:53:58.414,3357,2,0x3fc;0x3fd,0,96
2026-06-02T14:53:58.414,3358,2,0x3fc;0x3fd,0,96
2026-06-02T14:53:58.414,3359,2,0x3fc;0x3fd,0,104
2026-06-02T14:53:58.616,3360,3,0x3fc;0x3fd;0x410,1,248
2026-06-02T14:53:58.617,3361,2,0x3fc;0x3fd,0,96
2026-06-02T14:53:58.818,3362,2,0x3fc;0x3fd,0,96
2026-06-02T14:53:58.818,3363,2,0x3fc;0x3fd,0,96
2026-06-02T14:53:59.023,3364,2,0x3fc;0x3fd,0,96
2026-06-02T14:53:59.023,3365,2,0x3fc;0x3fd,0,96
2026-06-02T14:53:59.225,3366,2,0x3fc;0x3fd,0,96
2026-06-02T14:53:59.225,3367,2,0x3fc;0x3fd,0,128
2026-06-02T14:53:59.225,3368,2,0x3fc;0x3fd,0,160
2026-06-02T14:53:59.425,3369,2,0x3fc;0x3fd,0,120
2026-06-02T14:53:59.425,3370,2,0x3fc;0x3fd,0,112
2026-06-02T14:53:59.628,3371,2,0x3fc;0x3fd,0,96
2026-06-02T14:53:59.628,3372,2,0x3fc;0x3fd,0,96
2026-06-02T14:53:59.832,3373,2,0x3fc;0x3fd,0,96
2026-06-02T14:53:59.832,3374,2,0x3fc;0x3fd,0,96
2026-06-02T14:54:00.034,3375,2,0x3fc;0x3fd,0,96
2026-06-02T14:54:00.034,3376,3,0x3fc;0x3fd;0x410,1,240
2026-06-02T14:54:00.034,3377,2,0x3fc;0x3fd,0,136
2026-06-02T14:54:00.237,3378,2,0x3fc;0x3fd,0,320
2026-06-02T14:54:00.237,3379,2,0x3fc;0x3fd,0,96
2026-06-02T14:54:00.453,3380,2,0x3fc;0x3fd,0,112
2026-06-02T14:54:00.453,3381,2,0x3fc;0x3fd,0,184
2026-06-02T14:54:00.654,3382,2,0x3fc;0x3fd,0,96
2026-06-02T14:54:00.654,3383,2,0x3fc;0x3fd,0,96
2026-06-02T14:54:00.855,3384,2,0x3fc;0x3fd,0,96
2026-06-02T14:54:00.855,3385,2,0x3fc;0x3fd,0,104
2026-06-02T14:54:00.855,3386,2,0x3fc;0x3fd,0,96
2026-06-02T14:54:01.058,3387,2,0x3fc;0x3fd,0,112
2026-06-02T14:54:01.058,3388,2,0x3fc;0x3fd,0,96
2026-06-02T14:54:01.261,3389,2,0x3fc;0x3fd,0,96
2026-06-02T14:54:01.261,3390,2,0x3fc;0x3fd,0,96
2026-06-02T14:54:01.463,3391,2,0x3fc;0x3fd,0,152
2026-06-02T14:54:01.463,3392,3,0x3fc;0x3fd;0x410,1,296
2026-06-02T14:54:01.669,3393,2,0x3fc;0x3fd,0,96
2026-06-02T14:54:01.669,3394,2,0x3fc;0x3fd,0,96
2026-06-02T14:54:01.669,3395,2,0x3fc;0x3fd,0,104
2026-06-02T14:54:01.869,3396,2,0x3fc;0x3fd,0,144
2026-06-02T14:54:01.869,3397,2,0x3fc;0x3fd,0,144
2026-06-02T14:54:02.072,3398,2,0x3fc;0x3fd,0,176
2026-06-02T14:54:02.072,3399,2,0x3fc;0x3fd,0,184
2026-06-02T14:54:02.275,3400,2,0x3fc;0x3fd,0,104
2026-06-02T14:54:02.275,3401,2,0x3fc;0x3fd,0,328
2026-06-02T14:54:02.479,3402,2,0x3fc;0x3fd,0,216
2026-06-02T14:54:02.479,3403,2,0x3fc;0x3fd,0,272
2026-06-02T14:54:02.479,3404,2,0x3fc;0x3fd,0,96
2026-06-02T14:54:02.682,3405,2,0x3fc;0x3fd,0,96
2026-06-02T14:54:02.682,3406,2,0x3fc;0x3fd,0,96
2026-06-02T14:54:02.887,3407,2,0x3fc;0x3fd,0,96
2026-06-02T14:54:02.887,3408,3,0x3fc;0x3fd;0x410,1,240
2026-06-02T14:54:03.090,3409,2,0x3fc;0x3fd,0,112
2026-06-02T14:54:03.090,3410,2,0x3fc;0x3fd,0,112
2026-06-02T14:54:03.090,3411,2,0x3fc;0x3fd,0,96
2026-06-02T14:54:03.291,3412,2,0x3fc;0x3fd,0,96
2026-06-02T14:54:03.291,3413,2,0x3fc;0x3fd,0,96
2026-06-02T14:54:03.494,3414,2,0x3fc;0x3fd,0,104
2026-06-02T14:54:03.494,3415,2,0x3fc;0x3fd,0,96
2026-06-02T14:54:03.697,3416,2,0x3fc;0x3fd,0,104
2026-06-02T14:54:03.697,3417,2,0x3fc;0x3fd,0,96
2026-06-02T14:54:03.901,3418,2,0x3fc;0x3fd,0,96
2026-06-02T14:54:03.901,3419,2,0x3fc;0x3fd,0,112
2026-06-02T14:54:03.901,3420,2,0x3fc;0x3fd,0,96
2026-06-02T14:54:04.106,3421,2,0x3fc;0x3fd,0,96
2026-06-02T14:54:04.106,3422,2,0x3fc;0x3fd,0,96
2026-06-02T14:54:04.308,3423,2,0x3fc;0x3fd,0,168
2026-06-02T14:54:04.510,3424,3,0x3fc;0x3fd;0x410,1,312
2026-06-02T14:54:04.510,3426,2,0x3fc;0x3fd,0,96
2026-06-02T14:54:04.725,3427,2,0x3fc;0x3fd,0,120
2026-06-02T14:54:04.725,3428,2,0x3fc;0x3fd,0,96
2026-06-02T14:54:04.725,3429,2,0x3fc;0x3fd,0,96
2026-06-02T14:54:04.928,3430,2,0x3fc;0x3fd,0,96
2026-06-02T14:54:04.928,3431,2,0x3fc;0x3fd,0,112
2026-06-02T14:54:05.130,3432,2,0x3fc;0x3fd,0,96
2026-06-02T14:54:05.130,3433,2,0x3fc;0x3fd,0,112
2026-06-02T14:54:05.334,3434,2,0x3fc;0x3fd,0,96
2026-06-02T14:54:05.334,3435,2,0x3fc;0x3fd,0,240
2026-06-02T14:54:05.537,3436,2,0x3fc;0x3fd,0,120
2026-06-02T14:54:05.537,3437,2,0x3fc;0x3fd,0,96
2026-06-02T14:54:05.537,3438,2,0x3fc;0x3fd,0,96
2026-06-02T14:54:05.742,3439,2,0x3fc;0x3fd,0,112
2026-06-02T14:54:05.742,3440,3,0x3fc;0x3fd;0x410,1,256
2026-06-02T14:54:05.944,3441,2,0x3fc;0x3fd,0,112
2026-06-02T14:54:05.944,3442,2,0x3fc;0x3fd,0,96
2026-06-02T14:54:06.148,3443,2,0x3fc;0x3fd,0,96
2026-06-02T14:54:06.148,3444,2,0x3fc;0x3fd,0,96
2026-06-02T14:54:06.351,3445,2,0x3fc;0x3fd,0,128
2026-06-02T14:54:06.351,3446,2,0x3fc;0x3fd,0,112
2026-06-02T14:54:06.351,3447,2,0x3fc;0x3fd,0,96
2026-06-02T14:54:06.555,3448,2,0x3fc;0x3fd,0,96
2026-06-02T14:54:06.555,3449,2,0x3fc;0x3fd,0,96
2026-06-02T14:54:06.755,3450,2,0x3fc;0x3fd,0,96
2026-06-02T14:54:06.755,3451,2,0x3fc;0x3fd,0,112
2026-06-02T14:54:06.958,3452,2,0x3fc;0x3fd,0,96
2026-06-02T14:54:06.958,3453,2,0x3fc;0x3fd,0,96
2026-06-02T14:54:06.958,3454,2,0x3fc;0x3fd,0,96
2026-06-02T14:54:07.162,3455,2,0x3fc;0x3fd,0,496
2026-06-02T14:54:07.364,3456,3,0x3fc;0x3fd;0x410,1,640
2026-06-02T14:54:07.364,3457,2,0x3fc;0x3fd,0,112
2026-06-02T14:54:07.364,3458,2,0x3fc;0x3fd,0,112
2026-06-02T14:54:07.567,3459,2,0x3fc;0x3fd,0,104
2026-06-02T14:54:07.567,3460,2,0x3fc;0x3fd,0,144
2026-06-02T14:54:07.770,3461,2,0x3fc;0x3fd,0,96
2026-06-02T14:54:07.770,3462,2,0x3fc;0x3fd,0,112
2026-06-02T14:54:07.770,3463,2,0x3fc;0x3fd,0,96
2026-06-02T14:54:07.972,3464,2,0x3fc;0x3fd,0,104
2026-06-02T14:54:07.972,3465,2,0x3fc;0x3fd,0,216
2026-06-02T14:54:08.174,3466,2,0x3fc;0x3fd,0,136
2026-06-02T14:54:08.174,3467,2,0x3fc;0x3fd,0,96
2026-06-02T14:54:08.378,3468,2,0x3fc;0x3fd,0,96
2026-06-02T14:54:08.378,3469,2,0x3fc;0x3fd,0,96
2026-06-02T14:54:08.580,3470,2,0x3fc;0x3fd,0,96
2026-06-02T14:54:08.580,3471,2,0x3fc;0x3fd,0,104
2026-06-02T14:54:08.786,3472,3,0x3fc;0x3fd;0x410,1,248
2026-06-02T14:54:08.786,3473,2,0x3fc;0x3fd,0,96
2026-06-02T14:54:08.786,3474,2,0x3fc;0x3fd,0,96
2026-06-02T14:54:08.988,3475,2,0x3fc;0x3fd,0,96
2026-06-02T14:54:08.988,3476,2,0x3fc;0x3fd,0,96
2026-06-02T14:54:09.192,3477,2,0x3fc;0x3fd,0,160
2026-06-02T14:54:09.192,3478,2,0x3fc;0x3fd,0,120
2026-06-02T14:54:09.395,3479,2,0x3fc;0x3fd,0,96
2026-06-02T14:54:09.395,3480,2,0x3fc;0x3fd,0,440
2026-06-02T14:54:09.395,3481,2,0x3fc;0x3fd,0,96
2026-06-02T14:54:09.600,3482,2,0x3fc;0x3fd,0,128
2026-06-02T14:54:09.600,3483,2,0x3fc;0x3fd,0,128
2026-06-02T14:54:09.802,3484,2,0x3fc;0x3fd,0,96
2026-06-02T14:54:09.802,3485,2,0x3fc;0x3fd,0,240
2026-06-02T14:54:10.004,3486,2,0x3fc;0x3fd,0,96
2026-06-02T14:54:10.004,3487,2,0x3fc;0x3fd,0,136
2026-06-02T14:54:10.208,3488,3,0x3fc;0x3fd;0x410,1,280
2026-06-02T14:54:10.208,3489,2,0x3fc;0x3fd,0,112
2026-06-02T14:54:10.208,3490,2,0x3fc;0x3fd,0,160
2026-06-02T14:54:10.410,3491,2,0x3fc;0x3fd,0,96
2026-06-02T14:54:10.410,3492,2,0x3fc;0x3fd,0,96
2026-06-02T14:54:10.613,3493,2,0x3fc;0x3fd,0,168
2026-06-02T14:54:10.613,3494,2,0x3fc;0x3fd,0,104
2026-06-02T14:54:10.829,3495,2,0x3fc;0x3fd,0,96
2026-06-02T14:54:10.829,3496,2,0x3fc;0x3fd,0,240
2026-06-02T14:54:10.829,3497,2,0x3fc;0x3fd,0,96
2026-06-02T14:54:11.031,3498,2,0x3fc;0x3fd,0,424
2026-06-02T14:54:11.031,3499,2,0x3fc;0x3fd,0,96
2026-06-02T14:54:11.232,3500,2,0x3fc;0x3fd,0,112
2026-06-02T14:54:11.232,3501,2,0x3fc;0x3fd,0,96
2026-06-02T14:54:11.435,3502,2,0x3fc;0x3fd,0,96
2026-06-02T14:54:11.435,3503,2,0x3fc;0x3fd,0,192
2026-06-02T14:54:11.638,3504,3,0x3fc;0x3fd;0x410,1,336
2026-06-02T14:54:11.638,3505,2,0x3fc;0x3fd,0,144
2026-06-02T14:54:11.638,3506,2,0x3fc;0x3fd,0,96
2026-06-02T14:54:11.842,3507,2,0x3fc;0x3fd,0,216
2026-06-02T14:54:11.842,3508,2,0x3fc;0x3fd,0,96
2026-06-02T14:54:12.045,3509,1,0x3fd,0,52
2026-06-02T14:54:12.045,3510,2,0x3fc;0x3fd,0,96
2026-06-02T14:54:12.246,3511,2,0x3fc;0x3fd,0,168
2026-06-02T14:54:12.246,3512,2,0x3fc;0x3fd,0,136
2026-06-02T14:54:12.448,3513,2,0x3fc;0x3fd,0,320
2026-06-02T14:54:12.448,3514,2,0x3fc;0x3fd,0,96
2026-06-02T14:54:12.448,3515,2,0x3fc;0x3fd,0,128
2026-06-02T14:54:12.652,3516,2,0x3fc;0x3fd,0,192
2026-06-02T14:54:12.652,3517,2,0x3fc;0x3fd,0,160
2026-06-02T14:54:12.856,3518,2,0x3fc;0x3fd,0,120
2026-06-02T14:54:12.856,3519,2,0x3fc;0x3fd,0,112
2026-06-02T14:54:13.057,3520,3,0x3fc;0x3fd;0x410,1,256
2026-06-02T14:54:13.057,3521,2,0x3fc;0x3fd,0,96
2026-06-02T14:54:13.262,3522,2,0x3fc;0x3fd,0,112
2026-06-02T14:54:13.262,3523,2,0x3fc;0x3fd,0,96
2026-06-02T14:54:13.262,3524,2,0x3fc;0x3fd,0,168
2026-06-02T14:54:13.465,3525,2,0x3fc;0x3fd,0,96
2026-06-02T14:54:13.465,3526,2,0x3fc;0x3fd,0,144
2026-06-02T14:54:13.669,3527,2,0x3fc;0x3fd,0,96
2026-06-02T14:54:13.669,3528,2,0x3fc;0x3fd,0,136
2026-06-02T14:54:13.872,3529,2,0x3fc;0x3fd,0,96
2026-06-02T14:54:13.872,3530,2,0x3fc;0x3fd,0,192
2026-06-02T14:54:14.088,3531,2,0x3fc;0x3fd,0,96
2026-06-02T14:54:14.088,3532,2,0x3fc;0x3fd,0,136
2026-06-02T14:54:14.088,3533,2,0x3fc;0x3fd,0,96
2026-06-02T14:54:14.292,3534,2,0x3fc;0x3fd,0,96
2026-06-02T14:54:14.292,3535,2,0x3fc;0x3fd,0,96
2026-06-02T14:54:14.497,3536,3,0x3fc;0x3fd;0x410,1,240
2026-06-02T14:54:14.497,3537,2,0x3fc;0x3fd,0,96
2026-06-02T14:54:14.700,3538,2,0x3fc;0x3fd,0,96
2026-06-02T14:54:14.700,3539,2,0x3fc;0x3fd,0,96
2026-06-02T14:54:14.700,3540,2,0x3fc;0x3fd,0,96
2026-06-02T14:54:14.903,3541,1,0x3fd,0,52
2026-06-02T14:54:14.903,3542,2,0x3fc;0x3fd,0,96
2026-06-02T14:54:15.107,3543,2,0x3fc;0x3fd,0,256
2026-06-02T14:54:15.107,3544,2,0x3fc;0x3fd,0,96
2026-06-02T14:54:15.307,3545,2,0x3fc;0x3fd,0,304
2026-06-02T14:54:15.307,3546,2,0x3fc;0x3fd,0,96
2026-06-02T14:54:15.508,3547,2,0x3fc;0x3fd,0,120
2026-06-02T14:54:15.508,3548,2,0x3fc;0x3fd,0,96
2026-06-02T14:54:15.508,3549,2,0x3fc;0x3fd,0,96
2026-06-02T14:54:15.712,3550,2,0x3fc;0x3fd,0,96
2026-06-02T14:54:15.712,3551,2,0x3fc;0x3fd,0,104
2026-06-02T14:54:15.914,3552,3,0x3fc;0x3fd;0x410,1,248
2026-06-02T14:54:15.914,3553,2,0x3fc;0x3fd,0,104
2026-06-02T14:54:16.115,3554,2,0x3fc;0x3fd,0,96
2026-06-02T14:54:16.115,3555,2,0x3fc;0x3fd,0,96
2026-06-02T14:54:16.318,3556,2,0x3fc;0x3fd,0,96
2026-06-02T14:54:16.318,3557,2,0x3fc;0x3fd,0,96
2026-06-02T14:54:16.318,3558,2,0x3fc;0x3fd,0,120
2026-06-02T14:54:16.521,3559,2,0x3fc;0x3fd,0,96
2026-06-02T14:54:16.521,3560,2,0x3fc;0x3fd,0,112
2026-06-02T14:54:16.722,3561,2,0x3fc;0x3fd,0,96
2026-06-02T14:54:16.722,3562,2,0x3fc;0x3fd,0,88
2026-06-02T14:54:16.923,3563,2,0x3fc;0x3fd,0,96
2026-06-02T14:54:16.923,3564,2,0x3fc;0x3fd,0,176
2026-06-02T14:54:17.126,3565,2,0x3fc;0x3fd,0,96
2026-06-02T14:54:17.126,3566,2,0x3fc;0x3fd,0,128
2026-06-02T14:54:17.126,3567,2,0x3fc;0x3fd,0,96
2026-06-02T14:54:17.329,3568,3,0x3fc;0x3fd;0x410,1,240
2026-06-02T14:54:17.329,3569,2,0x3fc;0x3fd,0,96
2026-06-02T14:54:17.534,3570,2,0x3fc;0x3fd,0,120
2026-06-02T14:54:17.534,3571,2,0x3fc;0x3fd,0,96
2026-06-02T14:54:17.736,3572,2,0x3fc;0x3fd,0,96
2026-06-02T14:54:17.736,3573,2,0x3fc;0x3fd,0,184
2026-06-02T14:54:17.939,3574,2,0x3fc;0x3fd,0,96
2026-06-02T14:54:17.939,3575,2,0x3fc;0x3fd,0,120
2026-06-02T14:54:17.939,3576,2,0x3fc;0x3fd,0,96
2026-06-02T14:54:18.140,3577,2,0x3fc;0x3fd,0,256
2026-06-02T14:54:18.140,3578,2,0x3fc;0x3fd,0,96
2026-06-02T14:54:18.342,3579,2,0x3fc;0x3fd,0,128
2026-06-02T14:54:18.342,3580,2,0x3fc;0x3fd,0,96
2026-06-02T14:54:18.544,3581,2,0x3fc;0x3fd,0,128
2026-06-02T14:54:18.544,3582,2,0x3fc;0x3fd,0,96
2026-06-02T14:54:18.748,3583,2,0x3fc;0x3fd,0,208
2026-06-02T14:54:18.748,3584,3,0x3fc;0x3fd;0x410,1,352
2026-06-02T14:54:18.748,3585,2,0x3fc;0x3fd,0,96
2026-06-02T14:54:18.950,3586,2,0x3fc;0x3fd,0,96
2026-06-02T14:54:18.950,3587,2,0x3fc;0x3fd,0,96
2026-06-02T14:54:19.151,3588,2,0x3fc;0x3fd,0,96
2026-06-02T14:54:19.151,3589,2,0x3fc;0x3fd,0,96
2026-06-02T14:54:19.354,3590,2,0x3fc;0x3fd,0,104
2026-06-02T14:54:19.354,3591,2,0x3fc;0x3fd,0,96
2026-06-02T14:54:19.557,3592,2,0x3fc;0x3fd,0,176
2026-06-02T14:54:19.557,3593,2,0x3fc;0x3fd,0,96
2026-06-02T14:54:19.760,3594,1,0x3fd,0,52
2026-06-02T14:54:19.760,3595,2,0x3fc;0x3fd,0,96
2026-06-02T14:54:19.760,3596,2,0x3fc;0x3fd,0,208
2026-06-02T14:54:19.961,3597,2,0x3fc;0x3fd,0,96
2026-06-02T14:54:19.961,3598,2,0x3fc;0x3fd,0,136
2026-06-02T14:54:20.165,3599,2,0x3fc;0x3fd,0,96
2026-06-02T14:54:20.165,3600,3,0x3fc;0x3fd;0x410,1,240
2026-06-02T14:54:20.368,3601,2,0x3fc;0x3fd,0,96
2026-06-02T14:54:20.368,3602,2,0x3fc;0x3fd,0,128
2026-06-02T14:54:20.368,3603,2,0x3fc;0x3fd,0,96
2026-06-02T14:54:20.570,3604,2,0x3fc;0x3fd,0,96
2026-06-02T14:54:20.570,3605,1,0x3fd,0,52
2026-06-02T14:54:20.772,3606,2,0x3fc;0x3fd,0,96
2026-06-02T14:54:20.772,3607,2,0x3fc;0x3fd,0,96
2026-06-02T14:54:20.975,3608,2,0x3fc;0x3fd,0,96
2026-06-02T14:54:20.975,3609,2,0x3fc;0x3fd,0,96
2026-06-02T14:54:21.179,3610,2,0x3fc;0x3fd,0,104
2026-06-02T14:54:21.179,3611,2,0x3fc;0x3fd,0,96
2026-06-02T14:54:21.179,3612,2,0x3fc;0x3fd,0,96
2026-06-02T14:54:21.383,3613,2,0x3fc;0x3fd,0,96
2026-06-02T14:54:21.383,3614,2,0x3fc;0x3fd,0,96
2026-06-02T14:54:21.586,3615,2,0x3fc;0x3fd,0,152
2026-06-02T14:54:21.586,3616,3,0x3fc;0x3fd;0x410,1,296
2026-06-02T14:54:21.789,3617,2,0x3fc;0x3fd,0,104
2026-06-02T14:54:21.789,3618,2,0x3fc;0x3fd,0,96
2026-06-02T14:54:21.990,3619,2,0x3fc;0x3fd,0,96
2026-06-02T14:54:21.990,3620,2,0x3fc;0x3fd,0,96
2026-06-02T14:54:21.990,3621,2,0x3fc;0x3fd,0,96
2026-06-02T14:54:22.194,3622,2,0x3fc;0x3fd,0,96
2026-06-02T14:54:22.194,3623,2,0x3fc;0x3fd,0,96
2026-06-02T14:54:22.396,3624,2,0x3fc;0x3fd,0,96
2026-06-02T14:54:22.396,3625,2,0x3fc;0x3fd,0,96
2026-06-02T14:54:22.598,3626,2,0x3fc;0x3fd,0,96
2026-06-02T14:54:22.598,3627,2,0x3fc;0x3fd,0,96
2026-06-02T14:54:22.804,3628,2,0x3fc;0x3fd,0,96
2026-06-02T14:54:22.804,3629,2,0x3fc;0x3fd,0,96
2026-06-02T14:54:22.804,3630,2,0x3fc;0x3fd,0,96
2026-06-02T14:54:23.005,3631,2,0x3fc;0x3fd,0,96
2026-06-02T14:54:23.207,3632,3,0x3fc;0x3fd;0x410,1,240
2026-06-02T14:54:23.207,3633,2,0x3fc;0x3fd,0,96
2026-06-02T14:54:23.207,3634,2,0x3fc;0x3fd,0,96
2026-06-02T14:54:23.409,3635,2,0x3fc;0x3fd,0,96
2026-06-02T14:54:23.409,3636,2,0x3fc;0x3fd,0,96
2026-06-02T14:54:23.610,3637,2,0x3fc;0x3fd,0,152
2026-06-02T14:54:23.610,3638,2,0x3fc;0x3fd,0,96
2026-06-02T14:54:23.610,3639,2,0x3fc;0x3fd,0,96
2026-06-02T14:54:23.812,3640,2,0x3fc;0x3fd,0,96
2026-06-02T14:54:23.812,3641,2,0x3fc;0x3fd,0,96
2026-06-02T14:54:24.014,3642,2,0x3fc;0x3fd,0,112
2026-06-02T14:54:24.014,3643,2,0x3fc;0x3fd,0,96
2026-06-02T14:54:24.219,3644,2,0x3fc;0x3fd,0,96
2026-06-02T14:54:24.219,3645,2,0x3fc;0x3fd,0,96
2026-06-02T14:54:24.420,3646,2,0x3fc;0x3fd,0,96
2026-06-02T14:54:24.420,3647,2,0x3fc;0x3fd,0,232
2026-06-02T14:54:24.623,3648,3,0x3fc;0x3fd;0x410,1,376
2026-06-02T14:54:24.623,3649,2,0x3fc;0x3fd,0,96
2026-06-02T14:54:24.623,3650,2,0x3fc;0x3fd,0,96
2026-06-02T14:54:24.825,3651,2,0x3fc;0x3fd,0,96
2026-06-02T14:54:24.825,3652,2,0x3fc;0x3fd,0,96
2026-06-02T14:54:25.029,3653,2,0x3fc;0x3fd,0,96
2026-06-02T14:54:25.029,3654,2,0x3fc;0x3fd,0,96
2026-06-02T14:54:25.231,3655,2,0x3fc;0x3fd,0,96
2026-06-02T14:54:25.231,3656,2,0x3fc;0x3fd,0,96
2026-06-02T14:54:25.231,3657,2,0x3fc;0x3fd,0,96
2026-06-02T14:54:25.432,3658,2,0x3fc;0x3fd,0,272
2026-06-02T14:54:25.432,3659,2,0x3fc;0x3fd,0,96
2026-06-02T14:54:25.634,3660,2,0x3fc;0x3fd,0,96
2026-06-02T14:54:25.634,3661,2,0x3fc;0x3fd,0,96
2026-06-02T14:54:25.836,3662,2,0x3fc;0x3fd,0,96
2026-06-02T14:54:25.836,3663,2,0x3fc;0x3fd,0,96
2026-06-02T14:54:26.038,3664,3,0x3fc;0x3fd;0x410,1,240
2026-06-02T14:54:26.038,3665,2,0x3fc;0x3fd,0,96
2026-06-02T14:54:26.038,3666,2,0x3fc;0x3fd,0,96
2026-06-02T14:54:26.241,3667,2,0x3fc;0x3fd,0,96
2026-06-02T14:54:26.241,3668,2,0x3fc;0x3fd,0,96
2026-06-02T14:54:26.456,3669,1,0x3fd,0,52
2026-06-02T14:54:26.456,3670,2,0x3fc;0x3fd,0,96
2026-06-02T14:54:26.659,3671,2,0x3fc;0x3fd,0,96
2026-06-02T14:54:26.659,3672,2,0x3fc;0x3fd,0,96
2026-06-02T14:54:26.861,3673,2,0x3fc;0x3fd,0,96
2026-06-02T14:54:26.861,3674,2,0x3fc;0x3fd,0,96
2026-06-02T14:54:26.861,3675,2,0x3fc;0x3fd,0,96
2026-06-02T14:54:27.063,3676,2,0x3fc;0x3fd,0,96
2026-06-02T14:54:27.063,3677,2,0x3fc;0x3fd,0,96
2026-06-02T14:54:27.265,3678,2,0x3fc;0x3fd,0,96
2026-06-02T14:54:27.265,3679,2,0x3fc;0x3fd,0,184
2026-06-02T14:54:27.468,3680,3,0x3fc;0x3fd;0x410,1,328
2026-06-02T14:54:27.468,3681,2,0x3fc;0x3fd,0,96
2026-06-02T14:54:27.672,3682,2,0x3fc;0x3fd,0,96
2026-06-02T14:54:27.672,3683,2,0x3fc;0x3fd,0,96
2026-06-02T14:54:27.672,3684,2,0x3fc;0x3fd,0,104
2026-06-02T14:54:27.876,3685,2,0x3fc;0x3fd,0,96
2026-06-02T14:54:27.876,3686,2,0x3fc;0x3fd,0,96
2026-06-02T14:54:28.078,3687,2,0x3fc;0x3fd,0,96
2026-06-02T14:54:28.078,3688,2,0x3fc;0x3fd,0,96
2026-06-02T14:54:28.281,3689,2,0x3fc;0x3fd,0,96
2026-06-02T14:54:28.281,3690,2,0x3fc;0x3fd,0,96
2026-06-02T14:54:28.485,3691,2,0x3fc;0x3fd,0,120
2026-06-02T14:54:28.485,3692,2,0x3fc;0x3fd,0,96
2026-06-02T14:54:28.485,3693,2,0x3fc;0x3fd,0,96
2026-06-02T14:54:28.688,3694,2,0x3fc;0x3fd,0,96
2026-06-02T14:54:28.688,3695,2,0x3fc;0x3fd,0,96
2026-06-02T14:54:28.890,3696,3,0x3fc;0x3fd;0x410,1,240
2026-06-02T14:54:28.890,3697,2,0x3fc;0x3fd,0,96
2026-06-02T14:54:29.095,3698,2,0x3fc;0x3fd,0,96
2026-06-02T14:54:29.095,3699,2,0x3fc;0x3fd,0,96
2026-06-02T14:54:29.309,3700,2,0x3fc;0x3fd,0,96
2026-06-02T14:54:29.309,3701,2,0x3fc;0x3fd,0,160
2026-06-02T14:54:29.309,3702,2,0x3fc;0x3fd,0,96
2026-06-02T14:54:29.511,3703,2,0x3fc;0x3fd,0,96
2026-06-02T14:54:29.511,3704,2,0x3fc;0x3fd,0,96
2026-06-02T14:54:29.715,3705,2,0x3fc;0x3fd,0,96
2026-06-02T14:54:29.715,3706,2,0x3fc;0x3fd,0,96
2026-06-02T14:54:29.916,3707,2,0x3fc;0x3fd,0,96
2026-06-02T14:54:29.916,3708,2,0x3fc;0x3fd,0,96
2026-06-02T14:54:29.916,3709,2,0x3fc;0x3fd,0,96
2026-06-02T14:54:30.122,3710,2,0x3fc;0x3fd,0,96
2026-06-02T14:54:30.122,3711,2,0x3fc;0x3fd,0,96
2026-06-02T14:54:30.324,3712,3,0x3fc;0x3fd;0x410,1,240
2026-06-02T14:54:30.324,3713,2,0x3fc;0x3fd,0,96
2026-06-02T14:54:30.525,3714,2,0x3fc;0x3fd,0,96
2026-06-02T14:54:30.525,3715,2,0x3fc;0x3fd,0,96
2026-06-02T14:54:30.730,3716,2,0x3fc;0x3fd,0,96
2026-06-02T14:54:30.730,3717,2,0x3fc;0x3fd,0,96
2026-06-02T14:54:30.730,3718,2,0x3fc;0x3fd,0,96
2026-06-02T14:54:30.932,3719,2,0x3fc;0x3fd,0,96
2026-06-02T14:54:30.932,3720,2,0x3fc;0x3fd,0,96
2026-06-02T14:54:31.136,3721,2,0x3fc;0x3fd,0,96
2026-06-02T14:54:31.136,3722,2,0x3fc;0x3fd,0,376
2026-06-02T14:54:31.343,3723,2,0x3fc;0x3fd,0,96
2026-06-02T14:54:31.343,3724,2,0x3fc;0x3fd,0,96
2026-06-02T14:54:31.545,3725,2,0x3fc;0x3fd,0,96
2026-06-02T14:54:31.545,3726,2,0x3fc;0x3fd,0,96
2026-06-02T14:54:31.545,3727,2,0x3fc;0x3fd,0,96
2026-06-02T14:54:31.761,3728,3,0x3fc;0x3fd;0x410,1,240
2026-06-02T14:54:31.761,3729,2,0x3fc;0x3fd,0,96
2026-06-02T14:54:31.963,3730,2,0x3fc;0x3fd,0,96
2026-06-02T14:54:31.963,3731,2,0x3fc;0x3fd,0,96
2026-06-02T14:54:32.165,3732,2,0x3fc;0x3fd,0,96
2026-06-02T14:54:32.165,3733,2,0x3fc;0x3fd,0,136
2026-06-02T14:54:32.165,3734,2,0x3fc;0x3fd,0,96
2026-06-02T14:54:32.369,3735,2,0x3fc;0x3fd,0,96
2026-06-02T14:54:32.369,3736,2,0x3fc;0x3fd,0,96
2026-06-02T14:54:32.573,3737,2,0x3fc;0x3fd,0,96
2026-06-02T14:54:32.573,3738,2,0x3fc;0x3fd,0,96
2026-06-02T14:54:32.778,3739,2,0x3fc;0x3fd,0,96
2026-06-02T14:54:32.778,3740,2,0x3fc;0x3fd,0,96
2026-06-02T14:54:32.981,3741,2,0x3fc;0x3fd,0,96
2026-06-02T14:54:32.981,3742,2,0x3fc;0x3fd,0,96
2026-06-02T14:54:32.981,3743,1,0x3fd,0,52
2026-06-02T14:54:33.185,3744,2,0x3fd;0x410,1,196
2026-06-02T14:54:33.185,3745,2,0x3fc;0x3fd,0,96
2026-06-02T14:54:33.388,3746,2,0x3fc;0x3fd,0,96
2026-06-02T14:54:33.388,3747,2,0x3fc;0x3fd,0,96
2026-06-02T14:54:33.589,3748,2,0x3fc;0x3fd,0,96
2026-06-02T14:54:33.589,3749,2,0x3fc;0x3fd,0,96
2026-06-02T14:54:33.793,3750,2,0x3fc;0x3fd,0,96
2026-06-02T14:54:33.793,3751,2,0x3fc;0x3fd,0,96
2026-06-02T14:54:33.793,3752,2,0x3fc;0x3fd,0,96
2026-06-02T14:54:33.995,3753,2,0x3fc;0x3fd,0,96
2026-06-02T14:54:33.995,3754,1,0x3fd,0,52
2026-06-02T14:54:34.197,3755,2,0x3fc;0x3fd,0,96
2026-06-02T14:54:34.197,3756,2,0x3fc;0x3fd,0,96
2026-06-02T14:54:34.400,3757,2,0x3fc;0x3fd,0,96
2026-06-02T14:54:34.400,3758,2,0x3fc;0x3fd,0,96
2026-06-02T14:54:34.603,3759,2,0x3fc;0x3fd,0,96
2026-06-02T14:54:34.603,3760,3,0x3fc;0x3fd;0x410,1,240
2026-06-02T14:54:34.603,3761,2,0x3fc;0x3fd,0,96
2026-06-02T14:54:34.806,3762,2,0x3fc;0x3fd,0,96
2026-06-02T14:54:34.806,3763,2,0x3fc;0x3fd,0,96
2026-06-02T14:54:35.010,3764,2,0x3fc;0x3fd,0,96
2026-06-02T14:54:35.010,3765,2,0x3fc;0x3fd,0,96
2026-06-02T14:54:35.213,3766,2,0x3fc;0x3fd,0,96
2026-06-02T14:54:35.213,3767,2,0x3fc;0x3fd,0,96
2026-06-02T14:54:35.414,3768,2,0x3fc;0x3fd,0,96
2026-06-02T14:54:35.414,3769,2,0x3fc;0x3fd,0,96
2026-06-02T14:54:35.414,3770,2,0x3fc;0x3fd,0,96
2026-06-02T14:54:35.617,3771,2,0x3fc;0x3fd,0,104
2026-06-02T14:54:35.617,3772,2,0x3fc;0x3fd,0,96
2026-06-02T14:54:35.831,3773,2,0x3fc;0x3fd,0,96
2026-06-02T14:54:35.831,3774,2,0x3fc;0x3fd,0,96
2026-06-02T14:54:36.034,3775,2,0x3fc;0x3fd,0,128
2026-06-02T14:54:36.034,3776,3,0x3fc;0x3fd;0x410,1,272
2026-06-02T14:54:36.034,3777,2,0x3fc;0x3fd,0,104
2026-06-02T14:54:36.237,3778,2,0x3fc;0x3fd,0,96
2026-06-02T14:54:36.237,3779,2,0x3fc;0x3fd,0,96
2026-06-02T14:54:36.438,3780,2,0x3fc;0x3fd,0,96
2026-06-02T14:54:36.438,3781,2,0x3fc;0x3fd,0,96
2026-06-02T14:54:36.640,3782,2,0x3fc;0x3fd,0,96
2026-06-02T14:54:36.640,3783,2,0x3fc;0x3fd,0,96
2026-06-02T14:54:36.843,3784,2,0x3fc;0x3fd,0,96
2026-06-02T14:54:36.843,3785,2,0x3fc;0x3fd,0,96
2026-06-02T14:54:36.843,3786,2,0x3fc;0x3fd,0,112
2026-06-02T14:54:37.048,3787,2,0x3fc;0x3fd,0,104
2026-06-02T14:54:37.048,3788,2,0x3fc;0x3fd,0,112
2026-06-02T14:54:37.252,3789,2,0x3fc;0x3fd,0,96
2026-06-02T14:54:37.252,3790,2,0x3fc;0x3fd,0,96
2026-06-02T14:54:37.456,3791,2,0x3fc;0x3fd,0,112
2026-06-02T14:54:37.456,3792,3,0x3fc;0x3fd;0x410,1,256
2026-06-02T14:54:37.656,3793,2,0x3fc;0x3fd,0,96
2026-06-02T14:54:37.656,3794,2,0x3fc;0x3fd,0,96
2026-06-02T14:54:37.656,3795,2,0x3fc;0x3fd,0,96
2026-06-02T14:54:37.858,3796,2,0x3fc;0x3fd,0,96
2026-06-02T14:54:37.858,3797,1,0x3fd,0,52
2026-06-02T14:54:38.063,3798,2,0x3fc;0x3fd,0,112
2026-06-02T14:54:38.063,3799,2,0x3fc;0x3fd,0,96
2026-06-02T14:54:38.278,3800,2,0x3fc;0x3fd,0,96
2026-06-02T14:54:38.278,3801,2,0x3fc;0x3fd,0,96
2026-06-02T14:54:38.278,3802,2,0x3fc;0x3fd,0,96
2026-06-02T14:54:38.483,3803,2,0x3fc;0x3fd,0,96
2026-06-02T14:54:38.483,3804,2,0x3fc;0x3fd,0,96
2026-06-02T14:54:38.686,3805,2,0x3fc;0x3fd,0,96
2026-06-02T14:54:38.686,3806,2,0x3fc;0x3fd,0,96
2026-06-02T14:54:38.890,3807,2,0x3fc;0x3fd,0,176
2026-06-02T14:54:38.890,3808,3,0x3fc;0x3fd;0x410,1,320
2026-06-02T14:54:39.092,3809,2,0x3fc;0x3fd,0,128
2026-06-02T14:54:39.092,3810,2,0x3fc;0x3fd,0,112
2026-06-02T14:54:39.092,3811,2,0x3fc;0x3fd,0,96
2026-06-02T14:54:39.295,3812,2,0x3fc;0x3fd,0,96
2026-06-02T14:54:39.295,3813,2,0x3fc;0x3fd,0,96
2026-06-02T14:54:39.498,3814,2,0x3fc;0x3fd,0,96
2026-06-02T14:54:39.498,3815,2,0x3fc;0x3fd,0,96
2026-06-02T14:54:39.700,3816,2,0x3fc;0x3fd,0,96
2026-06-02T14:54:39.700,3817,2,0x3fc;0x3fd,0,96
2026-06-02T14:54:39.903,3818,2,0x3fc;0x3fd,0,96
2026-06-02T14:54:39.903,3819,2,0x3fc;0x3fd,0,96
2026-06-02T14:54:39.903,3820,2,0x3fc;0x3fd,0,96
2026-06-02T14:54:40.107,3821,2,0x3fc;0x3fd,0,96
2026-06-02T14:54:40.107,3822,2,0x3fc;0x3fd,0,96
2026-06-02T14:54:40.312,3823,2,0x3fc;0x3fd,0,96
2026-06-02T14:54:40.312,3824,3,0x3fc;0x3fd;0x410,1,240
2026-06-02T14:54:40.514,3825,2,0x3fc;0x3fd,0,96
2026-06-02T14:54:40.514,3826,2,0x3fc;0x3fd,0,96
2026-06-02T14:54:40.717,3827,2,0x3fc;0x3fd,0,96
2026-06-02T14:54:40.717,3828,2,0x3fc;0x3fd,0,96
2026-06-02T14:54:40.717,3829,2,0x3fc;0x3fd,0,96
2026-06-02T14:54:40.919,3830,2,0x3fc;0x3fd,0,96
2026-06-02T14:54:40.919,3831,2,0x3fc;0x3fd,0,96
2026-06-02T14:54:41.120,3832,2,0x3fc;0x3fd,0,96
2026-06-02T14:54:41.120,3833,2,0x3fc;0x3fd,0,96
2026-06-02T14:54:41.323,3834,2,0x3fc;0x3fd,0,96
2026-06-02T14:54:41.323,3835,2,0x3fc;0x3fd,0,96
2026-06-02T14:54:41.527,3836,2,0x3fc;0x3fd,0,112
2026-06-02T14:54:41.527,3837,2,0x3fc;0x3fd,0,96
2026-06-02T14:54:41.527,3838,2,0x3fc;0x3fd,0,96
2026-06-02T14:54:41.727,3839,1,0x3fd,0,52
2026-06-02T14:54:41.932,3840,2,0x3fd;0x410,1,196
2026-06-02T14:54:41.932,3841,2,0x3fc;0x3fd,0,96
2026-06-02T14:54:41.932,3842,2,0x3fc;0x3fd,0,96
2026-06-02T14:54:42.133,3843,2,0x3fc;0x3fd,0,96
2026-06-02T14:54:42.133,3844,2,0x3fc;0x3fd,0,96
2026-06-02T14:54:42.334,3845,2,0x3fc;0x3fd,0,96
2026-06-02T14:54:42.334,3846,2,0x3fc;0x3fd,0,96
2026-06-02T14:54:42.334,3847,2,0x3fc;0x3fd,0,96
2026-06-02T14:54:42.538,3848,2,0x3fc;0x3fd,0,96
2026-06-02T14:54:42.538,3849,2,0x3fc;0x3fd,0,96
2026-06-02T14:54:42.739,3850,1,0x3fd,0,52
2026-06-02T14:54:42.739,3851,2,0x3fc;0x3fd,0,96
2026-06-02T14:54:42.942,3852,2,0x3fc;0x3fd,0,96
2026-06-02T14:54:42.942,3853,2,0x3fc;0x3fd,0,96
2026-06-02T14:54:43.146,3854,2,0x3fc;0x3fd,0,96
2026-06-02T14:54:43.146,3855,2,0x3fc;0x3fd,0,96
2026-06-02T14:54:43.347,3856,3,0x3fc;0x3fd;0x410,1,240
2026-06-02T14:54:43.347,3857,2,0x3fc;0x3fd,0,96
2026-06-02T14:54:43.347,3858,2,0x3fc;0x3fd,0,96
2026-06-02T14:54:43.551,3859,2,0x3fc;0x3fd,0,96
2026-06-02T14:54:43.551,3860,2,0x3fc;0x3fd,0,96
2026-06-02T14:54:43.755,3861,2,0x3fc;0x3fd,0,200
2026-06-02T14:54:43.755,3862,2,0x3fc;0x3fd,0,96
2026-06-02T14:54:43.957,3863,2,0x3fc;0x3fd,0,96
2026-06-02T14:54:43.957,3864,2,0x3fc;0x3fd,0,96
2026-06-02T14:54:43.957,3865,2,0x3fc;0x3fd,0,96
2026-06-02T14:54:44.160,3866,2,0x3fc;0x3fd,0,96
2026-06-02T14:54:44.160,3867,2,0x3fc;0x3fd,0,96
2026-06-02T14:54:44.360,3868,2,0x3fc;0x3fd,0,96
2026-06-02T14:54:44.360,3869,2,0x3fc;0x3fd,0,96
2026-06-02T14:54:44.561,3870,2,0x3fc;0x3fd,0,96
2026-06-02T14:54:44.561,3871,2,0x3fc;0x3fd,0,152
2026-06-02T14:54:44.761,3872,3,0x3fc;0x3fd;0x410,1,296
2026-06-02T14:54:44.761,3873,2,0x3fc;0x3fd,0,96
2026-06-02T14:54:44.761,3874,2,0x3fc;0x3fd,0,96
2026-06-02T14:54:44.964,3875,2,0x3fc;0x3fd,0,96
2026-06-02T14:54:44.964,3876,2,0x3fc;0x3fd,0,96
2026-06-02T14:54:45.167,3877,2,0x3fc;0x3fd,0,96
2026-06-02T14:54:45.167,3878,2,0x3fc;0x3fd,0,96
2026-06-02T14:54:45.370,3879,2,0x3fc;0x3fd,0,96
2026-06-02T14:54:45.370,3880,2,0x3fc;0x3fd,0,96
2026-06-02T14:54:45.572,3881,2,0x3fc;0x3fd,0,96
2026-06-02T14:54:45.572,3882,2,0x3fc;0x3fd,0,120
2026-06-02T14:54:45.572,3883,2,0x3fc;0x3fd,0,96
2026-06-02T14:54:45.776,3884,2,0x3fc;0x3fd,0,96
2026-06-02T14:54:45.776,3885,2,0x3fc;0x3fd,0,96
2026-06-02T14:54:45.978,3886,2,0x3fc;0x3fd,0,96
2026-06-02T14:54:45.978,3887,2,0x3fc;0x3fd,0,96
2026-06-02T14:54:46.180,3888,3,0x3fc;0x3fd;0x410,1,240
2026-06-02T14:54:46.180,3889,2,0x3fc;0x3fd,0,96
2026-06-02T14:54:46.383,3890,2,0x3fc;0x3fd,0,96
2026-06-02T14:54:46.383,3891,2,0x3fc;0x3fd,0,96
2026-06-02T14:54:46.383,3892,2,0x3fc;0x3fd,0,96
2026-06-02T14:54:46.585,3893,2,0x3fc;0x3fd,0,176
2026-06-02T14:54:46.585,3894,2,0x3fc;0x3fd,0,96
2026-06-02T14:54:46.791,3895,2,0x3fc;0x3fd,0,96
2026-06-02T14:54:46.791,3896,2,0x3fc;0x3fd,0,96
2026-06-02T14:54:46.995,3897,2,0x3fc;0x3fd,0,96
2026-06-02T14:54:46.995,3898,2,0x3fc;0x3fd,0,96
2026-06-02T14:54:47.199,3899,2,0x3fc;0x3fd,0,96
2026-06-02T14:54:47.199,3900,2,0x3fc;0x3fd,0,96
2026-06-02T14:54:47.199,3901,2,0x3fc;0x3fd,0,96
2026-06-02T14:54:47.402,3902,2,0x3fc;0x3fd,0,96
2026-06-02T14:54:47.402,3903,2,0x3fc;0x3fd,0,96
2026-06-02T14:54:47.604,3904,3,0x3fc;0x3fd;0x410,1,240
2026-06-02T14:54:47.604,3905,2,0x3fc;0x3fd,0,96
2026-06-02T14:54:47.804,3906,2,0x3fc;0x3fd,0,104
2026-06-02T14:54:47.804,3907,2,0x3fc;0x3fd,0,96
2026-06-02T14:54:48.008,3908,2,0x3fc;0x3fd,0,104
2026-06-02T14:54:48.008,3909,2,0x3fc;0x3fd,0,96
2026-06-02T14:54:48.008,3910,2,0x3fc;0x3fd,0,96
2026-06-02T14:54:48.211,3911,2,0x3fc;0x3fd,0,96
2026-06-02T14:54:48.211,3912,2,0x3fc;0x3fd,0,96
2026-06-02T14:54:48.414,3913,2,0x3fc;0x3fd,0,96
2026-06-02T14:54:48.414,3914,1,0x3fd,0,52
2026-06-02T14:54:48.619,3915,2,0x3fc;0x3fd,0,96
2026-06-02T14:54:48.619,3916,2,0x3fc;0x3fd,0,96
2026-06-02T14:54:48.821,3917,2,0x3fc;0x3fd,0,96
2026-06-02T14:54:48.821,3918,2,0x3fc;0x3fd,0,96
2026-06-02T14:54:48.821,3919,2,0x3fc;0x3fd,0,96
2026-06-02T14:54:49.021,3920,3,0x3fc;0x3fd;0x410,1,240
2026-06-02T14:54:49.021,3921,2,0x3fc;0x3fd,0,96
2026-06-02T14:54:49.224,3922,2,0x3fc;0x3fd,0,96
2026-06-02T14:54:49.224,3923,2,0x3fc;0x3fd,0,96
2026-06-02T14:54:49.426,3924,2,0x3fc;0x3fd,0,96
2026-06-02T14:54:49.426,3925,2,0x3fc;0x3fd,0,152
2026-06-02T14:54:49.629,3926,2,0x3fc;0x3fd,0,112
2026-06-02T14:54:49.629,3927,2,0x3fc;0x3fd,0,96
2026-06-02T14:54:49.629,3928,2,0x3fc;0x3fd,0,96
2026-06-02T14:54:49.831,3929,2,0x3fc;0x3fd,0,120
2026-06-02T14:54:49.831,3930,2,0x3fc;0x3fd,0,96
2026-06-02T14:54:50.035,3931,2,0x3fc;0x3fd,0,96
2026-06-02T14:54:50.035,3932,2,0x3fc;0x3fd,0,96
2026-06-02T14:54:50.239,3933,2,0x3fc;0x3fd,0,96
2026-06-02T14:54:50.239,3934,2,0x3fc;0x3fd,0,96
2026-06-02T14:54:50.441,3935,2,0x3fc;0x3fd,0,232
2026-06-02T14:54:50.441,3936,3,0x3fc;0x3fd;0x410,1,376
2026-06-02T14:54:50.441,3937,2,0x3fc;0x3fd,0,96
2026-06-02T14:54:50.642,3938,2,0x3fc;0x3fd,0,96
2026-06-02T14:54:50.642,3939,2,0x3fc;0x3fd,0,96
2026-06-02T14:54:50.845,3940,2,0x3fc;0x3fd,0,96
2026-06-02T14:54:50.845,3941,2,0x3fc;0x3fd,0,96
2026-06-02T14:54:51.048,3942,2,0x3fc;0x3fd,0,96
2026-06-02T14:54:51.048,3943,2,0x3fc;0x3fd,0,96
2026-06-02T14:54:51.253,3944,2,0x3fc;0x3fd,0,96
2026-06-02T14:54:51.253,3945,2,0x3fc;0x3fd,0,96
2026-06-02T14:54:51.253,3946,1,0x3fd,0,52
2026-06-02T14:54:51.455,3947,2,0x3fc;0x3fd,0,96
2026-06-02T14:54:51.455,3948,2,0x3fc;0x3fd,0,96
2026-06-02T14:54:51.657,3949,2,0x3fc;0x3fd,0,96
2026-06-02T14:54:51.657,3950,2,0x3fc;0x3fd,0,96
2026-06-02T14:54:51.857,3951,2,0x3fc;0x3fd,0,96
2026-06-02T14:54:51.857,3952,3,0x3fc;0x3fd;0x410,1,240
2026-06-02T14:54:52.060,3953,2,0x3fc;0x3fd,0,96
2026-06-02T14:54:52.060,3954,2,0x3fc;0x3fd,0,96
2026-06-02T14:54:52.060,3955,2,0x3fc;0x3fd,0,96
2026-06-02T14:54:52.263,3956,2,0x3fc;0x3fd,0,96
2026-06-02T14:54:52.263,3957,1,0x3fd,0,52
2026-06-02T14:54:52.479,3958,2,0x3fc;0x3fd,0,96
2026-06-02T14:54:52.479,3959,2,0x3fc;0x3fd,0,96
2026-06-02T14:54:52.683,3960,2,0x3fc;0x3fd,0,96
2026-06-02T14:54:52.683,3961,2,0x3fc;0x3fd,0,96
2026-06-02T14:54:52.683,3962,2,0x3fc;0x3fd,0,96
2026-06-02T14:54:52.885,3963,2,0x3fc;0x3fd,0,96
2026-06-02T14:54:52.885,3964,2,0x3fc;0x3fd,0,96
2026-06-02T14:54:53.087,3965,2,0x3fc;0x3fd,0,96
2026-06-02T14:54:53.087,3966,2,0x3fc;0x3fd,0,96
2026-06-02T14:54:53.293,3967,1,0x3fd,0,52
2026-06-02T14:54:53.293,3968,2,0x3fd;0x410,1,196
2026-06-02T14:54:53.497,3969,2,0x3fc;0x3fd,0,96
2026-06-02T14:54:53.497,3970,2,0x3fc;0x3fd,0,96
2026-06-02T14:54:53.497,3971,2,0x3fc;0x3fd,0,96
2026-06-02T14:54:53.700,3972,2,0x3fc;0x3fd,0,96
2026-06-02T14:54:53.700,3973,2,0x3fc;0x3fd,0,96
2026-06-02T14:54:53.904,3974,2,0x3fc;0x3fd,0,112
2026-06-02T14:54:53.904,3975,2,0x3fc;0x3fd,0,112
2026-06-02T14:54:54.106,3976,2,0x3fc;0x3fd,0,96
2026-06-02T14:54:54.106,3977,2,0x3fc;0x3fd,0,96
2026-06-02T14:54:54.308,3978,2,0x3fc;0x3fd,0,152
2026-06-02T14:54:54.308,3979,2,0x3fc;0x3fd,0,96
2026-06-02T14:54:54.308,3980,2,0x3fc;0x3fd,0,96
2026-06-02T14:54:54.509,3981,2,0x3fc;0x3fd,0,104
2026-06-02T14:54:54.509,3982,2,0x3fc;0x3fd,0,96
2026-06-02T14:54:54.711,3983,2,0x3fc;0x3fd,0,96
2026-06-02T14:54:54.711,3984,3,0x3fc;0x3fd;0x410,1,240
2026-06-02T14:54:54.915,3985,2,0x3fc;0x3fd,0,96
2026-06-02T14:54:54.915,3986,2,0x3fc;0x3fd,0,96
2026-06-02T14:54:55.116,3987,2,0x3fc;0x3fd,0,96
2026-06-02T14:54:55.116,3988,2,0x3fc;0x3fd,0,96
2026-06-02T14:54:55.116,3989,2,0x3fc;0x3fd,0,88
2026-06-02T14:54:55.319,3990,2,0x3fc;0x3fd,0,96
2026-06-02T14:54:55.319,3991,2,0x3fc;0x3fd,0,96
2026-06-02T14:54:55.521,3992,2,0x3fc;0x3fd,0,96
2026-06-02T14:54:55.521,3993,2,0x3fc;0x3fd,0,96
2026-06-02T14:54:55.722,3994,2,0x3fc;0x3fd,0,96
2026-06-02T14:54:55.722,3995,2,0x3fc;0x3fd,0,96
2026-06-02T14:54:55.925,3996,2,0x3fc;0x3fd,0,96
2026-06-02T14:54:55.925,3997,2,0x3fc;0x3fd,0,96
2026-06-02T14:54:55.925,3998,2,0x3fc;0x3fd,0,96
2026-06-02T14:54:56.126,3999,2,0x3fc;0x3fd,0,128
2026-06-02T14:54:56.329,4000,3,0x3fc;0x3fd;0x410,1,272
2026-06-02T14:54:56.329,4001,2,0x3fc;0x3fd,0,96
2026-06-02T14:54:56.329,4002,2,0x3fc;0x3fd,0,96
2026-06-02T14:54:56.530,4003,2,0x3fc;0x3fd,0,96
2026-06-02T14:54:56.530,4004,2,0x3fc;0x3fd,0,96
2026-06-02T14:54:56.732,4005,2,0x3fc;0x3fd,0,96
2026-06-02T14:54:56.732,4006,2,0x3fc;0x3fd,0,96
2026-06-02T14:54:56.732,4007,2,0x3fc;0x3fd,0,96
2026-06-02T14:54:56.935,4008,2,0x3fc;0x3fd,0,96
2026-06-02T14:54:56.935,4009,2,0x3fc;0x3fd,0,96
2026-06-02T14:54:57.140,4010,1,0x3fd,0,52
2026-06-02T14:54:57.140,4011,2,0x3fc;0x3fd,0,96
2026-06-02T14:54:57.344,4012,2,0x3fc;0x3fd,0,96
2026-06-02T14:54:57.344,4013,2,0x3fc;0x3fd,0,96
2026-06-02T14:54:57.544,4014,2,0x3fc;0x3fd,0,96
2026-06-02T14:54:57.544,4015,2,0x3fc;0x3fd,0,96
2026-06-02T14:54:57.747,4016,3,0x3fc;0x3fd;0x410,1,240
2026-06-02T14:54:57.747,4017,2,0x3fc;0x3fd,0,96
2026-06-02T14:54:57.747,4018,2,0x3fc;0x3fd,0,104
2026-06-02T14:54:57.951,4019,2,0x3fc;0x3fd,0,192
2026-06-02T14:54:57.951,4020,2,0x3fc;0x3fd,0,136
2026-06-02T14:54:58.151,4021,2,0x3fc;0x3fd,0,128
2026-06-02T14:54:58.151,4022,2,0x3fc;0x3fd,0,152
2026-06-02T14:54:58.366,4023,2,0x3fc;0x3fd,0,104
2026-06-02T14:54:58.369,4024,2,0x3fc;0x3fd,0,128
2026-06-02T14:54:58.369,4025,2,0x3fc;0x3fd,0,96
2026-06-02T14:54:58.584,4026,2,0x3fc;0x3fd,0,136
2026-06-02T14:54:58.584,4027,2,0x3fc;0x3fd,0,128
2026-06-02T14:54:58.785,4028,2,0x3fc;0x3fd,0,96
2026-06-02T14:54:58.785,4029,2,0x3fc;0x3fd,0,96
2026-06-02T14:54:58.990,4030,2,0x3fc;0x3fd,0,96
2026-06-02T14:54:58.990,4031,2,0x3fc;0x3fd,0,408
2026-06-02T14:54:59.193,4032,3,0x3fc;0x3fd;0x410,1,552
2026-06-02T14:54:59.193,4033,2,0x3fc;0x3fd,0,96
2026-06-02T14:54:59.193,4034,2,0x3fc;0x3fd,0,96
2026-06-02T14:54:59.394,4035,2,0x3fc;0x3fd,0,96
2026-06-02T14:54:59.394,4036,2,0x3fc;0x3fd,0,96
2026-06-02T14:54:59.597,4037,2,0x3fc;0x3fd,0,136
2026-06-02T14:54:59.597,4038,2,0x3fc;0x3fd,0,208
2026-06-02T14:54:59.800,4039,2,0x3fc;0x3fd,0,96
2026-06-02T14:54:59.800,4040,2,0x3fc;0x3fd,0,96
2026-06-02T14:54:59.800,4041,2,0x3fc;0x3fd,0,96
2026-06-02T14:55:00.001,4042,2,0x3fc;0x3fd,0,96
2026-06-02T14:55:00.001,4043,2,0x3fc;0x3fd,0,96
2026-06-02T14:55:00.206,4044,2,0x3fc;0x3fd,0,96
2026-06-02T14:55:00.206,4045,2,0x3fc;0x3fd,0,96
2026-06-02T14:55:00.408,4046,2,0x3fc;0x3fd,0,96
2026-06-02T14:55:00.408,4047,2,0x3fc;0x3fd,0,96
2026-06-02T14:55:00.624,4048,3,0x3fc;0x3fd;0x410,1,240
2026-06-02T14:55:00.624,4049,2,0x3fc;0x3fd,0,104
2026-06-02T14:55:00.624,4050,2,0x3fc;0x3fd,0,96
2026-06-02T14:55:00.827,4051,2,0x3fc;0x3fd,0,96
2026-06-02T14:55:00.827,4052,2,0x3fc;0x3fd,0,96
2026-06-02T14:55:01.030,4053,1,0x3fd,0,52
2026-06-02T14:55:01.030,4054,2,0x3fc;0x3fd,0,96
2026-06-02T14:55:01.233,4055,2,0x3fc;0x3fd,0,144
2026-06-02T14:55:01.233,4056,2,0x3fc;0x3fd,0,128
2026-06-02T14:55:01.233,4057,2,0x3fc;0x3fd,0,112
2026-06-02T14:55:01.438,4058,2,0x3fc;0x3fd,0,152
2026-06-02T14:55:01.438,4059,2,0x3fc;0x3fd,0,96
2026-06-02T14:55:01.639,4060,2,0x3fc;0x3fd,0,96
2026-06-02T14:55:01.639,4061,2,0x3fc;0x3fd,0,96
2026-06-02T14:55:01.841,4062,2,0x3fc;0x3fd,0,120
2026-06-02T14:55:01.841,4063,2,0x3fc;0x3fd,0,152
2026-06-02T14:55:02.045,4064,3,0x3fc;0x3fd;0x410,1,296
2026-06-02T14:55:02.045,4065,2,0x3fc;0x3fd,0,96
2026-06-02T14:55:02.045,4066,2,0x3fc;0x3fd,0,120
2026-06-02T14:55:02.249,4067,2,0x3fc;0x3fd,0,136
2026-06-02T14:55:02.249,4068,2,0x3fc;0x3fd,0,96
2026-06-02T14:55:02.452,4069,2,0x3fc;0x3fd,0,120
2026-06-02T14:55:02.453,4070,2,0x3fc;0x3fd,0,96
2026-06-02T14:55:02.655,4071,2,0x3fc;0x3fd,0,96
2026-06-02T14:55:02.655,4072,2,0x3fc;0x3fd,0,112
2026-06-02T14:55:02.858,4073,2,0x3fc;0x3fd,0,112
2026-06-02T14:55:02.858,4074,2,0x3fc;0x3fd,0,424
2026-06-02T14:55:02.858,4075,2,0x3fc;0x3fd,0,104
2026-06-02T14:55:03.062,4076,2,0x3fc;0x3fd,0,96
2026-06-02T14:55:03.062,4077,2,0x3fc;0x3fd,0,96
2026-06-02T14:55:03.265,4078,2,0x3fc;0x3fd,0,96
2026-06-02T14:55:03.265,4079,2,0x3fc;0x3fd,0,96
2026-06-02T14:55:03.468,4080,3,0x3fc;0x3fd;0x410,1,240
2026-06-02T14:55:03.468,4081,2,0x3fc;0x3fd,0,120
2026-06-02T14:55:03.672,4082,2,0x3fc;0x3fd,0,96
2026-06-02T14:55:03.672,4083,2,0x3fc;0x3fd,0,312
2026-06-02T14:55:03.672,4084,2,0x3fc;0x3fd,0,96
2026-06-02T14:55:03.875,4085,2,0x3fc;0x3fd,0,96
2026-06-02T14:55:03.875,4086,2,0x3fc;0x3fd,0,96
2026-06-02T14:55:04.076,4087,2,0x3fc;0x3fd,0,96
2026-06-02T14:55:04.076,4088,2,0x3fc;0x3fd,0,96
2026-06-02T14:55:04.280,4089,2,0x3fc;0x3fd,0,96
2026-06-02T14:55:04.280,4090,2,0x3fc;0x3fd,0,128
2026-06-02T14:55:04.481,4091,2,0x3fc;0x3fd,0,200
2026-06-02T14:55:04.481,4092,2,0x3fc;0x3fd,0,248
2026-06-02T14:55:04.481,4093,2,0x3fc;0x3fd,0,112
2026-06-02T14:55:04.686,4094,2,0x3fc;0x3fd,0,344
2026-06-02T14:55:04.686,4095,2,0x3fc;0x3fd,0,208
2026-06-02T14:55:04.888,4096,3,0x3fc;0x3fd;0x410,1,352
2026-06-02T14:55:04.888,4097,2,0x3fc;0x3fd,0,96
2026-06-02T14:55:05.091,4098,2,0x3fc;0x3fd,0,96
2026-06-02T14:55:05.091,4099,2,0x3fc;0x3fd,0,96
2026-06-02T14:55:05.293,4100,2,0x3fc;0x3fd,0,96
2026-06-02T14:55:05.293,4101,2,0x3fc;0x3fd,0,96
2026-06-02T14:55:05.293,4102,2,0x3fc;0x3fd,0,136
2026-06-02T14:55:05.497,4103,2,0x3fc;0x3fd,0,96
2026-06-02T14:55:05.497,4104,2,0x3fc;0x3fd,0,96
2026-06-02T14:55:05.698,4105,2,0x3fc;0x3fd,0,96
2026-06-02T14:55:05.698,4106,2,0x3fc;0x3fd,0,288
2026-06-02T14:55:05.900,4107,2,0x3fc;0x3fd,0,96
2026-06-02T14:55:05.900,4108,2,0x3fc;0x3fd,0,96
2026-06-02T14:55:06.104,4109,2,0x3fc;0x3fd,0,104
2026-06-02T14:55:06.104,4110,2,0x3fc;0x3fd,0,96
2026-06-02T14:55:06.104,4111,2,0x3fc;0x3fd,0,96
2026-06-02T14:55:06.309,4112,3,0x3fc;0x3fd;0x410,1,240
2026-06-02T14:55:06.309,4113,2,0x3fc;0x3fd,0,104
2026-06-02T14:55:06.511,4114,2,0x3fc;0x3fd,0,96
2026-06-02T14:55:06.511,4115,2,0x3fc;0x3fd,0,96
2026-06-02T14:55:06.714,4116,2,0x3fc;0x3fd,0,96
2026-06-02T14:55:06.714,4117,2,0x3fc;0x3fd,0,88
2026-06-02T14:55:06.916,4118,2,0x3fc;0x3fd,0,104
2026-06-02T14:55:06.916,4119,2,0x3fc;0x3fd,0,96
2026-06-02T14:55:06.916,4120,2,0x3fc;0x3fd,0,96
2026-06-02T14:55:07.119,4121,2,0x3fc;0x3fd,0,96
2026-06-02T14:55:07.119,4122,2,0x3fc;0x3fd,0,96
2026-06-02T14:55:07.322,4123,2,0x3fc;0x3fd,0,96
2026-06-02T14:55:07.322,4124,2,0x3fc;0x3fd,0,104
2026-06-02T14:55:07.523,4125,2,0x3fc;0x3fd,0,96
2026-06-02T14:55:07.523,4126,2,0x3fc;0x3fd,0,96
2026-06-02T14:55:07.728,4127,2,0x3fc;0x3fd,0,88
2026-06-02T14:55:07.728,4128,3,0x3fc;0x3fd;0x410,1,232
2026-06-02T14:55:07.728,4129,2,0x3fc;0x3fd,0,96
2026-06-02T14:55:07.931,4130,2,0x3fc;0x3fd,0,96
2026-06-02T14:55:07.931,4131,2,0x3fc;0x3fd,0,96
2026-06-02T14:55:08.135,4132,2,0x3fc;0x3fd,0,96
2026-06-02T14:55:08.135,4133,2,0x3fc;0x3fd,0,96
2026-06-02T14:55:08.337,4134,2,0x3fc;0x3fd,0,96
2026-06-02T14:55:08.337,4135,2,0x3fc;0x3fd,0,96
2026-06-02T14:55:08.337,4136,2,0x3fc;0x3fd,0,120
2026-06-02T14:55:08.540,4137,2,0x3fc;0x3fd,0,96
2026-06-02T14:55:08.540,4138,2,0x3fc;0x3fd,0,96
2026-06-02T14:55:08.743,4139,2,0x3fc;0x3fd,0,96
2026-06-02T14:55:08.743,4140,2,0x3fc;0x3fd,0,96
2026-06-02T14:55:08.945,4141,2,0x3fc;0x3fd,0,96
2026-06-02T14:55:08.945,4142,2,0x3fc;0x3fd,0,96
2026-06-02T14:55:09.147,4143,2,0x3fc;0x3fd,0,96
2026-06-02T14:55:09.147,4144,3,0x3fc;0x3fd;0x410,1,240
2026-06-02T14:55:09.147,4145,2,0x3fc;0x3fd,0,96
2026-06-02T14:55:09.351,4146,2,0x3fc;0x3fd,0,104
2026-06-02T14:55:09.351,4147,2,0x3fc;0x3fd,0,96
2026-06-02T14:55:09.555,4148,2,0x3fc;0x3fd,0,96
2026-06-02T14:55:09.555,4149,2,0x3fc;0x3fd,0,304
2026-06-02T14:55:09.757,4150,2,0x3fc;0x3fd,0,96
2026-06-02T14:55:09.757,4151,2,0x3fc;0x3fd,0,96
2026-06-02T14:55:09.960,4152,2,0x3fc;0x3fd,0,96
2026-06-02T14:55:09.961,4153,2,0x3fc;0x3fd,0,96
2026-06-02T14:55:09.961,4154,2,0x3fc;0x3fd,0,96
2026-06-02T14:55:10.162,4155,2,0x3fc;0x3fd,0,96
2026-06-02T14:55:10.162,4156,2,0x3fc;0x3fd,0,96
2026-06-02T14:55:10.366,4157,2,0x3fc;0x3fd,0,96
2026-06-02T14:55:10.366,4158,2,0x3fc;0x3fd,0,96
2026-06-02T14:55:10.567,4159,2,0x3fc;0x3fd,0,144
2026-06-02T14:55:10.567,4160,3,0x3fc;0x3fd;0x410,1,288
2026-06-02T14:55:10.769,4161,2,0x3fc;0x3fd,0,96
2026-06-02T14:55:10.769,4162,2,0x3fc;0x3fd,0,96
2026-06-02T14:55:10.769,4163,2,0x3fc;0x3fd,0,96
2026-06-02T14:55:10.970,4164,2,0x3fc;0x3fd,0,96
2026-06-02T14:55:10.970,4165,2,0x3fc;0x3fd,0,96
2026-06-02T14:55:11.172,4166,2,0x3fc;0x3fd,0,96
2026-06-02T14:55:11.172,4167,2,0x3fc;0x3fd,0,96
2026-06-02T14:55:11.375,4168,2,0x3fc;0x3fd,0,96
2026-06-02T14:55:11.375,4169,2,0x3fc;0x3fd,0,96
2026-06-02T14:55:11.577,4170,2,0x3fc;0x3fd,0,368
2026-06-02T14:55:11.577,4171,2,0x3fc;0x3fd,0,96
2026-06-02T14:55:11.577,4172,2,0x3fc;0x3fd,0,112
2026-06-02T14:55:11.780,4173,2,0x3fc;0x3fd,0,96
2026-06-02T14:55:11.780,4174,2,0x3fc;0x3fd,0,96
2026-06-02T14:55:11.983,4175,2,0x3fc;0x3fd,0,96
2026-06-02T14:55:11.983,4176,3,0x3fc;0x3fd;0x410,1,240
2026-06-02T14:55:12.186,4177,2,0x3fc;0x3fd,0,96
2026-06-02T14:55:12.186,4178,2,0x3fc;0x3fd,0,96
2026-06-02T14:55:12.387,4179,2,0x3fc;0x3fd,0,96
2026-06-02T14:55:12.387,4180,2,0x3fc;0x3fd,0,96
2026-06-02T14:55:12.589,4181,2,0x3fc;0x3fd,0,200
2026-06-02T14:55:12.589,4182,2,0x3fc;0x3fd,0,96
2026-06-02T14:55:12.589,4183,2,0x3fc;0x3fd,0,96
2026-06-02T14:55:12.793,4184,2,0x3fc;0x3fd,0,128
2026-06-02T14:55:12.793,4185,2,0x3fc;0x3fd,0,96
2026-06-02T14:55:12.996,4186,2,0x3fc;0x3fd,0,96
2026-06-02T14:55:12.996,4187,2,0x3fc;0x3fd,0,96
2026-06-02T14:55:13.200,4188,2,0x3fc;0x3fd,0,96
2026-06-02T14:55:13.200,4189,2,0x3fc;0x3fd,0,112
2026-06-02T14:55:13.200,4190,2,0x3fc;0x3fd,0,104
2026-06-02T14:55:13.403,4191,2,0x3fc;0x3fd,0,104
2026-06-02T14:55:13.608,4192,3,0x3fc;0x3fd;0x410,1,248
2026-06-02T14:55:13.608,4193,2,0x3fc;0x3fd,0,96
2026-06-02T14:55:13.608,4194,2,0x3fc;0x3fd,0,96
2026-06-02T14:55:13.812,4195,2,0x3fc;0x3fd,0,96
2026-06-02T14:55:13.812,4196,2,0x3fc;0x3fd,0,96
2026-06-02T14:55:14.013,4197,2,0x3fc;0x3fd,0,96
2026-06-02T14:55:14.013,4198,2,0x3fc;0x3fd,0,96
2026-06-02T14:55:14.013,4199,2,0x3fc;0x3fd,0,96
2026-06-02T14:55:14.216,4200,2,0x3fc;0x3fd,0,96
2026-06-02T14:55:14.216,4201,2,0x3fc;0x3fd,0,96
2026-06-02T14:55:14.420,4202,2,0x3fc;0x3fd,0,96
2026-06-02T14:55:14.420,4203,2,0x3fc;0x3fd,0,96
2026-06-02T14:55:14.621,4204,2,0x3fc;0x3fd,0,96
2026-06-02T14:55:14.621,4205,2,0x3fc;0x3fd,0,96
2026-06-02T14:55:14.825,4206,2,0x3fc;0x3fd,0,96
2026-06-02T14:55:14.825,4207,2,0x3fc;0x3fd,0,96
2026-06-02T14:55:15.028,4208,3,0x3fc;0x3fd;0x410,1,240
2026-06-02T14:55:15.028,4209,2,0x3fc;0x3fd,0,96
2026-06-02T14:55:15.028,4210,2,0x3fc;0x3fd,0,96
2026-06-02T14:55:15.231,4211,2,0x3fc;0x3fd,0,96
2026-06-02T14:55:15.231,4212,2,0x3fc;0x3fd,0,96
2026-06-02T14:55:15.434,4213,2,0x3fc;0x3fd,0,96
2026-06-02T14:55:15.434,4214,2,0x3fc;0x3fd,0,96
2026-06-02T14:55:15.638,4215,2,0x3fc;0x3fd,0,96
2026-06-02T14:55:15.638,4216,2,0x3fc;0x3fd,0,96
2026-06-02T14:55:15.638,4217,2,0x3fc;0x3fd,0,96
2026-06-02T14:55:15.840,4218,2,0x3fc;0x3fd,0,96
2026-06-02T14:55:15.841,4219,2,0x3fc;0x3fd,0,96
2026-06-02T14:55:16.043,4220,2,0x3fc;0x3fd,0,96
2026-06-02T14:55:16.043,4221,2,0x3fc;0x3fd,0,96
2026-06-02T14:55:16.245,4222,2,0x3fc;0x3fd,0,96
2026-06-02T14:55:16.245,4223,2,0x3fc;0x3fd,0,184
2026-06-02T14:55:16.449,4224,3,0x3fc;0x3fd;0x410,1,328
2026-06-02T14:55:16.449,4225,2,0x3fc;0x3fd,0,96
2026-06-02T14:55:16.449,4226,2,0x3fc;0x3fd,0,96
2026-06-02T14:55:16.650,4227,2,0x3fc;0x3fd,0,96
2026-06-02T14:55:16.650,4228,2,0x3fc;0x3fd,0,96
2026-06-02T14:55:16.855,4229,2,0x3fc;0x3fd,0,96
2026-06-02T14:55:16.855,4230,2,0x3fc;0x3fd,0,96
2026-06-02T14:55:17.057,4231,2,0x3fc;0x3fd,0,96
2026-06-02T14:55:17.057,4232,2,0x3fc;0x3fd,0,96
2026-06-02T14:55:17.259,4233,2,0x3fc;0x3fd,0,96
2026-06-02T14:55:17.259,4234,2,0x3fc;0x3fd,0,168
2026-06-02T14:55:17.259,4235,2,0x3fc;0x3fd,0,96
2026-06-02T14:55:17.462,4236,2,0x3fc;0x3fd,0,96
2026-06-02T14:55:17.462,4237,2,0x3fc;0x3fd,0,96
2026-06-02T14:55:17.664,4238,2,0x3fc;0x3fd,0,96
2026-06-02T14:55:17.664,4239,2,0x3fc;0x3fd,0,96
2026-06-02T14:55:17.868,4240,3,0x3fc;0x3fd;0x410,1,240
2026-06-02T14:55:17.868,4241,2,0x3fc;0x3fd,0,96
2026-06-02T14:55:18.071,4242,2,0x3fc;0x3fd,0,96
2026-06-02T14:55:18.071,4243,2,0x3fc;0x3fd,0,96
2026-06-02T14:55:18.071,4244,2,0x3fc;0x3fd,0,96
2026-06-02T14:55:18.275,4245,2,0x3fc;0x3fd,0,176
2026-06-02T14:55:18.275,4246,2,0x3fc;0x3fd,0,96
2026-06-02T14:55:18.477,4247,2,0x3fc;0x3fd,0,96
2026-06-02T14:55:18.477,4248,2,0x3fc;0x3fd,0,96
2026-06-02T14:55:18.680,4249,2,0x3fc;0x3fd,0,96
2026-06-02T14:55:18.680,4250,2,0x3fc;0x3fd,0,96
2026-06-02T14:55:18.881,4251,2,0x3fc;0x3fd,0,96
2026-06-02T14:55:18.881,4252,2,0x3fc;0x3fd,0,96
2026-06-02T14:55:18.881,4253,2,0x3fc;0x3fd,0,96
2026-06-02T14:55:19.086,4254,2,0x3fc;0x3fd,0,104
2026-06-02T14:55:19.086,4255,2,0x3fc;0x3fd,0,152
2026-06-02T14:55:19.290,4256,3,0x3fc;0x3fd;0x410,1,296
2026-06-02T14:55:19.290,4257,2,0x3fc;0x3fd,0,104
2026-06-02T14:55:19.490,4258,2,0x3fc;0x3fd,0,96
2026-06-02T14:55:19.490,4259,2,0x3fc;0x3fd,0,112
2026-06-02T14:55:19.694,4260,2,0x3fc;0x3fd,0,96
2026-06-02T14:55:19.694,4261,2,0x3fc;0x3fd,0,96
2026-06-02T14:55:19.694,4262,2,0x3fc;0x3fd,0,96
2026-06-02T14:55:19.896,4263,2,0x3fc;0x3fd,0,96
2026-06-02T14:55:19.896,4264,2,0x3fc;0x3fd,0,96
2026-06-02T14:55:20.099,4265,2,0x3fc;0x3fd,0,96
2026-06-02T14:55:20.099,4266,2,0x3fc;0x3fd,0,104
2026-06-02T14:55:20.302,4267,2,0x3fc;0x3fd,0,96
2026-06-02T14:55:20.302,4268,2,0x3fc;0x3fd,0,96
2026-06-02T14:55:20.503,4269,2,0x3fc;0x3fd,0,96
2026-06-02T14:55:20.503,4270,2,0x3fc;0x3fd,0,96
2026-06-02T14:55:20.503,4271,2,0x3fc;0x3fd,0,96
2026-06-02T14:55:20.704,4272,3,0x3fc;0x3fd;0x410,1,240
2026-06-02T14:55:20.704,4273,2,0x3fc;0x3fd,0,96
2026-06-02T14:55:20.906,4274,2,0x3fc;0x3fd,0,96
2026-06-02T14:55:20.906,4275,2,0x3fc;0x3fd,0,96
2026-06-02T14:55:21.109,4276,2,0x3fc;0x3fd,0,96
2026-06-02T14:55:21.109,4277,2,0x3fc;0x3fd,0,128
2026-06-02T14:55:21.312,4278,2,0x3fc;0x3fd,0,96
2026-06-02T14:55:21.312,4279,2,0x3fc;0x3fd,0,96
2026-06-02T14:55:21.312,4280,2,0x3fc;0x3fd,0,96
2026-06-02T14:55:21.514,4281,2,0x3fc;0x3fd,0,96
2026-06-02T14:55:21.514,4282,2,0x3fc;0x3fd,0,96
2026-06-02T14:55:21.719,4283,2,0x3fc;0x3fd,0,96
2026-06-02T14:55:21.719,4284,2,0x3fc;0x3fd,0,96
2026-06-02T14:55:21.920,4285,2,0x3fc;0x3fd,0,96
2026-06-02T14:55:21.920,4286,2,0x3fc;0x3fd,0,96
2026-06-02T14:55:22.123,4287,2,0x3fc;0x3fd,0,240
2026-06-02T14:55:22.123,4288,3,0x3fc;0x3fd;0x410,1,384
2026-06-02T14:55:22.123,4289,2,0x3fc;0x3fd,0,96
2026-06-02T14:55:22.326,4290,2,0x3fc;0x3fd,0,96
2026-06-02T14:55:22.326,4291,2,0x3fc;0x3fd,0,96
2026-06-02T14:55:22.528,4292,2,0x3fc;0x3fd,0,96
2026-06-02T14:55:22.528,4293,2,0x3fc;0x3fd,0,96
2026-06-02T14:55:22.731,4294,2,0x3fc;0x3fd,0,96
2026-06-02T14:55:22.731,4295,2,0x3fc;0x3fd,0,96
2026-06-02T14:55:22.934,4296,2,0x3fc;0x3fd,0,96
2026-06-02T14:55:22.934,4297,2,0x3fc;0x3fd,0,96
2026-06-02T14:55:22.934,4298,2,0x3fc;0x3fd,0,120
2026-06-02T14:55:23.138,4299,2,0x3fc;0x3fd,0,96
2026-06-02T14:55:23.138,4300,2,0x3fc;0x3fd,0,96
2026-06-02T14:55:23.340,4301,2,0x3fc;0x3fd,0,104
2026-06-02T14:55:23.340,4302,2,0x3fc;0x3fd,0,112
2026-06-02T14:55:23.543,4303,2,0x3fc;0x3fd,0,96
2026-06-02T14:55:23.543,4304,3,0x3fc;0x3fd;0x410,1,240
2026-06-02T14:55:23.746,4305,2,0x3fc;0x3fd,0,112
2026-06-02T14:55:23.746,4306,2,0x3fc;0x3fd,0,96
2026-06-02T14:55:23.746,4307,2,0x3fc;0x3fd,0,152
2026-06-02T14:55:23.949,4308,2,0x3fc;0x3fd,0,112
2026-06-02T14:55:23.949,4309,2,0x3fc;0x3fd,0,232
2026-06-02T14:55:24.152,4310,2,0x3fc;0x3fd,0,96
2026-06-02T14:55:24.152,4311,2,0x3fc;0x3fd,0,96
2026-06-02T14:55:24.355,4312,2,0x3fc;0x3fd,0,96
2026-06-02T14:55:24.355,4313,2,0x3fc;0x3fd,0,96
2026-06-02T14:55:24.557,4314,2,0x3fc;0x3fd,0,104
2026-06-02T14:55:24.557,4315,2,0x3fc;0x3fd,0,112
2026-06-02T14:55:24.557,4316,2,0x3fc;0x3fd,0,104
2026-06-02T14:55:24.759,4317,2,0x3fc;0x3fd,0,96
2026-06-02T14:55:24.759,4318,2,0x3fc;0x3fd,0,96
2026-06-02T14:55:24.962,4319,2,0x3fc;0x3fd,0,112
2026-06-02T14:55:24.962,4320,3,0x3fc;0x3fd;0x410,1,256
2026-06-02T14:55:25.165,4321,2,0x3fc;0x3fd,0,96
2026-06-02T14:55:25.165,4322,2,0x3fc;0x3fd,0,104
2026-06-02T14:55:25.368,4323,2,0x3fc;0x3fd,0,120
2026-06-02T14:55:25.368,4324,2,0x3fc;0x3fd,0,104
2026-06-02T14:55:25.368,4325,2,0x3fc;0x3fd,0,96
2026-06-02T14:55:25.570,4326,2,0x3fc;0x3fd,0,96
2026-06-02T14:55:25.570,4327,2,0x3fc;0x3fd,0,96
2026-06-02T14:55:25.772,4328,2,0x3fc;0x3fd,0,96
2026-06-02T14:55:25.772,4329,2,0x3fc;0x3fd,0,112
2026-06-02T14:55:25.974,4330,2,0x3fc;0x3fd,0,224
2026-06-02T14:55:25.974,4331,2,0x3fc;0x3fd,0,96
2026-06-02T14:55:26.176,4332,2,0x3fc;0x3fd,0,152
2026-06-02T14:55:26.176,4333,2,0x3fc;0x3fd,0,96
2026-06-02T14:55:26.176,4334,2,0x3fc;0x3fd,0,96
2026-06-02T14:55:26.379,4335,2,0x3fc;0x3fd,0,96
2026-06-02T14:55:26.379,4336,3,0x3fc;0x3fd;0x410,1,240
2026-06-02T14:55:26.582,4337,2,0x3fc;0x3fd,0,96
2026-06-02T14:55:26.582,4338,2,0x3fc;0x3fd,0,136
2026-06-02T14:55:26.786,4339,2,0x3fc;0x3fd,0,112
2026-06-02T14:55:26.786,4340,2,0x3fc;0x3fd,0,104
2026-06-02T14:55:26.987,4341,2,0x3fc;0x3fd,0,128
2026-06-02T14:55:26.988,4342,2,0x3fc;0x3fd,0,96
2026-06-02T14:55:26.988,4343,2,0x3fc;0x3fd,0,96
2026-06-02T14:55:27.204,4344,2,0x3fc;0x3fd,0,96
2026-06-02T14:55:27.204,4345,2,0x3fc;0x3fd,0,112
2026-06-02T14:55:27.408,4346,2,0x3fc;0x3fd,0,96
2026-06-02T14:55:27.408,4347,2,0x3fc;0x3fd,0,96
2026-06-02T14:55:27.614,4348,2,0x3fc;0x3fd,0,120
2026-06-02T14:55:27.614,4349,2,0x3fc;0x3fd,0,96
2026-06-02T14:55:27.614,4350,2,0x3fc;0x3fd,0,104
2026-06-02T14:55:27.817,4351,2,0x3fc;0x3fd,0,176
2026-06-02T14:55:28.021,4352,3,0x3fc;0x3fd;0x410,1,320
2026-06-02T14:55:28.021,4353,2,0x3fc;0x3fd,0,96
2026-06-02T14:55:28.021,4354,2,0x3fc;0x3fd,0,112
2026-06-02T14:55:28.224,4355,2,0x3fc;0x3fd,0,104
2026-06-02T14:55:28.224,4356,2,0x3fc;0x3fd,0,96
2026-06-02T14:55:28.426,4357,2,0x3fc;0x3fd,0,96
2026-06-02T14:55:28.426,4358,2,0x3fc;0x3fd,0,96
2026-06-02T14:55:28.426,4359,2,0x3fc;0x3fd,0,96
2026-06-02T14:55:28.629,4360,2,0x3fc;0x3fd,0,96
2026-06-02T14:55:28.629,4361,2,0x3fc;0x3fd,0,96
2026-06-02T14:55:28.831,4362,2,0x3fc;0x3fd,0,136
2026-06-02T14:55:28.831,4363,2,0x3fc;0x3fd,0,96
2026-06-02T14:55:29.033,4364,2,0x3fc;0x3fd,0,96
2026-06-02T14:55:29.033,4365,2,0x3fc;0x3fd,0,96
2026-06-02T14:55:29.234,4366,2,0x3fc;0x3fd,0,128
2026-06-02T14:55:29.234,4367,2,0x3fc;0x3fd,0,120
2026-06-02T14:55:29.436,4368,3,0x3fc;0x3fd;0x410,1,264
2026-06-02T14:55:29.436,4369,2,0x3fc;0x3fd,0,144
2026-06-02T14:55:29.436,4370,2,0x3fc;0x3fd,0,168
2026-06-02T14:55:29.639,4371,2,0x3fc;0x3fd,0,336
2026-06-02T14:55:29.639,4372,2,0x3fc;0x3fd,0,96
2026-06-02T14:55:29.842,4373,2,0x3fc;0x3fd,0,104
2026-06-02T14:55:29.842,4374,2,0x3fc;0x3fd,0,128
2026-06-02T14:55:30.047,4375,2,0x3fc;0x3fd,0,136
2026-06-02T14:55:30.047,4376,2,0x3fc;0x3fd,0,96
2026-06-02T14:55:30.047,4377,2,0x3fc;0x3fd,0,160
2026-06-02T14:55:30.251,4378,2,0x3fc;0x3fd,0,120
2026-06-02T14:55:30.251,4379,2,0x3fc;0x3fd,0,216
2026-06-02T14:55:30.452,4380,2,0x3fc;0x3fd,0,320
2026-06-02T14:55:30.452,4381,2,0x3fc;0x3fd,0,96
2026-06-02T14:55:30.656,4382,2,0x3fc;0x3fd,0,112
2026-06-02T14:55:30.656,4383,2,0x3fc;0x3fd,0,88
2026-06-02T14:55:30.858,4384,3,0x3fc;0x3fd;0x410,1,232
2026-06-02T14:55:30.858,4385,2,0x3fc;0x3fd,0,120
2026-06-02T14:55:30.858,4386,2,0x3fc;0x3fd,0,192
2026-06-02T14:55:31.061,4387,2,0x3fc;0x3fd,0,96
2026-06-02T14:55:31.061,4388,2,0x3fc;0x3fd,0,208
2026-06-02T14:55:31.262,4389,2,0x3fc;0x3fd,0,96
2026-06-02T14:55:31.262,4390,2,0x3fc;0x3fd,0,96
2026-06-02T14:55:31.464,4391,2,0x3fc;0x3fd,0,96
2026-06-02T14:55:31.464,4392,2,0x3fc;0x3fd,0,96
2026-06-02T14:55:31.668,4393,2,0x3fc;0x3fd,0,184
2026-06-02T14:55:31.668,4394,2,0x3fc;0x3fd,0,272
2026-06-02T14:55:31.668,4395,2,0x3fc;0x3fd,0,96
2026-06-02T14:55:31.870,4396,2,0x3fc;0x3fd,0,96
2026-06-02T14:55:31.870,4397,2,0x3fc;0x3fd,0,96
2026-06-02T14:55:32.072,4398,2,0x3fc;0x3fd,0,208
2026-06-02T14:55:32.072,4399,2,0x3fc;0x3fd,0,96
2026-06-02T14:55:32.277,4400,3,0x3fc;0x3fd;0x410,1,240
2026-06-02T14:55:32.277,4401,2,0x3fc;0x3fd,0,104
2026-06-02T14:55:32.277,4402,2,0x3fc;0x3fd,0,96
2026-06-02T14:55:32.479,4403,2,0x3fc;0x3fd,0,96
2026-06-02T14:55:32.479,4404,2,0x3fc;0x3fd,0,96
2026-06-02T14:55:32.682,4405,2,0x3fc;0x3fd,0,256
2026-06-02T14:55:32.682,4406,2,0x3fc;0x3fd,0,96
2026-06-02T14:55:32.887,4407,2,0x3fc;0x3fd,0,112
2026-06-02T14:55:32.887,4408,2,0x3fc;0x3fd,0,96
2026-06-02T14:55:33.090,4409,2,0x3fc;0x3fd,0,96
2026-06-02T14:55:33.090,4410,2,0x3fc;0x3fd,0,112
2026-06-02T14:55:33.090,4411,2,0x3fc;0x3fd,0,104
2026-06-02T14:55:33.293,4412,2,0x3fc;0x3fd,0,112
2026-06-02T14:55:33.293,4413,2,0x3fc;0x3fd,0,96
2026-06-02T14:55:33.498,4414,2,0x3fc;0x3fd,0,96
2026-06-02T14:55:33.498,4415,1,0x3fd,0,52
2026-06-02T14:55:33.703,4416,2,0x3fd;0x410,1,196
2026-06-02T14:55:33.703,4417,2,0x3fc;0x3fd,0,96
2026-06-02T14:55:33.907,4418,2,0x3fc;0x3fd,0,96
2026-06-02T14:55:33.907,4419,2,0x3fc;0x3fd,0,96
2026-06-02T14:55:33.907,4420,2,0x3fc;0x3fd,0,96
2026-06-02T14:55:34.111,4421,2,0x3fc;0x3fd,0,96
2026-06-02T14:55:34.111,4422,2,0x3fc;0x3fd,0,96
2026-06-02T14:55:34.315,4423,2,0x3fc;0x3fd,0,96
2026-06-02T14:55:34.315,4424,2,0x3fc;0x3fd,0,96
2026-06-02T14:55:34.519,4425,2,0x3fc;0x3fd,0,96
2026-06-02T14:55:34.519,4426,2,0x3fc;0x3fd,0,224
2026-06-02T14:55:34.722,4427,2,0x3fc;0x3fd,0,96
2026-06-02T14:55:34.722,4428,2,0x3fc;0x3fd,0,96
2026-06-02T14:55:34.722,4429,2,0x3fc;0x3fd,0,96
2026-06-02T14:55:34.925,4430,2,0x3fc;0x3fd,0,96
2026-06-02T14:55:34.925,4431,2,0x3fc;0x3fd,0,96
2026-06-02T14:55:35.128,4432,3,0x3fc;0x3fd;0x410,1,240
2026-06-02T14:55:35.128,4433,2,0x3fc;0x3fd,0,96
2026-06-02T14:55:35.330,4434,2,0x3fc;0x3fd,0,96
2026-06-02T14:55:35.330,4435,2,0x3fc;0x3fd,0,104
2026-06-02T14:55:35.534,4436,2,0x3fc;0x3fd,0,96
2026-06-02T14:55:35.534,4437,2,0x3fc;0x3fd,0,120
2026-06-02T14:55:35.534,4438,2,0x3fc;0x3fd,0,96
2026-06-02T14:55:35.737,4439,2,0x3fc;0x3fd,0,96
2026-06-02T14:55:35.737,4440,2,0x3fc;0x3fd,0,104
2026-06-02T14:55:35.938,4441,2,0x3fc;0x3fd,0,96
2026-06-02T14:55:35.938,4442,2,0x3fc;0x3fd,0,96
2026-06-02T14:55:36.140,4443,2,0x3fc;0x3fd,0,96
2026-06-02T14:55:36.140,4444,2,0x3fc;0x3fd,0,96
2026-06-02T14:55:36.343,4445,2,0x3fc;0x3fd,0,96
2026-06-02T14:55:36.343,4446,2,0x3fc;0x3fd,0,336
2026-06-02T14:55:36.343,4447,2,0x3fc;0x3fd,0,104
2026-06-02T14:55:36.546,4448,3,0x3fc;0x3fd;0x410,1,248
2026-06-02T14:55:36.546,4449,2,0x3fc;0x3fd,0,312
2026-06-02T14:55:36.749,4450,2,0x3fc;0x3fd,0,624
2026-06-02T14:55:36.749,4451,4,0x3fc;0x3f2;0x3f3;0x3fd,0,380
2026-06-02T14:55:36.953,4452,4,0x3fc;0x3f2;0x3f3;0x3fd,0,309
2026-06-02T14:55:36.953,4453,4,0x3fc;0x3f2;0x3f3;0x3fd,0,323
2026-06-02T14:55:37.156,4454,4,0x3fc;0x3f2;0x3f3;0x3fd,0,669
2026-06-02T14:55:37.156,4455,4,0x3fc;0x3f2;0x3f3;0x3fd,0,624
2026-06-02T14:55:37.156,4456,4,0x3fc;0x3f2;0x3f3;0x3fd,0,373
2026-06-02T14:55:37.357,4457,4,0x3fc;0x3f2;0x3f3;0x3fd,0,343
2026-06-02T14:55:37.357,4458,3,0x3f2;0x3f3;0x3fd,0,195
2026-06-02T14:55:37.560,4459,3,0x3fc;0x3f2;0x3fd,0,400
2026-06-02T14:55:37.560,4460,4,0x3fc;0x3f2;0x3f3;0x3fd,0,257
2026-06-02T14:55:37.764,4461,4,0x3fc;0x3f2;0x3f3;0x3fd,0,379
2026-06-02T14:55:37.764,4462,4,0x3fc;0x3f2;0x3f3;0x3fd,0,509
2026-06-02T14:55:37.967,4463,4,0x3fc;0x3f2;0x3f3;0x3fd,0,563
2026-06-02T14:55:37.967,4464,5,0x3fc;0x3f2;0x3f3;0x3fd;0x410,1,712
2026-06-02T14:55:37.967,4465,4,0x3fc;0x3f2;0x3f3;0x3fd,0,320
2026-06-02T14:55:38.171,4466,4,0x3fc;0x3f2;0x3f3;0x3fd,0,233
2026-06-02T14:55:38.171,4467,4,0x3fc;0x3f2;0x3f3;0x3fd,0,226
2026-06-02T14:55:38.375,4468,4,0x3fc;0x3f2;0x3f3;0x3fd,0,226
2026-06-02T14:55:38.375,4469,4,0x3fc;0x3f2;0x3f3;0x3fd,0,242
2026-06-02T14:55:38.576,4470,4,0x3fc;0x3f2;0x3f3;0x3fd,0,348
2026-06-02T14:55:38.576,4471,4,0x3fc;0x3f2;0x3f3;0x3fd,0,241
2026-06-02T14:55:38.781,4472,4,0x3fc;0x3f2;0x3f3;0x3fd,0,226
2026-06-02T14:55:38.781,4473,4,0x3fc;0x3f2;0x3f3;0x3fd,0,226
2026-06-02T14:55:38.781,4474,4,0x3fc;0x3f2;0x3f3;0x3fd,0,234
2026-06-02T14:55:38.982,4475,4,0x3fc;0x3f2;0x3f3;0x3fd,0,227
2026-06-02T14:55:38.982,4476,4,0x3fc;0x3f2;0x3f3;0x3fd,0,226
2026-06-02T14:55:39.185,4477,4,0x3fc;0x3f2;0x3f3;0x3fd,0,226
2026-06-02T14:55:39.185,4478,4,0x3fc;0x3f2;0x3f3;0x3fd,0,226
2026-06-02T14:55:39.387,4479,4,0x3fc;0x3f2;0x3f3;0x3fd,0,442
2026-06-02T14:55:39.387,4480,5,0x3fc;0x3f2;0x3f3;0x3fd;0x410,1,613
2026-06-02T14:55:39.591,4481,4,0x3fc;0x3f2;0x3f3;0x3fd,0,277
2026-06-02T14:55:39.591,4482,4,0x3fc;0x3f2;0x3f3;0x3fd,0,237
2026-06-02T14:55:39.591,4483,4,0x3fc;0x3f2;0x3f3;0x3fd,0,227
2026-06-02T14:55:39.793,4484,4,0x3fc;0x3f2;0x3f3;0x3fd,0,242
2026-06-02T14:55:39.793,4485,4,0x3fc;0x3f2;0x3f3;0x3fd,0,228
2026-06-02T14:55:39.996,4486,4,0x3fc;0x3f2;0x3f3;0x3fd,0,226
2026-06-02T14:55:39.996,4487,4,0x3fc;0x3f2;0x3f3;0x3fd,0,250
2026-06-02T14:55:40.199,4488,4,0x3fc;0x3f2;0x3f3;0x3fd,0,229
2026-06-02T14:55:40.199,4489,4,0x3fc;0x3f2;0x3f3;0x3fd,0,226
2026-06-02T14:55:40.404,4490,4,0x3fc;0x3f2;0x3f3;0x3fd,0,218
2026-06-02T14:55:40.404,4491,4,0x3fc;0x3f2;0x3f3;0x3fd,0,225
2026-06-02T14:55:40.404,4492,4,0x3fc;0x3f2;0x3f3;0x3fd,0,234
2026-06-02T14:55:40.608,4493,4,0x3fc;0x3f2;0x3f3;0x3fd,0,227
2026-06-02T14:55:40.608,4494,4,0x3fc;0x3f2;0x3f3;0x3fd,0,226
2026-06-02T14:55:40.811,4495,4,0x3fc;0x3f2;0x3f3;0x3fd,0,226
2026-06-02T14:55:40.811,4496,5,0x3fc;0x3f2;0x3f3;0x3fd;0x410,1,370
2026-06-02T14:55:41.012,4497,4,0x3fc;0x3f2;0x3f3;0x3fd,0,234
2026-06-02T14:55:41.012,4498,4,0x3fc;0x3f2;0x3f3;0x3fd,0,243
2026-06-02T14:55:41.012,4499,4,0x3fc;0x3f2;0x3f3;0x3fd,0,252
2026-06-02T14:55:41.215,4500,4,0x3fc;0x3f2;0x3f3;0x3fd,0,301
2026-06-02T14:55:41.215,4501,4,0x3fc;0x3f2;0x3f3;0x3fd,0,235
2026-06-02T14:55:41.418,4502,4,0x3fc;0x3f2;0x3f3;0x3fd,0,226
2026-06-02T14:55:41.418,4503,4,0x3fc;0x3f2;0x3f3;0x3fd,0,234
2026-06-02T14:55:41.623,4504,4,0x3fc;0x3f2;0x3f3;0x3fd,0,227
2026-06-02T14:55:41.623,4505,4,0x3fc;0x3f2;0x3f3;0x3fd,0,226
2026-06-02T14:55:41.827,4506,4,0x3fc;0x3f2;0x3f3;0x3fd,0,226
2026-06-02T14:55:41.827,4507,4,0x3fc;0x3f2;0x3f3;0x3fd,0,226
2026-06-02T14:55:41.827,4508,4,0x3fc;0x3f2;0x3f3;0x3fd,0,226
2026-06-02T14:55:42.028,4509,4,0x3fc;0x3f2;0x3f3;0x3fd,0,226
2026-06-02T14:55:42.028,4510,4,0x3fc;0x3f2;0x3f3;0x3fd,0,226
2026-06-02T14:55:42.243,4511,4,0x3fc;0x3f2;0x3f3;0x3fd,0,466
2026-06-02T14:55:42.243,4512,5,0x3fc;0x3f2;0x3f3;0x3fd;0x410,1,640
2026-06-02T14:55:42.445,4513,4,0x3fc;0x3f2;0x3f3;0x3fd,0,256
2026-06-02T14:55:42.445,4514,4,0x3fc;0x3f2;0x3f3;0x3fd,0,258
2026-06-02T14:55:42.647,4515,4,0x3fc;0x3f2;0x3f3;0x3fd,0,230
2026-06-02T14:55:42.647,4516,4,0x3fc;0x3f2;0x3f3;0x3fd,0,226
2026-06-02T14:55:42.647,4517,4,0x3fc;0x3f2;0x3f3;0x3fd,0,226
2026-06-02T14:55:42.851,4518,4,0x3fc;0x3f2;0x3f3;0x3fd,0,226
2026-06-02T14:55:42.851,4519,4,0x3fc;0x3f2;0x3f3;0x3fd,0,226
2026-06-02T14:55:43.054,4520,4,0x3fc;0x3f2;0x3f3;0x3fd,0,226
2026-06-02T14:55:43.054,4521,4,0x3fc;0x3f2;0x3f3;0x3fd,0,226
2026-06-02T14:55:43.257,4522,4,0x3fc;0x3f2;0x3f3;0x3fd,0,322
2026-06-02T14:55:43.257,4523,4,0x3fc;0x3f2;0x3f3;0x3fd,0,238
2026-06-02T14:55:43.460,4524,4,0x3fc;0x3f2;0x3f3;0x3fd,0,298
2026-06-02T14:55:43.461,4525,4,0x3fc;0x3f2;0x3f3;0x3fd,0,235
2026-06-02T14:55:43.461,4526,4,0x3fc;0x3f2;0x3f3;0x3fd,0,226
2026-06-02T14:55:43.663,4527,4,0x3fc;0x3f2;0x3f3;0x3fd,0,266
2026-06-02T14:55:43.663,4528,5,0x3fc;0x3f2;0x3f3;0x3fd;0x410,1,415
2026-06-02T14:55:43.864,4529,4,0x3fc;0x3f2;0x3f3;0x3fd,0,231
2026-06-02T14:55:43.864,4530,4,0x3fc;0x3f2;0x3f3;0x3fd,0,226
2026-06-02T14:55:44.066,4531,4,0x3fc;0x3f2;0x3f3;0x3fd,0,226
2026-06-02T14:55:44.066,4532,4,0x3fc;0x3f2;0x3f3;0x3fd,0,226
2026-06-02T14:55:44.270,4533,4,0x3fc;0x3f2;0x3f3;0x3fd,0,346
2026-06-02T14:55:44.270,4534,4,0x3fc;0x3f2;0x3f3;0x3fd,0,241
2026-06-02T14:55:44.270,4535,4,0x3fc;0x3f2;0x3f3;0x3fd,0,242
2026-06-02T14:55:44.470,4536,4,0x3fc;0x3f2;0x3f3;0x3fd,0,228
2026-06-02T14:55:44.470,4537,4,0x3fc;0x3f2;0x3f3;0x3fd,0,242
2026-06-02T14:55:44.673,4538,4,0x3fc;0x3f2;0x3f3;0x3fd,0,228
2026-06-02T14:55:44.673,4539,4,0x3fc;0x3f2;0x3f3;0x3fd,0,226
2026-06-02T14:55:44.875,4540,4,0x3fc;0x3f2;0x3f3;0x3fd,0,290
2026-06-02T14:55:44.875,4541,4,0x3fc;0x3f2;0x3f3;0x3fd,0,234
2026-06-02T14:55:45.077,4542,4,0x3fc;0x3f2;0x3f3;0x3fd,0,250
2026-06-02T14:55:45.077,4543,4,0x3fc;0x3f2;0x3f3;0x3fd,0,437
2026-06-02T14:55:45.280,4544,5,0x3fc;0x3f2;0x3f3;0x3fd;0x410,1,604
2026-06-02T14:55:45.280,4545,4,0x3fc;0x3f2;0x3f3;0x3fd,0,252
2026-06-02T14:55:45.280,4546,4,0x3fc;0x3f2;0x3f3;0x3fd,0,290
2026-06-02T14:55:45.483,4547,4,0x3fc;0x3f2;0x3f3;0x3fd,0,234
2026-06-02T14:55:45.483,4548,4,0x3fc;0x3f2;0x3f3;0x3fd,0,266
2026-06-02T14:55:45.687,4549,4,0x3fc;0x3f2;0x3f3;0x3fd,0,231
2026-06-02T14:55:45.687,4550,4,0x3fc;0x3f2;0x3f3;0x3fd,0,242
2026-06-02T14:55:45.889,4551,4,0x3fc;0x3f2;0x3f3;0x3fd,0,228
2026-06-02T14:55:45.889,4552,4,0x3fc;0x3f2;0x3f3;0x3fd,0,226
2026-06-02T14:55:45.889,4553,4,0x3fc;0x3f2;0x3f3;0x3fd,0,234
2026-06-02T14:55:46.090,4554,4,0x3fc;0x3f2;0x3f3;0x3fd,0,219
2026-06-02T14:55:46.091,4555,4,0x3fc;0x3f2;0x3f3;0x3fd,0,265
2026-06-02T14:55:46.294,4556,4,0x3fc;0x3f2;0x3f3;0x3fd,0,231
2026-06-02T14:55:46.294,4557,4,0x3fc;0x3f2;0x3f3;0x3fd,0,242
2026-06-02T14:55:46.497,4558,4,0x3fc;0x3f2;0x3f3;0x3fd,0,228
2026-06-02T14:55:46.497,4559,4,0x3fc;0x3f2;0x3f3;0x3fd,0,226
2026-06-02T14:55:46.700,4560,5,0x3fc;0x3f2;0x3f3;0x3fd;0x410,1,370
2026-06-02T14:55:46.700,4561,4,0x3fc;0x3f2;0x3f3;0x3fd,0,234
2026-06-02T14:55:46.700,4562,4,0x3fc;0x3f2;0x3f3;0x3fd,0,227
2026-06-02T14:55:46.903,4563,4,0x3fc;0x3f2;0x3f3;0x3fd,0,226
2026-06-02T14:55:46.903,4564,4,0x3fc;0x3f2;0x3f3;0x3fd,0,234
2026-06-02T14:55:47.106,4565,4,0x3fc;0x3f2;0x3f3;0x3fd,0,371
2026-06-02T14:55:47.106,4566,4,0x3fc;0x3f2;0x3f3;0x3fd,0,260
2026-06-02T14:55:47.309,4567,4,0x3fc;0x3f2;0x3f3;0x3fd,0,396
2026-06-02T14:55:47.309,4568,4,0x3fc;0x3f2;0x3f3;0x3fd,0,247
2026-06-02T14:55:47.512,4569,4,0x3fc;0x3f2;0x3f3;0x3fd,0,258
2026-06-02T14:55:47.512,4570,4,0x3fc;0x3f2;0x3f3;0x3fd,0,230
2026-06-02T14:55:47.512,4571,4,0x3fc;0x3f2;0x3f3;0x3fd,0,226
2026-06-02T14:55:47.727,4572,4,0x3fc;0x3f2;0x3f3;0x3fd,0,242
2026-06-02T14:55:47.727,4573,4,0x3fc;0x3f2;0x3f3;0x3fd,0,236
2026-06-02T14:55:47.929,4574,4,0x3fc;0x3f2;0x3f3;0x3fd,0,227
2026-06-02T14:55:47.929,4575,4,0x3fc;0x3f2;0x3f3;0x3fd,0,354
2026-06-02T14:55:48.132,4576,5,0x3fc;0x3f2;0x3f3;0x3fd;0x410,1,514
2026-06-02T14:55:48.132,4577,4,0x3fc;0x3f2;0x3f3;0x3fd,0,258
2026-06-02T14:55:48.132,4578,4,0x3fc;0x3f2;0x3f3;0x3fd,0,228
2026-06-02T14:55:48.335,4579,4,0x3fc;0x3f2;0x3f3;0x3fd,0,234
2026-06-02T14:55:48.335,4580,4,0x3fc;0x3f2;0x3f3;0x3fd,0,339
2026-06-02T14:55:48.536,4581,4,0x3fc;0x3f2;0x3f3;0x3fd,0,368
2026-06-02T14:55:48.536,4582,4,0x3fc;0x3f2;0x3f3;0x3fd,0,274
2026-06-02T14:55:48.739,4583,4,0x3fc;0x3f2;0x3f3;0x3fd,0,230
2026-06-02T14:55:48.739,4584,4,0x3fc;0x3f2;0x3f3;0x3fd,0,242
2026-06-02T14:55:48.942,4585,4,0x3fc;0x3f2;0x3f3;0x3fd,0,236
2026-06-02T14:55:48.942,4586,4,0x3fc;0x3f2;0x3f3;0x3fd,0,371
2026-06-02T14:55:48.942,4587,4,0x3fc;0x3f2;0x3f3;0x3fd,0,300
2026-06-02T14:55:49.144,4588,4,0x3fc;0x3f2;0x3f3;0x3fd,0,305
2026-06-02T14:55:49.144,4589,4,0x3fc;0x3f2;0x3f3;0x3fd,0,243
2026-06-02T14:55:49.347,4590,4,0x3fc;0x3f2;0x3f3;0x3fd,0,235
2026-06-02T14:55:49.347,4591,4,0x3fc;0x3f2;0x3f3;0x3fd,0,267
2026-06-02T14:55:49.549,4592,5,0x3fc;0x3f2;0x3f3;0x3fd;0x410,1,415
2026-06-02T14:55:49.549,4593,4,0x3fc;0x3f2;0x3f3;0x3fd,0,231
2026-06-02T14:55:49.753,4594,4,0x3fc;0x3f2;0x3f3;0x3fd,0,322
2026-06-02T14:55:49.753,4595,4,0x3fc;0x3f2;0x3f3;0x3fd,0,310
2026-06-02T14:55:49.753,4596,4,0x3fc;0x3f2;0x3f3;0x3fd,0,235
2026-06-02T14:55:49.955,4597,4,0x3fc;0x3f2;0x3f3;0x3fd,0,266
2026-06-02T14:55:49.955,4598,4,0x3fc;0x3f2;0x3f3;0x3fd,0,239
2026-06-02T14:55:50.159,4599,4,0x3fc;0x3f2;0x3f3;0x3fd,0,227
2026-06-02T14:55:50.159,4600,4,0x3fc;0x3f2;0x3f3;0x3fd,0,282
2026-06-02T14:55:50.362,4601,4,0x3fc;0x3f2;0x3f3;0x3fd,0,233
2026-06-02T14:55:50.362,4602,4,0x3fc;0x3f2;0x3f3;0x3fd,0,266
2026-06-02T14:55:50.566,4603,4,0x3fc;0x3f2;0x3f3;0x3fd,0,231
2026-06-02T14:55:50.566,4604,4,0x3fc;0x3f2;0x3f3;0x3fd,0,322
2026-06-02T14:55:50.566,4605,4,0x3fc;0x3f2;0x3f3;0x3fd,0,406
2026-06-02T14:55:50.769,4606,4,0x3fc;0x3f2;0x3f3;0x3fd,0,367
2026-06-02T14:55:50.769,4607,4,0x3fc;0x3f2;0x3f3;0x3fd,0,689
2026-06-02T14:55:50.970,4608,5,0x3fc;0x3f2;0x3f3;0x3fd;0x410,1,874
2026-06-02T14:55:50.970,4609,4,0x3fc;0x3f2;0x3f3;0x3fd,0,914
2026-06-02T14:55:51.173,4610,4,0x3fc;0x3f2;0x3f3;0x3fd,0,777
2026-06-02T14:55:51.173,4611,4,0x3fc;0x3f2;0x3f3;0x3fd,0,901
2026-06-02T14:55:51.375,4612,4,0x3fc;0x3f2;0x3f3;0x3fd,0,1335
2026-06-02T14:55:51.375,4613,4,0x3fc;0x3f2;0x3f3;0x3fd,0,1235
2026-06-02T14:55:51.592,4614,4,0x3fc;0x3f2;0x3f3;0x3fd,0,1264
2026-06-02T14:55:51.592,4615,4,0x3fc;0x3f2;0x3f3;0x3fd,0,1518
2026-06-02T14:55:51.592,4616,4,0x3fc;0x3f2;0x3f3;0x3fd,0,1301
2026-06-02T14:55:51.796,4617,4,0x3fc;0x3f2;0x3f3;0x3fd,0,1518
2026-06-02T14:55:51.796,4618,4,0x3fc;0x3f2;0x3f3;0x3fd,0,493
2026-06-02T14:55:51.997,4619,4,0x3fc;0x3f2;0x3f3;0x3fd,0,1417
2026-06-02T14:55:51.997,4620,4,0x3fc;0x3f2;0x3f3;0x3fd,0,1549
2026-06-02T14:55:52.201,4621,4,0x3fc;0x3f2;0x3f3;0x3fd,0,1061
2026-06-02T14:55:52.201,4622,4,0x3fc;0x3f2;0x3f3;0x3fd,0,1200
2026-06-02T14:55:52.201,4623,4,0x3fc;0x3f2;0x3f3;0x3fd,0,1513
2026-06-02T14:55:52.404,4624,5,0x3fc;0x3f2;0x3f3;0x3fd;0x410,1,1693
2026-06-02T14:55:52.404,4625,4,0x3fc;0x3f2;0x3f3;0x3fd,0,1157
2026-06-02T14:55:52.606,4626,4,0x3fc;0x3f2;0x3f3;0x3fd,0,700
2026-06-02T14:55:52.606,4627,4,0x3fc;0x3f2;0x3f3;0x3fd,0,721
2026-06-02T14:55:52.808,4628,4,0x3fc;0x3f2;0x3f3;0x3fd,0,1186
2026-06-02T14:55:52.808,4629,4,0x3fc;0x3f2;0x3f3;0x3fd,0,603
2026-06-02T14:55:53.011,4630,4,0x3fc;0x3f2;0x3f3;0x3fd,0,1251
2026-06-02T14:55:53.011,4631,4,0x3fc;0x3f2;0x3f3;0x3fd,0,1526
2026-06-02T14:55:53.011,4632,4,0x3fc;0x3f2;0x3f3;0x3fd,0,1197
2026-06-02T14:55:53.227,4633,4,0x3fc;0x3f2;0x3f3;0x3fd,0,1505
2026-06-02T14:55:53.227,4634,4,0x3fc;0x3f2;0x3f3;0x3fd,0,1525
2026-06-02T14:55:53.428,4635,4,0x3fc;0x3f2;0x3f3;0x3fd,0,1226
2026-06-02T14:55:53.428,4636,4,0x3fc;0x3f2;0x3f3;0x3fd,0,1477
2026-06-02T14:55:53.631,4637,4,0x3fc;0x3f2;0x3f3;0x3fd,0,793
2026-06-02T14:55:53.631,4638,4,0x3fc;0x3f2;0x3f3;0x3fd,0,487
2026-06-02T14:55:53.631,4639,4,0x3fc;0x3f2;0x3f3;0x3fd,0,548
2026-06-02T14:55:53.835,4640,5,0x3fc;0x3f2;0x3f3;0x3fd;0x410,1,703
2026-06-02T14:55:53.835,4641,4,0x3fc;0x3f2;0x3f3;0x3fd,0,335
2026-06-02T14:55:54.036,4642,4,0x3fc;0x3f2;0x3f3;0x3fd,0,459
2026-06-02T14:55:54.036,4643,4,0x3fc;0x3f2;0x3f3;0x3fd,0,494
2026-06-02T14:55:54.240,4644,4,0x3fc;0x3f2;0x3f3;0x3fd,0,368
2026-06-02T14:55:54.240,4645,4,0x3fc;0x3f2;0x3f3;0x3fd,0,376
2026-06-02T14:55:54.443,4646,4,0x3fc;0x3f2;0x3f3;0x3fd,0,347
2026-06-02T14:55:54.443,4647,4,0x3fc;0x3f2;0x3f3;0x3fd,0,359
2026-06-02T14:55:54.444,4648,4,0x3fc;0x3f2;0x3f3;0x3fd,0,585
2026-06-02T14:55:54.647,4649,4,0x3fc;0x3f2;0x3f3;0x3fd,0,549
2026-06-02T14:55:54.647,4650,4,0x3fc;0x3f2;0x3f3;0x3fd,0,549
2026-06-02T14:55:54.850,4651,4,0x3fc;0x3f2;0x3f3;0x3fd,0,366
2026-06-02T14:55:54.850,4652,4,0x3fc;0x3f2;0x3f3;0x3fd,0,383
2026-06-02T14:55:55.054,4653,4,0x3fc;0x3f2;0x3f3;0x3fd,0,364
2026-06-02T14:55:55.054,4654,4,0x3fc;0x3f2;0x3f3;0x3fd,0,369
2026-06-02T14:55:55.054,4655,4,0x3fc;0x3f2;0x3f3;0x3fd,0,330
2026-06-02T14:55:55.257,4656,5,0x3fc;0x3f2;0x3f3;0x3fd;0x410,1,469
2026-06-02T14:55:55.257,4657,4,0x3fc;0x3f2;0x3f3;0x3fd,0,381
2026-06-02T14:55:55.461,4658,4,0x3fc;0x3f2;0x3f3;0x3fd,0,308
2026-06-02T14:55:55.461,4659,4,0x3fc;0x3f2;0x3f3;0x3fd,0,274
2026-06-02T14:55:55.662,4660,4,0x3fc;0x3f2;0x3f3;0x3fd,0,271
2026-06-02T14:55:55.662,4661,4,0x3fc;0x3f2;0x3f3;0x3fd,0,271
2026-06-02T14:55:55.865,4662,4,0x3fc;0x3f2;0x3f3;0x3fd,0,287
2026-06-02T14:55:55.865,4663,4,0x3fc;0x3f2;0x3f3;0x3fd,0,233
2026-06-02T14:55:55.865,4664,4,0x3fc;0x3f2;0x3f3;0x3fd,0,298
2026-06-02T14:55:56.065,4665,4,0x3fc;0x3f2;0x3f3;0x3fd,0,291
2026-06-02T14:55:56.065,4666,4,0x3fc;0x3f2;0x3f3;0x3fd,0,585
2026-06-02T14:55:56.266,4667,4,0x3fc;0x3f2;0x3f3;0x3fd,0,342
2026-06-02T14:55:56.266,4668,4,0x3fc;0x3f2;0x3f3;0x3fd,0,299
2026-06-02T14:55:56.470,4669,4,0x3fc;0x3f2;0x3f3;0x3fd,0,306
2026-06-02T14:55:56.470,4670,4,0x3fc;0x3f2;0x3f3;0x3fd,0,299
2026-06-02T14:55:56.673,4671,4,0x3fc;0x3f2;0x3f3;0x3fd,0,226
2026-06-02T14:55:56.673,4672,5,0x3fc;0x3f2;0x3f3;0x3fd;0x410,1,361
2026-06-02T14:55:56.673,4673,4,0x3fc;0x3f2;0x3f3;0x3fd,0,225
2026-06-02T14:55:56.875,4674,4,0x3fc;0x3f2;0x3f3;0x3fd,0,274
2026-06-02T14:55:56.875,4675,4,0x3fc;0x3f2;0x3f3;0x3fd,0,280
2026-06-02T14:55:57.080,4676,4,0x3fc;0x3f2;0x3f3;0x3fd,0,280
2026-06-02T14:55:57.080,4677,4,0x3fc;0x3f2;0x3f3;0x3fd,0,304
2026-06-02T14:55:57.282,4678,4,0x3fc;0x3f2;0x3f3;0x3fd,0,323
2026-06-02T14:55:57.283,4679,4,0x3fc;0x3f2;0x3f3;0x3fd,0,253
2026-06-02T14:55:57.484,4680,4,0x3fc;0x3f2;0x3f3;0x3fd,0,228
2026-06-02T14:55:57.484,4681,4,0x3fc;0x3f2;0x3f3;0x3fd,0,282
2026-06-02T14:55:57.687,4682,4,0x3fc;0x3f2;0x3f3;0x3fd,0,289
2026-06-02T14:55:57.687,4683,4,0x3fc;0x3f2;0x3f3;0x3fd,0,313
2026-06-02T14:55:57.687,4684,4,0x3fc;0x3f2;0x3f3;0x3fd,0,284
2026-06-02T14:55:57.891,4685,4,0x3fc;0x3f2;0x3f3;0x3fd,0,232
2026-06-02T14:55:57.891,4686,4,0x3fc;0x3f2;0x3f3;0x3fd,0,226
2026-06-02T14:55:58.093,4687,4,0x3fc;0x3f2;0x3f3;0x3fd,0,226
2026-06-02T14:55:58.093,4688,5,0x3fc;0x3f2;0x3f3;0x3fd;0x410,1,370
2026-06-02T14:55:58.296,4689,4,0x3fc;0x3f2;0x3f3;0x3fd,0,266
2026-06-02T14:55:58.296,4690,4,0x3fc;0x3f2;0x3f3;0x3fd,0,231
2026-06-02T14:55:58.296,4691,4,0x3fc;0x3f2;0x3f3;0x3fd,0,298
2026-06-02T14:55:58.512,4692,4,0x3fc;0x3f2;0x3f3;0x3fd,0,235
2026-06-02T14:55:58.512,4693,4,0x3fc;0x3f2;0x3f3;0x3fd,0,282
2026-06-02T14:55:58.715,4694,4,0x3fc;0x3f2;0x3f3;0x3fd,0,233
2026-06-02T14:55:58.715,4695,4,0x3fc;0x3f2;0x3f3;0x3fd,0,226
2026-06-02T14:55:58.917,4696,4,0x3fc;0x3f2;0x3f3;0x3fd,0,226
2026-06-02T14:55:58.917,4697,2,0x3fc;0x3fd,0,136
2026-06-02T14:55:59.121,4698,2,0x3fc;0x3fd,0,112
2026-06-02T14:55:59.121,4699,2,0x3fc;0x3fd,0,104
2026-06-02T14:55:59.121,4700,2,0x3fc;0x3fd,0,160
2026-06-02T14:55:59.325,4701,2,0x3fc;0x3fd,0,96
2026-06-02T14:55:59.325,4702,2,0x3fc;0x3fd,0,96
2026-06-02T14:55:59.528,4703,2,0x3fc;0x3fd,0,352
2026-06-02T14:55:59.528,4704,3,0x3fc;0x3fd;0x410,1,496
2026-06-02T14:55:59.728,4705,2,0x3fc;0x3fd,0,168
2026-06-02T14:55:59.728,4706,2,0x3fc;0x3fd,0,168
2026-06-02T14:55:59.728,4707,2,0x3fc;0x3fd,0,160
2026-06-02T14:55:59.932,4708,2,0x3fc;0x3fd,0,192
2026-06-02T14:55:59.932,4709,2,0x3fc;0x3fd,0,128
2026-06-02T14:56:00.136,4710,2,0x3fc;0x3fd,0,168
2026-06-02T14:56:00.136,4711,2,0x3fc;0x3fd,0,120
2026-06-02T14:56:00.337,4712,2,0x3fc;0x3fd,0,152
2026-06-02T14:56:00.337,4713,2,0x3fc;0x3fd,0,152
2026-06-02T14:56:00.540,4714,2,0x3fc;0x3fd,0,168
2026-06-02T14:56:00.540,4715,2,0x3fc;0x3fd,0,160
2026-06-02T14:56:00.540,4716,2,0x3fc;0x3fd,0,96
2026-06-02T14:56:00.742,4717,2,0x3fc;0x3fd,0,120
2026-06-02T14:56:00.742,4718,2,0x3fc;0x3fd,0,96
2026-06-02T14:56:00.945,4719,2,0x3fc;0x3fd,0,136
2026-06-02T14:56:00.945,4720,3,0x3fc;0x3fd;0x410,1,280
2026-06-02T14:56:01.148,4721,2,0x3fc;0x3fd,0,96
2026-06-02T14:56:01.148,4722,2,0x3fc;0x3fd,0,96
2026-06-02T14:56:01.354,4723,2,0x3fc;0x3fd,0,136
2026-06-02T14:56:01.354,4724,2,0x3fc;0x3fd,0,96
2026-06-02T14:56:01.555,4725,2,0x3fc;0x3fd,0,96
2026-06-02T14:56:01.555,4726,2,0x3fc;0x3fd,0,96
2026-06-02T14:56:01.555,4727,2,0x3fc;0x3fd,0,112
2026-06-02T14:56:01.757,4728,2,0x3fc;0x3fd,0,136
2026-06-02T14:56:01.758,4729,2,0x3fc;0x3fd,0,128
2026-06-02T14:56:01.959,4730,2,0x3fc;0x3fd,0,176
2026-06-02T14:56:01.959,4731,2,0x3fc;0x3fd,0,136
2026-06-02T14:56:02.161,4732,2,0x3fc;0x3fd,0,104
2026-06-02T14:56:02.161,4733,2,0x3fc;0x3fd,0,144
2026-06-02T14:56:02.161,4734,2,0x3fc;0x3fd,0,176
2026-06-02T14:56:02.364,4735,1,0x3fd,0,52
2026-06-02T14:56:02.566,4736,2,0x3fd;0x410,1,196
2026-06-02T14:56:02.566,4737,2,0x3fc;0x3fd,0,232
2026-06-02T14:56:02.566,4738,2,0x3fc;0x3fd,0,352
2026-06-02T14:56:02.769,4739,2,0x3fc;0x3fd,0,120
2026-06-02T14:56:02.769,4740,2,0x3fc;0x3fd,0,232
2026-06-02T14:56:02.973,4741,2,0x3fc;0x3fd,0,264
2026-06-02T14:56:02.973,4742,2,0x3fc;0x3fd,0,104
2026-06-02T14:56:02.973,4743,2,0x3fc;0x3fd,0,384
2026-06-02T14:56:03.175,4744,2,0x3fc;0x3fd,0,168
2026-06-02T14:56:03.175,4745,2,0x3fc;0x3fd,0,112
2026-06-02T14:56:03.376,4746,2,0x3fc;0x3fd,0,88
2026-06-02T14:56:03.376,4747,2,0x3fc;0x3fd,0,168
2026-06-02T14:56:03.579,4748,2,0x3fc;0x3fd,0,176
2026-06-02T14:56:03.579,4749,2,0x3fc;0x3fd,0,176
2026-06-02T14:56:03.782,4750,2,0x3fc;0x3fd,0,104
2026-06-02T14:56:03.782,4751,2,0x3fc;0x3fd,0,112
2026-06-02T14:56:03.983,4752,3,0x3fc;0x3fd;0x410,1,256
2026-06-02T14:56:03.984,4753,2,0x3fc;0x3fd,0,224
2026-06-02T14:56:03.984,4754,2,0x3fc;0x3fd,0,144
2026-06-02T14:56:04.186,4755,2,0x3fc;0x3fd,0,352
2026-06-02T14:56:04.186,4756,4,0x3fc;0x3f2;0x3f3;0x3fd,0,410
2026-06-02T14:56:04.390,4757,4,0x3fc;0x3f2;0x3f3;0x3fd,0,333
2026-06-02T14:56:04.390,4758,4,0x3fc;0x3f2;0x3f3;0x3fd,0,301
2026-06-02T14:56:04.593,4759,4,0x3fc;0x3f2;0x3f3;0x3fd,0,714
2026-06-02T14:56:04.593,4760,4,0x3fc;0x3f2;0x3f3;0x3fd,0,662
2026-06-02T14:56:04.793,4761,4,0x3fc;0x3f2;0x3f3;0x3fd,0,673
2026-06-02T14:56:04.793,4762,4,0x3fc;0x3f2;0x3f3;0x3fd,0,604
2026-06-02T14:56:04.793,4763,4,0x3fc;0x3f2;0x3f3;0x3fd,0,683
2026-06-02T14:56:04.998,4764,4,0x3fc;0x3f2;0x3f3;0x3fd,0,398
2026-06-02T14:56:04.998,4765,4,0x3fc;0x3f2;0x3f3;0x3fd,0,1417
2026-06-02T14:56:05.200,4766,4,0x3fc;0x3f2;0x3f3;0x3fd,0,501
2026-06-02T14:56:05.200,4767,4,0x3fc;0x3f2;0x3f3;0x3fd,0,426
2026-06-02T14:56:05.403,4768,5,0x3fc;0x3f2;0x3f3;0x3fd;0x410,1,577
2026-06-02T14:56:05.403,4769,4,0x3fc;0x3f2;0x3f3;0x3fd,0,1217
2026-06-02T14:56:05.604,4770,4,0x3fc;0x3f2;0x3f3;0x3fd,0,1379
2026-06-02T14:56:05.604,4771,4,0x3fc;0x3f2;0x3f3;0x3fd,0,923
2026-06-02T14:56:05.604,4772,4,0x3fc;0x3f2;0x3f3;0x3fd,0,1473
2026-06-02T14:56:05.806,4773,4,0x3fc;0x3f2;0x3f3;0x3fd,0,1549
2026-06-02T14:56:05.806,4774,4,0x3fc;0x3f2;0x3f3;0x3fd,0,1173
2026-06-02T14:56:06.011,4775,4,0x3fc;0x3f2;0x3f3;0x3fd,0,1174
2026-06-02T14:56:06.011,4776,4,0x3fc;0x3f2;0x3f3;0x3fd,0,1100
2026-06-02T14:56:06.215,4777,4,0x3fc;0x3f2;0x3f3;0x3fd,0,722
2026-06-02T14:56:06.215,4778,4,0x3fc;0x3f2;0x3f3;0x3fd,0,516
2026-06-02T14:56:06.418,4779,4,0x3fc;0x3f2;0x3f3;0x3fd,0,824
2026-06-02T14:56:06.418,4780,4,0x3fc;0x3f2;0x3f3;0x3fd,0,1353
2026-06-02T14:56:06.418,4781,4,0x3fc;0x3f2;0x3f3;0x3fd,0,1014
2026-06-02T14:56:06.621,4782,4,0x3fc;0x3f2;0x3f3;0x3fd,0,1396
2026-06-02T14:56:06.621,4783,4,0x3fc;0x3f2;0x3f3;0x3fd,0,986
2026-06-02T14:56:06.824,4784,5,0x3fc;0x3f2;0x3f3;0x3fd;0x410,1,1072
2026-06-02T14:56:06.824,4785,4,0x3fc;0x3f2;0x3f3;0x3fd,0,1480
2026-06-02T14:56:07.041,4786,4,0x3fc;0x3f2;0x3f3;0x3fd,0,1109
2026-06-02T14:56:07.041,4787,4,0x3fc;0x3f2;0x3f3;0x3fd,0,1358
2026-06-02T14:56:07.041,4788,4,0x3fc;0x3f2;0x3f3;0x3fd,0,1532
2026-06-02T14:56:07.244,4789,4,0x3fc;0x3f2;0x3f3;0x3fd,0,677
2026-06-02T14:56:07.245,4790,4,0x3fc;0x3f2;0x3f3;0x3fd,0,1232
2026-06-02T14:56:07.445,4791,4,0x3fc;0x3f2;0x3f3;0x3fd,0,1523
2026-06-02T14:56:07.445,4792,4,0x3fc;0x3f2;0x3f3;0x3fd,0,1549
2026-06-02T14:56:07.648,4793,4,0x3fc;0x3f2;0x3f3;0x3fd,0,1549
2026-06-02T14:56:07.648,4794,4,0x3fc;0x3f2;0x3f3;0x3fd,0,1013
2026-06-02T14:56:07.850,4795,4,0x3fc;0x3f2;0x3f3;0x3fd,0,1130
2026-06-02T14:56:07.850,4796,4,0x3fc;0x3f2;0x3f3;0x3fd,0,1377
2026-06-02T14:56:07.850,4797,4,0x3fc;0x3f2;0x3f3;0x3fd,0,1237
2026-06-02T14:56:08.052,4798,4,0x3fc;0x3f2;0x3f3;0x3fd,0,960
2026-06-02T14:56:08.052,4799,4,0x3fc;0x3f2;0x3f3;0x3fd,0,408
2026-06-02T14:56:08.268,4800,5,0x3fc;0x3f2;0x3f3;0x3fd;0x410,1,487
2026-06-02T14:56:08.268,4801,4,0x3fc;0x3f2;0x3f3;0x3fd,0,663
2026-06-02T14:56:08.472,4802,4,0x3fc;0x3f2;0x3f3;0x3fd,0,1047
2026-06-02T14:56:08.472,4803,4,0x3fc;0x3f2;0x3f3;0x3fd,0,578
2026-06-02T14:56:08.472,4804,4,0x3fc;0x3f2;0x3f3;0x3fd,0,602
2026-06-02T14:56:08.676,4805,4,0x3fc;0x3f2;0x3f3;0x3fd,0,549
2026-06-02T14:56:08.676,4806,4,0x3fc;0x3f2;0x3f3;0x3fd,0,413
2026-06-02T14:56:08.879,4807,4,0x3fc;0x3f2;0x3f3;0x3fd,0,541
2026-06-02T14:56:08.879,4808,4,0x3fc;0x3f2;0x3f3;0x3fd,0,407
2026-06-02T14:56:09.083,4809,4,0x3fc;0x3f2;0x3f3;0x3fd,0,492
2026-06-02T14:56:09.083,4810,3,0x3f2;0x3f3;0x3fd,0,213
2026-06-02T14:56:09.284,4811,3,0x3fc;0x3f2;0x3fd,0,344
2026-06-02T14:56:09.284,4812,4,0x3fc;0x3f2;0x3f3;0x3fd,0,242
2026-06-02T14:56:09.284,4813,4,0x3fc;0x3f2;0x3f3;0x3fd,0,234
2026-06-02T14:56:09.490,4814,4,0x3fc;0x3f2;0x3f3;0x3fd,0,291
2026-06-02T14:56:09.490,4815,4,0x3fc;0x3f2;0x3f3;0x3fd,0,242
2026-06-02T14:56:09.692,4816,5,0x3fc;0x3f2;0x3f3;0x3fd;0x410,1,379
2026-06-02T14:56:09.692,4817,4,0x3fc;0x3f2;0x3f3;0x3fd,0,339
2026-06-02T14:56:09.895,4818,4,0x3fc;0x3f2;0x3f3;0x3fd,0,312
2026-06-02T14:56:09.895,4819,4,0x3fc;0x3f2;0x3f3;0x3fd,0,331
2026-06-02T14:56:10.097,4820,4,0x3fc;0x3f2;0x3f3;0x3fd,0,334
2026-06-02T14:56:10.097,4821,4,0x3fc;0x3f2;0x3f3;0x3fd,0,350
2026-06-02T14:56:10.097,4822,4,0x3fc;0x3f2;0x3f3;0x3fd,0,352
2026-06-02T14:56:10.302,4823,4,0x3fc;0x3f2;0x3f3;0x3fd,0,240
2026-06-02T14:56:10.302,4824,4,0x3fc;0x3f2;0x3f3;0x3fd,0,314
2026-06-02T14:56:10.503,4825,4,0x3fc;0x3f2;0x3f3;0x3fd,0,333
2026-06-02T14:56:10.503,4826,4,0x3fc;0x3f2;0x3f3;0x3fd,0,262
2026-06-02T14:56:10.706,4827,4,0x3fc;0x3f2;0x3f3;0x3fd,0,301
2026-06-02T14:56:10.706,4828,4,0x3fc;0x3f2;0x3f3;0x3fd,0,283
2026-06-02T14:56:10.909,4829,4,0x3fc;0x3f2;0x3f3;0x3fd,0,312
2026-06-02T14:56:10.909,4830,4,0x3fc;0x3f2;0x3f3;0x3fd,0,236
2026-06-02T14:56:10.909,4831,4,0x3fc;0x3f2;0x3f3;0x3fd,0,330
2026-06-02T14:56:11.111,4832,5,0x3fc;0x3f2;0x3f3;0x3fd;0x410,1,487
2026-06-02T14:56:11.111,4833,4,0x3fc;0x3f2;0x3f3;0x3fd,0,343
2026-06-02T14:56:11.313,4834,4,0x3fc;0x3f2;0x3f3;0x3fd,0,263
2026-06-02T14:56:11.313,4835,4,0x3fc;0x3f2;0x3f3;0x3fd,0,317
2026-06-02T14:56:11.515,4836,4,0x3fc;0x3f2;0x3f3;0x3fd,0,317
2026-06-02T14:56:11.515,4837,4,0x3fc;0x3f2;0x3f3;0x3fd,0,284
2026-06-02T14:56:11.718,4838,4,0x3fc;0x3f2;0x3f3;0x3fd,0,304
2026-06-02T14:56:11.718,4839,4,0x3fc;0x3f2;0x3f3;0x3fd,0,235
2026-06-02T14:56:11.718,4840,4,0x3fc;0x3f2;0x3f3;0x3fd,0,306
2026-06-02T14:56:11.920,4841,4,0x3fc;0x3f2;0x3f3;0x3fd,0,236
2026-06-02T14:56:11.920,4842,4,0x3fc;0x3f2;0x3f3;0x3fd,0,218
2026-06-02T14:56:12.124,4843,4,0x3fc;0x3f2;0x3f3;0x3fd,0,257
2026-06-02T14:56:12.124,4844,4,0x3fc;0x3f2;0x3f3;0x3fd,0,350
2026-06-02T14:56:12.328,4845,4,0x3fc;0x3f2;0x3f3;0x3fd,0,297
2026-06-02T14:56:12.328,4846,4,0x3fc;0x3f2;0x3f3;0x3fd,0,353
2026-06-02T14:56:12.533,4847,4,0x3fc;0x3f2;0x3f3;0x3fd,0,353
2026-06-02T14:56:12.533,4848,5,0x3fc;0x3f2;0x3f3;0x3fd;0x410,1,496
2026-06-02T14:56:12.533,4849,4,0x3fc;0x3f2;0x3f3;0x3fd,0,320
2026-06-02T14:56:12.734,4850,4,0x3fc;0x3f2;0x3f3;0x3fd,0,260
2026-06-02T14:56:12.734,4851,4,0x3fc;0x3f2;0x3f3;0x3fd,0,309
2026-06-02T14:56:12.937,4852,4,0x3fc;0x3f2;0x3f3;0x3fd,0,236
2026-06-02T14:56:12.937,4853,4,0x3fc;0x3f2;0x3f3;0x3fd,0,586
2026-06-02T14:56:13.141,4854,4,0x3fc;0x3f2;0x3f3;0x3fd,0,367
2026-06-02T14:56:13.141,4855,4,0x3fc;0x3f2;0x3f3;0x3fd,0,342
2026-06-02T14:56:13.141,4856,4,0x3fc;0x3f2;0x3f3;0x3fd,0,239
2026-06-02T14:56:13.344,4857,4,0x3fc;0x3f2;0x3f3;0x3fd,0,226
2026-06-02T14:56:13.344,4858,4,0x3fc;0x3f2;0x3f3;0x3fd,0,314
2026-06-02T14:56:13.546,4859,4,0x3fc;0x3f2;0x3f3;0x3fd,0,333
2026-06-02T14:56:13.546,4860,4,0x3fc;0x3f2;0x3f3;0x3fd,0,238
2026-06-02T14:56:13.749,4861,4,0x3fc;0x3f2;0x3f3;0x3fd,0,226
2026-06-02T14:56:13.749,4862,4,0x3fc;0x3f2;0x3f3;0x3fd,0,226
2026-06-02T14:56:13.951,4863,2,0x3fc;0x3fd,0,104
2026-06-02T14:56:13.951,4864,3,0x3fc;0x3fd;0x410,1,248
2026-06-02T14:56:13.951,4865,2,0x3fc;0x3fd,0,192
2026-06-02T14:56:14.152,4866,2,0x3fc;0x3fd,0,192
2026-06-02T14:56:14.152,4867,2,0x3fc;0x3fd,0,192
2026-06-02T14:56:14.355,4868,2,0x3fc;0x3fd,0,192
2026-06-02T14:56:14.355,4869,2,0x3fc;0x3fd,0,192
2026-06-02T14:56:14.558,4870,2,0x3fc;0x3fd,0,192
2026-06-02T14:56:14.558,4871,2,0x3fc;0x3fd,0,184
2026-06-02T14:56:14.761,4872,2,0x3fc;0x3fd,0,96
2026-06-02T14:56:14.761,4873,2,0x3fc;0x3fd,0,96
2026-06-02T14:56:14.964,4874,2,0x3fc;0x3fd,0,472
2026-06-02T14:56:14.964,4875,2,0x3fc;0x3fd,0,96
2026-06-02T14:56:14.964,4876,2,0x3fc;0x3fd,0,96
2026-06-02T14:56:15.167,4877,2,0x3fc;0x3fd,0,128
2026-06-02T14:56:15.167,4878,2,0x3fc;0x3fd,0,96
2026-06-02T14:56:15.369,4879,2,0x3fc;0x3fd,0,144
2026-06-02T14:56:15.369,4880,3,0x3fc;0x3fd;0x410,1,288
2026-06-02T14:56:15.573,4881,2,0x3fc;0x3fd,0,144
2026-06-02T14:56:15.573,4882,2,0x3fc;0x3fd,0,96
2026-06-02T14:56:15.573,4883,2,0x3fc;0x3fd,0,96
2026-06-02T14:56:15.775,4884,2,0x3fc;0x3fd,0,96
2026-06-02T14:56:15.775,4885,2,0x3fc;0x3fd,0,104
2026-06-02T14:56:15.978,4886,2,0x3fc;0x3fd,0,112
2026-06-02T14:56:15.978,4887,2,0x3fc;0x3fd,0,200
2026-06-02T14:56:16.180,4888,2,0x3fc;0x3fd,0,368
2026-06-02T14:56:16.180,4889,2,0x3fc;0x3fd,0,280
2026-06-02T14:56:16.382,4890,2,0x3fc;0x3fd,0,312
2026-06-02T14:56:16.382,4891,2,0x3fc;0x3fd,0,136
2026-06-02T14:56:16.382,4892,2,0x3fc;0x3fd,0,232
2026-06-02T14:56:16.586,4893,2,0x3fc;0x3fd,0,328
2026-06-02T14:56:16.586,4894,2,0x3fc;0x3fd,0,176
2026-06-02T14:56:16.788,4895,1,0x3fd,0,52
2026-06-02T14:56:16.788,4896,2,0x3fd;0x410,1,196
2026-06-02T14:56:16.990,4897,2,0x3fc;0x3fd,0,144
2026-06-02T14:56:16.990,4898,2,0x3fc;0x3fd,0,376
2026-06-02T14:56:17.195,4899,2,0x3fc;0x3fd,0,536
2026-06-02T14:56:17.195,4900,2,0x3fc;0x3fd,0,424
2026-06-02T14:56:17.195,4901,2,0x3fc;0x3fd,0,480
2026-06-02T14:56:17.397,4902,2,0x3fc;0x3fd,0,160
2026-06-02T14:56:17.397,4903,2,0x3fc;0x3fd,0,96
2026-06-02T14:56:17.599,4904,2,0x3fc;0x3fd,0,96
2026-06-02T14:56:17.599,4905,2,0x3fc;0x3fd,0,256
2026-06-02T14:56:17.801,4906,2,0x3fc;0x3fd,0,256
2026-06-02T14:56:17.801,4907,2,0x3fc;0x3fd,0,120
2026-06-02T14:56:18.003,4908,2,0x3fc;0x3fd,0,272
2026-06-02T14:56:18.003,4909,2,0x3fc;0x3fd,0,216
2026-06-02T14:56:18.003,4910,2,0x3fc;0x3fd,0,128
2026-06-02T14:56:18.205,4911,2,0x3fc;0x3fd,0,96
2026-06-02T14:56:18.407,4912,3,0x3fc;0x3fd;0x410,1,240
2026-06-02T14:56:18.407,4913,2,0x3fc;0x3fd,0,160
2026-06-02T14:56:18.407,4914,2,0x3fc;0x3fd,0,96
2026-06-02T14:56:18.612,4915,2,0x3fc;0x3fd,0,152
2026-06-02T14:56:18.612,4916,2,0x3fc;0x3fd,0,96
2026-06-02T14:56:18.815,4917,1,0x3fd,0,52
2026-06-02T14:56:18.815,4918,2,0x3fc;0x3fd,0,96
2026-06-02T14:56:18.815,4919,2,0x3fc;0x3fd,0,96
2026-06-02T14:56:19.016,4920,2,0x3fc;0x3fd,0,96
2026-06-02T14:56:19.016,4921,2,0x3fc;0x3fd,0,96
2026-06-02T14:56:19.219,4922,2,0x3fc;0x3fd,0,96
2026-06-02T14:56:19.219,4923,2,0x3fc;0x3fd,0,144
2026-06-02T14:56:19.422,4924,2,0x3fc;0x3fd,0,104
2026-06-02T14:56:19.422,4925,2,0x3fc;0x3fd,0,104
2026-06-02T14:56:19.625,4926,2,0x3fc;0x3fd,0,96
2026-06-02T14:56:19.625,4927,2,0x3fc;0x3fd,0,160
2026-06-02T14:56:19.826,4928,3,0x3fc;0x3fd;0x410,1,304
2026-06-02T14:56:19.826,4929,2,0x3fc;0x3fd,0,96
2026-06-02T14:56:19.826,4930,2,0x3fc;0x3fd,0,96
2026-06-02T14:56:20.028,4931,2,0x3fc;0x3fd,0,96
2026-06-02T14:56:20.028,4932,2,0x3fc;0x3fd,0,96
2026-06-02T14:56:20.231,4933,2,0x3fc;0x3fd,0,160
2026-06-02T14:56:20.231,4934,2,0x3fc;0x3fd,0,168
2026-06-02T14:56:20.434,4935,2,0x3fc;0x3fd,0,96
2026-06-02T14:56:20.434,4936,2,0x3fc;0x3fd,0,200
2026-06-02T14:56:20.434,4937,2,0x3fc;0x3fd,0,120
2026-06-02T14:56:20.636,4938,2,0x3fc;0x3fd,0,160
2026-06-02T14:56:20.636,4939,2,0x3fc;0x3fd,0,152
2026-06-02T14:56:20.839,4940,2,0x3fc;0x3fd,0,112
2026-06-02T14:56:20.839,4941,2,0x3fc;0x3fd,0,96
2026-06-02T14:56:21.043,4942,2,0x3fc;0x3fd,0,96
2026-06-02T14:56:21.043,4943,2,0x3fc;0x3fd,0,96
2026-06-02T14:56:21.246,4944,3,0x3fc;0x3fd;0x410,1,240
2026-06-02T14:56:21.246,4945,2,0x3fc;0x3fd,0,96
2026-06-02T14:56:21.246,4946,2,0x3fc;0x3fd,0,104
2026-06-02T14:56:21.448,4947,2,0x3fc;0x3fd,0,112
2026-06-02T14:56:21.448,4948,2,0x3fc;0x3fd,0,96
2026-06-02T14:56:21.652,4949,2,0x3fc;0x3fd,0,96
2026-06-02T14:56:21.652,4950,2,0x3fc;0x3fd,0,96
2026-06-02T14:56:21.853,4951,2,0x3fc;0x3fd,0,96
2026-06-02T14:56:21.853,4952,2,0x3fc;0x3fd,0,96
2026-06-02T14:56:22.055,4953,2,0x3fc;0x3fd,0,96
2026-06-02T14:56:22.055,4954,2,0x3fc;0x3fd,0,120
2026-06-02T14:56:22.055,4955,2,0x3fc;0x3fd,0,144
2026-06-02T14:56:22.256,4956,2,0x3fc;0x3fd,0,144
2026-06-02T14:56:22.256,4957,2,0x3fc;0x3fd,0,112
2026-06-02T14:56:22.460,4958,2,0x3fc;0x3fd,0,96
2026-06-02T14:56:22.460,4959,2,0x3fc;0x3fd,0,96
2026-06-02T14:56:22.664,4960,3,0x3fc;0x3fd;0x410,1,240
2026-06-02T14:56:22.664,4961,2,0x3fc;0x3fd,0,96
2026-06-02T14:56:22.868,4962,2,0x3fc;0x3fd,0,96
2026-06-02T14:56:22.868,4963,2,0x3fc;0x3fd,0,96
2026-06-02T14:56:22.868,4964,2,0x3fc;0x3fd,0,120
2026-06-02T14:56:23.070,4965,2,0x3fc;0x3fd,0,96
2026-06-02T14:56:23.070,4966,2,0x3fc;0x3fd,0,96
2026-06-02T14:56:23.272,4967,2,0x3fc;0x3fd,0,96
2026-06-02T14:56:23.272,4968,2,0x3fc;0x3fd,0,96
2026-06-02T14:56:23.474,4969,2,0x3fc;0x3fd,0,120
2026-06-02T14:56:23.474,4970,2,0x3fc;0x3fd,0,360
2026-06-02T14:56:23.677,4971,2,0x3fc;0x3fd,0,152
2026-06-02T14:56:23.677,4972,2,0x3fc;0x3fd,0,96
2026-06-02T14:56:23.677,4973,2,0x3fc;0x3fd,0,96
2026-06-02T14:56:23.880,4974,2,0x3fc;0x3fd,0,144
2026-06-02T14:56:23.880,4975,2,0x3fc;0x3fd,0,96
2026-06-02T14:56:24.085,4976,3,0x3fc;0x3fd;0x410,1,240
2026-06-02T14:56:24.085,4977,2,0x3fc;0x3fd,0,176
2026-06-02T14:56:24.288,4978,2,0x3fc;0x3fd,0,120
2026-06-02T14:56:24.288,4979,2,0x3fc;0x3fd,0,128
2026-06-02T14:56:24.489,4980,2,0x3fc;0x3fd,0,96
2026-06-02T14:56:24.489,4981,2,0x3fc;0x3fd,0,128
2026-06-02T14:56:24.489,4982,2,0x3fc;0x3fd,0,96
2026-06-02T14:56:24.693,4983,2,0x3fc;0x3fd,0,88
2026-06-02T14:56:24.693,4984,2,0x3fc;0x3fd,0,96
2026-06-02T14:56:24.895,4985,2,0x3fc;0x3fd,0,96
2026-06-02T14:56:24.895,4986,2,0x3fc;0x3fd,0,96
2026-06-02T14:56:25.096,4987,2,0x3fc;0x3fd,0,96
2026-06-02T14:56:25.096,4988,2,0x3fc;0x3fd,0,152
2026-06-02T14:56:25.300,4989,2,0x3fc;0x3fd,0,168
2026-06-02T14:56:25.300,4990,2,0x3fc;0x3fd,0,96
2026-06-02T14:56:25.300,4991,2,0x3fc;0x3fd,0,160
2026-06-02T14:56:25.502,4992,3,0x3fc;0x3fd;0x410,1,304
2026-06-02T14:56:25.502,4993,2,0x3fc;0x3fd,0,152
2026-06-02T14:56:25.707,4994,2,0x3fc;0x3fd,0,96
2026-06-02T14:56:25.707,4995,2,0x3fc;0x3fd,0,96
2026-06-02T14:56:25.908,4996,2,0x3fc;0x3fd,0,104
2026-06-02T14:56:25.908,4997,2,0x3fc;0x3fd,0,112
2026-06-02T14:56:26.110,4998,2,0x3fc;0x3fd,0,104
2026-06-02T14:56:26.110,4999,2,0x3fc;0x3fd,0,96
2026-06-02T14:56:26.110,5000,2,0x3fc;0x3fd,0,120
2026-06-02T14:56:26.313,5001,2,0x3fc;0x3fd,0,96
2026-06-02T14:56:26.313,5002,1,0x3fd,0,52
2026-06-02T14:56:26.515,5003,2,0x3fc;0x3fd,0,176
2026-06-02T14:56:26.515,5004,2,0x3fc;0x3fd,0,104
2026-06-02T14:56:26.717,5005,2,0x3fc;0x3fd,0,144
2026-06-02T14:56:26.717,5006,2,0x3fc;0x3fd,0,200
2026-06-02T14:56:26.921,5007,2,0x3fc;0x3fd,0,96
2026-06-02T14:56:26.921,5008,3,0x3fc;0x3fd;0x410,1,240
2026-06-02T14:56:26.921,5009,2,0x3fc;0x3fd,0,96
2026-06-02T14:56:27.123,5010,2,0x3fc;0x3fd,0,96
2026-06-02T14:56:27.123,5011,2,0x3fc;0x3fd,0,96
2026-06-02T14:56:27.325,5012,2,0x3fc;0x3fd,0,96
2026-06-02T14:56:27.325,5013,2,0x3fc;0x3fd,0,88
2026-06-02T14:56:27.531,5014,2,0x3fc;0x3fd,0,96
2026-06-02T14:56:27.531,5015,2,0x3fc;0x3fd,0,96
2026-06-02T14:56:27.733,5016,2,0x3fc;0x3fd,0,96
2026-06-02T14:56:27.733,5017,2,0x3fc;0x3fd,0,96
2026-06-02T14:56:27.733,5018,2,0x3fc;0x3fd,0,96
2026-06-02T14:56:27.935,5019,2,0x3fc;0x3fd,0,96
2026-06-02T14:56:27.935,5020,2,0x3fc;0x3fd,0,96
2026-06-02T14:56:28.138,5021,2,0x3fc;0x3fd,0,216
2026-06-02T14:56:28.138,5022,2,0x3fc;0x3fd,0,184
2026-06-02T14:56:28.344,5023,2,0x3fc;0x3fd,0,176
2026-06-02T14:56:28.344,5024,3,0x3fc;0x3fd;0x410,1,320
2026-06-02T14:56:28.548,5025,2,0x3fc;0x3fd,0,168
2026-06-02T14:56:28.548,5026,2,0x3fc;0x3fd,0,96
2026-06-02T14:56:28.548,5027,2,0x3fc;0x3fd,0,168
2026-06-02T14:56:28.751,5028,2,0x3fc;0x3fd,0,96
2026-06-02T14:56:28.751,5029,2,0x3fc;0x3fd,0,160
2026-06-02T14:56:28.953,5030,2,0x3fc;0x3fd,0,176
2026-06-02T14:56:28.953,5031,2,0x3fc;0x3fd,0,200
2026-06-02T14:56:29.156,5032,2,0x3fc;0x3fd,0,160
2026-06-02T14:56:29.156,5033,2,0x3fc;0x3fd,0,96
2026-06-02T14:56:29.358,5034,2,0x3fc;0x3fd,0,264
2026-06-02T14:56:29.358,5035,2,0x3fc;0x3fd,0,200
2026-06-02T14:56:29.358,5036,2,0x3fc;0x3fd,0,312
2026-06-02T14:56:29.561,5037,2,0x3fc;0x3fd,0,280
2026-06-02T14:56:29.561,5038,2,0x3fc;0x3fd,0,600
2026-06-02T14:56:29.764,5039,2,0x3fc;0x3fd,0,528
2026-06-02T14:56:29.764,5040,3,0x3fc;0x3fd;0x410,1,672
2026-06-02T14:56:29.966,5041,2,0x3fc;0x3fd,0,240
2026-06-02T14:56:29.966,5042,2,0x3fc;0x3fd,0,320
2026-06-02T14:56:30.170,5043,2,0x3fc;0x3fd,0,552
2026-06-02T14:56:30.170,5044,4,0x3fc;0x3f2;0x3f3;0x3fd,0,755
2026-06-02T14:56:30.170,5045,4,0x3fc;0x3f2;0x3f3;0x3fd,0,357
2026-06-02T14:56:30.372,5046,4,0x3fc;0x3f2;0x3f3;0x3fd,0,1123
2026-06-02T14:56:30.372,5047,4,0x3fc;0x3f2;0x3f3;0x3fd,0,1049
2026-06-02T14:56:30.574,5048,4,0x3fc;0x3f2;0x3f3;0x3fd,0,963
2026-06-02T14:56:30.574,5049,4,0x3fc;0x3f2;0x3f3;0x3fd,0,1483
2026-06-02T14:56:30.777,5050,4,0x3fc;0x3f2;0x3f3;0x3fd,0,1245
2026-06-02T14:56:30.777,5051,4,0x3fc;0x3f2;0x3f3;0x3fd,0,1047
2026-06-02T14:56:30.980,5052,4,0x3fc;0x3f2;0x3f3;0x3fd,0,1019
2026-06-02T14:56:30.980,5053,4,0x3fc;0x3f2;0x3f3;0x3fd,0,1490
2026-06-02T14:56:30.980,5054,4,0x3fc;0x3f2;0x3f3;0x3fd,0,1549
2026-06-02T14:56:31.180,5055,4,0x3fc;0x3f2;0x3f3;0x3fd,0,429
2026-06-02T14:56:31.385,5056,5,0x3fc;0x3f2;0x3f3;0x3fd;0x410,1,433
2026-06-02T14:56:31.388,5057,4,0x3fc;0x3f2;0x3f3;0x3fd,0,1409
2026-06-02T14:56:31.388,5058,4,0x3fc;0x3f2;0x3f3;0x3fd,0,1549
2026-06-02T14:56:31.589,5059,4,0x3fc;0x3f2;0x3f3;0x3fd,0,1549
2026-06-02T14:56:31.589,5060,4,0x3fc;0x3f2;0x3f3;0x3fd,0,1549
2026-06-02T14:56:31.790,5061,4,0x3fc;0x3f2;0x3f3;0x3fd,0,1157
2026-06-02T14:56:31.790,5062,4,0x3fc;0x3f2;0x3f3;0x3fd,0,796
2026-06-02T14:56:31.790,5063,4,0x3fc;0x3f2;0x3f3;0x3fd,0,1181
2026-06-02T14:56:31.991,5064,4,0x3fc;0x3f2;0x3f3;0x3fd,0,842
2026-06-02T14:56:31.991,5065,4,0x3fc;0x3f2;0x3f3;0x3fd,0,1065
2026-06-02T14:56:32.195,5066,4,0x3fc;0x3f2;0x3f3;0x3fd,0,387
2026-06-02T14:56:32.196,5067,4,0x3fc;0x3f2;0x3f3;0x3fd,0,914
2026-06-02T14:56:32.398,5068,4,0x3fc;0x3f2;0x3f3;0x3fd,0,1079
2026-06-02T14:56:32.398,5069,4,0x3fc;0x3f2;0x3f3;0x3fd,0,682
2026-06-02T14:56:32.806,5072,5,0x3fc;0x3f2;0x3f3;0x3fd;0x410,1,541
2026-06-02T14:56:32.806,5073,4,0x3fc;0x3f2;0x3f3;0x3fd,0,565
2026-06-02T14:56:32.806,5074,4,0x3fc;0x3f2;0x3f3;0x3fd,0,850
2026-06-02T14:56:33.007,5075,4,0x3fc;0x3f2;0x3f3;0x3fd,0,1051
2026-06-02T14:56:33.007,5076,4,0x3fc;0x3f2;0x3f3;0x3fd,0,1016
2026-06-02T14:56:33.210,5077,4,0x3fc;0x3f2;0x3f3;0x3fd,0,521
2026-06-02T14:56:33.210,5078,4,0x3fc;0x3f2;0x3f3;0x3fd,0,1428
2026-06-02T14:56:33.412,5079,4,0x3fc;0x3f2;0x3f3;0x3fd,0,405
2026-06-02T14:56:33.413,5080,4,0x3fc;0x3f2;0x3f3;0x3fd,0,1350
2026-06-02T14:56:33.413,5081,4,0x3fc;0x3f2;0x3f3;0x3fd,0,1262
2026-06-02T14:56:33.616,5082,4,0x3fc;0x3f2;0x3f3;0x3fd,0,1274
2026-06-02T14:56:33.616,5083,4,0x3fc;0x3f2;0x3f3;0x3fd,0,1263
2026-06-02T14:56:33.821,5084,4,0x3fc;0x3f2;0x3f3;0x3fd,0,1517
2026-06-02T14:56:33.821,5085,4,0x3fc;0x3f2;0x3f3;0x3fd,0,1205
2026-06-02T14:56:34.022,5086,4,0x3fc;0x3f2;0x3f3;0x3fd,0,626
2026-06-02T14:56:34.022,5087,4,0x3fc;0x3f2;0x3f3;0x3fd,0,303
2026-06-02T14:56:34.224,5088,5,0x3fc;0x3f2;0x3f3;0x3fd;0x410,1,415
2026-06-02T14:56:34.224,5089,4,0x3fc;0x3f2;0x3f3;0x3fd,0,1183
2026-06-02T14:56:34.224,5090,4,0x3fc;0x3f2;0x3f3;0x3fd,0,505
2026-06-02T14:56:34.428,5091,4,0x3fc;0x3f2;0x3f3;0x3fd,0,318
2026-06-02T14:56:34.428,5092,4,0x3fc;0x3f2;0x3f3;0x3fd,0,403
2026-06-02T14:56:34.631,5093,4,0x3fc;0x3f2;0x3f3;0x3fd,0,647
2026-06-02T14:56:34.631,5094,4,0x3fc;0x3f2;0x3f3;0x3fd,0,620
2026-06-02T14:56:34.834,5095,4,0x3fc;0x3f2;0x3f3;0x3fd,0,445
2026-06-02T14:56:34.834,5096,4,0x3fc;0x3f2;0x3f3;0x3fd,0,400
2026-06-02T14:56:34.834,5097,4,0x3fc;0x3f2;0x3f3;0x3fd,0,389
2026-06-02T14:56:35.035,5098,4,0x3fc;0x3f2;0x3f3;0x3fd,0,236
2026-06-02T14:56:35.035,5099,4,0x3fc;0x3f2;0x3f3;0x3fd,0,305
2026-06-02T14:56:35.238,5100,3,0x3f2;0x3f3;0x3fd,0,192
2026-06-02T14:56:35.238,5101,3,0x3fc;0x3f2;0x3fd,0,216
2026-06-02T14:56:35.440,5102,4,0x3fc;0x3f2;0x3f3;0x3fd,0,250
2026-06-02T14:56:35.440,5103,4,0x3fc;0x3f2;0x3f3;0x3fd,0,325
2026-06-02T14:56:35.645,5104,5,0x3fc;0x3f2;0x3f3;0x3fd;0x410,1,478
2026-06-02T14:56:35.645,5105,4,0x3fc;0x3f2;0x3f3;0x3fd,0,246
2026-06-02T14:56:35.645,5106,4,0x3fc;0x3f2;0x3f3;0x3fd,0,235
2026-06-02T14:56:35.850,5107,3,0x3f2;0x3f3;0x3fd,0,183
2026-06-02T14:56:35.850,5108,3,0x3fc;0x3f2;0x3fd,0,272
2026-06-02T14:56:36.052,5109,3,0x3f2;0x3f3;0x3fd,0,189
2026-06-02T14:56:36.052,5110,3,0x3fc;0x3f2;0x3fd,0,240
2026-06-02T14:56:36.254,5111,4,0x3fc;0x3f2;0x3f3;0x3fd,0,309
2026-06-02T14:56:36.254,5112,4,0x3fc;0x3f2;0x3f3;0x3fd,0,316
2026-06-02T14:56:36.457,5113,4,0x3fc;0x3f2;0x3f3;0x3fd,0,276
2026-06-02T14:56:36.457,5114,4,0x3fc;0x3f2;0x3f3;0x3fd,0,287
2026-06-02T14:56:36.457,5115,4,0x3fc;0x3f2;0x3f3;0x3fd,0,369
2026-06-02T14:56:36.661,5116,4,0x3fc;0x3f2;0x3f3;0x3fd,0,419
2026-06-02T14:56:36.661,5117,4,0x3fc;0x3f2;0x3f3;0x3fd,0,512
2026-06-02T14:56:36.864,5118,4,0x3fc;0x3f2;0x3f3;0x3fd,0,635
2026-06-02T14:56:36.864,5119,4,0x3fc;0x3f2;0x3f3;0x3fd,0,313
2026-06-02T14:56:37.069,5120,5,0x3fc;0x3f2;0x3f3;0x3fd;0x410,1,415
2026-06-02T14:56:37.069,5121,4,0x3fc;0x3f2;0x3f3;0x3fd,0,559
2026-06-02T14:56:37.271,5122,4,0x3fc;0x3f2;0x3f3;0x3fd,0,875
2026-06-02T14:56:37.271,5123,4,0x3fc;0x3f2;0x3f3;0x3fd,0,678
2026-06-02T14:56:37.271,5124,4,0x3fc;0x3f2;0x3f3;0x3fd,0,657
2026-06-02T14:56:37.471,5125,4,0x3fc;0x3f2;0x3f3;0x3fd,0,514
2026-06-02T14:56:37.471,5126,4,0x3fc;0x3f2;0x3f3;0x3fd,0,408
2026-06-02T14:56:37.678,5127,4,0x3fc;0x3f2;0x3f3;0x3fd,0,605
2026-06-02T14:56:37.678,5128,4,0x3fc;0x3f2;0x3f3;0x3fd,0,791
2026-06-02T14:56:37.882,5129,4,0x3fc;0x3f2;0x3f3;0x3fd,0,907
2026-06-02T14:56:37.882,5130,4,0x3fc;0x3f2;0x3f3;0x3fd,0,399
2026-06-02T14:56:38.084,5131,4,0x3fc;0x3f2;0x3f3;0x3fd,0,582
2026-06-02T14:56:38.084,5132,4,0x3fc;0x3f2;0x3f3;0x3fd,0,333
2026-06-02T14:56:38.084,5133,4,0x3fc;0x3f2;0x3f3;0x3fd,0,642
2026-06-02T14:56:38.289,5134,4,0x3fc;0x3f2;0x3f3;0x3fd,0,669
2026-06-02T14:56:38.289,5135,4,0x3fc;0x3f2;0x3f3;0x3fd,0,915
2026-06-02T14:56:38.492,5136,5,0x3fc;0x3f2;0x3f3;0x3fd;0x410,1,1090
2026-06-02T14:56:38.492,5137,4,0x3fc;0x3f2;0x3f3;0x3fd,0,786
2026-06-02T14:56:38.694,5138,4,0x3fc;0x3f2;0x3f3;0x3fd,0,1222
2026-06-02T14:56:38.694,5139,4,0x3fc;0x3f2;0x3f3;0x3fd,0,1087
2026-06-02T14:56:38.898,5140,4,0x3fc;0x3f2;0x3f3;0x3fd,0,399
2026-06-02T14:56:38.898,5141,4,0x3fc;0x3f2;0x3f3;0x3fd,0,292
2026-06-02T14:56:38.898,5142,4,0x3fc;0x3f2;0x3f3;0x3fd,0,1081
2026-06-02T14:56:39.099,5143,4,0x3fc;0x3f2;0x3f3;0x3fd,0,940
2026-06-02T14:56:39.099,5144,4,0x3fc;0x3f2;0x3f3;0x3fd,0,574
2026-06-02T14:56:39.302,5145,4,0x3fc;0x3f2;0x3f3;0x3fd,0,716
2026-06-02T14:56:39.302,5146,4,0x3fc;0x3f2;0x3f3;0x3fd,0,435
2026-06-02T14:56:39.505,5147,4,0x3fc;0x3f2;0x3f3;0x3fd,0,365
2026-06-02T14:56:39.505,5148,4,0x3fc;0x3f2;0x3f3;0x3fd,0,473
2026-06-02T14:56:39.708,5149,4,0x3fc;0x3f2;0x3f3;0x3fd,0,351
2026-06-02T14:56:39.708,5150,4,0x3fc;0x3f2;0x3f3;0x3fd,0,462
2026-06-02T14:56:39.708,5151,4,0x3fc;0x3f2;0x3f3;0x3fd,0,278
2026-06-02T14:56:39.913,5152,5,0x3fc;0x3f2;0x3f3;0x3fd;0x410,1,397
2026-06-02T14:56:39.913,5153,4,0x3fc;0x3f2;0x3f3;0x3fd,0,917
2026-06-02T14:56:40.116,5154,4,0x3fc;0x3f2;0x3f3;0x3fd,0,1488
2026-06-02T14:56:40.116,5155,4,0x3fc;0x3f2;0x3f3;0x3fd,0,645
2026-06-02T14:56:40.319,5156,4,0x3fc;0x3f2;0x3f3;0x3fd,0,348
2026-06-02T14:56:40.319,5157,4,0x3fc;0x3f2;0x3f3;0x3fd,0,605
2026-06-02T14:56:40.523,5158,4,0x3fc;0x3f2;0x3f3;0x3fd,0,336
2026-06-02T14:56:40.523,5159,4,0x3fc;0x3f2;0x3f3;0x3fd,0,698
2026-06-02T14:56:40.523,5160,4,0x3fc;0x3f2;0x3f3;0x3fd,0,324
2026-06-02T14:56:40.726,5161,4,0x3fc;0x3f2;0x3f3;0x3fd,0,359
2026-06-02T14:56:40.726,5162,4,0x3fc;0x3f2;0x3f3;0x3fd,0,242
2026-06-02T14:56:40.929,5163,4,0x3fc;0x3f2;0x3f3;0x3fd,0,386
2026-06-02T14:56:40.929,5164,4,0x3fc;0x3f2;0x3f3;0x3fd,0,430
2026-06-02T14:56:41.132,5165,4,0x3fc;0x3f2;0x3f3;0x3fd,0,257
2026-06-02T14:56:41.132,5166,4,0x3fc;0x3f2;0x3f3;0x3fd,0,251
2026-06-02T14:56:41.132,5167,4,0x3fc;0x3f2;0x3f3;0x3fd,0,325
2026-06-02T14:56:41.335,5168,5,0x3fc;0x3f2;0x3f3;0x3fd;0x410,1,478
2026-06-02T14:56:41.335,5169,4,0x3fc;0x3f2;0x3f3;0x3fd,0,246
2026-06-02T14:56:41.537,5170,4,0x3fc;0x3f2;0x3f3;0x3fd,0,283
2026-06-02T14:56:41.537,5171,4,0x3fc;0x3f2;0x3f3;0x3fd,0,241
2026-06-02T14:56:41.740,5172,4,0x3fc;0x3f2;0x3f3;0x3fd,0,243
2026-06-02T14:56:41.740,5173,4,0x3fc;0x3f2;0x3f3;0x3fd,0,244
2026-06-02T14:56:41.942,5174,4,0x3fc;0x3f2;0x3f3;0x3fd,0,260
2026-06-02T14:56:41.942,5175,4,0x3fc;0x3f2;0x3f3;0x3fd,0,246
2026-06-02T14:56:41.942,5176,4,0x3fc;0x3f2;0x3f3;0x3fd,0,244
2026-06-02T14:56:42.145,5177,4,0x3fc;0x3f2;0x3f3;0x3fd,0,236
2026-06-02T14:56:42.145,5178,4,0x3fc;0x3f2;0x3f3;0x3fd,0,443
2026-06-02T14:56:42.349,5179,4,0x3fc;0x3f2;0x3f3;0x3fd,0,277
2026-06-02T14:56:42.349,5180,4,0x3fc;0x3f2;0x3f3;0x3fd,0,229
2026-06-02T14:56:42.565,5181,3,0x3f2;0x3f3;0x3fd,0,182
2026-06-02T14:56:42.565,5182,2,0x3f2;0x3fd,0,172
2026-06-02T14:56:42.766,5183,2,0x3f2;0x3fd,0,172
2026-06-02T14:56:42.766,5184,3,0x3f2;0x3fd;0x410,1,316
2026-06-02T14:56:42.766,5185,3,0x3fc;0x3f2;0x3fd,0,224
2026-06-02T14:56:42.967,5186,4,0x3fc;0x3f2;0x3f3;0x3fd,0,259
2026-06-02T14:56:42.967,5187,3,0x3f2;0x3f3;0x3fd,0,186
2026-06-02T14:56:43.168,5188,3,0x3fc;0x3f2;0x3fd,0,256
2026-06-02T14:56:43.168,5189,4,0x3fc;0x3f2;0x3f3;0x3fd,0,303
2026-06-02T14:56:43.368,5190,4,0x3fc;0x3f2;0x3f3;0x3fd,0,243
2026-06-02T14:56:43.368,5191,4,0x3fc;0x3f2;0x3f3;0x3fd,0,235
2026-06-02T14:56:43.569,5192,4,0x3fc;0x3f2;0x3f3;0x3fd,0,363
2026-06-02T14:56:43.569,5193,4,0x3fc;0x3f2;0x3f3;0x3fd,0,291
2026-06-02T14:56:43.569,5194,4,0x3fc;0x3f2;0x3f3;0x3fd,0,232
2026-06-02T14:56:43.772,5195,4,0x3fc;0x3f2;0x3f3;0x3fd,0,530
2026-06-02T14:56:43.772,5196,4,0x3fc;0x3f2;0x3f3;0x3fd,0,1336
2026-06-02T14:56:43.974,5197,4,0x3fc;0x3f2;0x3f3;0x3fd,0,504
2026-06-02T14:56:43.974,5198,4,0x3fc;0x3f2;0x3f3;0x3fd,0,452
2026-06-02T14:56:44.175,5199,4,0x3fc;0x3f2;0x3f3;0x3fd,0,340
2026-06-02T14:56:44.175,5200,5,0x3fc;0x3f2;0x3f3;0x3fd;0x410,1,469
2026-06-02T14:56:44.378,5201,4,0x3fc;0x3f2;0x3f3;0x3fd,0,285
2026-06-02T14:56:44.378,5202,4,0x3fc;0x3f2;0x3f3;0x3fd,0,328
2026-06-02T14:56:44.378,5203,4,0x3fc;0x3f2;0x3f3;0x3fd,0,622
2026-06-02T14:56:44.583,5204,4,0x3fc;0x3f2;0x3f3;0x3fd,0,906
2026-06-02T14:56:44.583,5205,4,0x3fc;0x3f2;0x3f3;0x3fd,0,329
2026-06-02T14:56:44.785,5206,4,0x3fc;0x3f2;0x3f3;0x3fd,0,325
2026-06-02T14:56:44.785,5207,4,0x3fc;0x3f2;0x3f3;0x3fd,0,566
2026-06-02T14:56:44.987,5208,4,0x3fc;0x3f2;0x3f3;0x3fd,0,427
2026-06-02T14:56:44.987,5209,4,0x3fc;0x3f2;0x3f3;0x3fd,0,566
2026-06-02T14:56:45.191,5210,4,0x3fc;0x3f2;0x3f3;0x3fd,0,386
2026-06-02T14:56:45.191,5211,4,0x3fc;0x3f2;0x3f3;0x3fd,0,265
2026-06-02T14:56:45.191,5212,4,0x3fc;0x3f2;0x3f3;0x3fd,0,501
2026-06-02T14:56:45.393,5213,4,0x3fc;0x3f2;0x3f3;0x3fd,0,716
2026-06-02T14:56:45.393,5214,4,0x3fc;0x3f2;0x3f3;0x3fd,0,467
2026-06-02T14:56:45.594,5215,4,0x3fc;0x3f2;0x3f3;0x3fd,0,289
2026-06-02T14:56:45.594,5216,5,0x3fc;0x3f2;0x3f3;0x3fd;0x410,1,415
2026-06-02T14:56:45.797,5217,4,0x3fc;0x3f2;0x3f3;0x3fd,0,591
2026-06-02T14:56:45.797,5218,4,0x3fc;0x3f2;0x3f3;0x3fd,0,1447
2026-06-02T14:56:46.000,5219,4,0x3fc;0x3f2;0x3f3;0x3fd,0,893
2026-06-02T14:56:46.000,5220,4,0x3fc;0x3f2;0x3f3;0x3fd,0,411
2026-06-02T14:56:46.000,5221,4,0x3fc;0x3f2;0x3f3;0x3fd,0,721
2026-06-02T14:56:46.202,5222,4,0x3fc;0x3f2;0x3f3;0x3fd,0,550
2026-06-02T14:56:46.202,5223,4,0x3fc;0x3f2;0x3f3;0x3fd,0,435
2026-06-02T14:56:46.404,5224,4,0x3fc;0x3f2;0x3f3;0x3fd,0,312
2026-06-02T14:56:46.404,5225,4,0x3fc;0x3f2;0x3f3;0x3fd,0,250
2026-06-02T14:56:46.605,5226,4,0x3fc;0x3f2;0x3f3;0x3fd,0,236
2026-06-02T14:56:46.605,5227,4,0x3fc;0x3f2;0x3f3;0x3fd,0,347
2026-06-02T14:56:46.808,5228,4,0x3fc;0x3f2;0x3f3;0x3fd,0,337
2026-06-02T14:56:46.808,5229,4,0x3fc;0x3f2;0x3f3;0x3fd,0,558
2026-06-02T14:56:46.808,5230,4,0x3fc;0x3f2;0x3f3;0x3fd,0,650
2026-06-02T14:56:47.012,5231,4,0x3fc;0x3f2;0x3f3;0x3fd,0,570
2026-06-02T14:56:47.214,5232,5,0x3fc;0x3f2;0x3f3;0x3fd;0x410,1,703
2026-06-02T14:56:47.214,5233,4,0x3fc;0x3f2;0x3f3;0x3fd,0,407
2026-06-02T14:56:47.214,5234,4,0x3fc;0x3f2;0x3f3;0x3fd,0,388
2026-06-02T14:56:47.418,5235,4,0x3fc;0x3f2;0x3f3;0x3fd,0,260
2026-06-02T14:56:47.418,5236,3,0x3f2;0x3f3;0x3fd,0,184
2026-06-02T14:56:47.622,5237,3,0x3fc;0x3f2;0x3fd,0,304
2026-06-02T14:56:47.622,5238,4,0x3fc;0x3f2;0x3f3;0x3fd,0,285
2026-06-02T14:56:47.622,5239,4,0x3fc;0x3f2;0x3f3;0x3fd,0,504
2026-06-02T14:56:47.826,5240,4,0x3fc;0x3f2;0x3f3;0x3fd,0,532
2026-06-02T14:56:47.826,5241,4,0x3fc;0x3f2;0x3f3;0x3fd,0,444
2026-06-02T14:56:48.029,5242,4,0x3fc;0x3f2;0x3f3;0x3fd,0,681
2026-06-02T14:56:48.029,5243,4,0x3fc;0x3f2;0x3f3;0x3fd,0,840
2026-06-02T14:56:48.230,5244,4,0x3fc;0x3f2;0x3f3;0x3fd,0,712
2026-06-02T14:56:48.230,5245,4,0x3fc;0x3f2;0x3f3;0x3fd,0,710
2026-06-02T14:56:48.432,5246,4,0x3fc;0x3f2;0x3f3;0x3fd,0,504
2026-06-02T14:56:48.432,5247,4,0x3fc;0x3f2;0x3f3;0x3fd,0,614
2026-06-02T14:56:48.637,5248,5,0x3fc;0x3f2;0x3f3;0x3fd;0x410,1,775
2026-06-02T14:56:48.637,5249,4,0x3fc;0x3f2;0x3f3;0x3fd,0,319
2026-06-02T14:56:48.638,5250,4,0x3fc;0x3f2;0x3f3;0x3fd,0,472
2026-06-02T14:56:48.838,5251,4,0x3fc;0x3f2;0x3f3;0x3fd,0,328
2026-06-02T14:56:48.838,5252,4,0x3fc;0x3f2;0x3f3;0x3fd,0,835
2026-06-02T14:56:49.040,5253,4,0x3fc;0x3f2;0x3f3;0x3fd,0,701
2026-06-02T14:56:49.040,5254,4,0x3fc;0x3f2;0x3f3;0x3fd,0,948
2026-06-02T14:56:49.241,5255,4,0x3fc;0x3f2;0x3f3;0x3fd,0,334
2026-06-02T14:56:49.241,5256,4,0x3fc;0x3f2;0x3f3;0x3fd,0,437
2026-06-02T14:56:49.241,5257,4,0x3fc;0x3f2;0x3f3;0x3fd,0,260
2026-06-02T14:56:49.446,5258,4,0x3fc;0x3f2;0x3f3;0x3fd,0,467
2026-06-02T14:56:49.446,5259,4,0x3fc;0x3f2;0x3f3;0x3fd,0,528
2026-06-02T14:56:49.647,5260,4,0x3fc;0x3f2;0x3f3;0x3fd,0,532
2026-06-02T14:56:49.647,5261,4,0x3fc;0x3f2;0x3f3;0x3fd,0,604
2026-06-02T14:56:49.851,5262,4,0x3fc;0x3f2;0x3f3;0x3fd,0,517
2026-06-02T14:56:49.851,5263,4,0x3fc;0x3f2;0x3f3;0x3fd,0,289
2026-06-02T14:56:50.053,5264,5,0x3fc;0x3f2;0x3f3;0x3fd;0x410,1,406
2026-06-02T14:56:50.053,5265,4,0x3fc;0x3f2;0x3f3;0x3fd,0,918
2026-06-02T14:56:50.053,5266,4,0x3fc;0x3f2;0x3f3;0x3fd,0,584
2026-06-02T14:56:50.256,5267,4,0x3fc;0x3f2;0x3f3;0x3fd,0,396
2026-06-02T14:56:50.256,5268,4,0x3fc;0x3f2;0x3f3;0x3fd,0,771
2026-06-02T14:56:50.460,5269,4,0x3fc;0x3f2;0x3f3;0x3fd,0,324
2026-06-02T14:56:50.460,5270,4,0x3fc;0x3f2;0x3f3;0x3fd,0,1054
2026-06-02T14:56:50.662,5271,4,0x3fc;0x3f2;0x3f3;0x3fd,0,481
2026-06-02T14:56:50.662,5272,4,0x3fc;0x3f2;0x3f3;0x3fd,0,1101
2026-06-02T14:56:50.864,5273,4,0x3fc;0x3f2;0x3f3;0x3fd,0,461
2026-06-02T14:56:50.864,5274,4,0x3fc;0x3f2;0x3f3;0x3fd,0,618
2026-06-02T14:56:50.864,5275,4,0x3fc;0x3f2;0x3f3;0x3fd,0,809
2026-06-02T14:56:51.066,5276,4,0x3fc;0x3f2;0x3f3;0x3fd,0,733
2026-06-02T14:56:51.066,5277,4,0x3fc;0x3f2;0x3f3;0x3fd,0,913
2026-06-02T14:56:51.270,5278,4,0x3fc;0x3f2;0x3f3;0x3fd,0,673
2026-06-02T14:56:51.270,5279,4,0x3fc;0x3f2;0x3f3;0x3fd,0,752
2026-06-02T14:56:51.474,5280,5,0x3fc;0x3f2;0x3f3;0x3fd;0x410,1,910
2026-06-02T14:56:51.474,5281,4,0x3fc;0x3f2;0x3f3;0x3fd,0,934
2026-06-02T14:56:51.675,5282,4,0x3fc;0x3f2;0x3f3;0x3fd,0,747
2026-06-02T14:56:51.675,5283,4,0x3fc;0x3f2;0x3f3;0x3fd,0,577
2026-06-02T14:56:51.675,5284,4,0x3fc;0x3f2;0x3f3;0x3fd,0,927
2026-06-02T14:56:51.879,5285,4,0x3fc;0x3f2;0x3f3;0x3fd,0,517
2026-06-02T14:56:51.879,5286,4,0x3fc;0x3f2;0x3f3;0x3fd,0,436
2026-06-02T14:56:52.082,5287,4,0x3fc;0x3f2;0x3f3;0x3fd,0,737
2026-06-02T14:56:52.082,5288,4,0x3fc;0x3f2;0x3f3;0x3fd,0,583
2026-06-02T14:56:52.283,5289,4,0x3fc;0x3f2;0x3f3;0x3fd,0,583
2026-06-02T14:56:52.283,5290,4,0x3fc;0x3f2;0x3f3;0x3fd,0,354
2026-06-02T14:56:52.488,5291,4,0x3fc;0x3f2;0x3f3;0x3fd,0,549
2026-06-02T14:56:52.488,5292,4,0x3fc;0x3f2;0x3f3;0x3fd,0,769
2026-06-02T14:56:52.488,5293,4,0x3fc;0x3f2;0x3f3;0x3fd,0,721
2026-06-02T14:56:52.692,5294,4,0x3fc;0x3f2;0x3f3;0x3fd,0,504
2026-06-02T14:56:52.692,5295,4,0x3fc;0x3f2;0x3f3;0x3fd,0,318
2026-06-02T14:56:52.895,5296,5,0x3fc;0x3f2;0x3f3;0x3fd;0x410,1,442
2026-06-02T14:56:52.895,5297,4,0x3fc;0x3f2;0x3f3;0x3fd,0,634
2026-06-02T14:56:53.097,5298,4,0x3fc;0x3f2;0x3f3;0x3fd,0,532
2026-06-02T14:56:53.097,5299,4,0x3fc;0x3f2;0x3f3;0x3fd,0,1282
2026-06-02T14:56:53.302,5300,4,0x3fc;0x3f2;0x3f3;0x3fd,0,930
2026-06-02T14:56:53.302,5301,4,0x3fc;0x3f2;0x3f3;0x3fd,0,306
2026-06-02T14:56:53.302,5302,4,0x3fc;0x3f2;0x3f3;0x3fd,0,683
2026-06-02T14:56:53.505,5303,4,0x3fc;0x3f2;0x3f3;0x3fd,0,603
2026-06-02T14:56:53.505,5304,4,0x3fc;0x3f2;0x3f3;0x3fd,0,290
2026-06-02T14:56:53.709,5305,4,0x3fc;0x3f2;0x3f3;0x3fd,0,629
2026-06-02T14:56:53.709,5306,4,0x3fc;0x3f2;0x3f3;0x3fd,0,668
2026-06-02T14:56:53.912,5307,4,0x3fc;0x3f2;0x3f3;0x3fd,0,331
2026-06-02T14:56:53.912,5308,4,0x3fc;0x3f2;0x3f3;0x3fd,0,249
2026-06-02T14:56:54.116,5309,4,0x3fc;0x3f2;0x3f3;0x3fd,0,532
2026-06-02T14:56:54.116,5310,4,0x3fc;0x3f2;0x3f3;0x3fd,0,544
2026-06-02T14:56:54.116,5311,4,0x3fc;0x3f2;0x3f3;0x3fd,0,293
2026-06-02T14:56:54.317,5312,5,0x3fc;0x3f2;0x3f3;0x3fd;0x410,1,406
2026-06-02T14:56:54.318,5313,4,0x3fc;0x3f2;0x3f3;0x3fd,0,278
2026-06-02T14:56:54.518,5314,4,0x3fc;0x3f2;0x3f3;0x3fd,0,400
2026-06-02T14:56:54.518,5315,4,0x3fc;0x3f2;0x3f3;0x3fd,0,399
2026-06-02T14:56:54.720,5316,4,0x3fc;0x3f2;0x3f3;0x3fd,0,469
2026-06-02T14:56:54.720,5317,4,0x3fc;0x3f2;0x3f3;0x3fd,0,334
2026-06-02T14:56:54.921,5318,4,0x3fc;0x3f2;0x3f3;0x3fd,0,324
2026-06-02T14:56:54.921,5319,4,0x3fc;0x3f2;0x3f3;0x3fd,0,509
2026-06-02T14:56:54.921,5320,4,0x3fc;0x3f2;0x3f3;0x3fd,0,628
2026-06-02T14:56:55.124,5321,4,0x3fc;0x3f2;0x3f3;0x3fd,0,1128
2026-06-02T14:56:55.124,5322,4,0x3fc;0x3f2;0x3f3;0x3fd,0,397
2026-06-02T14:56:55.328,5323,4,0x3fc;0x3f2;0x3f3;0x3fd,0,834
2026-06-02T14:56:55.328,5324,4,0x3fc;0x3f2;0x3f3;0x3fd,0,701
2026-06-02T14:56:55.532,5325,4,0x3fc;0x3f2;0x3f3;0x3fd,0,700
2026-06-02T14:56:55.532,5326,4,0x3fc;0x3f2;0x3f3;0x3fd,0,495
2026-06-02T14:56:55.734,5327,4,0x3fc;0x3f2;0x3f3;0x3fd,0,525
2026-06-02T14:56:55.734,5328,5,0x3fc;0x3f2;0x3f3;0x3fd;0x410,1,676
2026-06-02T14:56:55.734,5329,4,0x3fc;0x3f2;0x3f3;0x3fd,0,588
2026-06-02T14:56:55.937,5330,4,0x3fc;0x3f2;0x3f3;0x3fd,0,659
2026-06-02T14:56:55.937,5331,4,0x3fc;0x3f2;0x3f3;0x3fd,0,331
2026-06-02T14:56:56.139,5332,4,0x3fc;0x3f2;0x3f3;0x3fd,0,1009
2026-06-02T14:56:56.139,5333,4,0x3fc;0x3f2;0x3f3;0x3fd,0,315
2026-06-02T14:56:56.343,5334,4,0x3fc;0x3f2;0x3f3;0x3fd,0,1057
2026-06-02T14:56:56.343,5335,4,0x3fc;0x3f2;0x3f3;0x3fd,0,578
2026-06-02T14:56:56.545,5336,4,0x3fc;0x3f2;0x3f3;0x3fd,0,889
2026-06-02T14:56:56.545,5337,4,0x3fc;0x3f2;0x3f3;0x3fd,0,553
2026-06-02T14:56:56.545,5338,4,0x3fc;0x3f2;0x3f3;0x3fd,0,793
2026-06-02T14:56:56.748,5339,4,0x3fc;0x3f2;0x3f3;0x3fd,0,325
2026-06-02T14:56:56.748,5340,4,0x3fc;0x3f2;0x3f3;0x3fd,0,374
2026-06-02T14:56:56.951,5341,4,0x3fc;0x3f2;0x3f3;0x3fd,0,244
2026-06-02T14:56:56.951,5342,4,0x3fc;0x3f2;0x3f3;0x3fd,0,618
2026-06-02T14:56:57.154,5343,4,0x3fc;0x3f2;0x3f3;0x3fd,0,363
2026-06-02T14:56:57.154,5344,5,0x3fc;0x3f2;0x3f3;0x3fd;0x410,1,469
2026-06-02T14:56:57.154,5345,4,0x3fc;0x3f2;0x3f3;0x3fd,0,237
2026-06-02T14:56:57.357,5346,4,0x3fc;0x3f2;0x3f3;0x3fd,0,338
2026-06-02T14:56:57.357,5347,4,0x3fc;0x3f2;0x3f3;0x3fd,0,336
2026-06-02T14:56:57.559,5348,4,0x3fc;0x3f2;0x3f3;0x3fd,0,246
2026-06-02T14:56:57.559,5349,4,0x3fc;0x3f2;0x3f3;0x3fd,0,243
2026-06-02T14:56:57.762,5350,4,0x3fc;0x3f2;0x3f3;0x3fd,0,220
2026-06-02T14:56:57.762,5351,3,0x3f2;0x3f3;0x3fd,0,181
2026-06-02T14:56:57.966,5352,2,0x3f2;0x3fd,0,172
2026-06-02T14:56:57.966,5353,3,0x3fc;0x3f2;0x3fd,0,224
2026-06-02T14:56:58.167,5354,4,0x3fc;0x3f2;0x3f3;0x3fd,0,267
2026-06-02T14:56:58.167,5355,4,0x3fc;0x3f2;0x3f3;0x3fd,0,487
2026-06-02T14:56:58.167,5356,4,0x3fc;0x3f2;0x3f3;0x3fd,0,522
2026-06-02T14:56:58.370,5357,4,0x3fc;0x3f2;0x3f3;0x3fd,0,523
2026-06-02T14:56:58.370,5358,4,0x3fc;0x3f2;0x3f3;0x3fd,0,491
2026-06-02T14:56:58.573,5359,4,0x3fc;0x3f2;0x3f3;0x3fd,0,311
2026-06-02T14:56:58.573,5360,5,0x3fc;0x3f2;0x3f3;0x3fd;0x410,1,433
2026-06-02T14:56:58.776,5361,3,0x3f2;0x3f3;0x3fd,0,189
2026-06-02T14:56:58.776,5362,3,0x3fc;0x3f2;0x3fd,0,232
2026-06-02T14:56:58.776,5363,4,0x3fc;0x3f2;0x3f3;0x3fd,0,276
2026-06-02T14:56:58.978,5364,3,0x3f2;0x3f3;0x3fd,0,188
2026-06-02T14:56:58.978,5365,3,0x3fc;0x3f2;0x3fd,0,240
2026-06-02T14:56:59.181,5366,4,0x3fc;0x3f2;0x3f3;0x3fd,0,429
2026-06-02T14:56:59.181,5367,4,0x3fc;0x3f2;0x3f3;0x3fd,0,259
2026-06-02T14:56:59.383,5368,4,0x3fc;0x3f2;0x3f3;0x3fd,0,259
2026-06-02T14:56:59.383,5369,4,0x3fc;0x3f2;0x3f3;0x3fd,0,326
2026-06-02T14:56:59.584,5370,3,0x3f2;0x3f3;0x3fd,0,194
2026-06-02T14:56:59.584,5371,3,0x3fc;0x3f2;0x3fd,0,224
2026-06-02T14:56:59.584,5372,4,0x3fc;0x3f2;0x3f3;0x3fd,0,227
2026-06-02T14:56:59.787,5373,4,0x3fc;0x3f2;0x3f3;0x3fd,0,226
2026-06-02T14:56:59.787,5374,4,0x3fc;0x3f2;0x3f3;0x3fd,0,258
2026-06-02T14:56:59.992,5375,4,0x3fc;0x3f2;0x3f3;0x3fd,0,390
2026-06-02T14:56:59.992,5376,5,0x3fc;0x3f2;0x3f3;0x3fd;0x410,1,550
2026-06-02T14:57:00.194,5377,4,0x3fc;0x3f2;0x3f3;0x3fd,0,422
2026-06-02T14:57:00.194,5378,3,0x3f2;0x3f3;0x3fd,0,204
2026-06-02T14:57:00.396,5379,3,0x3fc;0x3f2;0x3fd,0,688
2026-06-02T14:57:00.396,5380,4,0x3fc;0x3f2;0x3f3;0x3fd,0,901
2026-06-02T14:57:00.396,5381,4,0x3fc;0x3f2;0x3f3;0x3fd,0,375
2026-06-02T14:57:00.598,5382,4,0x3fc;0x3f2;0x3f3;0x3fd,0,635
2026-06-02T14:57:00.598,5383,4,0x3fc;0x3f2;0x3f3;0x3fd,0,660
2026-06-02T14:57:00.801,5384,4,0x3fc;0x3f2;0x3f3;0x3fd,0,330
2026-06-02T14:57:00.801,5385,4,0x3fc;0x3f2;0x3f3;0x3fd,0,585
2026-06-02T14:57:01.017,5386,3,0x3f2;0x3f3;0x3fd,0,226
2026-06-02T14:57:01.017,5387,3,0x3fc;0x3f2;0x3fd,0,352
2026-06-02T14:57:01.218,5388,4,0x3fc;0x3f2;0x3f3;0x3fd,0,267
2026-06-02T14:57:01.218,5389,4,0x3fc;0x3f2;0x3f3;0x3fd,0,269
2026-06-02T14:57:01.218,5390,4,0x3fc;0x3f2;0x3f3;0x3fd,0,367
2026-06-02T14:57:01.420,5391,4,0x3fc;0x3f2;0x3f3;0x3fd,0,291
2026-06-02T14:57:01.625,5392,5,0x3fc;0x3f2;0x3f3;0x3fd;0x410,1,424
2026-06-02T14:57:01.625,5393,4,0x3fc;0x3f2;0x3f3;0x3fd,0,248
2026-06-02T14:57:01.625,5394,3,0x3f2;0x3f3;0x3fd,0,184
2026-06-02T14:57:01.827,5395,3,0x3fc;0x3f2;0x3fd,0,240
2026-06-02T14:57:01.827,5396,4,0x3fc;0x3f2;0x3f3;0x3fd,0,229
2026-06-02T14:57:02.030,5397,4,0x3fc;0x3f2;0x3f3;0x3fd,0,346
2026-06-02T14:57:02.030,5398,4,0x3fc;0x3f2;0x3f3;0x3fd,0,241
2026-06-02T14:57:02.030,5399,4,0x3fc;0x3f2;0x3f3;0x3fd,0,226
2026-06-02T14:57:02.232,5400,4,0x3fc;0x3f2;0x3f3;0x3fd,0,266
2026-06-02T14:57:02.232,5401,4,0x3fc;0x3f2;0x3f3;0x3fd,0,263
2026-06-02T14:57:02.433,5402,4,0x3fc;0x3f2;0x3f3;0x3fd,0,230
2026-06-02T14:57:02.433,5403,4,0x3fc;0x3f2;0x3f3;0x3fd,0,298
2026-06-02T14:57:02.636,5404,4,0x3fc;0x3f2;0x3f3;0x3fd,0,267
2026-06-02T14:57:02.636,5405,4,0x3fc;0x3f2;0x3f3;0x3fd,0,230
2026-06-02T14:57:02.839,5406,4,0x3fc;0x3f2;0x3f3;0x3fd,0,226
2026-06-02T14:57:02.839,5407,4,0x3fc;0x3f2;0x3f3;0x3fd,0,226
2026-06-02T14:57:03.040,5408,5,0x3fc;0x3f2;0x3f3;0x3fd;0x410,1,370
2026-06-02T14:57:03.040,5409,4,0x3fc;0x3f2;0x3f3;0x3fd,0,306
2026-06-02T14:57:03.040,5410,4,0x3fc;0x3f2;0x3f3;0x3fd,0,268
2026-06-02T14:57:03.244,5411,4,0x3fc;0x3f2;0x3f3;0x3fd,0,350
2026-06-02T14:57:03.244,5412,4,0x3fc;0x3f2;0x3f3;0x3fd,0,289
2026-06-02T14:57:03.448,5413,4,0x3fc;0x3f2;0x3f3;0x3fd,0,232
2026-06-02T14:57:03.448,5414,4,0x3fc;0x3f2;0x3f3;0x3fd,0,298
2026-06-02T14:57:03.652,5415,4,0x3fc;0x3f2;0x3f3;0x3fd,0,243
2026-06-02T14:57:03.652,5416,4,0x3fc;0x3f2;0x3f3;0x3fd,0,219
2026-06-02T14:57:03.652,5417,4,0x3fc;0x3f2;0x3f3;0x3fd,0,217
2026-06-02T14:57:03.855,5418,4,0x3fc;0x3f2;0x3f3;0x3fd,0,329
2026-06-02T14:57:03.855,5419,4,0x3fc;0x3f2;0x3f3;0x3fd,0,231
2026-06-02T14:57:04.058,5420,3,0x3f2;0x3f3;0x3fd,0,181
2026-06-02T14:57:04.058,5421,2,0x3f2;0x3fd,0,172
2026-06-02T14:57:04.260,5422,2,0x3f2;0x3fd,0,172
2026-06-02T14:57:04.260,5423,2,0x3f2;0x3fd,0,172
2026-06-02T14:57:04.466,5424,3,0x3f2;0x3fd;0x410,1,316
2026-06-02T14:57:04.466,5425,3,0x3fc;0x3f2;0x3fd,0,216
2026-06-02T14:57:04.466,5426,4,0x3fc;0x3f2;0x3f3;0x3fd,0,218
2026-06-02T14:57:04.670,5427,3,0x3f2;0x3f3;0x3fd,0,181
2026-06-02T14:57:04.670,5428,2,0x3f2;0x3fd,0,172
2026-06-02T14:57:04.874,5429,3,0x3fc;0x3f2;0x3fd,0,392
2026-06-02T14:57:04.874,5430,4,0x3fc;0x3f2;0x3f3;0x3fd,0,288
2026-06-02T14:57:05.075,5431,4,0x3fc;0x3f2;0x3f3;0x3fd,0,231
2026-06-02T14:57:05.075,5432,4,0x3fc;0x3f2;0x3f3;0x3fd,0,226
2026-06-02T14:57:05.075,5433,3,0x3f2;0x3f3;0x3fd,0,182
2026-06-02T14:57:05.277,5434,2,0x3f2;0x3fd,0,172
2026-06-02T14:57:05.277,5435,2,0x3f2;0x3fd,0,172
2026-06-02T14:57:05.481,5436,2,0x3f2;0x3fd,0,172
2026-06-02T14:57:05.481,5437,2,0x3f2;0x3fd,0,172
2026-06-02T14:57:05.684,5438,2,0x3f2;0x3fd,0,172
2026-06-02T14:57:05.684,5439,3,0x3fc;0x3f2;0x3fd,0,248
2026-06-02T14:57:05.887,5440,5,0x3fc;0x3f2;0x3f3;0x3fd;0x410,1,406
2026-06-02T14:57:05.887,5441,3,0x3f2;0x3f3;0x3fd,0,186
2026-06-02T14:57:05.887,5442,2,0x3f2;0x3fd,0,172
2026-06-02T14:57:06.088,5443,3,0x3fc;0x3f2;0x3fd,0,240
2026-06-02T14:57:06.088,5444,4,0x3fc;0x3f2;0x3f3;0x3fd,0,237
2026-06-02T14:57:06.292,5445,4,0x3fc;0x3f2;0x3f3;0x3fd,0,243
2026-06-02T14:57:06.292,5446,3,0x3f2;0x3f3;0x3fd,0,184
2026-06-02T14:57:06.496,5447,2,0x3f2;0x3fd,0,172
2026-06-02T14:57:06.496,5448,2,0x3f2;0x3fd,0,172
2026-06-02T14:57:06.697,5449,2,0x3f2;0x3fd,0,172
2026-06-02T14:57:06.697,5450,3,0x3fc;0x3f2;0x3fd,0,216
2026-06-02T14:57:06.697,5451,3,0x3f2;0x3f3;0x3fd,0,182
2026-06-02T14:57:06.901,5452,3,0x3fc;0x3f2;0x3fd,0,216
2026-06-02T14:57:06.901,5453,4,0x3fc;0x3f2;0x3f3;0x3fd,0,226
2026-06-02T14:57:07.105,5454,3,0x3f2;0x3f3;0x3fd,0,182
2026-06-02T14:57:07.105,5455,2,0x3f2;0x3fd,0,172
2026-06-02T14:57:07.305,5456,3,0x3f2;0x3fd;0x410,1,316
2026-06-02T14:57:07.305,5457,3,0x3fc;0x3f2;0x3fd,0,320
2026-06-02T14:57:07.509,5458,4,0x3fc;0x3f2;0x3f3;0x3fd,0,231
2026-06-02T14:57:07.509,5459,4,0x3fc;0x3f2;0x3f3;0x3fd,0,281
2026-06-02T14:57:07.509,5460,4,0x3fc;0x3f2;0x3f3;0x3fd,0,513
2026-06-02T14:57:07.711,5461,4,0x3fc;0x3f2;0x3f3;0x3fd,0,277
2026-06-02T14:57:07.711,5462,4,0x3fc;0x3f2;0x3f3;0x3fd,0,268
2026-06-02T14:57:07.916,5463,3,0x3f2;0x3f3;0x3fd,0,187
2026-06-02T14:57:07.916,5464,3,0x3fc;0x3f2;0x3fd,0,272
2026-06-02T14:57:08.117,5465,4,0x3fc;0x3f2;0x3f3;0x3fd,0,289
2026-06-02T14:57:08.117,5466,4,0x3fc;0x3f2;0x3f3;0x3fd,0,233
2026-06-02T14:57:08.319,5467,4,0x3fc;0x3f2;0x3f3;0x3fd,0,226
2026-06-02T14:57:08.319,5468,4,0x3fc;0x3f2;0x3f3;0x3fd,0,218
2026-06-02T14:57:08.319,5469,4,0x3fc;0x3f2;0x3f3;0x3fd,0,265
2026-06-02T14:57:08.523,5470,4,0x3fc;0x3f2;0x3f3;0x3fd,0,223
2026-06-02T14:57:08.523,5471,4,0x3fc;0x3f2;0x3f3;0x3fd,0,281
2026-06-02T14:57:08.738,5472,5,0x3fc;0x3f2;0x3f3;0x3fd;0x410,1,433
2026-06-02T14:57:08.738,5473,4,0x3fc;0x3f2;0x3f3;0x3fd,0,241
2026-06-02T14:57:08.940,5474,4,0x3fc;0x3f2;0x3f3;0x3fd,0,219
2026-06-02T14:57:08.940,5475,4,0x3fc;0x3f2;0x3f3;0x3fd,0,217
2026-06-02T14:57:08.940,5476,4,0x3fc;0x3f2;0x3f3;0x3fd,0,225
2026-06-02T14:57:09.143,5477,3,0x3f2;0x3f3;0x3fd,0,182
2026-06-02T14:57:09.143,5478,2,0x3f2;0x3fd,0,172
2026-06-02T14:57:09.346,5479,3,0x3fc;0x3f2;0x3fd,0,216
2026-06-02T14:57:09.346,5480,3,0x3f2;0x3f3;0x3fd,0,182
2026-06-02T14:57:09.546,5481,3,0x3fc;0x3f2;0x3fd,0,416
2026-06-02T14:57:09.546,5482,4,0x3fc;0x3f2;0x3f3;0x3fd,0,443
2026-06-02T14:57:09.749,5483,4,0x3fc;0x3f2;0x3f3;0x3fd,0,634
2026-06-02T14:57:09.749,5484,4,0x3fc;0x3f2;0x3f3;0x3fd,0,634
2026-06-02T14:57:09.952,5485,4,0x3fc;0x3f2;0x3f3;0x3fd,0,799
2026-06-02T14:57:09.952,5486,4,0x3fc;0x3f2;0x3f3;0x3fd,0,772
2026-06-02T14:57:09.952,5487,4,0x3fc;0x3f2;0x3f3;0x3fd,0,638
2026-06-02T14:57:10.154,5488,5,0x3fc;0x3f2;0x3f3;0x3fd;0x410,1,766
2026-06-02T14:57:10.154,5489,4,0x3fc;0x3f2;0x3f3;0x3fd,0,654
2026-06-02T14:57:10.357,5490,4,0x3fc;0x3f2;0x3f3;0x3fd,0,362
2026-06-02T14:57:10.357,5491,4,0x3fc;0x3f2;0x3f3;0x3fd,0,341
2026-06-02T14:57:10.561,5492,4,0x3fc;0x3f2;0x3f3;0x3fd,0,767
2026-06-02T14:57:10.561,5493,4,0x3fc;0x3f2;0x3f3;0x3fd,0,292
2026-06-02T14:57:10.561,5494,3,0x3f2;0x3f3;0x3fd,0,182
2026-06-02T14:57:10.763,5495,2,0x3f2;0x3fd,0,172
2026-06-02T14:57:10.763,5496,3,0x3fc;0x3f2;0x3fd,0,208
2026-06-02T14:57:10.965,5497,3,0x3f2;0x3f3;0x3fd,0,181
2026-06-02T14:57:10.965,5498,2,0x3f2;0x3fd,0,172
2026-06-02T14:57:11.168,5499,2,0x3f2;0x3fd,0,172
2026-06-02T14:57:11.168,5500,2,0x3f2;0x3fd,0,172
2026-06-02T14:57:11.371,5501,3,0x3fc;0x3f2;0x3fd,0,216
2026-06-02T14:57:11.371,5502,3,0x3f2;0x3f3;0x3fd,0,182
2026-06-02T14:57:11.573,5503,3,0x3fc;0x3f2;0x3fd,0,232
2026-06-02T14:57:11.573,5504,5,0x3fc;0x3f2;0x3f3;0x3fd;0x410,1,388
2026-06-02T14:57:11.573,5505,4,0x3fc;0x3f2;0x3f3;0x3fd,0,324
2026-06-02T14:57:11.776,5506,4,0x3fc;0x3f2;0x3f3;0x3fd,0,254
2026-06-02T14:57:11.776,5507,4,0x3fc;0x3f2;0x3f3;0x3fd,0,428
2026-06-02T14:57:11.979,5508,4,0x3fc;0x3f2;0x3f3;0x3fd,0,315
2026-06-02T14:57:11.979,5509,4,0x3fc;0x3f2;0x3f3;0x3fd,0,610
2026-06-02T14:57:12.181,5510,4,0x3fc;0x3f2;0x3f3;0x3fd,0,769
2026-06-02T14:57:12.181,5511,4,0x3fc;0x3f2;0x3f3;0x3fd,0,536
2026-06-02T14:57:12.181,5512,4,0x3fc;0x3f2;0x3f3;0x3fd,0,329
2026-06-02T14:57:12.384,5513,4,0x3fc;0x3f2;0x3f3;0x3fd,0,427
2026-06-02T14:57:12.384,5514,4,0x3fc;0x3f2;0x3f3;0x3fd,0,298
2026-06-02T14:57:12.585,5515,4,0x3fc;0x3f2;0x3f3;0x3fd,0,352
2026-06-02T14:57:12.585,5516,4,0x3fc;0x3f2;0x3f3;0x3fd,0,241
2026-06-02T14:57:12.786,5517,4,0x3fc;0x3f2;0x3f3;0x3fd,0,346
2026-06-02T14:57:12.786,5518,4,0x3fc;0x3f2;0x3f3;0x3fd,0,377
2026-06-02T14:57:12.988,5519,4,0x3fc;0x3f2;0x3f3;0x3fd,0,339
2026-06-02T14:57:12.988,5520,5,0x3fc;0x3f2;0x3f3;0x3fd;0x410,1,478
2026-06-02T14:57:13.191,5521,4,0x3fc;0x3f2;0x3f3;0x3fd,0,254
2026-06-02T14:57:13.191,5522,4,0x3fc;0x3f2;0x3f3;0x3fd,0,252
2026-06-02T14:57:13.191,5523,4,0x3fc;0x3f2;0x3f3;0x3fd,0,381
2026-06-02T14:57:13.394,5524,4,0x3fc;0x3f2;0x3f3;0x3fd,0,325
2026-06-02T14:57:13.394,5525,4,0x3fc;0x3f2;0x3f3;0x3fd,0,364
2026-06-02T14:57:13.595,5526,3,0x3f2;0x3f3;0x3fd,0,198
2026-06-02T14:57:13.595,5527,3,0x3fc;0x3f2;0x3fd,0,240
2026-06-02T14:57:13.799,5528,4,0x3fc;0x3f2;0x3f3;0x3fd,0,229
2026-06-02T14:57:13.799,5529,4,0x3fc;0x3f2;0x3f3;0x3fd,0,282
2026-06-02T14:57:14.002,5530,4,0x3fc;0x3f2;0x3f3;0x3fd,0,473
2026-06-02T14:57:14.002,5531,4,0x3fc;0x3f2;0x3f3;0x3fd,0,472
2026-06-02T14:57:14.002,5532,4,0x3fc;0x3f2;0x3f3;0x3fd,0,517
2026-06-02T14:57:14.205,5533,4,0x3fc;0x3f2;0x3f3;0x3fd,0,363
2026-06-02T14:57:14.205,5534,4,0x3fc;0x3f2;0x3f3;0x3fd,0,375
2026-06-02T14:57:14.407,5535,4,0x3fc;0x3f2;0x3f3;0x3fd,0,283
2026-06-02T14:57:14.407,5536,5,0x3fc;0x3f2;0x3f3;0x3fd;0x410,1,415
2026-06-02T14:57:14.611,5537,4,0x3fc;0x3f2;0x3f3;0x3fd,0,319
2026-06-02T14:57:14.611,5538,4,0x3fc;0x3f2;0x3f3;0x3fd,0,269
2026-06-02T14:57:14.813,5539,4,0x3fc;0x3f2;0x3f3;0x3fd,0,310
2026-06-02T14:57:14.813,5540,4,0x3fc;0x3f2;0x3f3;0x3fd,0,276
2026-06-02T14:57:14.813,5541,4,0x3fc;0x3f2;0x3f3;0x3fd,0,327
2026-06-02T14:57:15.016,5542,4,0x3fc;0x3f2;0x3f3;0x3fd,0,486
2026-06-02T14:57:15.016,5543,4,0x3fc;0x3f2;0x3f3;0x3fd,0,609
2026-06-02T14:57:15.220,5544,4,0x3fc;0x3f2;0x3f3;0x3fd,0,494
2026-06-02T14:57:15.220,5545,4,0x3fc;0x3f2;0x3f3;0x3fd,0,534
2026-06-02T14:57:15.423,5546,3,0x3f2;0x3f3;0x3fd,0,217
2026-06-02T14:57:15.423,5547,3,0x3fc;0x3f2;0x3fd,0,280
2026-06-02T14:57:15.423,5548,4,0x3fc;0x3f2;0x3f3;0x3fd,0,274
2026-06-02T14:57:15.626,5549,4,0x3fc;0x3f2;0x3f3;0x3fd,0,391
2026-06-02T14:57:15.626,5550,4,0x3fc;0x3f2;0x3f3;0x3fd,0,350
2026-06-02T14:57:15.828,5551,4,0x3fc;0x3f2;0x3f3;0x3fd,0,607
2026-06-02T14:57:15.828,5552,5,0x3fc;0x3f2;0x3f3;0x3fd;0x410,1,784
2026-06-02T14:57:16.032,5553,4,0x3fc;0x3f2;0x3f3;0x3fd,0,328
2026-06-02T14:57:16.032,5554,4,0x3fc;0x3f2;0x3f3;0x3fd,0,265
2026-06-02T14:57:16.234,5555,4,0x3fc;0x3f2;0x3f3;0x3fd,0,230
2026-06-02T14:57:16.234,5556,4,0x3fc;0x3f2;0x3f3;0x3fd,0,442
2026-06-02T14:57:16.450,5557,4,0x3fc;0x3f2;0x3f3;0x3fd,0,397
2026-06-02T14:57:16.450,5558,4,0x3fc;0x3f2;0x3f3;0x3fd,0,676
2026-06-02T14:57:16.450,5559,4,0x3fc;0x3f2;0x3f3;0x3fd,0,584
2026-06-02T14:57:16.652,5560,3,0x3f2;0x3f3;0x3fd,0,220
2026-06-02T14:57:16.652,5561,3,0x3fc;0x3f2;0x3fd,0,336
2026-06-02T14:57:16.857,5562,4,0x3fc;0x3f2;0x3f3;0x3fd,0,265
2026-06-02T14:57:16.857,5563,4,0x3fc;0x3f2;0x3f3;0x3fd,0,365
2026-06-02T14:57:17.061,5564,4,0x3fc;0x3f2;0x3f3;0x3fd,0,555
2026-06-02T14:57:17.061,5565,4,0x3fc;0x3f2;0x3f3;0x3fd,0,289
2026-06-02T14:57:17.061,5566,4,0x3fc;0x3f2;0x3f3;0x3fd,0,245
2026-06-02T14:57:17.262,5567,3,0x3f2;0x3f3;0x3fd,0,184
2026-06-02T14:57:17.262,5568,3,0x3f2;0x3fd;0x410,1,316
2026-06-02T14:57:17.465,5569,3,0x3fc;0x3f2;0x3fd,0,288
2026-06-02T14:57:17.465,5570,4,0x3fc;0x3f2;0x3f3;0x3fd,0,259
2026-06-02T14:57:17.666,5571,4,0x3fc;0x3f2;0x3f3;0x3fd,0,517
2026-06-02T14:57:17.666,5572,4,0x3fc;0x3f2;0x3f3;0x3fd,0,766
2026-06-02T14:57:17.867,5573,4,0x3fc;0x3f2;0x3f3;0x3fd,0,585
2026-06-02T14:57:17.867,5574,4,0x3fc;0x3f2;0x3f3;0x3fd,0,279
2026-06-02T14:57:17.867,5575,4,0x3fc;0x3f2;0x3f3;0x3fd,0,244
2026-06-02T14:57:18.068,5576,4,0x3fc;0x3f2;0x3f3;0x3fd,0,380
2026-06-02T14:57:18.068,5577,4,0x3fc;0x3f2;0x3f3;0x3fd,0,581
2026-06-02T14:57:18.270,5578,4,0x3fc;0x3f2;0x3f3;0x3fd,0,500
2026-06-02T14:57:18.270,5579,4,0x3fc;0x3f2;0x3f3;0x3fd,0,519
2026-06-02T14:57:18.472,5580,4,0x3fc;0x3f2;0x3f3;0x3fd,0,283
2026-06-02T14:57:18.472,5581,3,0x3f2;0x3f3;0x3fd,0,185
2026-06-02T14:57:18.676,5582,3,0x3fc;0x3f2;0x3fd,0,232
2026-06-02T14:57:18.676,5583,4,0x3fc;0x3f2;0x3f3;0x3fd,0,228
2026-06-02T14:57:18.881,5584,5,0x3fc;0x3f2;0x3f3;0x3fd;0x410,1,370
2026-06-02T14:57:18.881,5585,4,0x3fc;0x3f2;0x3f3;0x3fd,0,482
2026-06-02T14:57:18.881,5586,4,0x3fc;0x3f2;0x3f3;0x3fd,0,450
2026-06-02T14:57:19.083,5587,4,0x3fc;0x3f2;0x3f3;0x3fd,0,242
2026-06-02T14:57:19.083,5588,4,0x3fc;0x3f2;0x3f3;0x3fd,0,569
2026-06-02T14:57:19.285,5589,4,0x3fc;0x3f2;0x3f3;0x3fd,0,341
2026-06-02T14:57:19.285,5590,4,0x3fc;0x3f2;0x3f3;0x3fd,0,315
2026-06-02T14:57:19.489,5591,4,0x3fc;0x3f2;0x3f3;0x3fd,0,244
2026-06-02T14:57:19.489,5592,4,0x3fc;0x3f2;0x3f3;0x3fd,0,219
2026-06-02T14:57:19.489,5593,4,0x3fc;0x3f2;0x3f3;0x3fd,0,265
2026-06-02T14:57:19.692,5594,4,0x3fc;0x3f2;0x3f3;0x3fd,0,263
2026-06-02T14:57:19.692,5595,4,0x3fc;0x3f2;0x3f3;0x3fd,0,310
2026-06-02T14:57:19.893,5596,4,0x3fc;0x3f2;0x3f3;0x3fd,0,236
2026-06-02T14:57:19.893,5597,4,0x3fc;0x3f2;0x3f3;0x3fd,0,266
2026-06-02T14:57:20.093,5598,4,0x3fc;0x3f2;0x3f3;0x3fd,0,231
2026-06-02T14:57:20.093,5599,4,0x3fc;0x3f2;0x3f3;0x3fd,0,226
2026-06-02T14:57:20.296,5600,5,0x3fc;0x3f2;0x3f3;0x3fd;0x410,1,370
2026-06-02T14:57:20.296,5601,4,0x3fc;0x3f2;0x3f3;0x3fd,0,338
2026-06-02T14:57:20.296,5602,4,0x3fc;0x3f2;0x3f3;0x3fd,0,360
2026-06-02T14:57:20.497,5603,4,0x3fc;0x3f2;0x3f3;0x3fd,0,441
2026-06-02T14:57:20.497,5604,4,0x3fc;0x3f2;0x3f3;0x3fd,0,427
2026-06-02T14:57:20.697,5605,4,0x3fc;0x3f2;0x3f3;0x3fd,0,360
2026-06-02T14:57:20.697,5606,4,0x3fc;0x3f2;0x3f3;0x3fd,0,432
2026-06-02T14:57:20.901,5607,4,0x3fc;0x3f2;0x3f3;0x3fd,0,554
2026-06-02T14:57:20.901,5608,4,0x3fc;0x3f2;0x3f3;0x3fd,0,432
2026-06-02T14:57:21.103,5609,4,0x3fc;0x3f2;0x3f3;0x3fd,0,503
2026-06-02T14:57:21.103,5610,4,0x3fc;0x3f2;0x3f3;0x3fd,0,386
2026-06-02T14:57:21.103,5611,4,0x3fc;0x3f2;0x3f3;0x3fd,0,530
2026-06-02T14:57:21.306,5612,4,0x3fc;0x3f2;0x3f3;0x3fd,0,550
2026-06-02T14:57:21.306,5613,4,0x3fc;0x3f2;0x3f3;0x3fd,0,742
2026-06-02T14:57:21.508,5614,4,0x3fc;0x3f2;0x3f3;0x3fd,0,1326
2026-06-02T14:57:21.508,5615,4,0x3fc;0x3f2;0x3f3;0x3fd,0,820
2026-06-02T14:57:21.712,5616,5,0x3fc;0x3f2;0x3f3;0x3fd;0x410,1,892
2026-06-02T14:57:21.712,5617,4,0x3fc;0x3f2;0x3f3;0x3fd,0,412
2026-06-02T14:57:21.914,5618,4,0x3fc;0x3f2;0x3f3;0x3fd,0,274
2026-06-02T14:57:21.914,5619,4,0x3fc;0x3f2;0x3f3;0x3fd,0,230
2026-06-02T14:57:21.914,5620,4,0x3fc;0x3f2;0x3f3;0x3fd,0,274
2026-06-02T14:57:22.117,5621,4,0x3fc;0x3f2;0x3f3;0x3fd,0,296
2026-06-02T14:57:22.117,5622,4,0x3fc;0x3f2;0x3f3;0x3fd,0,330
2026-06-02T14:57:22.319,5623,3,0x3f2;0x3f3;0x3fd,0,194
2026-06-02T14:57:22.319,5624,3,0x3fc;0x3f2;0x3fd,0,608
2026-06-02T14:57:22.520,5625,4,0x3fc;0x3f2;0x3f3;0x3fd,0,307
2026-06-02T14:57:22.520,5626,4,0x3fc;0x3f2;0x3f3;0x3fd,0,230
2026-06-02T14:57:22.721,5627,4,0x3fc;0x3f2;0x3f3;0x3fd,0,266
2026-06-02T14:57:22.721,5628,4,0x3fc;0x3f2;0x3f3;0x3fd,0,327
2026-06-02T14:57:22.721,5629,4,0x3fc;0x3f2;0x3f3;0x3fd,0,406
2026-06-02T14:57:22.924,5630,4,0x3fc;0x3f2;0x3f3;0x3fd,0,463
2026-06-02T14:57:22.924,5631,4,0x3fc;0x3f2;0x3f3;0x3fd,0,253
2026-06-02T14:57:23.127,5632,5,0x3fc;0x3f2;0x3f3;0x3fd;0x410,1,370
2026-06-02T14:57:23.127,5633,4,0x3fc;0x3f2;0x3f3;0x3fd,0,514
2026-06-02T14:57:23.331,5634,4,0x3fc;0x3f2;0x3f3;0x3fd,0,366
2026-06-02T14:57:23.331,5635,4,0x3fc;0x3f2;0x3f3;0x3fd,0,623
2026-06-02T14:57:23.534,5636,4,0x3fc;0x3f2;0x3f3;0x3fd,0,946
2026-06-02T14:57:23.534,5637,4,0x3fc;0x3f2;0x3f3;0x3fd,0,622
2026-06-02T14:57:23.534,5638,4,0x3fc;0x3f2;0x3f3;0x3fd,0,417
2026-06-02T14:57:23.736,5639,4,0x3fc;0x3f2;0x3f3;0x3fd,0,845
2026-06-02T14:57:23.736,5640,4,0x3fc;0x3f2;0x3f3;0x3fd,0,789
2026-06-02T14:57:23.952,5641,4,0x3fc;0x3f2;0x3f3;0x3fd,0,295
2026-06-02T14:57:23.952,5642,4,0x3fc;0x3f2;0x3f3;0x3fd,0,219
2026-06-02T14:57:24.153,5643,4,0x3fc;0x3f2;0x3f3;0x3fd,0,217
2026-06-02T14:57:24.153,5644,4,0x3fc;0x3f2;0x3f3;0x3fd,0,649
2026-06-02T14:57:24.153,5645,4,0x3fc;0x3f2;0x3f3;0x3fd,0,287
2026-06-02T14:57:24.356,5646,4,0x3fc;0x3f2;0x3f3;0x3fd,0,467
2026-06-02T14:57:24.356,5647,4,0x3fc;0x3f2;0x3f3;0x3fd,0,440
2026-06-02T14:57:24.557,5648,5,0x3fc;0x3f2;0x3f3;0x3fd;0x410,1,577
2026-06-02T14:57:24.557,5649,4,0x3fc;0x3f2;0x3f3;0x3fd,0,281
2026-06-02T14:57:24.761,5650,3,0x3f2;0x3f3;0x3fd,0,186
2026-06-02T14:57:24.761,5651,3,0x3fc;0x3f2;0x3fd,0,216
2026-06-02T14:57:24.964,5652,4,0x3fc;0x3f2;0x3f3;0x3fd,0,218
2026-06-02T14:57:24.964,5653,4,0x3fc;0x3f2;0x3f3;0x3fd,0,401
2026-06-02T14:57:24.964,5654,4,0x3fc;0x3f2;0x3f3;0x3fd,0,296
2026-06-02T14:57:25.165,5655,4,0x3fc;0x3f2;0x3f3;0x3fd,0,384
2026-06-02T14:57:25.165,5656,4,0x3fc;0x3f2;0x3f3;0x3fd,0,269
2026-06-02T14:57:25.367,5657,4,0x3fc;0x3f2;0x3f3;0x3fd,0,229
2026-06-02T14:57:25.367,5658,4,0x3fc;0x3f2;0x3f3;0x3fd,0,258
2026-06-02T14:57:25.569,5659,4,0x3fc;0x3f2;0x3f3;0x3fd,0,254
2026-06-02T14:57:25.569,5660,4,0x3fc;0x3f2;0x3f3;0x3fd,0,221
2026-06-02T14:57:25.772,5661,4,0x3fc;0x3f2;0x3f3;0x3fd,0,401
2026-06-02T14:57:25.772,5662,4,0x3fc;0x3f2;0x3f3;0x3fd,0,528
2026-06-02T14:57:25.975,5663,4,0x3fc;0x3f2;0x3f3;0x3fd,0,253
2026-06-02T14:57:25.975,5664,5,0x3fc;0x3f2;0x3f3;0x3fd;0x410,1,361
2026-06-02T14:57:25.975,5665,4,0x3fc;0x3f2;0x3f3;0x3fd,0,345
2026-06-02T14:57:26.176,5666,4,0x3fc;0x3f2;0x3f3;0x3fd,0,329
2026-06-02T14:57:26.176,5667,4,0x3fc;0x3f2;0x3f3;0x3fd,0,245
2026-06-02T14:57:26.377,5668,4,0x3fc;0x3f2;0x3f3;0x3fd,0,683
2026-06-02T14:57:26.377,5669,4,0x3fc;0x3f2;0x3f3;0x3fd,0,291
2026-06-02T14:57:26.579,5670,4,0x3fc;0x3f2;0x3f3;0x3fd,0,235
2026-06-02T14:57:26.579,5671,4,0x3fc;0x3f2;0x3f3;0x3fd,0,219
2026-06-02T14:57:26.579,5672,3,0x3f2;0x3f3;0x3fd,0,181
2026-06-02T14:57:26.781,5673,2,0x3f2;0x3fd,0,172
2026-06-02T14:57:26.781,5674,3,0x3fc;0x3f2;0x3fd,0,216
2026-06-02T14:57:26.997,5675,4,0x3fc;0x3f2;0x3f3;0x3fd,0,234
2026-06-02T14:57:26.997,5676,4,0x3fc;0x3f2;0x3f3;0x3fd,0,243
2026-06-02T14:57:27.200,5677,4,0x3fc;0x3f2;0x3f3;0x3fd,0,684
2026-06-02T14:57:27.200,5678,4,0x3fc;0x3f2;0x3f3;0x3fd,0,1107
2026-06-02T14:57:27.401,5679,4,0x3fc;0x3f2;0x3f3;0x3fd,0,417
2026-06-02T14:57:27.401,5680,5,0x3fc;0x3f2;0x3f3;0x3fd;0x410,1,469
2026-06-02T14:57:27.401,5681,4,0x3fc;0x3f2;0x3f3;0x3fd,0,421
2026-06-02T14:57:27.601,5682,4,0x3fc;0x3f2;0x3f3;0x3fd,0,681
2026-06-02T14:57:27.601,5683,4,0x3fc;0x3f2;0x3f3;0x3fd,0,624
2026-06-02T14:57:27.802,5684,4,0x3fc;0x3f2;0x3f3;0x3fd,0,501
2026-06-02T14:57:27.802,5685,4,0x3fc;0x3f2;0x3f3;0x3fd,0,319
2026-06-02T14:57:28.004,5686,4,0x3fc;0x3f2;0x3f3;0x3fd,0,346
2026-06-02T14:57:28.004,5687,4,0x3fc;0x3f2;0x3f3;0x3fd,0,416
2026-06-02T14:57:28.207,5688,4,0x3fc;0x3f2;0x3f3;0x3fd,0,672
2026-06-02T14:57:28.207,5689,4,0x3fc;0x3f2;0x3f3;0x3fd,0,695
2026-06-02T14:57:28.410,5690,4,0x3fc;0x3f2;0x3f3;0x3fd,0,742
2026-06-02T14:57:28.410,5691,4,0x3fc;0x3f2;0x3f3;0x3fd,0,356
2026-06-02T14:57:28.410,5692,4,0x3fc;0x3f2;0x3f3;0x3fd,0,547
2026-06-02T14:57:28.613,5693,4,0x3fc;0x3f2;0x3f3;0x3fd,0,273
2026-06-02T14:57:28.613,5694,4,0x3fc;0x3f2;0x3f3;0x3fd,0,259
2026-06-02T14:57:28.815,5695,4,0x3fc;0x3f2;0x3f3;0x3fd,0,302
2026-06-02T14:57:28.815,5696,5,0x3fc;0x3f2;0x3f3;0x3fd;0x410,1,451
2026-06-02T14:57:29.019,5697,4,0x3fc;0x3f2;0x3f3;0x3fd,0,251
2026-06-02T14:57:29.019,5698,4,0x3fc;0x3f2;0x3f3;0x3fd,0,276
2026-06-02T14:57:29.019,5699,4,0x3fc;0x3f2;0x3f3;0x3fd,0,496
2026-06-02T14:57:29.222,5700,3,0x3f2;0x3f3;0x3fd,0,215
2026-06-02T14:57:29.222,5701,3,0x3fc;0x3f2;0x3fd,0,224
2026-06-02T14:57:29.425,5702,4,0x3fc;0x3f2;0x3f3;0x3fd,0,235
2026-06-02T14:57:29.425,5703,4,0x3fc;0x3f2;0x3f3;0x3fd,0,459
2026-06-02T14:57:29.628,5704,4,0x3fc;0x3f2;0x3f3;0x3fd,0,495
2026-06-02T14:57:29.628,5705,4,0x3fc;0x3f2;0x3f3;0x3fd,0,464
2026-06-02T14:57:29.831,5706,4,0x3fc;0x3f2;0x3f3;0x3fd,0,372
2026-06-02T14:57:29.831,5707,4,0x3fc;0x3f2;0x3f3;0x3fd,0,329
2026-06-02T14:57:29.831,5708,4,0x3fc;0x3f2;0x3f3;0x3fd,0,253
2026-06-02T14:57:30.032,5709,3,0x3f2;0x3f3;0x3fd,0,184
2026-06-02T14:57:30.032,5710,2,0x3f2;0x3fd,0,172
2026-06-02T14:57:30.234,5711,2,0x3f2;0x3fd,0,172
2026-06-02T14:57:30.234,5712,3,0x3f2;0x3fd;0x410,1,316
2026-06-02T14:57:30.437,5713,3,0x3fc;0x3f2;0x3fd,0,296
2026-06-02T14:57:30.437,5714,3,0x3f2;0x3f3;0x3fd,0,192
2026-06-02T14:57:30.639,5715,3,0x3fc;0x3f2;0x3fd,0,208
2026-06-02T14:57:30.639,5716,4,0x3fc;0x3f2;0x3f3;0x3fd,0,313
2026-06-02T14:57:30.639,5717,4,0x3fc;0x3f2;0x3f3;0x3fd,0,277
2026-06-02T14:57:30.843,5718,4,0x3fc;0x3f2;0x3f3;0x3fd,0,455
2026-06-02T14:57:30.843,5719,4,0x3fc;0x3f2;0x3f3;0x3fd,0,270
2026-06-02T14:57:31.046,5720,4,0x3fc;0x3f2;0x3f3;0x3fd,0,324
2026-06-02T14:57:31.046,5721,4,0x3fc;0x3f2;0x3f3;0x3fd,0,342
2026-06-02T14:57:31.250,5722,4,0x3fc;0x3f2;0x3f3;0x3fd,0,319
2026-06-02T14:57:31.250,5723,4,0x3fc;0x3f2;0x3f3;0x3fd,0,260
2026-06-02T14:57:31.453,5724,4,0x3fc;0x3f2;0x3f3;0x3fd,0,301
2026-06-02T14:57:31.453,5725,4,0x3fc;0x3f2;0x3f3;0x3fd,0,227
2026-06-02T14:57:31.453,5726,4,0x3fc;0x3f2;0x3f3;0x3fd,0,233
2026-06-02T14:57:31.656,5727,4,0x3fc;0x3f2;0x3f3;0x3fd,0,299
2026-06-02T14:57:31.859,5728,5,0x3fc;0x3f2;0x3f3;0x3fd;0x410,1,451
2026-06-02T14:57:31.859,5729,4,0x3fc;0x3f2;0x3f3;0x3fd,0,243
2026-06-02T14:57:31.859,5730,4,0x3fc;0x3f2;0x3f3;0x3fd,0,227
2026-06-02T14:57:32.060,5731,3,0x3f2;0x3f3;0x3fd,0,182
2026-06-02T14:57:32.060,5732,3,0x3fc;0x3f2;0x3fd,0,216
2026-06-02T14:57:32.261,5733,4,0x3fc;0x3f2;0x3f3;0x3fd,0,234
2026-06-02T14:57:32.261,5734,3,0x3f2;0x3f3;0x3fd,0,183
2026-06-02T14:57:32.261,5735,3,0x3fc;0x3f2;0x3fd,0,224
2026-06-02T14:57:32.462,5736,4,0x3fc;0x3f2;0x3f3;0x3fd,0,227
2026-06-02T14:57:32.462,5737,4,0x3fc;0x3f2;0x3f3;0x3fd,0,474
2026-06-02T14:57:32.665,5738,4,0x3fc;0x3f2;0x3f3;0x3fd,0,249
2026-06-02T14:57:32.665,5739,4,0x3fc;0x3f2;0x3f3;0x3fd,0,225
2026-06-02T14:57:32.868,5740,4,0x3fc;0x3f2;0x3f3;0x3fd,0,218
2026-06-02T14:57:32.868,5741,4,0x3fc;0x3f2;0x3f3;0x3fd,0,249
2026-06-02T14:57:33.070,5742,4,0x3fc;0x3f2;0x3f3;0x3fd,0,221
2026-06-02T14:57:33.070,5743,4,0x3fc;0x3f2;0x3f3;0x3fd,0,217
2026-06-02T14:57:33.270,5744,5,0x3fc;0x3f2;0x3f3;0x3fd;0x410,1,361
2026-06-02T14:57:33.270,5745,4,0x3fc;0x3f2;0x3f3;0x3fd,0,497
2026-06-02T14:57:33.270,5746,4,0x3fc;0x3f2;0x3f3;0x3fd,0,260
2026-06-02T14:57:33.472,5747,3,0x3f2;0x3f3;0x3fd,0,182
2026-06-02T14:57:33.472,5748,2,0x3f2;0x3fd,0,172
2026-06-02T14:57:33.673,5749,3,0x3fc;0x3f2;0x3fd,0,600
2026-06-02T14:57:33.673,5750,4,0x3fc;0x3f2;0x3f3;0x3fd,0,554
2026-06-02T14:57:33.874,5751,4,0x3fc;0x3f2;0x3f3;0x3fd,0,261
2026-06-02T14:57:33.874,5752,4,0x3fc;0x3f2;0x3f3;0x3fd,0,330
2026-06-02T14:57:33.874,5753,4,0x3fc;0x3f2;0x3f3;0x3fd,0,231
2026-06-02T14:57:34.077,5754,4,0x3fc;0x3f2;0x3f3;0x3fd,0,257
2026-06-02T14:57:34.077,5755,4,0x3fc;0x3f2;0x3f3;0x3fd,0,222
2026-06-02T14:57:34.279,5756,4,0x3fc;0x3f2;0x3f3;0x3fd,0,241
2026-06-02T14:57:34.279,5757,4,0x3fc;0x3f2;0x3f3;0x3fd,0,220
2026-06-02T14:57:34.481,5758,3,0x3f2;0x3f3;0x3fd,0,181
2026-06-02T14:57:34.481,5759,3,0x3fc;0x3f2;0x3fd,0,216
2026-06-02T14:57:34.684,5760,5,0x3fc;0x3f2;0x3f3;0x3fd;0x410,1,370
2026-06-02T14:57:34.684,5761,4,0x3fc;0x3f2;0x3f3;0x3fd,0,234
2026-06-02T14:57:34.684,5762,3,0x3f2;0x3f3;0x3fd,0,183
2026-06-02T14:57:34.886,5763,2,0x3f2;0x3fd,0,172
2026-06-02T14:57:34.886,5764,2,0x3f2;0x3fd,0,172
2026-06-02T14:57:35.087,5765,2,0x3f2;0x3fd,0,172
2026-06-02T14:57:35.087,5766,3,0x3fc;0x3f2;0x3fd,0,248
2026-06-02T14:57:35.291,5767,4,0x3fc;0x3f2;0x3f3;0x3fd,0,422
2026-06-02T14:57:35.291,5768,4,0x3fc;0x3f2;0x3f3;0x3fd,0,602
2026-06-02T14:57:35.494,5769,4,0x3fc;0x3f2;0x3f3;0x3fd,0,702
2026-06-02T14:57:35.494,5770,4,0x3fc;0x3f2;0x3f3;0x3fd,0,288
2026-06-02T14:57:35.494,5771,4,0x3fc;0x3f2;0x3f3;0x3fd,0,499
2026-06-02T14:57:35.696,5772,4,0x3fc;0x3f2;0x3f3;0x3fd,0,268
2026-06-02T14:57:35.696,5773,4,0x3fc;0x3f2;0x3f3;0x3fd,0,243
2026-06-02T14:57:35.899,5774,4,0x3fc;0x3f2;0x3f3;0x3fd,0,476
2026-06-02T14:57:35.899,5775,4,0x3fc;0x3f2;0x3f3;0x3fd,0,281
2026-06-02T14:57:36.103,5776,5,0x3fc;0x3f2;0x3f3;0x3fd;0x410,1,397
2026-06-02T14:57:36.104,5777,4,0x3fc;0x3f2;0x3f3;0x3fd,0,245
2026-06-02T14:57:36.319,5778,4,0x3fc;0x3f2;0x3f3;0x3fd,0,236
2026-06-02T14:57:36.319,5779,4,0x3fc;0x3f2;0x3f3;0x3fd,0,347
2026-06-02T14:57:36.319,5780,4,0x3fc;0x3f2;0x3f3;0x3fd,0,233
2026-06-02T14:57:36.521,5781,4,0x3fc;0x3f2;0x3f3;0x3fd,0,465
2026-06-02T14:57:36.521,5782,4,0x3fc;0x3f2;0x3f3;0x3fd,0,264
2026-06-02T14:57:36.724,5783,4,0x3fc;0x3f2;0x3f3;0x3fd,0,227
2026-06-02T14:57:36.724,5784,3,0x3f2;0x3f3;0x3fd,0,182
2026-06-02T14:57:36.928,5785,3,0x3fc;0x3f2;0x3fd,0,264
2026-06-02T14:57:36.928,5786,4,0x3fc;0x3f2;0x3f3;0x3fd,0,400
2026-06-02T14:57:37.129,5787,4,0x3fc;0x3f2;0x3f3;0x3fd,0,391
2026-06-02T14:57:37.129,5788,4,0x3fc;0x3f2;0x3f3;0x3fd,0,524
2026-06-02T14:57:37.129,5789,4,0x3fc;0x3f2;0x3f3;0x3fd,0,357
2026-06-02T14:57:37.331,5790,4,0x3fc;0x3f2;0x3f3;0x3fd,0,246
2026-06-02T14:57:37.331,5791,4,0x3fc;0x3f2;0x3f3;0x3fd,0,243
2026-06-02T14:57:37.532,5792,5,0x3fc;0x3f2;0x3f3;0x3fd;0x410,1,388
2026-06-02T14:57:37.532,5793,4,0x3fc;0x3f2;0x3f3;0x3fd,0,380
2026-06-02T14:57:37.734,5794,4,0x3fc;0x3f2;0x3f3;0x3fd,0,317
2026-06-02T14:57:37.734,5795,3,0x3f2;0x3f3;0x3fd,0,191
2026-06-02T14:57:37.938,5796,3,0x3fc;0x3f2;0x3fd,0,224
2026-06-02T14:57:37.938,5797,4,0x3fc;0x3f2;0x3f3;0x3fd,0,475
2026-06-02T14:57:37.938,5798,4,0x3fc;0x3f2;0x3f3;0x3fd,0,273
2026-06-02T14:57:38.140,5799,4,0x3fc;0x3f2;0x3f3;0x3fd,0,244
2026-06-02T14:57:38.140,5800,4,0x3fc;0x3f2;0x3f3;0x3fd,0,236
2026-06-02T14:57:38.355,5801,4,0x3fc;0x3f2;0x3f3;0x3fd,0,235
2026-06-02T14:57:38.355,5802,4,0x3fc;0x3f2;0x3f3;0x3fd,0,315
2026-06-02T14:57:38.556,5803,4,0x3fc;0x3f2;0x3f3;0x3fd,0,413
2026-06-02T14:57:38.556,5804,4,0x3fc;0x3f2;0x3f3;0x3fd,0,568
2026-06-02T14:57:38.556,5805,4,0x3fc;0x3f2;0x3f3;0x3fd,0,546
2026-06-02T14:57:38.759,5806,4,0x3fc;0x3f2;0x3f3;0x3fd,0,373
2026-06-02T14:57:38.759,5807,4,0x3fc;0x3f2;0x3f3;0x3fd,0,264
2026-06-02T14:57:38.964,5808,5,0x3fc;0x3f2;0x3f3;0x3fd;0x410,1,397
2026-06-02T14:57:38.965,5809,4,0x3fc;0x3f2;0x3f3;0x3fd,0,245
2026-06-02T14:57:39.168,5810,4,0x3fc;0x3f2;0x3f3;0x3fd,0,340
2026-06-02T14:57:39.168,5811,3,0x3f2;0x3f3;0x3fd,0,196
2026-06-02T14:57:39.370,5812,3,0x3fc;0x3f2;0x3fd,0,240
2026-06-02T14:57:39.370,5813,4,0x3fc;0x3f2;0x3f3;0x3fd,0,333
2026-06-02T14:57:39.370,5814,3,0x3f2;0x3f3;0x3fd,0,195
2026-06-02T14:57:39.574,5815,2,0x3f2;0x3fd,0,172
2026-06-02T14:57:39.574,5816,2,0x3f2;0x3fd,0,172
2026-06-02T14:57:39.789,5817,3,0x3fc;0x3f2;0x3fd,0,256
2026-06-02T14:57:39.789,5818,4,0x3fc;0x3f2;0x3f3;0x3fd,0,519
2026-06-02T14:57:39.992,5819,4,0x3fc;0x3f2;0x3f3;0x3fd,0,334
2026-06-02T14:57:39.992,5820,4,0x3fc;0x3f2;0x3f3;0x3fd,0,667
2026-06-02T14:57:40.195,5821,4,0x3fc;0x3f2;0x3f3;0x3fd,0,800
2026-06-02T14:57:40.195,5822,4,0x3fc;0x3f2;0x3f3;0x3fd,0,843
2026-06-02T14:57:40.195,5823,3,0x3f2;0x3f3;0x3fd,0,251
2026-06-02T14:57:40.400,5824,3,0x3f2;0x3fd;0x410,1,316
2026-06-02T14:57:40.401,5825,3,0x3fc;0x3f2;0x3fd,0,624
2026-06-02T14:57:40.602,5826,4,0x3fc;0x3f2;0x3f3;0x3fd,0,1005
2026-06-02T14:57:40.602,5827,4,0x3fc;0x3f2;0x3f3;0x3fd,0,461
2026-06-02T14:57:40.804,5828,4,0x3fc;0x3f2;0x3f3;0x3fd,0,404
2026-06-02T14:57:40.804,5829,4,0x3fc;0x3f2;0x3f3;0x3fd,0,246
2026-06-02T14:57:40.804,5830,3,0x3f2;0x3f3;0x3fd,0,182
2026-06-02T14:57:41.006,5831,3,0x3fc;0x3f2;0x3fd,0,328
2026-06-02T14:57:41.006,5832,4,0x3fc;0x3f2;0x3f3;0x3fd,0,376
2026-06-02T14:57:41.210,5833,4,0x3fc;0x3f2;0x3f3;0x3fd,0,443
2026-06-02T14:57:41.210,5834,4,0x3fc;0x3f2;0x3f3;0x3fd,0,403
2026-06-02T14:57:41.414,5835,4,0x3fc;0x3f2;0x3f3;0x3fd,0,277
2026-06-02T14:57:41.414,5836,4,0x3fc;0x3f2;0x3f3;0x3fd,0,390
2026-06-02T14:57:41.616,5837,4,0x3fc;0x3f2;0x3f3;0x3fd,0,334
2026-06-02T14:57:41.616,5838,4,0x3fc;0x3f2;0x3f3;0x3fd,0,389
2026-06-02T14:57:41.616,5839,4,0x3fc;0x3f2;0x3f3;0x3fd,0,357
2026-06-02T14:57:41.819,5840,5,0x3fc;0x3f2;0x3f3;0x3fd;0x410,1,496
2026-06-02T14:57:41.819,5841,4,0x3fc;0x3f2;0x3f3;0x3fd,0,320
2026-06-02T14:57:42.023,5842,4,0x3fc;0x3f2;0x3f3;0x3fd,0,260
2026-06-02T14:57:42.023,5843,4,0x3fc;0x3f2;0x3f3;0x3fd,0,229
2026-06-02T14:57:42.223,5844,4,0x3fc;0x3f2;0x3f3;0x3fd,0,258
2026-06-02T14:57:42.223,5845,4,0x3fc;0x3f2;0x3f3;0x3fd,0,486
2026-06-02T14:57:42.425,5846,4,0x3fc;0x3f2;0x3f3;0x3fd,0,634
2026-06-02T14:57:42.425,5847,4,0x3fc;0x3f2;0x3f3;0x3fd,0,497
2026-06-02T14:57:42.425,5848,4,0x3fc;0x3f2;0x3f3;0x3fd,0,494
2026-06-02T14:57:42.629,5849,4,0x3fc;0x3f2;0x3f3;0x3fd,0,640
2026-06-02T14:57:42.629,5850,4,0x3fc;0x3f2;0x3f3;0x3fd,0,578
2026-06-02T14:57:42.831,5851,4,0x3fc;0x3f2;0x3f3;0x3fd,0,696
2026-06-02T14:57:42.831,5852,4,0x3fc;0x3f2;0x3f3;0x3fd,0,744
2026-06-02T14:57:43.032,5853,4,0x3fc;0x3f2;0x3f3;0x3fd,0,660
2026-06-02T14:57:43.032,5854,4,0x3fc;0x3f2;0x3f3;0x3fd,0,505
2026-06-02T14:57:43.235,5855,4,0x3fc;0x3f2;0x3f3;0x3fd,0,303
2026-06-02T14:57:43.235,5856,5,0x3fc;0x3f2;0x3f3;0x3fd;0x410,1,424
2026-06-02T14:57:43.235,5857,4,0x3fc;0x3f2;0x3f3;0x3fd,0,248
2026-06-02T14:57:43.435,5858,4,0x3fc;0x3f2;0x3f3;0x3fd,0,260
2026-06-02T14:57:43.435,5859,4,0x3fc;0x3f2;0x3f3;0x3fd,0,822
2026-06-02T14:57:43.639,5860,4,0x3fc;0x3f2;0x3f3;0x3fd,0,644
2026-06-02T14:57:43.639,5861,4,0x3fc;0x3f2;0x3f3;0x3fd,0,309
2026-06-02T14:57:43.844,5862,4,0x3fc;0x3f2;0x3f3;0x3fd,0,335
2026-06-02T14:57:43.844,5863,4,0x3fc;0x3f2;0x3f3;0x3fd,0,327
2026-06-02T14:57:44.046,5864,4,0x3fc;0x3f2;0x3f3;0x3fd,0,301
2026-06-02T14:57:44.046,5865,4,0x3fc;0x3f2;0x3f3;0x3fd,0,466
2026-06-02T14:57:44.249,5866,4,0x3fc;0x3f2;0x3f3;0x3fd,0,343
2026-06-02T14:57:44.249,5867,4,0x3fc;0x3f2;0x3f3;0x3fd,0,541
2026-06-02T14:57:44.249,5868,4,0x3fc;0x3f2;0x3f3;0x3fd,0,424
2026-06-02T14:57:44.451,5869,4,0x3fc;0x3f2;0x3f3;0x3fd,0,486
2026-06-02T14:57:44.451,5870,4,0x3fc;0x3f2;0x3f3;0x3fd,0,360
2026-06-02T14:57:44.655,5871,4,0x3fc;0x3f2;0x3f3;0x3fd,0,639
2026-06-02T14:57:44.655,5872,5,0x3fc;0x3f2;0x3f3;0x3fd;0x410,1,820
2026-06-02T14:57:44.870,5873,4,0x3fc;0x3f2;0x3f3;0x3fd,0,652
2026-06-02T14:57:44.870,5874,4,0x3fc;0x3f2;0x3f3;0x3fd,0,569
2026-06-02T14:57:44.870,5875,4,0x3fc;0x3f2;0x3f3;0x3fd,0,367
2026-06-02T14:57:45.072,5876,3,0x3f2;0x3f3;0x3fd,0,195
2026-06-02T14:57:45.072,5877,3,0x3fc;0x3f2;0x3fd,0,208
2026-06-02T14:57:45.276,5878,4,0x3fc;0x3f2;0x3f3;0x3fd,0,441
2026-06-02T14:57:45.276,5879,4,0x3fc;0x3f2;0x3f3;0x3fd,0,373
2026-06-02T14:57:45.480,5880,4,0x3fc;0x3f2;0x3f3;0x3fd,0,465
2026-06-02T14:57:45.480,5881,4,0x3fc;0x3f2;0x3f3;0x3fd,0,262
2026-06-02T14:57:45.683,5882,4,0x3fc;0x3f2;0x3f3;0x3fd,0,523
2026-06-02T14:57:45.683,5883,4,0x3fc;0x3f2;0x3f3;0x3fd,0,279
2026-06-02T14:57:45.683,5884,4,0x3fc;0x3f2;0x3f3;0x3fd,0,420
2026-06-02T14:57:45.898,5885,4,0x3fc;0x3f2;0x3f3;0x3fd,0,274
2026-06-02T14:57:45.898,5886,4,0x3fc;0x3f2;0x3f3;0x3fd,0,261
2026-06-02T14:57:46.102,5887,4,0x3fc;0x3f2;0x3f3;0x3fd,0,270
2026-06-02T14:57:46.102,5888,5,0x3fc;0x3f2;0x3f3;0x3fd;0x410,1,415
2026-06-02T14:57:46.305,5889,4,0x3fc;0x3f2;0x3f3;0x3fd,0,399
2026-06-02T14:57:46.305,5890,4,0x3fc;0x3f2;0x3f3;0x3fd,0,311
2026-06-02T14:57:46.305,5891,4,0x3fc;0x3f2;0x3f3;0x3fd,0,610
2026-06-02T14:57:46.509,5892,4,0x3fc;0x3f2;0x3f3;0x3fd,0,801
2026-06-02T14:57:46.509,5893,4,0x3fc;0x3f2;0x3f3;0x3fd,0,740
2026-06-02T14:57:46.710,5894,4,0x3fc;0x3f2;0x3f3;0x3fd,0,690
2026-06-02T14:57:46.710,5895,4,0x3fc;0x3f2;0x3f3;0x3fd,0,501
2026-06-02T14:57:46.914,5896,4,0x3fc;0x3f2;0x3f3;0x3fd,0,366
2026-06-02T14:57:46.914,5897,4,0x3fc;0x3f2;0x3f3;0x3fd,0,280
2026-06-02T14:57:47.130,5898,4,0x3fc;0x3f2;0x3f3;0x3fd,0,367
2026-06-02T14:57:47.130,5899,4,0x3fc;0x3f2;0x3f3;0x3fd,0,747
2026-06-02T14:57:47.130,5900,4,0x3fc;0x3f2;0x3f3;0x3fd,0,705
2026-06-02T14:57:47.330,5901,4,0x3fc;0x3f2;0x3f3;0x3fd,0,326
2026-06-02T14:57:47.330,5902,4,0x3fc;0x3f2;0x3f3;0x3fd,0,424
2026-06-02T14:57:47.532,5903,4,0x3fc;0x3f2;0x3f3;0x3fd,0,354
2026-06-02T14:57:47.532,5904,5,0x3fc;0x3f2;0x3f3;0x3fd;0x410,1,487
2026-06-02T14:57:47.734,5905,4,0x3fc;0x3f2;0x3f3;0x3fd,0,399
2026-06-02T14:57:47.734,5906,4,0x3fc;0x3f2;0x3f3;0x3fd,0,502
2026-06-02T14:57:47.935,5907,4,0x3fc;0x3f2;0x3f3;0x3fd,0,674
2026-06-02T14:57:47.935,5908,4,0x3fc;0x3f2;0x3f3;0x3fd,0,830
2026-06-02T14:57:47.935,5909,4,0x3fc;0x3f2;0x3f3;0x3fd,0,327
2026-06-02T14:57:48.150,5910,4,0x3fc;0x3f2;0x3f3;0x3fd,0,590
2026-06-02T14:57:48.150,5911,4,0x3fc;0x3f2;0x3f3;0x3fd,0,639
2026-06-02T14:57:48.366,5912,4,0x3fc;0x3f2;0x3f3;0x3fd,0,456
2026-06-02T14:57:48.366,5913,4,0x3fc;0x3f2;0x3f3;0x3fd,0,345
2026-06-02T14:57:48.366,5914,4,0x3fc;0x3f2;0x3f3;0x3fd,0,422
2026-06-02T14:57:48.569,5915,4,0x3fc;0x3f2;0x3f3;0x3fd,0,313
2026-06-02T14:57:48.569,5916,4,0x3fc;0x3f2;0x3f3;0x3fd,0,754
2026-06-02T14:57:48.772,5917,4,0x3fc;0x3f2;0x3f3;0x3fd,0,411
2026-06-02T14:57:48.772,5918,4,0x3fc;0x3f2;0x3f3;0x3fd,0,521
2026-06-02T14:57:48.974,5919,3,0x3f2;0x3f3;0x3fd,0,217
2026-06-02T14:57:48.974,5920,3,0x3f2;0x3fd;0x410,1,316
2026-06-02T14:57:49.174,5921,3,0x3fc;0x3f2;0x3fd,0,344
2026-06-02T14:57:49.174,5922,4,0x3fc;0x3f2;0x3f3;0x3fd,0,362
2026-06-02T14:57:49.174,5923,4,0x3fc;0x3f2;0x3f3;0x3fd,0,329
2026-06-02T14:57:49.375,5924,4,0x3fc;0x3f2;0x3f3;0x3fd,0,261
2026-06-02T14:57:49.376,5925,4,0x3fc;0x3f2;0x3f3;0x3fd,0,437
2026-06-02T14:57:49.577,5926,4,0x3fc;0x3f2;0x3f3;0x3fd,0,316
2026-06-02T14:57:49.577,5927,4,0x3fc;0x3f2;0x3f3;0x3fd,0,242
2026-06-02T14:57:49.779,5928,4,0x3fc;0x3f2;0x3f3;0x3fd,0,299
2026-06-02T14:57:49.779,5929,4,0x3fc;0x3f2;0x3f3;0x3fd,0,515
2026-06-02T14:57:49.984,5930,4,0x3fc;0x3f2;0x3f3;0x3fd,0,341
2026-06-02T14:57:49.984,5931,4,0x3fc;0x3f2;0x3f3;0x3fd,0,844
2026-06-02T14:57:50.185,5932,4,0x3fc;0x3f2;0x3f3;0x3fd,0,1182
2026-06-02T14:57:50.185,5933,4,0x3fc;0x3f2;0x3f3;0x3fd,0,1216
2026-06-02T14:57:50.185,5934,4,0x3fc;0x3f2;0x3f3;0x3fd,0,1304
2026-06-02T14:57:50.388,5935,4,0x3fc;0x3f2;0x3f3;0x3fd,0,1315
2026-06-02T14:57:50.592,5936,5,0x3fc;0x3f2;0x3f3;0x3fd;0x410,1,1459
2026-06-02T14:57:50.592,5937,4,0x3fc;0x3f2;0x3f3;0x3fd,0,1259
2026-06-02T14:57:50.592,5938,4,0x3fc;0x3f2;0x3f3;0x3fd,0,748
2026-06-02T14:57:50.795,5941,4,0x3fc;0x3f2;0x3f3;0x3fd,0,287
2026-06-02T14:57:50.995,5942,4,0x3fc;0x3f2;0x3f3;0x3fd,0,385
2026-06-02T14:57:50.995,5943,4,0x3fc;0x3f2;0x3f3;0x3fd,0,726
2026-06-02T14:57:51.210,5944,4,0x3fc;0x3f2;0x3f3;0x3fd,0,534
2026-06-02T14:57:51.210,5945,4,0x3fc;0x3f2;0x3f3;0x3fd,0,329
2026-06-02T14:57:51.414,5946,4,0x3fc;0x3f2;0x3f3;0x3fd,0,475
2026-06-02T14:57:51.414,5947,4,0x3fc;0x3f2;0x3f3;0x3fd,0,600
2026-06-02T14:57:51.619,5948,4,0x3fc;0x3f2;0x3f3;0x3fd,0,421
2026-06-02T14:57:51.619,5949,4,0x3fc;0x3f2;0x3f3;0x3fd,0,621
2026-06-02T14:57:51.619,5950,4,0x3fc;0x3f2;0x3f3;0x3fd,0,553
2026-06-02T14:57:51.822,5951,3,0x3f2;0x3f3;0x3fd,0,217
2026-06-02T14:57:51.822,5952,3,0x3f2;0x3fd;0x410,1,316
2026-06-02T14:57:52.026,5953,3,0x3fc;0x3f2;0x3fd,0,408
2026-06-02T14:57:52.026,5954,4,0x3fc;0x3f2;0x3f3;0x3fd,0,434
2026-06-02T14:57:52.241,5955,4,0x3fc;0x3f2;0x3f3;0x3fd,0,601
2026-06-02T14:57:52.241,5956,4,0x3fc;0x3f2;0x3f3;0x3fd,0,542
2026-06-02T14:57:52.241,5957,4,0x3fc;0x3f2;0x3f3;0x3fd,0,564
2026-06-02T14:57:52.442,5958,4,0x3fc;0x3f2;0x3f3;0x3fd,0,824
2026-06-02T14:57:52.442,5959,4,0x3fc;0x3f2;0x3f3;0x3fd,0,816
2026-06-02T14:57:52.657,5960,4,0x3fc;0x3f2;0x3f3;0x3fd,0,339
2026-06-02T14:57:52.657,5961,4,0x3fc;0x3f2;0x3f3;0x3fd,0,480
2026-06-02T14:57:52.858,5962,4,0x3fc;0x3f2;0x3f3;0x3fd,0,297
2026-06-02T14:57:52.858,5963,4,0x3fc;0x3f2;0x3f3;0x3fd,0,231
2026-06-02T14:57:53.059,5964,4,0x3fc;0x3f2;0x3f3;0x3fd,0,242
2026-06-02T14:57:53.059,5965,4,0x3fc;0x3f2;0x3f3;0x3fd,0,356
2026-06-02T14:57:53.059,5966,4,0x3fc;0x3f2;0x3f3;0x3fd,0,322
2026-06-02T14:57:53.263,5967,4,0x3fc;0x3f2;0x3f3;0x3fd,0,252
2026-06-02T14:57:53.263,5968,5,0x3fc;0x3f2;0x3f3;0x3fd;0x410,1,388
2026-06-02T14:57:53.465,5969,3,0x3f2;0x3f3;0x3fd,0,184
2026-06-02T14:57:53.465,5970,3,0x3fc;0x3f2;0x3fd,0,208
2026-06-02T14:57:53.667,5971,4,0x3fc;0x3f2;0x3f3;0x3fd,0,217
2026-06-02T14:57:53.667,5972,3,0x3f2;0x3f3;0x3fd,0,181
2026-06-02T14:57:53.868,5973,3,0x3fc;0x3f2;0x3fd,0,312
2026-06-02T14:57:53.868,5974,3,0x3f2;0x3f3;0x3fd,0,194
2026-06-02T14:57:53.868,5975,2,0x3f2;0x3fd,0,172
2026-06-02T14:57:54.072,5976,2,0x3f2;0x3fd,0,172
2026-06-02T14:57:54.072,5977,3,0x3fc;0x3f2;0x3fd,0,280
2026-06-02T14:57:54.276,5978,3,0x3f2;0x3f3;0x3fd,0,190
2026-06-02T14:57:54.276,5979,2,0x3f2;0x3fd,0,172
2026-06-02T14:57:54.477,5980,3,0x3fc;0x3f2;0x3fd,0,360
2026-06-02T14:57:54.477,5981,3,0x3f2;0x3f3;0x3fd,0,200
2026-06-02T14:57:54.680,5982,3,0x3fc;0x3f2;0x3fd,0,208
2026-06-02T14:57:54.680,5983,4,0x3fc;0x3f2;0x3f3;0x3fd,0,217
2026-06-02T14:57:54.881,5984,5,0x3fc;0x3f2;0x3f3;0x3fd;0x410,1,361
2026-06-02T14:57:54.881,5985,3,0x3f2;0x3f3;0x3fd,0,181
2026-06-02T14:57:54.881,5986,2,0x3f2;0x3fd,0,172
2026-06-02T14:57:55.083,5987,2,0x3f2;0x3fd,0,172
2026-06-02T14:57:55.083,5988,3,0x3fc;0x3f2;0x3fd,0,216
2026-06-02T14:57:55.285,5989,3,0x3f2;0x3f3;0x3fd,0,182
2026-06-02T14:57:55.285,5990,2,0x3f2;0x3fd,0,172
2026-06-02T14:57:55.488,5991,3,0x3fc;0x3f2;0x3fd,0,208
2026-06-02T14:57:55.488,5992,4,0x3fc;0x3f2;0x3f3;0x3fd,0,217
2026-06-02T14:57:55.488,5993,3,0x3f2;0x3f3;0x3fd,0,181
2026-06-02T14:57:55.692,5994,2,0x3f2;0x3fd,0,172
2026-06-02T14:57:55.692,5995,3,0x3fc;0x3f2;0x3fd,0,224
2026-06-02T14:57:55.896,5996,3,0x3f2;0x3f3;0x3fd,0,183
2026-06-02T14:57:55.896,5997,2,0x3f2;0x3fd,0,172
2026-06-02T14:57:56.098,5998,2,0x3f2;0x3fd,0,172
2026-06-02T14:57:56.098,5999,2,0x3f2;0x3fd,0,172
2026-06-02T14:57:56.302,6000,3,0x3f2;0x3fd;0x410,1,316
2026-06-02T14:57:56.302,6001,3,0x3fc;0x3f2;0x3fd,0,208
2026-06-02T14:57:56.302,6002,4,0x3fc;0x3f2;0x3f3;0x3fd,0,217
2026-06-02T14:57:56.504,6003,4,0x3fc;0x3f2;0x3f3;0x3fd,0,225
2026-06-02T14:57:56.504,6004,4,0x3fc;0x3f2;0x3f3;0x3fd,0,226
2026-06-02T14:57:56.706,6005,4,0x3fc;0x3f2;0x3f3;0x3fd,0,290
2026-06-02T14:57:56.706,6006,4,0x3fc;0x3f2;0x3f3;0x3fd,0,298
2026-06-02T14:57:56.910,6007,3,0x3f2;0x3f3;0x3fd,0,190
2026-06-02T14:57:56.910,6008,3,0x3fc;0x3f2;0x3fd,0,216
2026-06-02T14:57:57.113,6009,4,0x3fc;0x3f2;0x3f3;0x3fd,0,226
2026-06-02T14:57:57.113,6010,4,0x3fc;0x3f2;0x3f3;0x3fd,0,234
2026-06-02T14:57:57.113,6011,4,0x3fc;0x3f2;0x3f3;0x3fd,0,227
2026-06-02T14:57:57.314,6012,4,0x3fc;0x3f2;0x3f3;0x3fd,0,242
2026-06-02T14:57:57.314,6013,4,0x3fc;0x3f2;0x3f3;0x3fd,0,316
2026-06-02T14:57:57.516,6014,4,0x3fc;0x3f2;0x3f3;0x3fd,0,453
2026-06-02T14:57:57.516,6015,4,0x3fc;0x3f2;0x3f3;0x3fd,0,301
2026-06-02T14:57:57.718,6016,5,0x3fc;0x3f2;0x3f3;0x3fd;0x410,1,424
2026-06-02T14:57:57.718,6017,4,0x3fc;0x3f2;0x3f3;0x3fd,0,680
2026-06-02T14:57:57.922,6018,4,0x3fc;0x3f2;0x3f3;0x3fd,0,1098
2026-06-02T14:57:57.922,6019,4,0x3fc;0x3f2;0x3f3;0x3fd,0,712
2026-06-02T14:57:57.922,6020,4,0x3fc;0x3f2;0x3f3;0x3fd,0,1010
2026-06-02T14:57:58.124,6021,4,0x3fc;0x3f2;0x3f3;0x3fd,0,430
2026-06-02T14:57:58.124,6022,4,0x3fc;0x3f2;0x3f3;0x3fd,0,280
2026-06-02T14:57:58.325,6023,4,0x3fc;0x3f2;0x3f3;0x3fd,0,431
2026-06-02T14:57:58.325,6024,4,0x3fc;0x3f2;0x3f3;0x3fd,0,307
2026-06-02T14:57:58.529,6025,4,0x3fc;0x3f2;0x3f3;0x3fd,0,625
2026-06-02T14:57:58.529,6026,4,0x3fc;0x3f2;0x3f3;0x3fd,0,523
2026-06-02T14:57:58.730,6027,4,0x3fc;0x3f2;0x3f3;0x3fd,0,425
2026-06-02T14:57:58.730,6028,4,0x3fc;0x3f2;0x3f3;0x3fd,0,343
2026-06-02T14:57:58.730,6029,4,0x3fc;0x3f2;0x3f3;0x3fd,0,294
2026-06-02T14:57:58.933,6030,4,0x3fc;0x3f2;0x3f3;0x3fd,0,337
2026-06-02T14:57:58.933,6031,4,0x3fc;0x3f2;0x3f3;0x3fd,0,335
2026-06-02T14:57:59.135,6032,5,0x3fc;0x3f2;0x3f3;0x3fd;0x410,1,478
2026-06-02T14:57:59.135,6033,4,0x3fc;0x3f2;0x3f3;0x3fd,0,286
2026-06-02T14:57:59.339,6034,4,0x3fc;0x3f2;0x3f3;0x3fd,0,336
2026-06-02T14:57:59.339,6035,4,0x3fc;0x3f2;0x3f3;0x3fd,0,287
2026-06-02T14:57:59.541,6036,4,0x3fc;0x3f2;0x3f3;0x3fd,0,512
2026-06-02T14:57:59.541,6037,4,0x3fc;0x3f2;0x3f3;0x3fd,0,293
2026-06-02T14:57:59.541,6038,4,0x3fc;0x3f2;0x3f3;0x3fd,0,358
2026-06-02T14:57:59.744,6039,4,0x3fc;0x3f2;0x3f3;0x3fd,0,266
2026-06-02T14:57:59.744,6040,4,0x3fc;0x3f2;0x3f3;0x3fd,0,365
2026-06-02T14:57:59.945,6041,4,0x3fc;0x3f2;0x3f3;0x3fd,0,251
2026-06-02T14:57:59.945,6042,4,0x3fc;0x3f2;0x3f3;0x3fd,0,235
2026-06-02T14:58:00.148,6043,4,0x3fc;0x3f2;0x3f3;0x3fd,0,491
2026-06-02T14:58:00.148,6044,4,0x3fc;0x3f2;0x3f3;0x3fd,0,331
2026-06-02T14:58:00.349,6045,4,0x3fc;0x3f2;0x3f3;0x3fd,0,355
2026-06-02T14:58:00.349,6046,4,0x3fc;0x3f2;0x3f3;0x3fd,0,297
2026-06-02T14:58:00.349,6047,4,0x3fc;0x3f2;0x3f3;0x3fd,0,249
2026-06-02T14:58:00.551,6048,5,0x3fc;0x3f2;0x3f3;0x3fd;0x410,1,388
2026-06-02T14:58:00.551,6049,4,0x3fc;0x3f2;0x3f3;0x3fd,0,588
2026-06-02T14:58:00.754,6050,4,0x3fc;0x3f2;0x3f3;0x3fd,0,271
2026-06-02T14:58:00.754,6051,4,0x3fc;0x3f2;0x3f3;0x3fd,0,546
2026-06-02T14:58:00.956,6052,4,0x3fc;0x3f2;0x3f3;0x3fd,0,274
2026-06-02T14:58:00.956,6053,4,0x3fc;0x3f2;0x3f3;0x3fd,0,403
2026-06-02T14:58:01.160,6054,4,0x3fc;0x3f2;0x3f3;0x3fd,0,264
2026-06-02T14:58:01.160,6055,4,0x3fc;0x3f2;0x3f3;0x3fd,0,516
2026-06-02T14:58:01.160,6056,4,0x3fc;0x3f2;0x3f3;0x3fd,0,646
2026-06-02T14:58:01.363,6057,4,0x3fc;0x3f2;0x3f3;0x3fd,0,386
2026-06-02T14:58:01.363,6058,4,0x3fc;0x3f2;0x3f3;0x3fd,0,240
2026-06-02T14:58:01.564,6059,4,0x3fc;0x3f2;0x3f3;0x3fd,0,290
2026-06-02T14:58:01.564,6060,4,0x3fc;0x3f2;0x3f3;0x3fd,0,554
2026-06-02T14:58:01.768,6061,4,0x3fc;0x3f2;0x3f3;0x3fd,0,530
2026-06-02T14:58:01.768,6062,4,0x3fc;0x3f2;0x3f3;0x3fd,0,347
2026-06-02T14:58:01.970,6063,4,0x3fc;0x3f2;0x3f3;0x3fd,0,549
2026-06-02T14:58:01.970,6064,5,0x3fc;0x3f2;0x3f3;0x3fd;0x410,1,721
2026-06-02T14:58:01.970,6065,4,0x3fc;0x3f2;0x3f3;0x3fd,0,417
2026-06-02T14:58:02.174,6066,4,0x3fc;0x3f2;0x3f3;0x3fd,0,605
2026-06-02T14:58:02.174,6067,4,0x3fc;0x3f2;0x3f3;0x3fd,0,279
2026-06-02T14:58:02.375,6068,4,0x3fc;0x3f2;0x3f3;0x3fd,0,603
2026-06-02T14:58:02.375,6069,4,0x3fc;0x3f2;0x3f3;0x3fd,0,305
2026-06-02T14:58:02.578,6070,4,0x3fc;0x3f2;0x3f3;0x3fd,0,238
2026-06-02T14:58:02.578,6071,4,0x3fc;0x3f2;0x3f3;0x3fd,0,371
2026-06-02T14:58:02.782,6072,4,0x3fc;0x3f2;0x3f3;0x3fd,0,428
2026-06-02T14:58:02.782,6073,4,0x3fc;0x3f2;0x3f3;0x3fd,0,273
2026-06-02T14:58:02.782,6074,4,0x3fc;0x3f2;0x3f3;0x3fd,0,333
2026-06-02T14:58:02.984,6075,4,0x3fc;0x3f2;0x3f3;0x3fd,0,271
2026-06-02T14:58:02.984,6076,4,0x3fc;0x3f2;0x3f3;0x3fd,0,246
2026-06-02T14:58:03.187,6077,4,0x3fc;0x3f2;0x3f3;0x3fd,0,228
2026-06-02T14:58:03.187,6078,4,0x3fc;0x3f2;0x3f3;0x3fd,0,242
2026-06-02T14:58:03.388,6079,4,0x3fc;0x3f2;0x3f3;0x3fd,0,244
2026-06-02T14:58:03.388,6080,5,0x3fc;0x3f2;0x3f3;0x3fd;0x410,1,388
2026-06-02T14:58:03.589,6081,4,0x3fc;0x3f2;0x3f3;0x3fd,0,260
2026-06-02T14:58:03.589,6082,4,0x3fc;0x3f2;0x3f3;0x3fd,0,270
2026-06-02T14:58:03.589,6083,4,0x3fc;0x3f2;0x3f3;0x3fd,0,295
2026-06-02T14:58:03.791,6084,4,0x3fc;0x3f2;0x3f3;0x3fd,0,258
2026-06-02T14:58:03.791,6085,4,0x3fc;0x3f2;0x3f3;0x3fd,0,261
2026-06-02T14:58:03.994,6086,4,0x3fc;0x3f2;0x3f3;0x3fd,0,262
2026-06-02T14:58:03.994,6087,4,0x3fc;0x3f2;0x3f3;0x3fd,0,246
2026-06-02T14:58:04.196,6088,4,0x3fc;0x3f2;0x3f3;0x3fd,0,252
2026-06-02T14:58:04.196,6089,4,0x3fc;0x3f2;0x3f3;0x3fd,0,253
2026-06-02T14:58:04.398,6090,4,0x3fc;0x3f2;0x3f3;0x3fd,0,445
2026-06-02T14:58:04.398,6091,4,0x3fc;0x3f2;0x3f3;0x3fd,0,309
2026-06-02T14:58:04.398,6092,4,0x3fc;0x3f2;0x3f3;0x3fd,0,289
2026-06-02T14:58:04.601,6093,4,0x3fc;0x3f2;0x3f3;0x3fd,0,289
2026-06-02T14:58:04.601,6094,4,0x3fc;0x3f2;0x3f3;0x3fd,0,305
2026-06-02T14:58:04.807,6095,4,0x3fc;0x3f2;0x3f3;0x3fd,0,275
2026-06-02T14:58:04.807,6096,5,0x3fc;0x3f2;0x3f3;0x3fd;0x410,1,415
2026-06-02T14:58:05.012,6097,4,0x3fc;0x3f2;0x3f3;0x3fd,0,255
2026-06-02T14:58:05.012,6098,4,0x3fc;0x3f2;0x3f3;0x3fd,0,245
2026-06-02T14:58:05.012,6099,4,0x3fc;0x3f2;0x3f3;0x3fd,0,260
2026-06-02T14:58:05.215,6100,4,0x3fc;0x3f2;0x3f3;0x3fd,0,254
2026-06-02T14:58:05.215,6101,4,0x3fc;0x3f2;0x3f3;0x3fd,0,365
2026-06-02T14:58:05.416,6102,4,0x3fc;0x3f2;0x3f3;0x3fd,0,283
2026-06-02T14:58:05.416,6103,4,0x3fc;0x3f2;0x3f3;0x3fd,0,271
2026-06-02T14:58:05.619,6104,4,0x3fc;0x3f2;0x3f3;0x3fd,0,263
2026-06-02T14:58:05.619,6105,4,0x3fc;0x3f2;0x3f3;0x3fd,0,262
2026-06-02T14:58:05.822,6106,4,0x3fc;0x3f2;0x3f3;0x3fd,0,462
2026-06-02T14:58:05.822,6107,4,0x3fc;0x3f2;0x3f3;0x3fd,0,711
2026-06-02T14:58:05.822,6108,4,0x3fc;0x3f2;0x3f3;0x3fd,0,307
2026-06-02T14:58:06.024,6109,4,0x3fc;0x3f2;0x3f3;0x3fd,0,245
2026-06-02T14:58:06.024,6110,4,0x3fc;0x3f2;0x3f3;0x3fd,0,252
2026-06-02T14:58:06.227,6111,3,0x3f2;0x3f3;0x3fd,0,185
2026-06-02T14:58:06.227,6112,3,0x3f2;0x3fd;0x410,1,316
2026-06-02T14:58:06.429,6113,3,0x3fc;0x3f2;0x3fd,0,320
2026-06-02T14:58:06.429,6114,4,0x3fc;0x3f2;0x3f3;0x3fd,0,247
2026-06-02T14:58:06.631,6115,4,0x3fc;0x3f2;0x3f3;0x3fd,0,259
2026-06-02T14:58:06.631,6116,4,0x3fc;0x3f2;0x3f3;0x3fd,0,238
2026-06-02T14:58:06.832,6117,4,0x3fc;0x3f2;0x3f3;0x3fd,0,251
2026-06-02T14:58:06.832,6118,4,0x3fc;0x3f2;0x3f3;0x3fd,0,269
2026-06-02T14:58:06.832,6119,4,0x3fc;0x3f2;0x3f3;0x3fd,0,255
2026-06-02T14:58:07.034,6120,4,0x3fc;0x3f2;0x3f3;0x3fd,0,237
2026-06-02T14:58:07.034,6121,4,0x3fc;0x3f2;0x3f3;0x3fd,0,227
2026-06-02T14:58:07.238,6122,3,0x3f2;0x3f3;0x3fd,0,182
2026-06-02T14:58:07.238,6123,3,0x3fc;0x3f2;0x3fd,0,392
2026-06-02T14:58:07.440,6124,4,0x3fc;0x3f2;0x3f3;0x3fd,0,264
2026-06-02T14:58:07.441,6125,4,0x3fc;0x3f2;0x3f3;0x3fd,0,236
2026-06-02T14:58:07.441,6126,3,0x3f2;0x3f3;0x3fd,0,183
2026-06-02T14:58:07.645,6127,3,0x3fc;0x3f2;0x3fd,0,224
2026-06-02T14:58:07.849,6128,5,0x3fc;0x3f2;0x3f3;0x3fd;0x410,1,379
2026-06-02T14:58:07.849,6129,3,0x3f2;0x3f3;0x3fd,0,183
2026-06-02T14:58:07.850,6130,3,0x3fc;0x3f2;0x3fd,0,216
2026-06-02T14:58:08.051,6131,3,0x3f2;0x3f3;0x3fd,0,182
2026-06-02T14:58:08.051,6132,3,0x3fc;0x3f2;0x3fd,0,232
2026-06-02T14:58:08.253,6133,4,0x3fc;0x3f2;0x3f3;0x3fd,0,260
2026-06-02T14:58:08.253,6134,4,0x3fc;0x3f2;0x3f3;0x3fd,0,222
2026-06-02T14:58:08.253,6135,4,0x3fc;0x3f2;0x3f3;0x3fd,0,233
2026-06-02T14:58:08.455,6136,4,0x3fc;0x3f2;0x3f3;0x3fd,0,227
2026-06-02T14:58:08.456,6137,4,0x3fc;0x3f2;0x3f3;0x3fd,0,218
2026-06-02T14:58:08.658,6138,4,0x3fc;0x3f2;0x3f3;0x3fd,0,225
2026-06-02T14:58:08.658,6139,4,0x3fc;0x3f2;0x3f3;0x3fd,0,242
2026-06-02T14:58:08.858,6140,4,0x3fc;0x3f2;0x3f3;0x3fd,0,244
2026-06-02T14:58:08.858,6141,4,0x3fc;0x3f2;0x3f3;0x3fd,0,228
2026-06-02T14:58:09.061,6142,4,0x3fc;0x3f2;0x3f3;0x3fd,0,290
2026-06-02T14:58:09.061,6143,4,0x3fc;0x3f2;0x3f3;0x3fd,0,354
2026-06-02T14:58:09.276,6144,5,0x3fc;0x3f2;0x3f3;0x3fd;0x410,1,505
2026-06-02T14:58:09.276,6145,4,0x3fc;0x3f2;0x3f3;0x3fd,0,241
2026-06-02T14:58:09.276,6146,4,0x3fc;0x3f2;0x3f3;0x3fd,0,226
2026-06-02T14:58:09.479,6147,4,0x3fc;0x3f2;0x3f3;0x3fd,0,274
2026-06-02T14:58:09.479,6148,4,0x3fc;0x3f2;0x3f3;0x3fd,0,280
2026-06-02T14:58:09.681,6149,4,0x3fc;0x3f2;0x3f3;0x3fd,0,264
2026-06-02T14:58:09.681,6150,4,0x3fc;0x3f2;0x3f3;0x3fd,0,294
2026-06-02T14:58:09.881,6151,4,0x3fc;0x3f2;0x3f3;0x3fd,0,338
2026-06-02T14:58:09.881,6152,4,0x3fc;0x3f2;0x3f3;0x3fd,0,263
2026-06-02T14:58:09.881,6153,4,0x3fc;0x3f2;0x3f3;0x3fd,0,309
2026-06-02T14:58:10.084,6154,4,0x3fc;0x3f2;0x3f3;0x3fd,0,348
2026-06-02T14:58:10.084,6155,4,0x3fc;0x3f2;0x3f3;0x3fd,0,352
2026-06-02T14:58:10.286,6156,4,0x3fc;0x3f2;0x3f3;0x3fd,0,376
2026-06-02T14:58:10.286,6157,4,0x3fc;0x3f2;0x3f3;0x3fd,0,291
2026-06-02T14:58:10.489,6158,4,0x3fc;0x3f2;0x3f3;0x3fd,0,784
2026-06-02T14:58:10.489,6159,4,0x3fc;0x3f2;0x3f3;0x3fd,0,503
2026-06-02T14:58:10.692,6160,5,0x3fc;0x3f2;0x3f3;0x3fd;0x410,1,604
2026-06-02T14:58:10.692,6161,4,0x3fc;0x3f2;0x3f3;0x3fd,0,396
2026-06-02T14:58:10.692,6162,4,0x3fc;0x3f2;0x3f3;0x3fd,0,340
2026-06-02T14:58:10.896,6163,4,0x3fc;0x3f2;0x3f3;0x3fd,0,270
2026-06-02T14:58:10.896,6164,4,0x3fc;0x3f2;0x3f3;0x3fd,0,246
2026-06-02T14:58:11.099,6165,4,0x3fc;0x3f2;0x3f3;0x3fd,0,316
2026-06-02T14:58:11.099,6166,4,0x3fc;0x3f2;0x3f3;0x3fd,0,245
2026-06-02T14:58:11.303,6167,4,0x3fc;0x3f2;0x3f3;0x3fd,0,275
2026-06-02T14:58:11.303,6168,4,0x3fc;0x3f2;0x3f3;0x3fd,0,256
2026-06-02T14:58:11.503,6169,4,0x3fc;0x3f2;0x3f3;0x3fd,0,237
2026-06-02T14:58:11.504,6170,4,0x3fc;0x3f2;0x3f3;0x3fd,0,275
2026-06-02T14:58:11.504,6171,4,0x3fc;0x3f2;0x3f3;0x3fd,0,256
2026-06-02T14:58:11.708,6172,4,0x3fc;0x3f2;0x3f3;0x3fd,0,237
2026-06-02T14:58:11.708,6173,4,0x3fc;0x3f2;0x3f3;0x3fd,0,235
2026-06-02T14:58:11.911,6174,4,0x3fc;0x3f2;0x3f3;0x3fd,0,251
2026-06-02T14:58:11.911,6175,3,0x3f2;0x3f3;0x3fd,0,185
2026-06-02T14:58:12.115,6176,3,0x3f2;0x3fd;0x410,1,316
2026-06-02T14:58:12.115,6177,3,0x3fc;0x3f2;0x3fd,0,216
2026-06-02T14:58:12.317,6178,4,0x3fc;0x3f2;0x3f3;0x3fd,0,226
2026-06-02T14:58:12.317,6179,4,0x3fc;0x3f2;0x3f3;0x3fd,0,234
2026-06-02T14:58:12.317,6180,4,0x3fc;0x3f2;0x3f3;0x3fd,0,395
2026-06-02T14:58:12.519,6181,4,0x3fc;0x3f2;0x3f3;0x3fd,0,479
2026-06-02T14:58:12.519,6182,4,0x3fc;0x3f2;0x3f3;0x3fd,0,439
2026-06-02T14:58:12.722,6183,4,0x3fc;0x3f2;0x3f3;0x3fd,0,369
2026-06-02T14:58:12.722,6184,4,0x3fc;0x3f2;0x3f3;0x3fd,0,265
2026-06-02T14:58:12.924,6185,4,0x3fc;0x3f2;0x3f3;0x3fd,0,237
2026-06-02T14:58:12.924,6186,4,0x3fc;0x3f2;0x3f3;0x3fd,0,379
2026-06-02T14:58:13.127,6187,4,0x3fc;0x3f2;0x3f3;0x3fd,0,293
2026-06-02T14:58:13.127,6188,4,0x3fc;0x3f2;0x3f3;0x3fd,0,424
2026-06-02T14:58:13.127,6189,4,0x3fc;0x3f2;0x3f3;0x3fd,0,298
2026-06-02T14:58:13.332,6190,4,0x3fc;0x3f2;0x3f3;0x3fd,0,272
2026-06-02T14:58:13.332,6191,4,0x3fc;0x3f2;0x3f3;0x3fd,0,271
2026-06-02T14:58:13.534,6192,5,0x3fc;0x3f2;0x3f3;0x3fd;0x410,1,415
2026-06-02T14:58:13.534,6193,4,0x3fc;0x3f2;0x3f3;0x3fd,0,367
2026-06-02T14:58:13.748,6194,4,0x3fc;0x3f2;0x3f3;0x3fd,0,339
2026-06-02T14:58:13.748,6195,4,0x3fc;0x3f2;0x3f3;0x3fd,0,262
2026-06-02T14:58:13.748,6196,4,0x3fc;0x3f2;0x3f3;0x3fd,0,237
2026-06-02T14:58:13.953,6197,4,0x3fc;0x3f2;0x3f3;0x3fd,0,523
2026-06-02T14:58:13.953,6198,4,0x3fc;0x3f2;0x3f3;0x3fd,0,263
2026-06-02T14:58:14.155,6199,4,0x3fc;0x3f2;0x3f3;0x3fd,0,242
2026-06-02T14:58:14.155,6200,4,0x3fc;0x3f2;0x3f3;0x3fd,0,228
2026-06-02T14:58:14.359,6201,4,0x3fc;0x3f2;0x3f3;0x3fd,0,290
2026-06-02T14:58:14.359,6202,4,0x3fc;0x3f2;0x3f3;0x3fd,0,250
2026-06-02T14:58:14.561,6203,4,0x3fc;0x3f2;0x3f3;0x3fd,0,244
2026-06-02T14:58:14.561,6204,4,0x3fc;0x3f2;0x3f3;0x3fd,0,236
2026-06-02T14:58:14.561,6205,4,0x3fc;0x3f2;0x3f3;0x3fd,0,251
2026-06-02T14:58:14.764,6206,4,0x3fc;0x3f2;0x3f3;0x3fd,0,237
2026-06-02T14:58:14.764,6207,4,0x3fc;0x3f2;0x3f3;0x3fd,0,379
2026-06-02T14:58:14.967,6208,5,0x3fc;0x3f2;0x3f3;0x3fd;0x410,1,541
2026-06-02T14:58:14.967,6209,4,0x3fc;0x3f2;0x3f3;0x3fd,0,285
2026-06-02T14:58:15.169,6210,4,0x3fc;0x3f2;0x3f3;0x3fd,0,255
2026-06-02T14:58:15.169,6211,4,0x3fc;0x3f2;0x3f3;0x3fd,0,253
2026-06-02T14:58:15.372,6212,4,0x3fc;0x3f2;0x3f3;0x3fd,0,245
2026-06-02T14:58:15.372,6213,4,0x3fc;0x3f2;0x3f3;0x3fd,0,252
2026-06-02T14:58:15.372,6214,4,0x3fc;0x3f2;0x3f3;0x3fd,0,245
2026-06-02T14:58:15.586,6215,4,0x3fc;0x3f2;0x3f3;0x3fd,0,244
2026-06-02T14:58:15.586,6216,4,0x3fc;0x3f2;0x3f3;0x3fd,0,252
2026-06-02T14:58:15.787,6217,4,0x3fc;0x3f2;0x3f3;0x3fd,0,229
2026-06-02T14:58:15.787,6218,3,0x3f2;0x3f3;0x3fd,0,182
2026-06-02T14:58:15.991,6219,3,0x3fc;0x3f2;0x3fd,0,232
2026-06-02T14:58:15.991,6220,4,0x3fc;0x3f2;0x3f3;0x3fd,0,244
2026-06-02T14:58:15.991,6221,4,0x3fc;0x3f2;0x3f3;0x3fd,0,220
2026-06-02T14:58:16.196,6222,4,0x3fc;0x3f2;0x3f3;0x3fd,0,225
2026-06-02T14:58:16.196,6223,4,0x3fc;0x3f2;0x3f3;0x3fd,0,498
2026-06-02T14:58:16.400,6224,5,0x3fc;0x3f2;0x3f3;0x3fd;0x410,1,676
2026-06-02T14:58:16.400,6225,4,0x3fc;0x3f2;0x3f3;0x3fd,0,476
2026-06-02T14:58:16.605,6226,4,0x3fc;0x3f2;0x3f3;0x3fd,0,253
2026-06-02T14:58:16.605,6227,4,0x3fc;0x3f2;0x3f3;0x3fd,0,594
2026-06-02T14:58:16.808,6228,4,0x3fc;0x3f2;0x3f3;0x3fd,0,280
2026-06-02T14:58:16.808,6229,3,0x3f2;0x3f3;0x3fd,0,183
2026-06-02T14:58:17.011,6230,3,0x3fc;0x3f2;0x3fd,0,784
2026-06-02T14:58:17.011,6231,4,0x3fc;0x3f2;0x3f3;0x3fd,0,305
2026-06-02T14:58:17.011,6232,4,0x3fc;0x3f2;0x3f3;0x3fd,0,259
2026-06-02T14:58:17.212,6233,4,0x3fc;0x3f2;0x3f3;0x3fd,0,694
2026-06-02T14:58:17.212,6234,4,0x3fc;0x3f2;0x3f3;0x3fd,0,492
2026-06-02T14:58:17.414,6235,4,0x3fc;0x3f2;0x3f3;0x3fd,0,292
2026-06-02T14:58:17.414,6236,4,0x3fc;0x3f2;0x3f3;0x3fd,0,271
2026-06-02T14:58:17.620,6237,4,0x3fc;0x3f2;0x3f3;0x3fd,0,231
2026-06-02T14:58:17.620,6238,4,0x3fc;0x3f2;0x3f3;0x3fd,0,290
2026-06-02T14:58:17.620,6239,3,0x3f2;0x3f3;0x3fd,0,190
2026-06-02T14:58:17.823,6240,3,0x3f2;0x3fd;0x410,1,316
2026-06-02T14:58:17.823,6241,3,0x3fc;0x3f2;0x3fd,0,488
2026-06-02T14:58:18.025,6242,4,0x3fc;0x3f2;0x3f3;0x3fd,0,660
2026-06-02T14:58:18.025,6243,4,0x3fc;0x3f2;0x3f3;0x3fd,0,300
2026-06-02T14:58:18.228,6244,4,0x3fc;0x3f2;0x3f3;0x3fd,0,245
2026-06-02T14:58:18.228,6245,4,0x3fc;0x3f2;0x3f3;0x3fd,0,580
2026-06-02T14:58:18.431,6246,4,0x3fc;0x3f2;0x3f3;0x3fd,0,286
2026-06-02T14:58:18.431,6247,4,0x3fc;0x3f2;0x3f3;0x3fd,0,236
2026-06-02T14:58:18.431,6248,4,0x3fc;0x3f2;0x3f3;0x3fd,0,275
2026-06-02T14:58:18.645,6249,4,0x3fc;0x3f2;0x3f3;0x3fd,0,416
2026-06-02T14:58:18.645,6250,3,0x3f2;0x3f3;0x3fd,0,205
2026-06-02T14:58:18.849,6251,3,0x3fc;0x3f2;0x3fd,0,464
2026-06-02T14:58:18.849,6252,4,0x3fc;0x3f2;0x3f3;0x3fd,0,257
2026-06-02T14:58:19.051,6253,4,0x3fc;0x3f2;0x3f3;0x3fd,0,698
2026-06-02T14:58:19.051,6254,4,0x3fc;0x3f2;0x3f3;0x3fd,0,709
2026-06-02T14:58:19.255,6255,4,0x3fc;0x3f2;0x3f3;0x3fd,0,703
2026-06-02T14:58:19.255,6256,5,0x3fc;0x3f2;0x3f3;0x3fd;0x410,1,847
2026-06-02T14:58:19.255,6257,4,0x3fc;0x3f2;0x3f3;0x3fd,0,663
2026-06-02T14:58:19.458,6258,4,0x3fc;0x3f2;0x3f3;0x3fd,0,282
2026-06-02T14:58:19.458,6259,4,0x3fc;0x3f2;0x3f3;0x3fd,0,323
2026-06-02T14:58:19.662,6260,4,0x3fc;0x3f2;0x3f3;0x3fd,0,286
2026-06-02T14:58:19.662,6261,3,0x3f2;0x3f3;0x3fd,0,188
2026-06-02T14:58:19.864,6262,3,0x3fc;0x3f2;0x3fd,0,600
2026-06-02T14:58:19.864,6263,4,0x3fc;0x3f2;0x3f3;0x3fd,0,266
2026-06-02T14:58:19.864,6264,4,0x3fc;0x3f2;0x3f3;0x3fd,0,233
2026-06-02T14:58:20.066,6265,4,0x3fc;0x3f2;0x3f3;0x3fd,0,243
2026-06-02T14:58:20.066,6266,4,0x3fc;0x3f2;0x3f3;0x3fd,0,220
2026-06-02T14:58:20.269,6267,4,0x3fc;0x3f2;0x3f3;0x3fd,0,217
2026-06-02T14:58:20.269,6268,4,0x3fc;0x3f2;0x3f3;0x3fd,0,233
2026-06-02T14:58:20.471,6269,4,0x3fc;0x3f2;0x3f3;0x3fd,0,219
2026-06-02T14:58:20.471,6270,4,0x3fc;0x3f2;0x3f3;0x3fd,0,289
2026-06-02T14:58:20.674,6271,4,0x3fc;0x3f2;0x3f3;0x3fd,0,274
2026-06-02T14:58:20.674,6272,5,0x3fc;0x3f2;0x3f3;0x3fd;0x410,1,415
2026-06-02T14:58:20.674,6273,4,0x3fc;0x3f2;0x3f3;0x3fd,0,247
2026-06-02T14:58:20.878,6274,4,0x3fc;0x3f2;0x3f3;0x3fd,0,236
2026-06-02T14:58:20.878,6275,4,0x3fc;0x3f2;0x3f3;0x3fd,0,251
2026-06-02T14:58:21.080,6276,4,0x3fc;0x3f2;0x3f3;0x3fd,0,253
2026-06-02T14:58:21.080,6277,4,0x3fc;0x3f2;0x3f3;0x3fd,0,245
2026-06-02T14:58:21.283,6278,4,0x3fc;0x3f2;0x3f3;0x3fd,0,244
2026-06-02T14:58:21.283,6279,4,0x3fc;0x3f2;0x3f3;0x3fd,0,244
2026-06-02T14:58:21.483,6280,4,0x3fc;0x3f2;0x3f3;0x3fd,0,236
2026-06-02T14:58:21.483,6281,4,0x3fc;0x3f2;0x3f3;0x3fd,0,235
2026-06-02T14:58:21.685,6282,4,0x3fc;0x3f2;0x3f3;0x3fd,0,243
2026-06-02T14:58:21.685,6283,4,0x3fc;0x3f2;0x3f3;0x3fd,0,236
2026-06-02T14:58:21.685,6284,4,0x3fc;0x3f2;0x3f3;0x3fd,0,227
2026-06-02T14:58:21.890,6285,4,0x3fc;0x3f2;0x3f3;0x3fd,0,226
2026-06-02T14:58:21.890,6286,4,0x3fc;0x3f2;0x3f3;0x3fd,0,226
2026-06-02T14:58:22.092,6287,4,0x3fc;0x3f2;0x3f3;0x3fd,0,218
2026-06-02T14:58:22.092,6288,5,0x3fc;0x3f2;0x3f3;0x3fd;0x410,1,361
2026-06-02T14:58:22.293,6289,3,0x3f2;0x3f3;0x3fd,0,181
2026-06-02T14:58:22.293,6290,2,0x3f2;0x3fd,0,172
2026-06-02T14:58:22.293,6291,2,0x3f2;0x3fd,0,172
2026-06-02T14:58:22.497,6292,2,0x3f2;0x3fd,0,172
2026-06-02T14:58:22.497,6293,3,0x3fc;0x3f2;0x3fd,0,248
2026-06-02T14:58:22.699,6294,4,0x3fc;0x3f2;0x3f3;0x3fd,0,230
2026-06-02T14:58:22.699,6295,4,0x3fc;0x3f2;0x3f3;0x3fd,0,226
2026-06-02T14:58:22.904,6296,4,0x3fc;0x3f2;0x3f3;0x3fd,0,242
2026-06-02T14:58:22.904,6297,4,0x3fc;0x3f2;0x3f3;0x3fd,0,244
2026-06-02T14:58:23.105,6298,4,0x3fc;0x3f2;0x3f3;0x3fd,0,236
2026-06-02T14:58:23.105,6299,4,0x3fc;0x3f2;0x3f3;0x3fd,0,235
2026-06-02T14:58:23.105,6300,4,0x3fc;0x3f2;0x3f3;0x3fd,0,219
2026-06-02T14:58:23.307,6301,4,0x3fc;0x3f2;0x3f3;0x3fd,0,225
2026-06-02T14:58:23.307,6302,4,0x3fc;0x3f2;0x3f3;0x3fd,0,218
2026-06-02T14:58:23.509,6303,4,0x3fc;0x3f2;0x3f3;0x3fd,0,233
2026-06-02T14:58:23.509,6304,5,0x3fc;0x3f2;0x3f3;0x3fd;0x410,1,379
2026-06-02T14:58:23.711,6305,4,0x3fc;0x3f2;0x3f3;0x3fd,0,243
2026-06-02T14:58:23.711,6306,4,0x3fc;0x3f2;0x3f3;0x3fd,0,220
2026-06-02T14:58:23.912,6307,4,0x3fc;0x3f2;0x3f3;0x3fd,0,225
2026-06-02T14:58:23.912,6308,4,0x3fc;0x3f2;0x3f3;0x3fd,0,242
2026-06-02T14:58:23.912,6309,4,0x3fc;0x3f2;0x3f3;0x3fd,0,244
2026-06-02T14:58:24.117,6310,4,0x3fc;0x3f2;0x3f3;0x3fd,0,236
2026-06-02T14:58:24.117,6311,4,0x3fc;0x3f2;0x3f3;0x3fd,0,227
2026-06-02T14:58:24.321,6312,4,0x3fc;0x3f2;0x3f3;0x3fd,0,218
2026-06-02T14:58:24.321,6313,4,0x3fc;0x3f2;0x3f3;0x3fd,0,233
2026-06-02T14:58:24.522,6314,4,0x3fc;0x3f2;0x3f3;0x3fd,0,235
2026-06-02T14:58:24.522,6315,4,0x3fc;0x3f2;0x3f3;0x3fd,0,227
2026-06-02T14:58:24.724,6316,4,0x3fc;0x3f2;0x3f3;0x3fd,0,242
2026-06-02T14:58:24.724,6317,4,0x3fc;0x3f2;0x3f3;0x3fd,0,236
2026-06-02T14:58:24.724,6318,4,0x3fc;0x3f2;0x3f3;0x3fd,0,243
2026-06-02T14:58:24.926,6319,4,0x3fc;0x3f2;0x3f3;0x3fd,0,244
2026-06-02T14:58:25.129,6320,5,0x3fc;0x3f2;0x3f3;0x3fd;0x410,1,388
2026-06-02T14:58:25.129,6321,4,0x3fc;0x3f2;0x3f3;0x3fd,0,404
2026-06-02T14:58:25.129,6322,4,0x3fc;0x3f2;0x3f3;0x3fd,0,352
2026-06-02T14:58:25.332,6323,4,0x3fc;0x3f2;0x3f3;0x3fd,0,335
2026-06-02T14:58:25.332,6324,4,0x3fc;0x3f2;0x3f3;0x3fd,0,502
2026-06-02T14:58:25.535,6325,3,0x3f2;0x3f3;0x3fd,0,215
2026-06-02T14:58:25.535,6326,3,0x3fc;0x3f2;0x3fd,0,232
2026-06-02T14:58:25.535,6327,4,0x3fc;0x3f2;0x3f3;0x3fd,0,228
2026-06-02T14:58:25.739,6328,4,0x3fc;0x3f2;0x3f3;0x3fd,0,234
2026-06-02T14:58:25.739,6329,4,0x3fc;0x3f2;0x3f3;0x3fd,0,235
2026-06-02T14:58:25.942,6330,4,0x3fc;0x3f2;0x3f3;0x3fd,0,235
2026-06-02T14:58:25.942,6331,4,0x3fc;0x3f2;0x3f3;0x3fd,0,235
2026-06-02T14:58:26.146,6332,4,0x3fc;0x3f2;0x3f3;0x3fd,0,235
2026-06-02T14:58:26.146,6333,4,0x3fc;0x3f2;0x3f3;0x3fd,0,235
2026-06-02T14:58:26.349,6334,4,0x3fc;0x3f2;0x3f3;0x3fd,0,299
2026-06-02T14:58:26.349,6335,3,0x3f2;0x3f3;0x3fd,0,191
2026-06-02T14:58:26.555,6336,3,0x3f2;0x3fd;0x410,1,316
2026-06-02T14:58:26.555,6337,3,0x3fc;0x3f2;0x3fd,0,232
2026-06-02T14:58:26.555,6338,4,0x3fc;0x3f2;0x3f3;0x3fd,0,340
2026-06-02T14:58:26.756,6339,4,0x3fc;0x3f2;0x3f3;0x3fd,0,944
2026-06-02T14:58:26.756,6340,4,0x3fc;0x3f2;0x3f3;0x3fd,0,570
2026-06-02T14:58:26.957,6341,4,0x3fc;0x3f2;0x3f3;0x3fd,0,610
2026-06-02T14:58:26.957,6342,4,0x3fc;0x3f2;0x3f3;0x3fd,0,774
2026-06-02T14:58:27.173,6343,4,0x3fc;0x3f2;0x3f3;0x3fd,0,737
2026-06-02T14:58:27.173,6344,4,0x3fc;0x3f2;0x3f3;0x3fd,0,346
2026-06-02T14:58:27.173,6345,4,0x3fc;0x3f2;0x3f3;0x3fd,0,906
2026-06-02T14:58:27.377,6346,4,0x3fc;0x3f2;0x3f3;0x3fd,0,318
2026-06-02T14:58:27.377,6347,4,0x3fc;0x3f2;0x3f3;0x3fd,0,315
2026-06-02T14:58:27.581,6348,4,0x3fc;0x3f2;0x3f3;0x3fd,0,397
2026-06-02T14:58:27.581,6349,4,0x3fc;0x3f2;0x3f3;0x3fd,0,454
2026-06-02T14:58:27.782,6350,4,0x3fc;0x3f2;0x3f3;0x3fd,0,388
2026-06-02T14:58:27.782,6351,4,0x3fc;0x3f2;0x3f3;0x3fd,0,283
2026-06-02T14:58:27.985,6352,5,0x3fc;0x3f2;0x3f3;0x3fd;0x410,1,415
2026-06-02T14:58:27.985,6353,4,0x3fc;0x3f2;0x3f3;0x3fd,0,319
2026-06-02T14:58:27.985,6354,4,0x3fc;0x3f2;0x3f3;0x3fd,0,645
2026-06-02T14:58:28.188,6355,4,0x3fc;0x3f2;0x3f3;0x3fd,0,621
2026-06-02T14:58:28.188,6356,4,0x3fc;0x3f2;0x3f3;0x3fd,0,677
2026-06-02T14:58:28.388,6357,4,0x3fc;0x3f2;0x3f3;0x3fd,0,429
2026-06-02T14:58:28.388,6358,4,0x3fc;0x3f2;0x3f3;0x3fd,0,285
2026-06-02T14:58:28.591,6359,4,0x3fc;0x3f2;0x3f3;0x3fd,0,327
2026-06-02T14:58:28.591,6360,4,0x3fc;0x3f2;0x3f3;0x3fd,0,678
2026-06-02T14:58:28.792,6361,4,0x3fc;0x3f2;0x3f3;0x3fd,0,609
2026-06-02T14:58:28.792,6362,4,0x3fc;0x3f2;0x3f3;0x3fd,0,275
2026-06-02T14:58:28.792,6363,4,0x3fc;0x3f2;0x3f3;0x3fd,0,227
2026-06-02T14:58:28.995,6364,4,0x3fc;0x3f2;0x3f3;0x3fd,0,394
2026-06-02T14:58:28.995,6365,4,0x3fc;0x3f2;0x3f3;0x3fd,0,535
2026-06-02T14:58:29.198,6366,4,0x3fc;0x3f2;0x3f3;0x3fd,0,334
2026-06-02T14:58:29.198,6367,4,0x3fc;0x3f2;0x3f3;0x3fd,0,259
2026-06-02T14:58:29.401,6368,5,0x3fc;0x3f2;0x3f3;0x3fd;0x410,1,397
2026-06-02T14:58:29.401,6369,4,0x3fc;0x3f2;0x3f3;0x3fd,0,317
2026-06-02T14:58:29.604,6370,4,0x3fc;0x3f2;0x3f3;0x3fd,0,341
2026-06-02T14:58:29.604,6371,4,0x3fc;0x3f2;0x3f3;0x3fd,0,319
2026-06-02T14:58:29.604,6372,4,0x3fc;0x3f2;0x3f3;0x3fd,0,300
2026-06-02T14:58:29.807,6373,4,0x3fc;0x3f2;0x3f3;0x3fd,0,250
2026-06-02T14:58:29.807,6374,4,0x3fc;0x3f2;0x3f3;0x3fd,0,236
2026-06-02T14:58:30.009,6375,4,0x3fc;0x3f2;0x3f3;0x3fd,0,467
2026-06-02T14:58:30.009,6376,4,0x3fc;0x3f2;0x3f3;0x3fd,0,256
2026-06-02T14:58:30.212,6377,4,0x3fc;0x3f2;0x3f3;0x3fd,0,1010
2026-06-02T14:58:30.212,6378,4,0x3fc;0x3f2;0x3f3;0x3fd,0,324
2026-06-02T14:58:30.415,6379,4,0x3fc;0x3f2;0x3f3;0x3fd,0,338
2026-06-02T14:58:30.415,6380,4,0x3fc;0x3f2;0x3f3;0x3fd,0,584
2026-06-02T14:58:30.415,6381,4,0x3fc;0x3f2;0x3f3;0x3fd,0,557
2026-06-02T14:58:30.618,6382,4,0x3fc;0x3f2;0x3f3;0x3fd,0,550
2026-06-02T14:58:30.618,6383,4,0x3fc;0x3f2;0x3f3;0x3fd,0,542
2026-06-02T14:58:30.821,6384,5,0x3fc;0x3f2;0x3f3;0x3fd;0x410,1,685
2026-06-02T14:58:30.821,6385,4,0x3fc;0x3f2;0x3f3;0x3fd,0,301
2026-06-02T14:58:31.024,6386,4,0x3fc;0x3f2;0x3f3;0x3fd,0,223
2026-06-02T14:58:31.024,6387,4,0x3fc;0x3f2;0x3f3;0x3fd,0,425
2026-06-02T14:58:31.024,6388,4,0x3fc;0x3f2;0x3f3;0x3fd,0,251
2026-06-02T14:58:31.226,6389,4,0x3fc;0x3f2;0x3f3;0x3fd,0,242
2026-06-02T14:58:31.226,6390,3,0x3f2;0x3f3;0x3fd,0,184
2026-06-02T14:58:31.429,6391,2,0x3f2;0x3fd,0,172
2026-06-02T14:58:31.429,6392,2,0x3f2;0x3fd,0,172
2026-06-02T14:58:31.631,6393,3,0x3fc;0x3f2;0x3fd,0,208
2026-06-02T14:58:31.631,6394,4,0x3fc;0x3f2;0x3f3;0x3fd,0,377
2026-06-02T14:58:31.833,6395,4,0x3fc;0x3f2;0x3f3;0x3fd,0,293
2026-06-02T14:58:31.833,6396,4,0x3fc;0x3f2;0x3f3;0x3fd,0,248
2026-06-02T14:58:31.833,6397,4,0x3fc;0x3f2;0x3f3;0x3fd,0,220
2026-06-02T14:58:32.034,6398,4,0x3fc;0x3f2;0x3f3;0x3fd,0,241
2026-06-02T14:58:32.034,6399,4,0x3fc;0x3f2;0x3f3;0x3fd,0,228
2026-06-02T14:58:32.238,6400,5,0x3fc;0x3f2;0x3f3;0x3fd;0x410,1,370
2026-06-02T14:58:32.238,6401,4,0x3fc;0x3f2;0x3f3;0x3fd,0,234
2026-06-02T14:58:32.443,6402,4,0x3fc;0x3f2;0x3f3;0x3fd,0,243
2026-06-02T14:58:32.443,6403,4,0x3fc;0x3f2;0x3f3;0x3fd,0,244
2026-06-02T14:58:32.648,6404,4,0x3fc;0x3f2;0x3f3;0x3fd,0,236
2026-06-02T14:58:32.648,6405,4,0x3fc;0x3f2;0x3f3;0x3fd,0,235
2026-06-02T14:58:32.648,6406,3,0x3f2;0x3f3;0x3fd,0,183
2026-06-02T14:58:32.848,6407,3,0x3fc;0x3f2;0x3fd,0,264
2026-06-02T14:58:32.848,6408,3,0x3f2;0x3f3;0x3fd,0,188
2026-06-02T14:58:33.051,6409,2,0x3f2;0x3fd,0,172
2026-06-02T14:58:33.051,6410,3,0x3fc;0x3f2;0x3fd,0,224
2026-06-02T14:58:34.421,6411,3,0x3f2;0x3f3;0x3fd,0,183
2026-06-02T14:58:34.421,6412,2,0x3f2;0x3fd,0,172
2026-06-02T14:58:34.440,6413,3,0x3fc;0x3f2;0x3fd,0,360
2026-06-02T14:58:34.440,6414,3,0x3f2;0x3f3;0x3fd,0,200
2026-06-02T14:58:34.440,6415,3,0x3fc;0x3f2;0x3fd,0,224
2026-06-02T14:58:34.440,6416,5,0x3fc;0x3f2;0x3f3;0x3fd;0x410,1,379
2026-06-02T14:58:34.440,6417,4,0x3fc;0x3f2;0x3f3;0x3fd,0,227
2026-06-02T14:58:34.440,6418,4,0x3fc;0x3f2;0x3f3;0x3fd,0,426
2026-06-02T14:58:34.440,6419,4,0x3fc;0x3f2;0x3f3;0x3fd,0,243
2026-06-02T14:58:34.440,6420,4,0x3fc;0x3f2;0x3f3;0x3fd,0,385
2026-06-02T14:58:34.440,6421,4,0x3fc;0x3f2;0x3f3;0x3fd,0,246
2026-06-02T14:58:34.440,6422,4,0x3fc;0x3f2;0x3f3;0x3fd,0,266
2026-06-02T14:58:34.440,6423,4,0x3fc;0x3f2;0x3f3;0x3fd,0,303
2026-06-02T14:58:34.440,6424,4,0x3fc;0x3f2;0x3f3;0x3fd,0,435
2026-06-02T14:58:34.440,6425,3,0x3f2;0x3f3;0x3fd,0,207
2026-06-02T14:58:34.649,6426,3,0x3fc;0x3f2;0x3fd,0,216
2026-06-02T14:58:34.649,6427,3,0x3f2;0x3f3;0x3fd,0,182
2026-06-02T14:58:34.649,6428,2,0x3f2;0x3fd,0,172
2026-06-02T14:58:34.852,6429,3,0x3fc;0x3f2;0x3fd,0,216
2026-06-02T14:58:34.852,6430,3,0x3f2;0x3f3;0x3fd,0,182
2026-06-02T14:58:35.056,6431,3,0x3fc;0x3f2;0x3fd,0,288
2026-06-02T14:58:35.056,6432,5,0x3fc;0x3f2;0x3f3;0x3fd;0x410,1,451
2026-06-02T14:58:35.259,6433,4,0x3fc;0x3f2;0x3f3;0x3fd,0,235
2026-06-02T14:58:35.259,6434,3,0x3f2;0x3f3;0x3fd,0,182
2026-06-02T14:58:35.259,6435,2,0x3f2;0x3fd,0,172
2026-06-02T14:58:35.461,6436,2,0x3f2;0x3fd,0,172
2026-06-02T14:58:35.461,6437,2,0x3f2;0x3fd,0,172
2026-06-02T14:58:35.662,6438,3,0x3fc;0x3f2;0x3fd,0,216
2026-06-02T14:58:35.662,6439,3,0x3f2;0x3f3;0x3fd,0,182
2026-06-02T14:58:35.864,6440,2,0x3f2;0x3fd,0,172
2026-06-02T14:58:35.864,6441,2,0x3f2;0x3fd,0,172
2026-06-02T14:58:36.069,6442,3,0x3fc;0x3f2;0x3fd,0,232
2026-06-02T14:58:36.069,6443,3,0x3f2;0x3f3;0x3fd,0,184
2026-06-02T14:58:36.069,6444,3,0x3fc;0x3f2;0x3fd,0,216
2026-06-02T14:58:36.273,6445,3,0x3f2;0x3f3;0x3fd,0,182
2026-06-02T14:58:36.273,6446,2,0x3f2;0x3fd,0,172
2026-06-02T14:58:36.476,6447,2,0x3f2;0x3fd,0,172
2026-06-02T14:58:36.476,6448,3,0x3f2;0x3fd;0x410,1,316
2026-06-02T14:58:36.677,6449,2,0x3f2;0x3fd,0,172
2026-06-02T14:58:36.677,6450,3,0x3fc;0x3f2;0x3fd,0,208
2026-06-02T14:58:36.880,6451,3,0x3f2;0x3f3;0x3fd,0,181
2026-06-02T14:58:36.880,6452,2,0x3f2;0x3fd,0,172
2026-06-02T14:58:36.880,6453,3,0x3fc;0x3f2;0x3fd,0,224
2026-06-02T14:58:37.080,6454,4,0x3fc;0x3f2;0x3f3;0x3fd,0,219
2026-06-02T14:58:37.080,6455,4,0x3fc;0x3f2;0x3f3;0x3fd,0,217
2026-06-02T14:58:37.280,6456,3,0x3f2;0x3f3;0x3fd,0,181
2026-06-02T14:58:37.280,6457,3,0x3fc;0x3f2;0x3fd,0,240
2026-06-02T14:58:37.482,6458,4,0x3fc;0x3f2;0x3f3;0x3fd,0,229
2026-06-02T14:58:37.482,6459,4,0x3fc;0x3f2;0x3f3;0x3fd,0,226
2026-06-02T14:58:37.685,6460,4,0x3fc;0x3f2;0x3f3;0x3fd,0,234
2026-06-02T14:58:37.685,6461,4,0x3fc;0x3f2;0x3f3;0x3fd,0,219
2026-06-02T14:58:37.685,6462,3,0x3f2;0x3f3;0x3fd,0,181
2026-06-02T14:58:37.887,6463,2,0x3f2;0x3fd,0,172
2026-06-02T14:58:38.093,6464,3,0x3f2;0x3fd;0x410,1,316
2026-06-02T14:58:38.093,6465,2,0x3f2;0x3fd,0,172
2026-06-02T14:58:38.093,6466,2,0x3f2;0x3fd,0,172
2026-06-02T14:58:38.295,6467,2,0x3f2;0x3fd,0,172
2026-06-02T14:58:38.295,6468,3,0x3fc;0x3f2;0x3fd,0,304
2026-06-02T14:58:38.495,6469,4,0x3fc;0x3f2;0x3f3;0x3fd,0,333
2026-06-02T14:58:38.495,6470,4,0x3fc;0x3f2;0x3f3;0x3fd,0,286
2026-06-02T14:58:38.495,6471,4,0x3fc;0x3f2;0x3f3;0x3fd,0,224
2026-06-02T14:58:38.697,6472,4,0x3fc;0x3f2;0x3f3;0x3fd,0,289
2026-06-02T14:58:38.697,6473,3,0x3f2;0x3f3;0x3fd,0,190
2026-06-02T14:58:38.900,6474,3,0x3fc;0x3f2;0x3fd,0,272
2026-06-02T14:58:38.900,6475,3,0x3f2;0x3f3;0x3fd,0,189
2026-06-02T14:58:39.104,6476,2,0x3f2;0x3fd,0,172
2026-06-02T14:58:39.104,6477,2,0x3f2;0x3fd,0,172
2026-06-02T14:58:39.307,6478,2,0x3f2;0x3fd,0,172
2026-06-02T14:58:39.307,6479,2,0x3f2;0x3fd,0,172
2026-06-02T14:58:39.508,6480,3,0x3f2;0x3fd;0x410,1,316
2026-06-02T14:58:39.508,6481,3,0x3fc;0x3f2;0x3fd,0,216
2026-06-02T14:58:39.508,6482,3,0x3f2;0x3f3;0x3fd,0,182
2026-06-02T14:58:39.710,6483,2,0x3f2;0x3fd,0,172
2026-06-02T14:58:39.710,6484,2,0x3f2;0x3fd,0,172
2026-06-02T14:58:39.912,6485,3,0x3fc;0x3f2;0x3fd,0,208
2026-06-02T14:58:39.912,6486,4,0x3fc;0x3f2;0x3f3;0x3fd,0,321
2026-06-02T14:58:40.115,6487,4,0x3fc;0x3f2;0x3f3;0x3fd,0,454
2026-06-02T14:58:40.115,6488,4,0x3fc;0x3f2;0x3f3;0x3fd,0,325
2026-06-02T14:58:40.115,6489,4,0x3fc;0x3f2;0x3f3;0x3fd,0,267
2026-06-02T14:58:40.316,6490,3,0x3f2;0x3f3;0x3fd,0,186
2026-06-02T14:58:40.316,6491,3,0x3fc;0x3f2;0x3fd,0,440
2026-06-02T14:58:40.518,6492,4,0x3fc;0x3f2;0x3f3;0x3fd,0,494
2026-06-02T14:58:40.518,6493,4,0x3fc;0x3f2;0x3f3;0x3fd,0,248
2026-06-02T14:58:40.720,6494,3,0x3f2;0x3f3;0x3fd,0,181
2026-06-02T14:58:40.720,6495,3,0x3fc;0x3f2;0x3fd,0,224
2026-06-02T14:58:40.922,6496,5,0x3fc;0x3f2;0x3f3;0x3fd;0x410,1,379
2026-06-02T14:58:40.922,6497,4,0x3fc;0x3f2;0x3f3;0x3fd,0,235
2026-06-02T14:58:40.922,6498,3,0x3f2;0x3f3;0x3fd,0,183
2026-06-02T14:58:41.123,6499,2,0x3f2;0x3fd,0,172
2026-06-02T14:58:41.123,6500,3,0x3fc;0x3f2;0x3fd,0,216
2026-06-02T14:58:41.327,6501,3,0x3f2;0x3f3;0x3fd,0,182
2026-06-02T14:58:41.327,6502,2,0x3f2;0x3fd,0,172
2026-06-02T14:58:41.530,6503,3,0x3fc;0x3f2;0x3fd,0,232
2026-06-02T14:58:41.530,6504,4,0x3fc;0x3f2;0x3f3;0x3fd,0,220
2026-06-02T14:58:41.731,6505,3,0x3f2;0x3f3;0x3fd,0,181
2026-06-02T14:58:41.731,6506,3,0x3fc;0x3f2;0x3fd,0,248
2026-06-02T14:58:41.731,6507,3,0x3f2;0x3f3;0x3fd,0,186
2026-06-02T14:58:41.934,6508,2,0x3f2;0x3fd,0,172
2026-06-02T14:58:41.934,6509,3,0x3fc;0x3f2;0x3fd,0,216
2026-06-02T14:58:42.139,6510,3,0x3f2;0x3f3;0x3fd,0,182
2026-06-02T14:58:42.139,6511,2,0x3f2;0x3fd,0,172
2026-06-02T14:58:42.341,6512,3,0x3f2;0x3fd;0x410,1,316
2026-06-02T14:58:42.341,6513,2,0x3f2;0x3fd,0,172
2026-06-02T14:58:42.543,6514,2,0x3f2;0x3fd,0,172
2026-06-02T14:58:42.543,6515,3,0x3fc;0x3f2;0x3fd,0,216
2026-06-02T14:58:42.543,6516,3,0x3f2;0x3f3;0x3fd,0,182
2026-06-02T14:58:42.748,6517,3,0x3fc;0x3f2;0x3fd,0,208
2026-06-02T14:58:42.748,6518,3,0x3f2;0x3f3;0x3fd,0,181
2026-06-02T14:58:42.949,6519,2,0x3f2;0x3fd,0,172
2026-06-02T14:58:42.949,6520,2,0x3f2;0x3fd,0,172
2026-06-02T14:58:43.149,6521,2,0x3f2;0x3fd,0,172
2026-06-02T14:58:43.149,6522,2,0x3f2;0x3fd,0,172
2026-06-02T14:58:43.349,6523,2,0x3f2;0x3fd,0,172
2026-06-02T14:58:43.349,6524,2,0x3f2;0x3fd,0,172
2026-06-02T14:58:43.551,6525,2,0x3f2;0x3fd,0,172
2026-06-02T14:58:43.551,6526,2,0x3f2;0x3fd,0,172
2026-06-02T14:58:43.551,6527,3,0x3fc;0x3f2;0x3fd,0,208
2026-06-02T14:58:43.753,6528,5,0x3fc;0x3f2;0x3f3;0x3fd;0x410,1,361
2026-06-02T14:58:43.753,6529,3,0x3f2;0x3f3;0x3fd,0,181
2026-06-02T14:58:43.958,6530,2,0x3f2;0x3fd,0,172
2026-06-02T14:58:43.958,6531,2,0x3f2;0x3fd,0,172
2026-06-02T14:58:44.159,6532,2,0x3f2;0x3fd,0,172
2026-06-02T14:58:44.160,6533,2,0x3f2;0x3fd,0,172
2026-06-02T14:58:44.362,6534,2,0x3f2;0x3fd,0,172
2026-06-02T14:58:44.362,6535,3,0x3fc;0x3f2;0x3fd,0,248
2026-06-02T14:58:44.362,6536,4,0x3fc;0x3f2;0x3f3;0x3fd,0,246
2026-06-02T14:58:44.563,6537,4,0x3fc;0x3f2;0x3f3;0x3fd,0,252
2026-06-02T14:58:44.563,6538,4,0x3fc;0x3f2;0x3f3;0x3fd,0,341
2026-06-02T14:58:44.766,6539,4,0x3fc;0x3f2;0x3f3;0x3fd,0,232
2026-06-02T14:58:44.766,6540,3,0x3f2;0x3f3;0x3fd,0,181
2026-06-02T14:58:44.967,6541,2,0x3f2;0x3fd,0,172
2026-06-02T14:58:44.967,6542,3,0x3fc;0x3f2;0x3fd,0,224
2026-06-02T14:58:45.171,6543,3,0x3f2;0x3f3;0x3fd,0,183
2026-06-02T14:58:45.171,6544,3,0x3f2;0x3fd;0x410,1,316
2026-06-02T14:58:45.171,6545,2,0x3f2;0x3fd,0,172
2026-06-02T14:58:45.373,6546,3,0x3fc;0x3f2;0x3fd,0,208
2026-06-02T14:58:45.373,6547,4,0x3fc;0x3f2;0x3f3;0x3fd,0,225
2026-06-02T14:58:45.587,6548,4,0x3fc;0x3f2;0x3f3;0x3fd,0,218
2026-06-02T14:58:45.587,6549,4,0x3fc;0x3f2;0x3f3;0x3fd,0,249
2026-06-02T14:58:45.791,6550,4,0x3fc;0x3f2;0x3f3;0x3fd,0,229
2026-06-02T14:58:45.791,6551,4,0x3fc;0x3f2;0x3f3;0x3fd,0,234
2026-06-02T14:58:45.791,6552,4,0x3fc;0x3f2;0x3f3;0x3fd,0,467
2026-06-02T14:58:45.992,6553,4,0x3fc;0x3f2;0x3f3;0x3fd,0,264
2026-06-02T14:58:45.992,6554,4,0x3fc;0x3f2;0x3f3;0x3fd,0,315
2026-06-02T14:58:46.195,6555,4,0x3fc;0x3f2;0x3f3;0x3fd,0,325
2026-06-02T14:58:46.195,6556,4,0x3fc;0x3f2;0x3f3;0x3fd,0,253
2026-06-02T14:58:46.395,6557,4,0x3fc;0x3f2;0x3f3;0x3fd,0,260
2026-06-02T14:58:46.395,6558,4,0x3fc;0x3f2;0x3f3;0x3fd,0,262
2026-06-02T14:58:46.597,6559,4,0x3fc;0x3f2;0x3f3;0x3fd,0,278
2026-06-02T14:58:46.597,6560,5,0x3fc;0x3f2;0x3f3;0x3fd;0x410,1,424
2026-06-02T14:58:46.597,6561,3,0x3f2;0x3f3;0x3fd,0,188
2026-06-02T14:58:46.797,6562,2,0x3f2;0x3fd,0,172
2026-06-02T14:58:46.797,6563,3,0x3fc;0x3f2;0x3fd,0,216
2026-06-02T14:58:46.999,6564,3,0x3f2;0x3f3;0x3fd,0,182
2026-06-02T14:58:46.999,6565,2,0x3f2;0x3fd,0,172
2026-06-02T14:58:47.202,6566,2,0x3f2;0x3fd,0,172
2026-06-02T14:58:47.202,6567,2,0x3f2;0x3fd,0,172
2026-06-02T14:58:47.406,6568,2,0x3f2;0x3fd,0,172
2026-06-02T14:58:47.406,6569,2,0x3f2;0x3fd,0,172
2026-06-02T14:58:47.607,6570,3,0x3fc;0x3f2;0x3fd,0,208
2026-06-02T14:58:47.607,6571,4,0x3fc;0x3f2;0x3f3;0x3fd,0,217
2026-06-02T14:58:47.607,6572,4,0x3fc;0x3f2;0x3f3;0x3fd,0,225
2026-06-02T14:58:47.809,6573,3,0x3f2;0x3f3;0x3fd,0,182
2026-06-02T14:58:47.809,6574,2,0x3f2;0x3fd,0,172
2026-06-02T14:58:48.011,6575,2,0x3f2;0x3fd,0,172
2026-06-02T14:58:48.011,6576,3,0x3f2;0x3fd;0x410,1,316
2026-06-02T14:58:48.213,6577,2,0x3f2;0x3fd,0,172
2026-06-02T14:58:48.213,6578,2,0x3f2;0x3fd,0,172
2026-06-02T14:58:48.213,6579,2,0x3f2;0x3fd,0,172
2026-06-02T14:58:48.416,6580,2,0x3f2;0x3fd,0,172
2026-06-02T14:58:48.416,6581,3,0x3fc;0x3f2;0x3fd,0,256
2026-06-02T14:58:48.618,6582,3,0x3f2;0x3f3;0x3fd,0,187
2026-06-02T14:58:48.618,6583,2,0x3f2;0x3fd,0,172
2026-06-02T14:58:48.821,6584,2,0x3f2;0x3fd,0,172
2026-06-02T14:58:48.821,6585,2,0x3f2;0x3fd,0,172
2026-06-02T14:58:49.024,6586,2,0x3f2;0x3fd,0,172
2026-06-02T14:58:49.024,6587,2,0x3f2;0x3fd,0,172
2026-06-02T14:58:49.024,6588,2,0x3f2;0x3fd,0,172
2026-06-02T14:58:49.226,6589,2,0x3f2;0x3fd,0,172
2026-06-02T14:58:49.226,6590,2,0x3f2;0x3fd,0,172
2026-06-02T14:58:49.429,6591,3,0x3fc;0x3f2;0x3fd,0,328
2026-06-02T14:58:49.429,6592,5,0x3fc;0x3f2;0x3f3;0x3fd;0x410,1,496
2026-06-02T14:58:49.633,6593,3,0x3f2;0x3f3;0x3fd,0,196
2026-06-02T14:58:49.633,6594,2,0x3f2;0x3fd,0,172
2026-06-02T14:58:49.834,6595,2,0x3f2;0x3fd,0,172
2026-06-02T14:58:49.834,6596,2,0x3f2;0x3fd,0,172
2026-06-02T14:58:49.834,6597,2,0x3f2;0x3fd,0,172
2026-06-02T14:58:50.037,6598,2,0x3f2;0x3fd,0,172
2026-06-02T14:58:50.037,6599,2,0x3f2;0x3fd,0,172
2026-06-02T14:58:50.239,6600,3,0x3fc;0x3f2;0x3fd,0,240
2026-06-02T14:58:50.239,6601,4,0x3fc;0x3f2;0x3f3;0x3fd,0,293
2026-06-02T14:58:50.454,6602,4,0x3fc;0x3f2;0x3f3;0x3fd,0,410
2026-06-02T14:58:50.454,6603,4,0x3fc;0x3f2;0x3f3;0x3fd,0,248
2026-06-02T14:58:50.658,6604,4,0x3fc;0x3f2;0x3f3;0x3fd,0,226
2026-06-02T14:58:50.659,6605,3,0x3f2;0x3f3;0x3fd,0,182
2026-06-02T14:58:50.659,6606,3,0x3fc;0x3f2;0x3fd,0,208
2026-06-02T14:58:50.860,6607,4,0x3fc;0x3f2;0x3f3;0x3fd,0,217
2026-06-02T14:58:51.063,6608,5,0x3fc;0x3f2;0x3f3;0x3fd;0x410,1,361
2026-06-02T14:58:51.063,6609,3,0x3f2;0x3f3;0x3fd,0,181
2026-06-02T14:58:51.063,6610,2,0x3f2;0x3fd,0,172
2026-06-02T14:58:51.266,6611,2,0x3f2;0x3fd,0,172
2026-06-02T14:58:51.266,6612,3,0x3fc;0x3f2;0x3fd,0,224
2026-06-02T14:58:51.468,6613,4,0x3fc;0x3f2;0x3f3;0x3fd,0,227
2026-06-02T14:58:51.468,6614,3,0x3f2;0x3f3;0x3fd,0,182
2026-06-02T14:58:51.468,6615,2,0x3f2;0x3fd,0,172
2026-06-02T14:58:51.670,6616,2,0x3f2;0x3fd,0,172
2026-06-02T14:58:51.670,6617,3,0x3fc;0x3f2;0x3fd,0,240
2026-06-02T14:58:51.870,6618,4,0x3fc;0x3f2;0x3f3;0x3fd,0,221
2026-06-02T14:58:51.870,6619,4,0x3fc;0x3f2;0x3f3;0x3fd,0,217
2026-06-02T14:58:52.086,6620,4,0x3fc;0x3f2;0x3f3;0x3fd,0,225
2026-06-02T14:58:52.086,6621,4,0x3fc;0x3f2;0x3f3;0x3fd,0,218
2026-06-02T14:58:52.086,6622,4,0x3fc;0x3f2;0x3f3;0x3fd,0,225
2026-06-02T14:58:52.290,6623,4,0x3fc;0x3f2;0x3f3;0x3fd,0,282
2026-06-02T14:58:52.493,6624,5,0x3fc;0x3f2;0x3f3;0x3fd;0x410,1,433
2026-06-02T14:58:52.493,6625,4,0x3fc;0x3f2;0x3f3;0x3fd,0,241
2026-06-02T14:58:52.493,6626,4,0x3fc;0x3f2;0x3f3;0x3fd,0,235
2026-06-02T14:58:52.695,6627,4,0x3fc;0x3f2;0x3f3;0x3fd,0,227
2026-06-02T14:58:52.695,6628,3,0x3f2;0x3f3;0x3fd,0,182
2026-06-02T14:58:52.896,6629,3,0x3fc;0x3f2;0x3fd,0,376
2026-06-02T14:58:52.896,6630,4,0x3fc;0x3f2;0x3f3;0x3fd,0,254
2026-06-02T14:58:52.896,6631,3,0x3f2;0x3f3;0x3fd,0,183
2026-06-02T14:58:53.098,6632,2,0x3f2;0x3fd,0,172
2026-06-02T14:58:53.098,6633,2,0x3f2;0x3fd,0,172
2026-06-02T14:58:53.301,6634,3,0x3fc;0x3f2;0x3fd,0,304
2026-06-02T14:58:53.301,6635,3,0x3f2;0x3f3;0x3fd,0,193
2026-06-02T14:58:53.504,6636,2,0x3f2;0x3fd,0,172
2026-06-02T14:58:53.504,6637,2,0x3f2;0x3fd,0,172
2026-06-02T14:58:53.707,6638,2,0x3f2;0x3fd,0,172
2026-06-02T14:58:53.707,6639,2,0x3f2;0x3fd,0,172
2026-06-02T14:58:53.909,6640,3,0x3f2;0x3fd;0x410,1,316
2026-06-02T14:58:53.909,6641,2,0x3f2;0x3fd,0,172
2026-06-02T14:58:53.909,6642,2,0x3f2;0x3fd,0,172
2026-06-02T14:58:54.110,6643,2,0x3f2;0x3fd,0,172
2026-06-02T14:58:54.110,6644,2,0x3f2;0x3fd,0,172
2026-06-02T14:58:54.314,6645,3,0x3fc;0x3f2;0x3fd,0,208
2026-06-02T14:58:54.314,6646,3,0x3f2;0x3f3;0x3fd,0,181
2026-06-02T14:58:54.516,6647,2,0x3f2;0x3fd,0,172
2026-06-02T14:58:54.516,6648,2,0x3f2;0x3fd,0,172
2026-06-02T14:58:54.516,6649,2,0x3f2;0x3fd,0,172
2026-06-02T14:58:54.719,6650,2,0x3f2;0x3fd,0,172
2026-06-02T14:58:54.719,6651,2,0x3f2;0x3fd,0,172
2026-06-02T14:58:54.921,6652,2,0x3f2;0x3fd,0,172
2026-06-02T14:58:54.921,6653,2,0x3f2;0x3fd,0,172
2026-06-02T14:58:55.123,6654,2,0x3f2;0x3fd,0,172
2026-06-02T14:58:55.123,6655,3,0x3fc;0x3f2;0x3fd,0,280
2026-06-02T14:58:55.326,6656,5,0x3fc;0x3f2;0x3f3;0x3fd;0x410,1,442
2026-06-02T14:58:55.326,6657,3,0x3f2;0x3f3;0x3fd,0,190
2026-06-02T14:58:55.326,6658,2,0x3f2;0x3fd,0,172
2026-06-02T14:58:55.531,6659,2,0x3f2;0x3fd,0,172
2026-06-02T14:58:55.531,6660,2,0x3f2;0x3fd,0,172
2026-06-02T14:58:55.734,6661,2,0x3f2;0x3fd,0,172
2026-06-02T14:58:55.734,6662,2,0x3f2;0x3fd,0,172
2026-06-02T14:58:55.949,6663,2,0x3f2;0x3fd,0,172
2026-06-02T14:58:55.949,6664,2,0x3f2;0x3fd,0,172
2026-06-02T14:58:56.164,6665,3,0x3fc;0x3f2;0x3fd,0,216
2026-06-02T14:58:56.164,6666,4,0x3fc;0x3f2;0x3f3;0x3fd,0,242
2026-06-02T14:58:56.164,6667,3,0x3f2;0x3f3;0x3fd,0,184
2026-06-02T14:58:56.365,6668,3,0x3fc;0x3f2;0x3fd,0,208
2026-06-02T14:58:56.365,6669,3,0x3f2;0x3f3;0x3fd,0,181
2026-06-02T14:58:56.567,6670,2,0x3f2;0x3fd,0,172
2026-06-02T14:58:56.567,6671,2,0x3f2;0x3fd,0,172
2026-06-02T14:58:56.772,6672,3,0x3f2;0x3fd;0x410,1,316
2026-06-02T14:58:56.772,6673,2,0x3f2;0x3fd,0,172
2026-06-02T14:58:56.772,6674,2,0x3f2;0x3fd,0,172
2026-06-02T14:58:56.975,6675,2,0x3f2;0x3fd,0,172
2026-06-02T14:58:56.975,6676,2,0x3f2;0x3fd,0,172
2026-06-02T14:58:57.176,6677,3,0x3fc;0x3f2;0x3fd,0,232
2026-06-02T14:58:57.176,6678,3,0x3f2;0x3f3;0x3fd,0,184
2026-06-02T14:58:57.377,6679,2,0x3f2;0x3fd,0,172
2026-06-02T14:58:57.377,6680,2,0x3f2;0x3fd,0,172
2026-06-02T14:58:57.579,6681,2,0x3f2;0x3fd,0,172
2026-06-02T14:58:57.579,6682,2,0x3f2;0x3fd,0,172
2026-06-02T14:58:57.579,6683,3,0x3fc;0x3f2;0x3fd,0,216
2026-06-02T14:58:57.781,6684,3,0x3f2;0x3f3;0x3fd,0,182
2026-06-02T14:58:57.781,6685,3,0x3fc;0x3f2;0x3fd,0,232
2026-06-02T14:58:57.985,6686,3,0x3f2;0x3f3;0x3fd,0,184
2026-06-02T14:58:57.985,6687,3,0x3fc;0x3f2;0x3fd,0,312
2026-06-02T14:58:58.187,6688,5,0x3fc;0x3f2;0x3f3;0x3fd;0x410,1,478
2026-06-02T14:58:58.188,6689,4,0x3fc;0x3f2;0x3f3;0x3fd,0,238
2026-06-02T14:58:58.391,6690,3,0x3f2;0x3f3;0x3fd,0,182
2026-06-02T14:58:58.391,6691,2,0x3f2;0x3fd,0,172
2026-06-02T14:58:58.391,6692,2,0x3f2;0x3fd,0,172
2026-06-02T14:58:58.592,6693,2,0x3f2;0x3fd,0,172
2026-06-02T14:58:58.592,6694,2,0x3f2;0x3fd,0,172
2026-06-02T14:58:58.793,6695,3,0x3fc;0x3f2;0x3fd,0,264
2026-06-02T14:58:58.793,6696,4,0x3fc;0x3f2;0x3f3;0x3fd,0,232
2026-06-02T14:58:58.997,6697,4,0x3fc;0x3f2;0x3f3;0x3fd,0,306
2026-06-02T14:58:58.997,6698,4,0x3fc;0x3f2;0x3f3;0x3fd,0,388
2026-06-02T14:58:59.200,6699,4,0x3fc;0x3f2;0x3f3;0x3fd,0,261
2026-06-02T14:58:59.200,6700,3,0x3f2;0x3f3;0x3fd,0,184
2026-06-02T14:58:59.200,6701,3,0x3fc;0x3f2;0x3fd,0,216
2026-06-02T14:58:59.404,6702,3,0x3f2;0x3f3;0x3fd,0,182
2026-06-02T14:58:59.404,6703,2,0x3f2;0x3fd,0,172
2026-06-02T14:58:59.605,6704,3,0x3f2;0x3fd;0x410,1,316
2026-06-02T14:58:59.605,6705,2,0x3f2;0x3fd,0,172
2026-06-02T14:58:59.808,6706,2,0x3f2;0x3fd,0,172
2026-06-02T14:58:59.808,6707,2,0x3f2;0x3fd,0,172
2026-06-02T14:59:00.011,6708,3,0x3fc;0x3f2;0x3fd,0,216
2026-06-02T14:59:00.011,6709,4,0x3fc;0x3f2;0x3f3;0x3fd,0,218
2026-06-02T14:59:00.011,6710,3,0x3f2;0x3f3;0x3fd,0,181
2026-06-02T14:59:00.214,6711,2,0x3f2;0x3fd,0,172
2026-06-02T14:59:00.214,6712,2,0x3f2;0x3fd,0,172
2026-06-02T14:59:00.417,6713,3,0x3fc;0x3f2;0x3fd,0,216
2026-06-02T14:59:00.417,6714,4,0x3fc;0x3f2;0x3f3;0x3fd,0,234
2026-06-02T14:59:00.632,6715,4,0x3fc;0x3f2;0x3f3;0x3fd,0,219
2026-06-02T14:59:00.632,6716,4,0x3fc;0x3f2;0x3f3;0x3fd,0,241
2026-06-02T14:59:00.834,6717,4,0x3fc;0x3f2;0x3f3;0x3fd,0,268
2026-06-02T14:59:00.834,6718,4,0x3fc;0x3f2;0x3f3;0x3fd,0,247
2026-06-02T14:59:00.834,6719,4,0x3fc;0x3f2;0x3f3;0x3fd,0,228
2026-06-02T14:59:01.036,6720,5,0x3fc;0x3f2;0x3f3;0x3fd;0x410,1,370
2026-06-02T14:59:01.036,6721,4,0x3fc;0x3f2;0x3f3;0x3fd,0,226
2026-06-02T14:59:01.239,6722,3,0x3f2;0x3f3;0x3fd,0,182
2026-06-02T14:59:01.239,6723,2,0x3f2;0x3fd,0,172
2026-06-02T14:59:01.442,6724,2,0x3f2;0x3fd,0,172
2026-06-02T14:59:01.442,6725,2,0x3f2;0x3fd,0,172
2026-06-02T14:59:01.442,6726,2,0x3f2;0x3fd,0,172
2026-06-02T14:59:01.645,6727,2,0x3f2;0x3fd,0,172
2026-06-02T14:59:01.645,6728,2,0x3f2;0x3fd,0,172
2026-06-02T14:59:01.849,6729,3,0x3fc;0x3f2;0x3fd,0,208
2026-06-02T14:59:01.849,6730,4,0x3fc;0x3f2;0x3f3;0x3fd,0,217
2026-06-02T14:59:02.051,6731,4,0x3fc;0x3f2;0x3f3;0x3fd,0,217
2026-06-02T14:59:02.051,6732,3,0x3f2;0x3f3;0x3fd,0,181
2026-06-02T14:59:02.254,6733,2,0x3f2;0x3fd,0,172
2026-06-02T14:59:02.254,6734,2,0x3f2;0x3fd,0,172
2026-06-02T14:59:02.254,6735,2,0x3f2;0x3fd,0,172
2026-06-02T14:59:02.457,6736,3,0x3f2;0x3fd;0x410,1,316
2026-06-02T14:59:02.457,6737,2,0x3f2;0x3fd,0,172
2026-06-02T14:59:02.660,6738,3,0x3fc;0x3f2;0x3fd,0,224
2026-06-02T14:59:02.660,6739,4,0x3fc;0x3f2;0x3f3;0x3fd,0,395
2026-06-02T14:59:02.861,6740,4,0x3fc;0x3f2;0x3f3;0x3fd,0,271
2026-06-02T14:59:02.861,6741,4,0x3fc;0x3f2;0x3f3;0x3fd,0,245
2026-06-02T14:59:03.065,6742,4,0x3fc;0x3f2;0x3f3;0x3fd,0,228
2026-06-02T14:59:03.065,6743,4,0x3fc;0x3f2;0x3f3;0x3fd,0,234
2026-06-02T14:59:03.065,6744,4,0x3fc;0x3f2;0x3f3;0x3fd,0,235
2026-06-02T14:59:03.267,6745,4,0x3fc;0x3f2;0x3f3;0x3fd,0,299
2026-06-02T14:59:03.267,6746,4,0x3fc;0x3f2;0x3f3;0x3fd,0,243
2026-06-02T14:59:03.469,6747,3,0x3f2;0x3f3;0x3fd,0,183
2026-06-02T14:59:03.469,6748,2,0x3f2;0x3fd,0,172
2026-06-02T14:59:03.670,6749,2,0x3f2;0x3fd,0,172
2026-06-02T14:59:03.670,6750,3,0x3fc;0x3f2;0x3fd,0,264
2026-06-02T14:59:03.874,6751,3,0x3f2;0x3f3;0x3fd,0,188
2026-06-02T14:59:03.874,6752,3,0x3f2;0x3fd;0x410,1,316
2026-06-02T14:59:03.874,6753,2,0x3f2;0x3fd,0,172
2026-06-02T14:59:04.075,6754,2,0x3f2;0x3fd,0,172
2026-06-02T14:59:04.075,6755,3,0x3fc;0x3f2;0x3fd,0,216
2026-06-02T14:59:04.277,6756,3,0x3f2;0x3f3;0x3fd,0,182
2026-06-02T14:59:04.277,6757,2,0x3f2;0x3fd,0,172
2026-06-02T14:59:04.478,6758,2,0x3f2;0x3fd,0,172
2026-06-02T14:59:04.478,6759,3,0x3fc;0x3f2;0x3fd,0,208
2026-06-02T14:59:04.680,6760,3,0x3f2;0x3f3;0x3fd,0,181
2026-06-02T14:59:04.680,6761,2,0x3f2;0x3fd,0,172
2026-06-02T14:59:04.882,6762,3,0x3fc;0x3f2;0x3fd,0,224
2026-06-02T14:59:04.882,6763,3,0x3f2;0x3f3;0x3fd,0,183
2026-06-02T14:59:04.882,6764,2,0x3f2;0x3fd,0,172
2026-06-02T14:59:05.085,6765,2,0x3f2;0x3fd,0,172
2026-06-02T14:59:05.085,6766,2,0x3f2;0x3fd,0,172
2026-06-02T14:59:05.288,6767,3,0x3fc;0x3f2;0x3fd,0,208
2026-06-02T14:59:05.288,6768,5,0x3fc;0x3f2;0x3f3;0x3fd;0x410,1,361
2026-06-02T14:59:05.503,6769,3,0x3f2;0x3f3;0x3fd,0,181
2026-06-02T14:59:05.503,6770,2,0x3f2;0x3fd,0,172
2026-06-02T14:59:05.504,6771,2,0x3f2;0x3fd,0,172
2026-06-02T14:59:05.705,6772,2,0x3f2;0x3fd,0,172
2026-06-02T14:59:05.705,6773,3,0x3fc;0x3f2;0x3fd,0,288
2026-06-02T14:59:05.907,6774,3,0x3f2;0x3f3;0x3fd,0,191
2026-06-02T14:59:05.907,6775,2,0x3f2;0x3fd,0,172
2026-06-02T14:59:06.110,6776,3,0x3fc;0x3f2;0x3fd,0,216
2026-06-02T14:59:06.110,6777,4,0x3fc;0x3f2;0x3f3;0x3fd,0,234
2026-06-02T14:59:06.310,6778,4,0x3fc;0x3f2;0x3f3;0x3fd,0,363
2026-06-02T14:59:06.310,6779,4,0x3fc;0x3f2;0x3f3;0x3fd,0,467
2026-06-02T14:59:06.310,6780,4,0x3fc;0x3f2;0x3f3;0x3fd,0,430
2026-06-02T14:59:06.514,6781,4,0x3fc;0x3f2;0x3f3;0x3fd,0,800
2026-06-02T14:59:06.514,6782,4,0x3fc;0x3f2;0x3f3;0x3fd,0,703
2026-06-02T14:59:06.729,6783,4,0x3fc;0x3f2;0x3f3;0x3fd,0,293
2026-06-02T14:59:06.729,6784,5,0x3fc;0x3f2;0x3f3;0x3fd;0x410,1,388
2026-06-02T14:59:06.929,6785,4,0x3fc;0x3f2;0x3f3;0x3fd,0,516
2026-06-02T14:59:06.929,6786,4,0x3fc;0x3f2;0x3f3;0x3fd,0,438
2026-06-02T14:59:07.133,6787,4,0x3fc;0x3f2;0x3f3;0x3fd,0,288
2026-06-02T14:59:07.133,6788,4,0x3fc;0x3f2;0x3f3;0x3fd,0,527
2026-06-02T14:59:07.133,6789,4,0x3fc;0x3f2;0x3f3;0x3fd,0,303
2026-06-02T14:59:07.336,6790,4,0x3fc;0x3f2;0x3f3;0x3fd,0,263
2026-06-02T14:59:07.336,6791,4,0x3fc;0x3f2;0x3f3;0x3fd,0,446
2026-06-02T14:59:07.538,6792,4,0x3fc;0x3f2;0x3f3;0x3fd,0,669
2026-06-02T14:59:07.538,6793,4,0x3fc;0x3f2;0x3f3;0x3fd,0,518
2026-06-02T14:59:07.753,6794,4,0x3fc;0x3f2;0x3f3;0x3fd,0,264
2026-06-02T14:59:07.753,6795,4,0x3fc;0x3f2;0x3f3;0x3fd,0,491
2026-06-02T14:59:07.753,6796,4,0x3fc;0x3f2;0x3f3;0x3fd,0,363
2026-06-02T14:59:07.956,6797,4,0x3fc;0x3f2;0x3f3;0x3fd,0,671
2026-06-02T14:59:07.956,6798,4,0x3fc;0x3f2;0x3f3;0x3fd,0,568
2026-06-02T14:59:08.156,6799,4,0x3fc;0x3f2;0x3f3;0x3fd,0,470
2026-06-02T14:59:08.156,6800,5,0x3fc;0x3f2;0x3f3;0x3fd;0x410,1,604
2026-06-02T14:59:08.359,6801,4,0x3fc;0x3f2;0x3f3;0x3fd,0,524
2026-06-02T14:59:08.359,6802,4,0x3fc;0x3f2;0x3f3;0x3fd,0,660
2026-06-02T14:59:08.562,6803,4,0x3fc;0x3f2;0x3f3;0x3fd,0,516
2026-06-02T14:59:08.562,6804,4,0x3fc;0x3f2;0x3f3;0x3fd,0,640
2026-06-02T14:59:08.562,6805,4,0x3fc;0x3f2;0x3f3;0x3fd,0,354
2026-06-02T14:59:08.764,6806,4,0x3fc;0x3f2;0x3f3;0x3fd,0,444
2026-06-02T14:59:08.764,6807,4,0x3fc;0x3f2;0x3f3;0x3fd,0,492
2026-06-02T14:59:08.967,6808,4,0x3fc;0x3f2;0x3f3;0x3fd,0,400
2026-06-02T14:59:08.967,6809,4,0x3fc;0x3f2;0x3f3;0x3fd,0,668
2026-06-02T14:59:09.169,6810,4,0x3fc;0x3f2;0x3f3;0x3fd,0,407
2026-06-02T14:59:09.169,6811,4,0x3fc;0x3f2;0x3f3;0x3fd,0,434
2026-06-02T14:59:09.369,6812,4,0x3fc;0x3f2;0x3f3;0x3fd,0,578
2026-06-02T14:59:09.369,6813,4,0x3fc;0x3f2;0x3f3;0x3fd,0,611
2026-06-02T14:59:09.369,6814,4,0x3fc;0x3f2;0x3f3;0x3fd,0,413
2026-06-02T14:59:09.584,6815,4,0x3fc;0x3f2;0x3f3;0x3fd,0,292
2026-06-02T14:59:09.584,6816,5,0x3fc;0x3f2;0x3f3;0x3fd;0x410,1,424
2026-06-02T14:59:09.786,6817,4,0x3fc;0x3f2;0x3f3;0x3fd,0,416
2026-06-02T14:59:09.786,6818,4,0x3fc;0x3f2;0x3f3;0x3fd,0,321
2026-06-02T14:59:09.989,6819,4,0x3fc;0x3f2;0x3f3;0x3fd,0,315
2026-06-02T14:59:09.989,6820,4,0x3fc;0x3f2;0x3f3;0x3fd,0,268
2026-06-02T14:59:10.191,6821,4,0x3fc;0x3f2;0x3f3;0x3fd,0,230
2026-06-02T14:59:10.191,6822,4,0x3fc;0x3f2;0x3f3;0x3fd,0,378
2026-06-02T14:59:10.191,6823,4,0x3fc;0x3f2;0x3f3;0x3fd,0,325
2026-06-02T14:59:10.394,6824,4,0x3fc;0x3f2;0x3f3;0x3fd,0,244
2026-06-02T14:59:10.394,6825,4,0x3fc;0x3f2;0x3f3;0x3fd,0,387
2026-06-02T14:59:10.596,6826,4,0x3fc;0x3f2;0x3f3;0x3fd,0,238
2026-06-02T14:59:10.596,6827,4,0x3fc;0x3f2;0x3f3;0x3fd,0,233
2026-06-02T14:59:10.798,6828,4,0x3fc;0x3f2;0x3f3;0x3fd,0,235
2026-06-02T14:59:10.798,6829,4,0x3fc;0x3f2;0x3f3;0x3fd,0,227
2026-06-02T14:59:11.000,6830,4,0x3fc;0x3f2;0x3f3;0x3fd,0,234
2026-06-02T14:59:11.000,6831,4,0x3fc;0x3f2;0x3f3;0x3fd,0,219
2026-06-02T14:59:11.201,6832,5,0x3fc;0x3f2;0x3f3;0x3fd;0x410,1,361
2026-06-02T14:59:11.201,6833,4,0x3fc;0x3f2;0x3f3;0x3fd,0,233
2026-06-02T14:59:11.201,6834,4,0x3fc;0x3f2;0x3f3;0x3fd,0,227
2026-06-02T14:59:11.402,6835,4,0x3fc;0x3f2;0x3f3;0x3fd,0,234
2026-06-02T14:59:11.402,6836,4,0x3fc;0x3f2;0x3f3;0x3fd,0,251
2026-06-02T14:59:11.606,6837,4,0x3fc;0x3f2;0x3f3;0x3fd,0,221
2026-06-02T14:59:11.606,6838,4,0x3fc;0x3f2;0x3f3;0x3fd,0,225
2026-06-02T14:59:11.808,6839,4,0x3fc;0x3f2;0x3f3;0x3fd,0,218
2026-06-02T14:59:11.808,6840,4,0x3fc;0x3f2;0x3f3;0x3fd,0,233
2026-06-02T14:59:11.808,6841,3,0x3f2;0x3f3;0x3fd,0,183
2026-06-02T14:59:12.012,6842,2,0x3f2;0x3fd,0,172
2026-06-02T14:59:12.012,6843,2,0x3f2;0x3fd,0,172
2026-06-02T14:59:12.215,6844,3,0x3fc;0x3f2;0x3fd,0,208
2026-06-02T14:59:12.215,6845,4,0x3fc;0x3f2;0x3f3;0x3fd,0,217
2026-06-02T14:59:12.430,6846,4,0x3fc;0x3f2;0x3f3;0x3fd,0,233
2026-06-02T14:59:12.430,6847,4,0x3fc;0x3f2;0x3f3;0x3fd,0,235
2026-06-02T14:59:12.632,6848,5,0x3fc;0x3f2;0x3f3;0x3fd;0x410,1,379
2026-06-02T14:59:12.632,6849,4,0x3fc;0x3f2;0x3f3;0x3fd,0,235
2026-06-02T14:59:12.632,6850,4,0x3fc;0x3f2;0x3f3;0x3fd,0,227
2026-06-02T14:59:12.834,6851,4,0x3fc;0x3f2;0x3f3;0x3fd,0,234
2026-06-02T14:59:12.834,6852,3,0x3f2;0x3f3;0x3fd,0,183
2026-06-02T14:59:13.037,6853,2,0x3f2;0x3fd,0,172
2026-06-02T14:59:13.037,6854,3,0x3fc;0x3f2;0x3fd,0,216
2026-06-02T14:59:13.237,6855,4,0x3fc;0x3f2;0x3f3;0x3fd,0,266
2026-06-02T14:59:13.237,6856,4,0x3fc;0x3f2;0x3f3;0x3fd,0,311
2026-06-02T14:59:13.237,6857,4,0x3fc;0x3f2;0x3f3;0x3fd,0,492
2026-06-02T14:59:13.439,6858,4,0x3fc;0x3f2;0x3f3;0x3fd,0,290
2026-06-02T14:59:13.439,6859,4,0x3fc;0x3f2;0x3f3;0x3fd,0,238
2026-06-02T14:59:13.643,6860,3,0x3f2;0x3f3;0x3fd,0,183
2026-06-02T14:59:13.643,6861,2,0x3f2;0x3fd,0,172
2026-06-02T14:59:13.846,6862,3,0x3fc;0x3f2;0x3fd,0,360
2026-06-02T14:59:13.846,6863,4,0x3fc;0x3f2;0x3f3;0x3fd,0,260
2026-06-02T14:59:14.048,6864,5,0x3fc;0x3f2;0x3f3;0x3fd;0x410,1,388
2026-06-02T14:59:14.048,6865,4,0x3fc;0x3f2;0x3f3;0x3fd,0,244
2026-06-02T14:59:14.048,6866,4,0x3fc;0x3f2;0x3f3;0x3fd,0,420
2026-06-02T14:59:14.263,6867,4,0x3fc;0x3f2;0x3f3;0x3fd,0,258
2026-06-02T14:59:14.263,6868,4,0x3fc;0x3f2;0x3f3;0x3fd,0,331
2026-06-02T14:59:14.466,6869,4,0x3fc;0x3f2;0x3f3;0x3fd,0,615
2026-06-02T14:59:14.466,6870,3,0x3f2;0x3f3;0x3fd,0,229
2026-06-02T14:59:14.669,6871,2,0x3f2;0x3fd,0,172
2026-06-02T14:59:14.669,6872,3,0x3fc;0x3f2;0x3fd,0,320
2026-06-02T14:59:14.871,6873,4,0x3fc;0x3f2;0x3f3;0x3fd,0,255
2026-06-02T14:59:14.871,6874,4,0x3fc;0x3f2;0x3f3;0x3fd,0,236
2026-06-02T14:59:14.871,6875,4,0x3fc;0x3f2;0x3f3;0x3fd,0,243
2026-06-02T14:59:15.074,6876,4,0x3fc;0x3f2;0x3f3;0x3fd,0,220
2026-06-02T14:59:15.074,6877,4,0x3fc;0x3f2;0x3f3;0x3fd,0,225
2026-06-02T14:59:15.275,6878,4,0x3fc;0x3f2;0x3f3;0x3fd,0,234
2026-06-02T14:59:15.275,6879,4,0x3fc;0x3f2;0x3f3;0x3fd,0,475
2026-06-02T14:59:15.478,6880,5,0x3fc;0x3f2;0x3f3;0x3fd;0x410,1,649
2026-06-02T14:59:15.478,6881,4,0x3fc;0x3f2;0x3f3;0x3fd,0,273
2026-06-02T14:59:15.681,6882,4,0x3fc;0x3f2;0x3f3;0x3fd,0,236
2026-06-02T14:59:15.681,6883,4,0x3fc;0x3f2;0x3f3;0x3fd,0,243
2026-06-02T14:59:15.681,6884,4,0x3fc;0x3f2;0x3f3;0x3fd,0,236
2026-06-02T14:59:15.885,6885,4,0x3fc;0x3f2;0x3f3;0x3fd,0,243
2026-06-02T14:59:15.885,6886,4,0x3fc;0x3f2;0x3f3;0x3fd,0,244
2026-06-02T14:59:16.087,6887,4,0x3fc;0x3f2;0x3f3;0x3fd,0,236
2026-06-02T14:59:16.087,6888,4,0x3fc;0x3f2;0x3f3;0x3fd,0,235
2026-06-02T14:59:16.301,6889,4,0x3fc;0x3f2;0x3f3;0x3fd,0,227
2026-06-02T14:59:16.301,6890,4,0x3fc;0x3f2;0x3f3;0x3fd,0,290
2026-06-02T14:59:16.301,6891,4,0x3fc;0x3f2;0x3f3;0x3fd,0,354
2026-06-02T14:59:16.506,6892,4,0x3fc;0x3f2;0x3f3;0x3fd,0,273
2026-06-02T14:59:16.506,6893,4,0x3fc;0x3f2;0x3f3;0x3fd,0,438
2026-06-02T14:59:16.710,6894,4,0x3fc;0x3f2;0x3f3;0x3fd,0,380
2026-06-02T14:59:16.710,6895,4,0x3fc;0x3f2;0x3f3;0x3fd,0,450
2026-06-02T14:59:16.926,6896,5,0x3fc;0x3f2;0x3f3;0x3fd;0x410,1,604
2026-06-02T14:59:16.926,6897,4,0x3fc;0x3f2;0x3f3;0x3fd,0,252
2026-06-02T14:59:16.926,6898,4,0x3fc;0x3f2;0x3f3;0x3fd,0,226
2026-06-02T14:59:17.130,6899,3,0x3f2;0x3f3;0x3fd,0,182
2026-06-02T14:59:17.130,6900,2,0x3f2;0x3fd,0,172
2026-06-02T14:59:17.335,6901,3,0x3fc;0x3f2;0x3fd,0,328
2026-06-02T14:59:17.335,6902,4,0x3fc;0x3f2;0x3f3;0x3fd,0,232
2026-06-02T14:59:17.537,6903,4,0x3fc;0x3f2;0x3f3;0x3fd,0,225
2026-06-02T14:59:17.537,6904,4,0x3fc;0x3f2;0x3f3;0x3fd,0,218
2026-06-02T14:59:17.741,6905,3,0x3f2;0x3f3;0x3fd,0,181
2026-06-02T14:59:17.741,6906,2,0x3f2;0x3fd,0,172
2026-06-02T14:59:17.741,6907,3,0x3fc;0x3f2;0x3fd,0,208
2026-06-02T14:59:17.941,6908,3,0x3f2;0x3f3;0x3fd,0,181
2026-06-02T14:59:17.941,6909,2,0x3f2;0x3fd,0,172
2026-06-02T14:59:18.145,6910,3,0x3fc;0x3f2;0x3fd,0,208
2026-06-02T14:59:18.145,6911,3,0x3f2;0x3f3;0x3fd,0,181
2026-06-02T14:59:18.347,6912,3,0x3f2;0x3fd;0x410,1,316
2026-06-02T14:59:18.347,6913,3,0x3fc;0x3f2;0x3fd,0,424
2026-06-02T14:59:18.550,6914,4,0x3fc;0x3f2;0x3f3;0x3fd,0,596
2026-06-02T14:59:18.550,6915,4,0x3fc;0x3f2;0x3f3;0x3fd,0,381
2026-06-02T14:59:18.550,6916,4,0x3fc;0x3f2;0x3f3;0x3fd,0,288
2026-06-02T14:59:18.752,6917,4,0x3fc;0x3f2;0x3f3;0x3fd,0,272
2026-06-02T14:59:18.752,6918,4,0x3fc;0x3f2;0x3f3;0x3fd,0,271
2026-06-02T14:59:18.957,6919,4,0x3fc;0x3f2;0x3f3;0x3fd,0,327
2026-06-02T14:59:18.957,6920,4,0x3fc;0x3f2;0x3f3;0x3fd,0,398
2026-06-02T14:59:19.158,6921,4,0x3fc;0x3f2;0x3f3;0x3fd,0,294
2026-06-02T14:59:19.158,6922,4,0x3fc;0x3f2;0x3f3;0x3fd,0,232
2026-06-02T14:59:19.361,6923,4,0x3fc;0x3f2;0x3f3;0x3fd,0,242
2026-06-02T14:59:19.361,6924,4,0x3fc;0x3f2;0x3f3;0x3fd,0,396
2026-06-02T14:59:19.361,6925,4,0x3fc;0x3f2;0x3f3;0x3fd,0,431
2026-06-02T14:59:19.564,6926,4,0x3fc;0x3f2;0x3f3;0x3fd,0,929
2026-06-02T14:59:19.564,6927,4,0x3fc;0x3f2;0x3f3;0x3fd,0,1103
2026-06-02T14:59:19.766,6928,5,0x3fc;0x3f2;0x3f3;0x3fd;0x410,1,1261
2026-06-02T14:59:19.766,6929,4,0x3fc;0x3f2;0x3f3;0x3fd,0,589
2026-06-02T14:59:19.970,6930,4,0x3fc;0x3f2;0x3f3;0x3fd,0,555
2026-06-02T14:59:19.970,6931,4,0x3fc;0x3f2;0x3f3;0x3fd,0,519
2026-06-02T14:59:20.174,6932,4,0x3fc;0x3f2;0x3f3;0x3fd,0,498
2026-06-02T14:59:20.174,6933,4,0x3fc;0x3f2;0x3f3;0x3fd,0,264
2026-06-02T14:59:20.174,6934,4,0x3fc;0x3f2;0x3f3;0x3fd,0,307
2026-06-02T14:59:20.378,6935,4,0x3fc;0x3f2;0x3f3;0x3fd,0,332
2026-06-02T14:59:20.378,6936,4,0x3fc;0x3f2;0x3f3;0x3fd,0,598
2026-06-02T14:59:20.581,6937,4,0x3fc;0x3f2;0x3f3;0x3fd,0,511
2026-06-02T14:59:20.581,6938,4,0x3fc;0x3f2;0x3f3;0x3fd,0,264
2026-06-02T14:59:20.782,6939,4,0x3fc;0x3f2;0x3f3;0x3fd,0,571
2026-06-02T14:59:20.782,6940,4,0x3fc;0x3f2;0x3f3;0x3fd,0,485
2026-06-02T14:59:20.984,6941,4,0x3fc;0x3f2;0x3f3;0x3fd,0,285
2026-06-02T14:59:20.984,6942,4,0x3fc;0x3f2;0x3f3;0x3fd,0,270
2026-06-02T14:59:20.984,6943,4,0x3fc;0x3f2;0x3f3;0x3fd,0,319
2026-06-02T14:59:21.186,6944,5,0x3fc;0x3f2;0x3f3;0x3fd;0x410,1,469
2026-06-02T14:59:21.186,6945,4,0x3fc;0x3f2;0x3f3;0x3fd,0,269
2026-06-02T14:59:21.389,6946,4,0x3fc;0x3f2;0x3f3;0x3fd,0,246
2026-06-02T14:59:21.389,6947,4,0x3fc;0x3f2;0x3f3;0x3fd,0,268
2026-06-02T14:59:21.592,6948,4,0x3fc;0x3f2;0x3f3;0x3fd,0,407
2026-06-02T14:59:21.592,6949,3,0x3f2;0x3f3;0x3fd,0,204
2026-06-02T14:59:21.794,6950,3,0x3fc;0x3f2;0x3fd,0,320
2026-06-02T14:59:21.794,6951,4,0x3fc;0x3f2;0x3f3;0x3fd,0,295
2026-06-02T14:59:21.794,6952,4,0x3fc;0x3f2;0x3f3;0x3fd,0,577
2026-06-02T14:59:22.009,6953,4,0x3fc;0x3f2;0x3f3;0x3fd,0,653
2026-06-02T14:59:22.009,6954,4,0x3fc;0x3f2;0x3f3;0x3fd,0,458
2026-06-02T14:59:22.210,6955,4,0x3fc;0x3f2;0x3f3;0x3fd,0,473
2026-06-02T14:59:22.210,6956,4,0x3fc;0x3f2;0x3f3;0x3fd,0,478
2026-06-02T14:59:22.412,6957,4,0x3fc;0x3f2;0x3f3;0x3fd,0,462
2026-06-02T14:59:22.412,6958,4,0x3fc;0x3f2;0x3f3;0x3fd,0,628
2026-06-02T14:59:22.613,6959,4,0x3fc;0x3f2;0x3f3;0x3fd,0,513
2026-06-02T14:59:22.613,6960,5,0x3fc;0x3f2;0x3f3;0x3fd;0x410,1,640
2026-06-02T14:59:22.613,6961,4,0x3fc;0x3f2;0x3f3;0x3fd,0,632
2026-06-02T14:59:22.814,6962,4,0x3fc;0x3f2;0x3f3;0x3fd,0,857
2026-06-02T14:59:22.814,6963,4,0x3fc;0x3f2;0x3f3;0x3fd,0,1123
2026-06-02T14:59:23.016,6964,4,0x3fc;0x3f2;0x3f3;0x3fd,0,537
2026-06-02T14:59:23.016,6965,4,0x3fc;0x3f2;0x3f3;0x3fd,0,268
2026-06-02T14:59:23.219,6966,4,0x3fc;0x3f2;0x3f3;0x3fd,0,492
2026-06-02T14:59:23.219,6967,4,0x3fc;0x3f2;0x3f3;0x3fd,0,747
2026-06-02T14:59:23.420,6968,4,0x3fc;0x3f2;0x3f3;0x3fd,0,527
2026-06-02T14:59:23.420,6969,4,0x3fc;0x3f2;0x3f3;0x3fd,0,376
2026-06-02T14:59:23.420,6970,4,0x3fc;0x3f2;0x3f3;0x3fd,0,273
2026-06-02T14:59:23.623,6971,4,0x3fc;0x3f2;0x3f3;0x3fd,0,270
2026-06-02T14:59:23.623,6972,4,0x3fc;0x3f2;0x3f3;0x3fd,0,415
2026-06-02T14:59:23.828,6973,4,0x3fc;0x3f2;0x3f3;0x3fd,0,409
2026-06-02T14:59:23.828,6974,4,0x3fc;0x3f2;0x3f3;0x3fd,0,406
2026-06-02T14:59:24.031,6975,3,0x3f2;0x3f3;0x3fd,0,202
2026-06-02T14:59:24.031,6976,3,0x3f2;0x3fd;0x410,1,316
2026-06-02T14:59:24.234,6977,3,0x3fc;0x3f2;0x3fd,0,336
2026-06-02T14:59:24.234,6978,4,0x3fc;0x3f2;0x3f3;0x3fd,0,977
2026-06-02T14:59:24.234,6979,4,0x3fc;0x3f2;0x3f3;0x3fd,0,814
2026-06-02T14:59:24.435,6980,4,0x3fc;0x3f2;0x3f3;0x3fd,0,616
2026-06-02T14:59:24.435,6981,4,0x3fc;0x3f2;0x3f3;0x3fd,0,995
2026-06-02T14:59:24.639,6982,4,0x3fc;0x3f2;0x3f3;0x3fd,0,885
2026-06-02T14:59:24.639,6983,4,0x3fc;0x3f2;0x3f3;0x3fd,0,833
2026-06-02T14:59:24.842,6984,4,0x3fc;0x3f2;0x3f3;0x3fd,0,1013
2026-06-02T14:59:24.842,6985,4,0x3fc;0x3f2;0x3f3;0x3fd,0,660
2026-06-02T14:59:25.044,6986,4,0x3fc;0x3f2;0x3f3;0x3fd,0,317
2026-06-02T14:59:25.044,6987,4,0x3fc;0x3f2;0x3f3;0x3fd,0,520
2026-06-02T14:59:25.044,6988,4,0x3fc;0x3f2;0x3f3;0x3fd,0,1054
2026-06-02T14:59:25.248,6989,4,0x3fc;0x3f2;0x3f3;0x3fd,0,653
2026-06-02T14:59:25.248,6990,4,0x3fc;0x3f2;0x3f3;0x3fd,0,1195
2026-06-02T14:59:25.449,6991,4,0x3fc;0x3f2;0x3f3;0x3fd,0,1246
2026-06-02T14:59:25.449,6992,5,0x3fc;0x3f2;0x3f3;0x3fd;0x410,1,1387
2026-06-02T14:59:25.652,6993,4,0x3fc;0x3f2;0x3f3;0x3fd,0,875
2026-06-02T14:59:25.652,6994,4,0x3fc;0x3f2;0x3f3;0x3fd,0,1085
2026-06-02T14:59:25.855,6995,4,0x3fc;0x3f2;0x3f3;0x3fd,0,1157
2026-06-02T14:59:25.855,6996,4,0x3fc;0x3f2;0x3f3;0x3fd,0,818
2026-06-02T14:59:25.855,6997,4,0x3fc;0x3f2;0x3f3;0x3fd,0,287
2026-06-02T14:59:26.056,6998,4,0x3fc;0x3f2;0x3f3;0x3fd,0,1002
2026-06-02T14:59:26.056,6999,4,0x3fc;0x3f2;0x3f3;0x3fd,0,739
2026-06-02T14:59:26.260,7000,4,0x3fc;0x3f2;0x3f3;0x3fd,0,750
2026-06-02T14:59:26.260,7001,4,0x3fc;0x3f2;0x3f3;0x3fd,0,405
2026-06-02T14:59:26.463,7002,4,0x3fc;0x3f2;0x3f3;0x3fd,0,457
2026-06-02T14:59:26.463,7003,4,0x3fc;0x3f2;0x3f3;0x3fd,0,349
2026-06-02T14:59:26.665,7004,4,0x3fc;0x3f2;0x3f3;0x3fd,0,734
2026-06-02T14:59:26.665,7005,4,0x3fc;0x3f2;0x3f3;0x3fd,0,848
2026-06-02T14:59:26.665,7006,4,0x3fc;0x3f2;0x3f3;0x3fd,0,576
2026-06-02T14:59:26.870,7007,4,0x3fc;0x3f2;0x3f3;0x3fd,0,325
2026-06-02T14:59:26.870,7008,5,0x3fc;0x3f2;0x3f3;0x3fd;0x410,1,442
2026-06-02T14:59:27.073,7009,4,0x3fc;0x3f2;0x3f3;0x3fd,0,754
2026-06-02T14:59:27.073,7010,4,0x3fc;0x3f2;0x3f3;0x3fd,0,1091
2026-06-02T14:59:27.275,7011,4,0x3fc;0x3f2;0x3f3;0x3fd,0,958
2026-06-02T14:59:27.275,7012,4,0x3fc;0x3f2;0x3f3;0x3fd,0,1225
2026-06-02T14:59:27.480,7013,4,0x3fc;0x3f2;0x3f3;0x3fd,0,1157
2026-06-02T14:59:27.480,7014,4,0x3fc;0x3f2;0x3f3;0x3fd,0,1496
2026-06-02T14:59:27.480,7015,4,0x3fc;0x3f2;0x3f3;0x3fd,0,868
2026-06-02T14:59:27.684,7016,4,0x3fc;0x3f2;0x3f3;0x3fd,0,1104
2026-06-02T14:59:27.684,7017,4,0x3fc;0x3f2;0x3f3;0x3fd,0,560
2026-06-02T14:59:27.886,7018,4,0x3fc;0x3f2;0x3f3;0x3fd,0,543
2026-06-02T14:59:27.886,7019,4,0x3fc;0x3f2;0x3f3;0x3fd,0,918
2026-06-02T14:59:28.087,7020,4,0x3fc;0x3f2;0x3f3;0x3fd,0,404
2026-06-02T14:59:28.087,7021,4,0x3fc;0x3f2;0x3f3;0x3fd,0,470
2026-06-02T14:59:28.087,7022,4,0x3fc;0x3f2;0x3f3;0x3fd,0,375
2026-06-02T14:59:28.290,7023,4,0x3fc;0x3f2;0x3f3;0x3fd,0,345
2026-06-02T14:59:28.492,7024,5,0x3fc;0x3f2;0x3f3;0x3fd;0x410,1,487
2026-06-02T14:59:28.492,7025,4,0x3fc;0x3f2;0x3f3;0x3fd,0,735
2026-06-02T14:59:28.492,7026,4,0x3fc;0x3f2;0x3f3;0x3fd,0,688
2026-06-02T14:59:28.693,7027,4,0x3fc;0x3f2;0x3f3;0x3fd,0,652
2026-06-02T14:59:28.693,7028,4,0x3fc;0x3f2;0x3f3;0x3fd,0,529
2026-06-02T14:59:28.896,7029,4,0x3fc;0x3f2;0x3f3;0x3fd,0,282
2026-06-02T14:59:28.896,7030,4,0x3fc;0x3f2;0x3f3;0x3fd,0,533
2026-06-02T14:59:28.896,7031,4,0x3fc;0x3f2;0x3f3;0x3fd,0,352
2026-06-02T14:59:29.112,7032,4,0x3fc;0x3f2;0x3f3;0x3fd,0,333
2026-06-02T14:59:29.112,7033,4,0x3fc;0x3f2;0x3f3;0x3fd,0,238
2026-06-02T14:59:29.316,7034,4,0x3fc;0x3f2;0x3f3;0x3fd,0,370
2026-06-02T14:59:29.316,7035,4,0x3fc;0x3f2;0x3f3;0x3fd,0,364
2026-06-02T14:59:29.518,7036,4,0x3fc;0x3f2;0x3f3;0x3fd,0,1377
2026-06-02T14:59:29.518,7037,4,0x3fc;0x3f2;0x3f3;0x3fd,0,712
2026-06-02T14:59:29.719,7038,4,0x3fc;0x3f2;0x3f3;0x3fd,0,341
2026-06-02T14:59:29.719,7039,4,0x3fc;0x3f2;0x3f3;0x3fd,0,235
2026-06-02T14:59:29.922,7040,5,0x3fc;0x3f2;0x3f3;0x3fd;0x410,1,370
2026-06-02T14:59:29.922,7041,4,0x3fc;0x3f2;0x3f3;0x3fd,0,834
2026-06-02T14:59:29.922,7042,4,0x3fc;0x3f2;0x3f3;0x3fd,0,1166
2026-06-02T14:59:30.126,7043,4,0x3fc;0x3f2;0x3f3;0x3fd,0,1310
2026-06-02T14:59:30.126,7044,4,0x3fc;0x3f2;0x3f3;0x3fd,0,996
2026-06-02T14:59:30.328,7045,4,0x3fc;0x3f2;0x3f3;0x3fd,0,739
2026-06-02T14:59:30.328,7046,4,0x3fc;0x3f2;0x3f3;0x3fd,0,712
2026-06-02T14:59:30.531,7047,4,0x3fc;0x3f2;0x3f3;0x3fd,0,496
2026-06-02T14:59:30.531,7048,4,0x3fc;0x3f2;0x3f3;0x3fd,0,357
2026-06-02T14:59:30.531,7049,4,0x3fc;0x3f2;0x3f3;0x3fd,0,799
2026-06-02T14:59:30.735,7050,4,0x3fc;0x3f2;0x3f3;0x3fd,0,304
2026-06-02T14:59:30.735,7051,4,0x3fc;0x3f2;0x3f3;0x3fd,0,443
2026-06-02T14:59:30.936,7052,4,0x3fc;0x3f2;0x3f3;0x3fd,0,549
2026-06-02T14:59:30.936,7053,4,0x3fc;0x3f2;0x3f3;0x3fd,0,311
2026-06-02T14:59:31.140,7054,4,0x3fc;0x3f2;0x3f3;0x3fd,0,272
2026-06-02T14:59:31.140,7055,4,0x3fc;0x3f2;0x3f3;0x3fd,0,223
2026-06-02T14:59:31.341,7056,5,0x3fc;0x3f2;0x3f3;0x3fd;0x410,1,361
2026-06-02T14:59:31.341,7057,4,0x3fc;0x3f2;0x3f3;0x3fd,0,441
2026-06-02T14:59:31.341,7058,4,0x3fc;0x3f2;0x3f3;0x3fd,0,253
2026-06-02T14:59:31.545,7059,4,0x3fc;0x3f2;0x3f3;0x3fd,0,234
2026-06-02T14:59:31.545,7060,4,0x3fc;0x3f2;0x3f3;0x3fd,0,235
2026-06-02T14:59:31.746,7061,4,0x3fc;0x3f2;0x3f3;0x3fd,0,219
2026-06-02T14:59:31.746,7062,4,0x3fc;0x3f2;0x3f3;0x3fd,0,257
2026-06-02T14:59:31.948,7063,4,0x3fc;0x3f2;0x3f3;0x3fd,0,262
2026-06-02T14:59:31.948,7064,4,0x3fc;0x3f2;0x3f3;0x3fd,0,502
2026-06-02T14:59:32.152,7065,4,0x3fc;0x3f2;0x3f3;0x3fd,0,300
2026-06-02T14:59:32.152,7066,4,0x3fc;0x3f2;0x3f3;0x3fd,0,247
2026-06-02T14:59:32.152,7067,4,0x3fc;0x3f2;0x3f3;0x3fd,0,268
2026-06-02T14:59:32.356,7068,4,0x3fc;0x3f2;0x3f3;0x3fd,0,359
2026-06-02T14:59:32.356,7069,4,0x3fc;0x3f2;0x3f3;0x3fd,0,258
2026-06-02T14:59:32.558,7070,4,0x3fc;0x3f2;0x3f3;0x3fd,0,324
2026-06-02T14:59:32.558,7071,4,0x3fc;0x3f2;0x3f3;0x3fd,0,254
2026-06-02T14:59:32.761,7072,5,0x3fc;0x3f2;0x3f3;0x3fd;0x410,1,388
2026-06-02T14:59:32.761,7073,4,0x3fc;0x3f2;0x3f3;0x3fd,0,764
2026-06-02T14:59:32.963,7074,4,0x3fc;0x3f2;0x3f3;0x3fd,0,309
2026-06-02T14:59:32.963,7075,4,0x3fc;0x3f2;0x3f3;0x3fd,0,284
2026-06-02T14:59:32.963,7076,4,0x3fc;0x3f2;0x3f3;0x3fd,0,417
2026-06-02T14:59:33.166,7077,4,0x3fc;0x3f2;0x3f3;0x3fd,0,569
2026-06-02T14:59:33.166,7078,4,0x3fc;0x3f2;0x3f3;0x3fd,0,338
2026-06-02T14:59:33.369,7079,4,0x3fc;0x3f2;0x3f3;0x3fd,0,547
2026-06-02T14:59:33.369,7080,4,0x3fc;0x3f2;0x3f3;0x3fd,0,857
2026-06-02T14:59:33.573,7081,4,0x3fc;0x3f2;0x3f3;0x3fd,0,612
2026-06-02T14:59:33.573,7082,4,0x3fc;0x3f2;0x3f3;0x3fd,0,345
2026-06-02T14:59:33.776,7083,4,0x3fc;0x3f2;0x3f3;0x3fd,0,468
2026-06-02T14:59:33.776,7084,4,0x3fc;0x3f2;0x3f3;0x3fd,0,495
2026-06-02T14:59:33.776,7085,4,0x3fc;0x3f2;0x3f3;0x3fd,0,264
2026-06-02T14:59:33.991,7086,4,0x3fc;0x3f2;0x3f3;0x3fd,0,323
2026-06-02T14:59:33.991,7087,4,0x3fc;0x3f2;0x3f3;0x3fd,0,526
2026-06-02T14:59:34.192,7088,5,0x3fc;0x3f2;0x3f3;0x3fd;0x410,1,694
2026-06-02T14:59:34.192,7089,4,0x3fc;0x3f2;0x3f3;0x3fd,0,590
2026-06-02T14:59:34.406,7090,4,0x3fc;0x3f2;0x3f3;0x3fd,0,283
2026-06-02T14:59:34.406,7091,4,0x3fc;0x3f2;0x3f3;0x3fd,0,252
2026-06-02T14:59:34.406,7092,4,0x3fc;0x3f2;0x3f3;0x3fd,0,245
2026-06-02T14:59:34.610,7093,3,0x3f2;0x3f3;0x3fd,0,184
2026-06-02T14:59:34.610,7094,3,0x3fc;0x3f2;0x3fd,0,456
2026-06-02T14:59:34.811,7095,4,0x3fc;0x3f2;0x3f3;0x3fd,0,480
2026-06-02T14:59:34.811,7096,4,0x3fc;0x3f2;0x3f3;0x3fd,0,286
2026-06-02T14:59:35.014,7097,4,0x3fc;0x3f2;0x3f3;0x3fd,0,230
2026-06-02T14:59:35.014,7098,4,0x3fc;0x3f2;0x3f3;0x3fd,0,234
2026-06-02T14:59:35.014,7099,4,0x3fc;0x3f2;0x3f3;0x3fd,0,235
2026-06-02T14:59:35.216,7100,4,0x3fc;0x3f2;0x3f3;0x3fd,0,219
2026-06-02T14:59:35.216,7101,4,0x3fc;0x3f2;0x3f3;0x3fd,0,233
2026-06-02T14:59:35.419,7102,3,0x3f2;0x3f3;0x3fd,0,183
2026-06-02T14:59:35.419,7103,2,0x3f2;0x3fd,0,172
2026-06-02T14:59:35.621,7104,3,0x3f2;0x3fd;0x410,1,316
2026-06-02T14:59:35.621,7105,3,0x3fc;0x3f2;0x3fd,0,224
2026-06-02T14:59:35.823,7106,4,0x3fc;0x3f2;0x3f3;0x3fd,0,251
2026-06-02T14:59:35.823,7107,4,0x3fc;0x3f2;0x3f3;0x3fd,0,245
2026-06-02T14:59:35.823,7108,4,0x3fc;0x3f2;0x3f3;0x3fd,0,228
2026-06-02T14:59:36.028,7109,4,0x3fc;0x3f2;0x3f3;0x3fd,0,226
2026-06-02T14:59:36.028,7110,4,0x3fc;0x3f2;0x3f3;0x3fd,0,226
2026-06-02T14:59:36.232,7111,4,0x3fc;0x3f2;0x3f3;0x3fd,0,234
2026-06-02T14:59:36.232,7112,4,0x3fc;0x3f2;0x3f3;0x3fd,0,235
2026-06-02T14:59:36.434,7113,4,0x3fc;0x3f2;0x3f3;0x3fd,0,235
2026-06-02T14:59:36.434,7114,4,0x3fc;0x3f2;0x3f3;0x3fd,0,347
2026-06-02T14:59:36.634,7115,4,0x3fc;0x3f2;0x3f3;0x3fd,0,329
2026-06-02T14:59:36.634,7116,4,0x3fc;0x3f2;0x3f3;0x3fd,0,389
2026-06-02T14:59:36.836,7117,4,0x3fc;0x3f2;0x3f3;0x3fd,0,589
2026-06-02T14:59:36.836,7118,4,0x3fc;0x3f2;0x3f3;0x3fd,0,277
2026-06-02T14:59:36.836,7119,4,0x3fc;0x3f2;0x3f3;0x3fd,0,347
2026-06-02T14:59:37.038,7120,5,0x3fc;0x3f2;0x3f3;0x3fd;0x410,1,505
2026-06-02T14:59:37.038,7121,4,0x3fc;0x3f2;0x3f3;0x3fd,0,257
2026-06-02T14:59:37.253,7122,4,0x3fc;0x3f2;0x3f3;0x3fd,0,244
2026-06-02T14:59:37.253,7123,4,0x3fc;0x3f2;0x3f3;0x3fd,0,220
2026-06-02T14:59:37.454,7124,4,0x3fc;0x3f2;0x3f3;0x3fd,0,217
2026-06-02T14:59:37.454,7125,3,0x3f2;0x3f3;0x3fd,0,181
2026-06-02T14:59:37.454,7126,3,0x3fc;0x3f2;0x3fd,0,280
2026-06-02T14:59:37.659,7127,4,0x3fc;0x3f2;0x3f3;0x3fd,0,282
2026-06-02T14:59:37.659,7128,4,0x3fc;0x3f2;0x3f3;0x3fd,0,272
2026-06-02T14:59:37.860,7129,4,0x3fc;0x3f2;0x3f3;0x3fd,0,247
2026-06-02T14:59:37.860,7130,4,0x3fc;0x3f2;0x3f3;0x3fd,0,252
2026-06-02T14:59:38.062,7131,4,0x3fc;0x3f2;0x3f3;0x3fd,0,237
2026-06-02T14:59:38.062,7132,4,0x3fc;0x3f2;0x3f3;0x3fd,0,243
2026-06-02T14:59:38.263,7133,4,0x3fc;0x3f2;0x3f3;0x3fd,0,348
2026-06-02T14:59:38.263,7134,4,0x3fc;0x3f2;0x3f3;0x3fd,0,329
2026-06-02T14:59:38.263,7135,3,0x3f2;0x3f3;0x3fd,0,193
2026-06-02T14:59:38.464,7136,3,0x3f2;0x3fd;0x410,1,316
2026-06-02T14:59:38.464,7137,3,0x3fc;0x3f2;0x3fd,0,224
2026-06-02T14:59:38.669,7138,4,0x3fc;0x3f2;0x3f3;0x3fd,0,339
2026-06-02T14:59:38.669,7139,4,0x3fc;0x3f2;0x3f3;0x3fd,0,256
2026-06-02T14:59:38.871,7140,4,0x3fc;0x3f2;0x3f3;0x3fd,0,236
2026-06-02T14:59:38.871,7141,4,0x3fc;0x3f2;0x3f3;0x3fd,0,243
2026-06-02T14:59:39.074,7142,4,0x3fc;0x3f2;0x3f3;0x3fd,0,276
2026-06-02T14:59:39.074,7143,4,0x3fc;0x3f2;0x3f3;0x3fd,0,248
2026-06-02T14:59:39.074,7144,4,0x3fc;0x3f2;0x3f3;0x3fd,0,332
2026-06-02T14:59:39.276,7145,4,0x3fc;0x3f2;0x3f3;0x3fd,0,279
2026-06-02T14:59:39.276,7146,3,0x3f2;0x3f3;0x3fd,0,187
2026-06-02T14:59:39.478,7147,3,0x3fc;0x3f2;0x3fd,0,304
2026-06-02T14:59:39.478,7148,4,0x3fc;0x3f2;0x3f3;0x3fd,0,261
2026-06-02T14:59:39.682,7149,4,0x3fc;0x3f2;0x3f3;0x3fd,0,349
2026-06-02T14:59:39.682,7150,4,0x3fc;0x3f2;0x3f3;0x3fd,0,481
2026-06-02T14:59:39.883,7151,4,0x3fc;0x3f2;0x3f3;0x3fd,0,328
2026-06-02T14:59:39.883,7152,5,0x3fc;0x3f2;0x3f3;0x3fd;0x410,1,451
2026-06-02T14:59:39.883,7153,4,0x3fc;0x3f2;0x3f3;0x3fd,0,283
2026-06-02T14:59:40.084,7154,4,0x3fc;0x3f2;0x3f3;0x3fd,0,240
2026-06-02T14:59:40.084,7155,4,0x3fc;0x3f2;0x3f3;0x3fd,0,403
2026-06-02T14:59:40.288,7156,4,0x3fc;0x3f2;0x3f3;0x3fd,0,552
2026-06-02T14:59:40.288,7157,4,0x3fc;0x3f2;0x3f3;0x3fd,0,272
2026-06-02T14:59:40.489,7158,4,0x3fc;0x3f2;0x3f3;0x3fd,0,219
2026-06-02T14:59:40.489,7159,4,0x3fc;0x3f2;0x3f3;0x3fd,0,233
2026-06-02T14:59:40.695,7160,4,0x3fc;0x3f2;0x3f3;0x3fd,0,347
2026-06-02T14:59:40.695,7161,4,0x3fc;0x3f2;0x3f3;0x3fd,0,305
2026-06-02T14:59:40.695,7162,4,0x3fc;0x3f2;0x3f3;0x3fd,0,274
2026-06-02T14:59:40.896,7163,4,0x3fc;0x3f2;0x3f3;0x3fd,0,279
2026-06-02T14:59:40.896,7164,4,0x3fc;0x3f2;0x3f3;0x3fd,0,256
2026-06-02T14:59:41.098,7165,4,0x3fc;0x3f2;0x3f3;0x3fd,0,437
2026-06-02T14:59:41.098,7166,4,0x3fc;0x3f2;0x3f3;0x3fd,0,244
2026-06-02T14:59:41.302,7167,3,0x3f2;0x3f3;0x3fd,0,181
2026-06-02T14:59:41.302,7168,3,0x3f2;0x3fd;0x410,1,316
2026-06-02T14:59:41.506,7169,3,0x3fc;0x3f2;0x3fd,0,384
2026-06-02T14:59:41.506,7170,4,0x3fc;0x3f2;0x3f3;0x3fd,0,255
2026-06-02T14:59:41.506,7171,4,0x3fc;0x3f2;0x3f3;0x3fd,0,243
2026-06-02T14:59:41.710,7172,4,0x3fc;0x3f2;0x3f3;0x3fd,0,244
2026-06-02T14:59:41.710,7173,4,0x3fc;0x3f2;0x3f3;0x3fd,0,228
2026-06-02T14:59:41.913,7174,4,0x3fc;0x3f2;0x3f3;0x3fd,0,226
2026-06-02T14:59:41.913,7175,4,0x3fc;0x3f2;0x3f3;0x3fd,0,466
2026-06-02T14:59:42.114,7176,4,0x3fc;0x3f2;0x3f3;0x3fd,0,1048
2026-06-02T14:59:42.114,7177,4,0x3fc;0x3f2;0x3f3;0x3fd,0,429
2026-06-02T14:59:42.315,7178,4,0x3fc;0x3f2;0x3f3;0x3fd,0,343
2026-06-02T14:59:42.315,7179,4,0x3fc;0x3f2;0x3f3;0x3fd,0,335
2026-06-02T14:59:42.315,7180,4,0x3fc;0x3f2;0x3f3;0x3fd,0,254
2026-06-02T14:59:42.519,7181,4,0x3fc;0x3f2;0x3f3;0x3fd,0,252
2026-06-02T14:59:42.519,7182,4,0x3fc;0x3f2;0x3f3;0x3fd,0,269
2026-06-02T14:59:42.722,7183,3,0x3f2;0x3f3;0x3fd,0,187
2026-06-02T14:59:42.722,7184,3,0x3f2;0x3fd;0x410,1,316
2026-06-02T14:59:42.925,7185,3,0x3fc;0x3f2;0x3fd,0,736
2026-06-02T14:59:42.925,7186,4,0x3fc;0x3f2;0x3f3;0x3fd,0,291
2026-06-02T14:59:43.128,7187,4,0x3fc;0x3f2;0x3f3;0x3fd,0,578
2026-06-02T14:59:43.128,7188,4,0x3fc;0x3f2;0x3f3;0x3fd,0,350
2026-06-02T14:59:43.128,7189,4,0x3fc;0x3f2;0x3f3;0x3fd,0,236
2026-06-02T14:59:43.330,7190,3,0x3f2;0x3f3;0x3fd,0,182
2026-06-02T14:59:43.330,7191,3,0x3fc;0x3f2;0x3fd,0,328
2026-06-02T14:59:43.534,7192,4,0x3fc;0x3f2;0x3f3;0x3fd,0,248
2026-06-02T14:59:43.534,7193,4,0x3fc;0x3f2;0x3f3;0x3fd,0,235
2026-06-02T14:59:43.735,7194,4,0x3fc;0x3f2;0x3f3;0x3fd,0,323
2026-06-02T14:59:43.735,7195,4,0x3fc;0x3f2;0x3f3;0x3fd,0,230
2026-06-02T14:59:43.939,7196,4,0x3fc;0x3f2;0x3f3;0x3fd,0,233
2026-06-02T14:59:43.939,7197,4,0x3fc;0x3f2;0x3f3;0x3fd,0,259
2026-06-02T14:59:43.939,7198,4,0x3fc;0x3f2;0x3f3;0x3fd,0,270
2026-06-02T14:59:44.141,7199,4,0x3fc;0x3f2;0x3f3;0x3fd,0,319
2026-06-02T14:59:44.343,7200,5,0x3fc;0x3f2;0x3f3;0x3fd;0x410,1,469
2026-06-02T14:59:44.343,7201,3,0x3f2;0x3f3;0x3fd,0,193
2026-06-02T14:59:44.343,7202,2,0x3f2;0x3fd,0,172
2026-06-02T14:59:44.544,7203,3,0x3fc;0x3f2;0x3fd,0,216
2026-06-02T14:59:44.544,7204,4,0x3fc;0x3f2;0x3f3;0x3fd,0,234
2026-06-02T14:59:44.746,7205,4,0x3fc;0x3f2;0x3f3;0x3fd,0,363
2026-06-02T14:59:44.746,7206,3,0x3f2;0x3f3;0x3fd,0,199
2026-06-02T14:59:44.746,7207,2,0x3f2;0x3fd,0,172
2026-06-02T14:59:44.949,7208,2,0x3f2;0x3fd,0,172
2026-06-02T14:59:44.949,7209,2,0x3f2;0x3fd,0,172
2026-06-02T14:59:45.152,7210,3,0x3fc;0x3f2;0x3fd,0,208
2026-06-02T14:59:45.152,7211,3,0x3f2;0x3f3;0x3fd,0,181
2026-06-02T14:59:45.353,7212,3,0x3fc;0x3f2;0x3fd,0,208
2026-06-02T14:59:45.353,7213,4,0x3fc;0x3f2;0x3f3;0x3fd,0,385
2026-06-02T14:59:45.556,7214,3,0x3f2;0x3f3;0x3fd,0,202
2026-06-02T14:59:45.556,7215,2,0x3f2;0x3fd,0,172
2026-06-02T14:59:45.759,7216,3,0x3f2;0x3fd;0x410,1,316
2026-06-02T14:59:45.759,7217,3,0x3fc;0x3f2;0x3fd,0,224
2026-06-02T14:59:45.759,7218,3,0x3f2;0x3f3;0x3fd,0,183
2026-06-02T14:59:45.960,7219,2,0x3f2;0x3fd,0,172
2026-06-02T14:59:45.960,7220,3,0x3fc;0x3f2;0x3fd,0,208
2026-06-02T14:59:46.164,7221,4,0x3fc;0x3f2;0x3f3;0x3fd,0,249
2026-06-02T14:59:46.164,7222,4,0x3fc;0x3f2;0x3f3;0x3fd,0,237
2026-06-02T14:59:46.369,7223,4,0x3fc;0x3f2;0x3f3;0x3fd,0,219
2026-06-02T14:59:46.369,7224,3,0x3f2;0x3f3;0x3fd,0,181
2026-06-02T14:59:46.369,7225,3,0x3fc;0x3f2;0x3fd,0,208
2026-06-02T14:59:46.570,7226,3,0x3f2;0x3f3;0x3fd,0,181
2026-06-02T14:59:46.570,7227,2,0x3f2;0x3fd,0,172
2026-06-02T14:59:46.785,7228,2,0x3f2;0x3fd,0,172
2026-06-02T14:59:46.785,7229,2,0x3f2;0x3fd,0,172
2026-06-02T14:59:46.989,7230,3,0x3fc;0x3f2;0x3fd,0,224
2026-06-02T14:59:46.989,7231,4,0x3fc;0x3f2;0x3f3;0x3fd,0,475
2026-06-02T14:59:47.190,7232,5,0x3fc;0x3f2;0x3f3;0x3fd;0x410,1,649
2026-06-02T14:59:47.190,7233,3,0x3f2;0x3f3;0x3fd,0,213
2026-06-02T14:59:47.190,7234,3,0x3fc;0x3f2;0x3fd,0,232
2026-06-02T14:59:47.393,7235,4,0x3fc;0x3f2;0x3f3;0x3fd,0,236
2026-06-02T14:59:47.393,7236,4,0x3fc;0x3f2;0x3f3;0x3fd,0,227
2026-06-02T14:59:47.595,7237,4,0x3fc;0x3f2;0x3f3;0x3fd,0,218
2026-06-02T14:59:47.595,7238,4,0x3fc;0x3f2;0x3f3;0x3fd,0,233
2026-06-02T14:59:47.796,7239,3,0x3f2;0x3f3;0x3fd,0,183
2026-06-02T14:59:47.796,7240,3,0x3fc;0x3f2;0x3fd,0,224
2026-06-02T14:59:47.796,7241,4,0x3fc;0x3f2;0x3f3;0x3fd,0,227
2026-06-02T14:59:48.001,7242,4,0x3fc;0x3f2;0x3f3;0x3fd,0,546
2026-06-02T14:59:48.001,7243,4,0x3fc;0x3f2;0x3f3;0x3fd,0,290
2026-06-02T14:59:48.201,7244,4,0x3fc;0x3f2;0x3f3;0x3fd,0,445
2026-06-02T14:59:48.201,7245,4,0x3fc;0x3f2;0x3f3;0x3fd,0,389
2026-06-02T14:59:48.403,7246,4,0x3fc;0x3f2;0x3f3;0x3fd,0,315
2026-06-02T14:59:48.403,7247,4,0x3fc;0x3f2;0x3f3;0x3fd,0,251
2026-06-02T14:59:48.604,7248,5,0x3fc;0x3f2;0x3f3;0x3fd;0x410,1,388
2026-06-02T14:59:48.604,7249,4,0x3fc;0x3f2;0x3f3;0x3fd,0,316
2026-06-02T14:59:48.604,7250,4,0x3fc;0x3f2;0x3f3;0x3fd,0,237
2026-06-02T14:59:48.807,7251,4,0x3fc;0x3f2;0x3f3;0x3fd,0,274
2026-06-02T14:59:48.807,7252,4,0x3fc;0x3f2;0x3f3;0x3fd,0,232
2026-06-02T14:59:49.010,7253,4,0x3fc;0x3f2;0x3f3;0x3fd,0,242
2026-06-02T14:59:49.010,7254,4,0x3fc;0x3f2;0x3f3;0x3fd,0,260
2026-06-02T14:59:49.212,7255,4,0x3fc;0x3f2;0x3f3;0x3fd,0,358
2026-06-02T14:59:49.212,7256,4,0x3fc;0x3f2;0x3f3;0x3fd,0,386
2026-06-02T14:59:49.415,7257,4,0x3fc;0x3f2;0x3f3;0x3fd,0,316
2026-06-02T14:59:49.415,7258,4,0x3fc;0x3f2;0x3f3;0x3fd,0,283
2026-06-02T14:59:49.415,7259,3,0x3f2;0x3f3;0x3fd,0,188
2026-06-02T14:59:49.618,7260,3,0x3fc;0x3f2;0x3fd,0,320
2026-06-02T14:59:49.618,7261,4,0x3fc;0x3f2;0x3f3;0x3fd,0,239
2026-06-02T14:59:49.820,7262,4,0x3fc;0x3f2;0x3f3;0x3fd,0,218
2026-06-02T14:59:49.820,7263,4,0x3fc;0x3f2;0x3f3;0x3fd,0,361
2026-06-02T14:59:50.023,7264,5,0x3fc;0x3f2;0x3f3;0x3fd;0x410,1,523
2026-06-02T14:59:50.023,7265,4,0x3fc;0x3f2;0x3f3;0x3fd,0,251
2026-06-02T14:59:50.225,7266,4,0x3fc;0x3f2;0x3f3;0x3fd,0,243
2026-06-02T14:59:50.225,7267,4,0x3fc;0x3f2;0x3f3;0x3fd,0,228
2026-06-02T14:59:50.225,7268,4,0x3fc;0x3f2;0x3f3;0x3fd,0,218
2026-06-02T14:59:50.429,7269,4,0x3fc;0x3f2;0x3f3;0x3fd,0,225
2026-06-02T14:59:50.429,7270,3,0x3f2;0x3f3;0x3fd,0,182
2026-06-02T14:59:50.633,7271,3,0x3fc;0x3f2;0x3fd,0,224
2026-06-02T14:59:50.633,7272,3,0x3f2;0x3f3;0x3fd,0,183
2026-06-02T14:59:50.835,7273,3,0x3fc;0x3f2;0x3fd,0,224
2026-06-02T14:59:50.835,7274,4,0x3fc;0x3f2;0x3f3;0x3fd,0,259
2026-06-02T14:59:51.037,7275,3,0x3f2;0x3f3;0x3fd,0,186
2026-06-02T14:59:51.037,7276,3,0x3fc;0x3f2;0x3fd,0,208
2026-06-02T14:59:51.037,7277,4,0x3fc;0x3f2;0x3f3;0x3fd,0,225
2026-06-02T14:59:51.241,7278,4,0x3fc;0x3f2;0x3f3;0x3fd,0,810
2026-06-02T14:59:51.241,7279,4,0x3fc;0x3f2;0x3f3;0x3fd,0,923
2026-06-02T14:59:51.443,7280,5,0x3fc;0x3f2;0x3f3;0x3fd;0x410,1,1072
2026-06-02T14:59:51.443,7281,4,0x3fc;0x3f2;0x3f3;0x3fd,0,352
2026-06-02T14:59:51.647,7282,4,0x3fc;0x3f2;0x3f3;0x3fd,0,240
2026-06-02T14:59:51.647,7283,4,0x3fc;0x3f2;0x3f3;0x3fd,0,315
2026-06-02T14:59:51.850,7284,4,0x3fc;0x3f2;0x3f3;0x3fd,0,357
2026-06-02T14:59:51.850,7285,4,0x3fc;0x3f2;0x3f3;0x3fd,0,433
2026-06-02T14:59:51.850,7286,4,0x3fc;0x3f2;0x3f3;0x3fd,0,450
2026-06-02T14:59:52.050,7287,4,0x3fc;0x3f2;0x3f3;0x3fd,0,267
2026-06-02T14:59:52.050,7288,4,0x3fc;0x3f2;0x3f3;0x3fd,0,524
2026-06-02T14:59:52.253,7289,4,0x3fc;0x3f2;0x3f3;0x3fd,0,311
2026-06-02T14:59:52.253,7290,4,0x3fc;0x3f2;0x3f3;0x3fd,0,232
2026-06-02T14:59:52.454,7291,4,0x3fc;0x3f2;0x3f3;0x3fd,0,234
2026-06-02T14:59:52.454,7292,4,0x3fc;0x3f2;0x3f3;0x3fd,0,219
2026-06-02T14:59:52.669,7293,4,0x3fc;0x3f2;0x3f3;0x3fd,0,225
2026-06-02T14:59:52.669,7294,4,0x3fc;0x3f2;0x3f3;0x3fd,0,226
2026-06-02T14:59:52.669,7295,4,0x3fc;0x3f2;0x3f3;0x3fd,0,338
2026-06-02T14:59:52.871,7296,5,0x3fc;0x3f2;0x3f3;0x3fd;0x410,1,496
2026-06-02T14:59:52.871,7297,4,0x3fc;0x3f2;0x3f3;0x3fd,0,232
2026-06-02T14:59:53.075,7298,4,0x3fc;0x3f2;0x3f3;0x3fd,0,217
2026-06-02T14:59:53.075,7299,4,0x3fc;0x3f2;0x3f3;0x3fd,0,377
2026-06-02T14:59:53.279,7300,4,0x3fc;0x3f2;0x3f3;0x3fd,0,445
2026-06-02T14:59:53.279,7301,4,0x3fc;0x3f2;0x3f3;0x3fd,0,651
2026-06-02T14:59:53.480,7302,4,0x3fc;0x3f2;0x3f3;0x3fd,0,268
2026-06-02T14:59:53.480,7303,4,0x3fc;0x3f2;0x3f3;0x3fd,0,329
2026-06-02T14:59:53.480,7304,4,0x3fc;0x3f2;0x3f3;0x3fd,0,271
2026-06-02T14:59:53.682,7305,4,0x3fc;0x3f2;0x3f3;0x3fd,0,230
2026-06-02T14:59:53.682,7306,3,0x3f2;0x3f3;0x3fd,0,182
2026-06-02T14:59:53.885,7307,3,0x3fc;0x3f2;0x3fd,0,224
2026-06-02T14:59:53.885,7308,4,0x3fc;0x3f2;0x3f3;0x3fd,0,323
2026-06-02T14:59:54.088,7309,4,0x3fc;0x3f2;0x3f3;0x3fd,0,246
2026-06-02T14:59:54.088,7310,4,0x3fc;0x3f2;0x3f3;0x3fd,0,219
2026-06-02T14:59:54.291,7311,4,0x3fc;0x3f2;0x3f3;0x3fd,0,217
2026-06-02T14:59:54.291,7312,5,0x3fc;0x3f2;0x3f3;0x3fd;0x410,1,361
2026-06-02T14:59:54.291,7313,4,0x3fc;0x3f2;0x3f3;0x3fd,0,449
2026-06-02T14:59:54.494,7314,4,0x3fc;0x3f2;0x3f3;0x3fd,0,502
2026-06-02T14:59:54.494,7315,4,0x3fc;0x3f2;0x3f3;0x3fd,0,281
2026-06-02T14:59:54.696,7316,4,0x3fc;0x3f2;0x3f3;0x3fd,0,237
2026-06-02T14:59:54.696,7317,4,0x3fc;0x3f2;0x3f3;0x3fd,0,283
2026-06-02T14:59:54.900,7318,4,0x3fc;0x3f2;0x3f3;0x3fd,0,233
2026-06-02T14:59:54.900,7319,3,0x3f2;0x3f3;0x3fd,0,182
2026-06-02T14:59:55.102,7320,3,0x3fc;0x3f2;0x3fd,0,224
2026-06-02T14:59:55.102,7321,4,0x3fc;0x3f2;0x3f3;0x3fd,0,275
2026-06-02T14:59:55.102,7322,3,0x3f2;0x3f3;0x3fd,0,188
2026-06-02T14:59:55.305,7323,2,0x3f2;0x3fd,0,172
2026-06-02T14:59:55.305,7324,3,0x3fc;0x3f2;0x3fd,0,232
2026-06-02T14:59:55.510,7325,4,0x3fc;0x3f2;0x3f3;0x3fd,0,244
2026-06-02T14:59:55.510,7326,3,0x3f2;0x3f3;0x3fd,0,184
2026-06-02T14:59:55.714,7327,3,0x3fc;0x3f2;0x3fd,0,272
2026-06-02T14:59:55.714,7328,5,0x3fc;0x3f2;0x3f3;0x3fd;0x410,1,433
2026-06-02T14:59:55.928,7329,4,0x3fc;0x3f2;0x3f3;0x3fd,0,361
2026-06-02T14:59:55.928,7330,4,0x3fc;0x3f2;0x3f3;0x3fd,0,242
2026-06-02T14:59:55.928,7331,4,0x3fc;0x3f2;0x3f3;0x3fd,0,218
2026-06-02T14:59:56.132,7332,4,0x3fc;0x3f2;0x3f3;0x3fd,0,225
2026-06-02T14:59:56.132,7333,4,0x3fc;0x3f2;0x3f3;0x3fd,0,226
2026-06-02T14:59:56.333,7334,4,0x3fc;0x3f2;0x3f3;0x3fd,0,242
2026-06-02T14:59:56.333,7335,4,0x3fc;0x3f2;0x3f3;0x3fd,0,220
2026-06-02T14:59:56.537,7336,4,0x3fc;0x3f2;0x3f3;0x3fd,0,249
2026-06-02T14:59:56.537,7337,4,0x3fc;0x3f2;0x3f3;0x3fd,0,237
2026-06-02T14:59:56.537,7338,4,0x3fc;0x3f2;0x3f3;0x3fd,0,299
2026-06-02T14:59:56.742,7339,4,0x3fc;0x3f2;0x3f3;0x3fd,0,235
2026-06-02T14:59:56.742,7340,4,0x3fc;0x3f2;0x3f3;0x3fd,0,234
2026-06-02T14:59:56.943,7341,4,0x3fc;0x3f2;0x3f3;0x3fd,0,227
2026-06-02T14:59:56.943,7342,4,0x3fc;0x3f2;0x3f3;0x3fd,0,218
2026-06-02T14:59:57.144,7343,4,0x3fc;0x3f2;0x3f3;0x3fd,0,249
2026-06-02T14:59:57.144,7344,5,0x3fc;0x3f2;0x3f3;0x3fd;0x410,1,397
2026-06-02T14:59:57.346,7345,4,0x3fc;0x3f2;0x3f3;0x3fd,0,277
2026-06-02T14:59:57.346,7346,4,0x3fc;0x3f2;0x3f3;0x3fd,0,240
2026-06-02T14:59:57.346,7347,4,0x3fc;0x3f2;0x3f3;0x3fd,0,219
2026-06-02T14:59:57.550,7348,4,0x3fc;0x3f2;0x3f3;0x3fd,0,233
2026-06-02T14:59:57.550,7349,4,0x3fc;0x3f2;0x3f3;0x3fd,0,307
2026-06-02T14:59:57.753,7350,4,0x3fc;0x3f2;0x3f3;0x3fd,0,404
2026-06-02T14:59:57.753,7351,4,0x3fc;0x3f2;0x3f3;0x3fd,0,295
2026-06-02T14:59:57.954,7352,4,0x3fc;0x3f2;0x3f3;0x3fd,0,304
2026-06-02T14:59:57.954,7353,4,0x3fc;0x3f2;0x3f3;0x3fd,0,419
2026-06-02T14:59:58.159,7356,4,0x3fc;0x3f2;0x3f3;0x3fd,0,533
2026-06-02T14:59:58.374,7357,4,0x3fc;0x3f2;0x3f3;0x3fd,0,459
2026-06-02T14:59:58.374,7358,4,0x3fc;0x3f2;0x3f3;0x3fd,0,307
2026-06-02T14:59:58.577,7359,4,0x3fc;0x3f2;0x3f3;0x3fd,0,473
2026-06-02T14:59:58.577,7360,5,0x3fc;0x3f2;0x3f3;0x3fd;0x410,1,640
2026-06-02T14:59:58.781,7361,4,0x3fc;0x3f2;0x3f3;0x3fd,0,360
2026-06-02T14:59:58.781,7362,4,0x3fc;0x3f2;0x3f3;0x3fd,0,279
2026-06-02T14:59:58.781,7363,4,0x3fc;0x3f2;0x3f3;0x3fd,0,415
2026-06-02T14:59:58.997,7364,4,0x3fc;0x3f2;0x3f3;0x3fd,0,265
2026-06-02T14:59:58.997,7365,4,0x3fc;0x3f2;0x3f3;0x3fd,0,452
2026-06-02T14:59:59.199,7366,4,0x3fc;0x3f2;0x3f3;0x3fd,0,310
2026-06-02T14:59:59.199,7367,4,0x3fc;0x3f2;0x3f3;0x3fd,0,633
2026-06-02T14:59:59.401,7368,4,0x3fc;0x3f2;0x3f3;0x3fd,0,300
2026-06-02T14:59:59.401,7369,4,0x3fc;0x3f2;0x3f3;0x3fd,0,309
2026-06-02T14:59:59.604,7370,4,0x3fc;0x3f2;0x3f3;0x3fd,0,476
2026-06-02T14:59:59.604,7371,4,0x3fc;0x3f2;0x3f3;0x3fd,0,256
2026-06-02T14:59:59.604,7372,4,0x3fc;0x3f2;0x3f3;0x3fd,0,250
2026-06-02T14:59:59.807,7373,4,0x3fc;0x3f2;0x3f3;0x3fd,0,285
2026-06-02T14:59:59.807,7374,3,0x3f2;0x3f3;0x3fd,0,189
2026-06-02T15:00:00.007,7375,3,0x3fc;0x3f2;0x3fd,0,376
2026-06-02T15:00:00.007,7376,5,0x3fc;0x3f2;0x3f3;0x3fd;0x410,1,550
2026-06-02T15:00:00.210,7377,4,0x3fc;0x3f2;0x3f3;0x3fd,0,702
2026-06-02T15:00:00.210,7378,4,0x3fc;0x3f2;0x3f3;0x3fd,0,387
2026-06-02T15:00:00.426,7379,4,0x3fc;0x3f2;0x3f3;0x3fd,0,263
2026-06-02T15:00:00.426,7380,4,0x3fc;0x3f2;0x3f3;0x3fd,0,389
2026-06-02T15:00:00.426,7381,4,0x3fc;0x3f2;0x3f3;0x3fd,0,254
2026-06-02T15:00:00.629,7382,4,0x3fc;0x3f2;0x3f3;0x3fd,0,347
2026-06-02T15:00:00.629,7383,4,0x3fc;0x3f2;0x3f3;0x3fd,0,273
2026-06-02T15:00:00.833,7384,4,0x3fc;0x3f2;0x3f3;0x3fd,0,286
2026-06-02T15:00:00.833,7385,4,0x3fc;0x3f2;0x3f3;0x3fd,0,265
2026-06-02T15:00:01.035,7386,4,0x3fc;0x3f2;0x3f3;0x3fd,0,254
2026-06-02T15:00:01.035,7387,4,0x3fc;0x3f2;0x3f3;0x3fd,0,509
2026-06-02T15:00:01.035,7388,4,0x3fc;0x3f2;0x3f3;0x3fd,0,277
2026-06-02T15:00:01.238,7389,4,0x3fc;0x3f2;0x3f3;0x3fd,0,220
2026-06-02T15:00:01.238,7390,4,0x3fc;0x3f2;0x3f3;0x3fd,0,241
2026-06-02T15:00:01.438,7391,4,0x3fc;0x3f2;0x3f3;0x3fd,0,220
2026-06-02T15:00:01.438,7392,5,0x3fc;0x3f2;0x3f3;0x3fd;0x410,1,361
2026-06-02T15:00:01.640,7393,3,0x3f2;0x3f3;0x3fd,0,181
2026-06-02T15:00:01.640,7394,2,0x3f2;0x3fd,0,172
2026-06-02T15:00:01.842,7395,2,0x3f2;0x3fd,0,172
2026-06-02T15:00:01.842,7396,3,0x3fc;0x3f2;0x3fd,0,224
2026-06-02T15:00:01.842,7397,3,0x3f2;0x3f3;0x3fd,0,183
2026-06-02T15:00:02.045,7398,3,0x3fc;0x3f2;0x3fd,0,272
2026-06-02T15:00:02.045,7399,4,0x3fc;0x3f2;0x3f3;0x3fd,0,377
2026-06-02T15:00:02.246,7400,4,0x3fc;0x3f2;0x3f3;0x3fd,0,244
2026-06-02T15:00:02.246,7401,3,0x3f2;0x3f3;0x3fd,0,182
2026-06-02T15:00:02.449,7402,3,0x3fc;0x3f2;0x3fd,0,344
2026-06-02T15:00:02.449,7403,4,0x3fc;0x3f2;0x3f3;0x3fd,0,266
2026-06-02T15:00:02.650,7404,4,0x3fc;0x3f2;0x3f3;0x3fd,0,229
2026-06-02T15:00:02.650,7405,4,0x3fc;0x3f2;0x3f3;0x3fd,0,242
2026-06-02T15:00:02.650,7406,4,0x3fc;0x3f2;0x3f3;0x3fd,0,252
2026-06-02T15:00:02.851,7407,3,0x3f2;0x3f3;0x3fd,0,185
2026-06-02T15:00:03.055,7408,3,0x3f2;0x3fd;0x410,1,316
2026-06-02T15:00:03.055,7409,3,0x3fc;0x3f2;0x3fd,0,216
2026-06-02T15:00:03.055,7410,4,0x3fc;0x3f2;0x3f3;0x3fd,0,266
2026-06-02T15:00:03.259,7411,3,0x3f2;0x3f3;0x3fd,0,187
2026-06-02T15:00:03.259,7412,3,0x3fc;0x3f2;0x3fd,0,208
2026-06-02T15:00:03.459,7413,4,0x3fc;0x3f2;0x3f3;0x3fd,0,241
2026-06-02T15:00:03.459,7414,4,0x3fc;0x3f2;0x3f3;0x3fd,0,228
2026-06-02T15:00:03.459,7415,4,0x3fc;0x3f2;0x3f3;0x3fd,0,226
2026-06-02T15:00:03.660,7416,4,0x3fc;0x3f2;0x3f3;0x3fd,0,226
2026-06-02T15:00:03.660,7417,3,0x3f2;0x3f3;0x3fd,0,182
2026-06-02T15:00:03.864,7418,3,0x3fc;0x3f2;0x3fd,0,224
2026-06-02T15:00:03.864,7419,4,0x3fc;0x3f2;0x3f3;0x3fd,0,219
2026-06-02T15:00:04.067,7420,3,0x3f2;0x3f3;0x3fd,0,181
2026-06-02T15:00:04.067,7421,2,0x3f2;0x3fd,0,172
2026-06-02T15:00:04.268,7422,3,0x3fc;0x3f2;0x3fd,0,216
2026-06-02T15:00:04.268,7423,3,0x3f2;0x3f3;0x3fd,0,182
2026-06-02T15:00:04.471,7424,3,0x3f2;0x3fd;0x410,1,316
2026-06-02T15:00:04.471,7425,3,0x3fc;0x3f2;0x3fd,0,216
2026-06-02T15:00:04.471,7426,3,0x3f2;0x3f3;0x3fd,0,182
2026-06-02T15:00:04.675,7427,3,0x3fc;0x3f2;0x3fd,0,240
2026-06-02T15:00:04.675,7428,4,0x3fc;0x3f2;0x3f3;0x3fd,0,221
2026-06-02T15:00:04.878,7429,4,0x3fc;0x3f2;0x3f3;0x3fd,0,217
2026-06-02T15:00:04.878,7430,4,0x3fc;0x3f2;0x3f3;0x3fd,0,257
2026-06-02T15:00:05.081,7431,3,0x3f2;0x3f3;0x3fd,0,186
2026-06-02T15:00:05.081,7432,3,0x3fc;0x3f2;0x3fd,0,208
2026-06-02T15:00:05.081,7433,4,0x3fc;0x3f2;0x3f3;0x3fd,0,225
2026-06-02T15:00:05.282,7434,4,0x3fc;0x3f2;0x3f3;0x3fd,0,234
2026-06-02T15:00:05.282,7435,4,0x3fc;0x3f2;0x3f3;0x3fd,0,219
2026-06-02T15:00:05.485,7436,4,0x3fc;0x3f2;0x3f3;0x3fd,0,257
2026-06-02T15:00:05.485,7437,4,0x3fc;0x3f2;0x3f3;0x3fd,0,910
2026-06-02T15:00:05.685,7438,4,0x3fc;0x3f2;0x3f3;0x3fd,0,631
2026-06-02T15:00:05.685,7439,4,0x3fc;0x3f2;0x3f3;0x3fd,0,594
2026-06-02T15:00:05.888,7440,5,0x3fc;0x3f2;0x3f3;0x3fd;0x410,1,739
2026-06-02T15:00:05.888,7441,4,0x3fc;0x3f2;0x3f3;0x3fd,0,619
2026-06-02T15:00:05.888,7442,4,0x3fc;0x3f2;0x3f3;0x3fd,0,302
2026-06-02T15:00:06.090,7443,4,0x3fc;0x3f2;0x3f3;0x3fd,0,254
2026-06-02T15:00:06.090,7444,4,0x3fc;0x3f2;0x3f3;0x3fd,0,253
2026-06-02T15:00:06.291,7445,4,0x3fc;0x3f2;0x3f3;0x3fd,0,253
2026-06-02T15:00:06.291,7446,4,0x3fc;0x3f2;0x3f3;0x3fd,0,333
2026-06-02T15:00:06.506,7447,4,0x3fc;0x3f2;0x3f3;0x3fd,0,319
2026-06-02T15:00:06.506,7448,4,0x3fc;0x3f2;0x3f3;0x3fd,0,260
2026-06-02T15:00:06.709,7449,4,0x3fc;0x3f2;0x3f3;0x3fd,0,229
2026-06-02T15:00:06.709,7450,4,0x3fc;0x3f2;0x3f3;0x3fd,0,250
2026-06-02T15:00:06.709,7451,4,0x3fc;0x3f2;0x3f3;0x3fd,0,229
2026-06-02T15:00:06.910,7452,4,0x3fc;0x3f2;0x3f3;0x3fd,0,234
2026-06-02T15:00:06.910,7453,4,0x3fc;0x3f2;0x3f3;0x3fd,0,243
2026-06-02T15:00:07.113,7454,4,0x3fc;0x3f2;0x3f3;0x3fd,0,516
2026-06-02T15:00:07.113,7455,4,0x3fc;0x3f2;0x3f3;0x3fd,0,254
2026-06-02T15:00:07.315,7456,5,0x3fc;0x3f2;0x3f3;0x3fd;0x410,1,361
2026-06-02T15:00:07.315,7457,4,0x3fc;0x3f2;0x3f3;0x3fd,0,257
2026-06-02T15:00:07.517,7458,4,0x3fc;0x3f2;0x3f3;0x3fd,0,374
2026-06-02T15:00:07.517,7459,4,0x3fc;0x3f2;0x3f3;0x3fd,0,676
2026-06-02T15:00:07.517,7460,4,0x3fc;0x3f2;0x3f3;0x3fd,0,712
2026-06-02T15:00:07.724,7461,4,0x3fc;0x3f2;0x3f3;0x3fd,0,504
2026-06-02T15:00:07.724,7462,4,0x3fc;0x3f2;0x3f3;0x3fd,0,486
2026-06-02T15:00:08.129,7465,4,0x3fc;0x3f2;0x3f3;0x3fd,0,464
2026-06-02T15:00:08.129,7466,4,0x3fc;0x3f2;0x3f3;0x3fd,0,311
2026-06-02T15:00:08.332,7467,4,0x3fc;0x3f2;0x3f3;0x3fd,0,425
2026-06-02T15:00:08.332,7468,4,0x3fc;0x3f2;0x3f3;0x3fd,0,266
2026-06-02T15:00:08.332,7469,4,0x3fc;0x3f2;0x3f3;0x3fd,0,236
2026-06-02T15:00:08.536,7470,4,0x3fc;0x3f2;0x3f3;0x3fd,0,483
2026-06-02T15:00:08.536,7471,4,0x3fc;0x3f2;0x3f3;0x3fd,0,490
2026-06-02T15:00:08.738,7472,5,0x3fc;0x3f2;0x3f3;0x3fd;0x410,1,631
2026-06-02T15:00:08.738,7473,4,0x3fc;0x3f2;0x3f3;0x3fd,0,255
2026-06-02T15:00:08.940,7474,4,0x3fc;0x3f2;0x3f3;0x3fd,0,290
2026-06-02T15:00:08.940,7475,4,0x3fc;0x3f2;0x3f3;0x3fd,0,306
2026-06-02T15:00:09.142,7476,4,0x3fc;0x3f2;0x3f3;0x3fd,0,539
2026-06-02T15:00:09.142,7477,4,0x3fc;0x3f2;0x3f3;0x3fd,0,288
2026-06-02T15:00:09.142,7478,4,0x3fc;0x3f2;0x3f3;0x3fd,0,933
2026-06-02T15:00:09.343,7479,4,0x3fc;0x3f2;0x3f3;0x3fd,0,498
2026-06-02T15:00:09.343,7480,4,0x3fc;0x3f2;0x3f3;0x3fd,0,569
2026-06-02T15:00:09.548,7481,4,0x3fc;0x3f2;0x3f3;0x3fd,0,426
2026-06-02T15:00:09.548,7482,4,0x3fc;0x3f2;0x3f3;0x3fd,0,518
2026-06-02T15:00:09.749,7483,4,0x3fc;0x3f2;0x3f3;0x3fd,0,292
2026-06-02T15:00:09.749,7484,4,0x3fc;0x3f2;0x3f3;0x3fd,0,614
2026-06-02T15:00:09.952,7485,4,0x3fc;0x3f2;0x3f3;0x3fd,0,402
2026-06-02T15:00:09.952,7486,4,0x3fc;0x3f2;0x3f3;0x3fd,0,290
2026-06-02T15:00:09.952,7487,4,0x3fc;0x3f2;0x3f3;0x3fd,0,232
2026-06-02T15:00:10.155,7488,5,0x3fc;0x3f2;0x3f3;0x3fd;0x410,1,370
2026-06-02T15:00:10.155,7489,4,0x3fc;0x3f2;0x3f3;0x3fd,0,450
2026-06-02T15:00:10.371,7490,4,0x3fc;0x3f2;0x3f3;0x3fd,0,302
2026-06-02T15:00:10.371,7491,4,0x3fc;0x3f2;0x3f3;0x3fd,0,248
2026-06-02T15:00:10.574,7492,4,0x3fc;0x3f2;0x3f3;0x3fd,0,260
2026-06-02T15:00:10.574,7493,4,0x3fc;0x3f2;0x3f3;0x3fd,0,702
2026-06-02T15:00:10.574,7494,4,0x3fc;0x3f2;0x3f3;0x3fd,0,357
2026-06-02T15:00:10.777,7495,4,0x3fc;0x3f2;0x3f3;0x3fd,0,235
2026-06-02T15:00:10.777,7496,3,0x3f2;0x3f3;0x3fd,0,182
2026-06-02T15:00:10.981,7497,2,0x3f2;0x3fd,0,172
2026-06-02T15:00:10.981,7498,3,0x3fc;0x3f2;0x3fd,0,224
2026-06-02T15:00:11.184,7499,4,0x3fc;0x3f2;0x3f3;0x3fd,0,307
2026-06-02T15:00:11.184,7500,4,0x3fc;0x3f2;0x3f3;0x3fd,0,508
2026-06-02T15:00:11.385,7501,4,0x3fc;0x3f2;0x3f3;0x3fd,0,412
2026-06-02T15:00:11.385,7502,3,0x3f2;0x3f3;0x3fd,0,201
2026-06-02T15:00:11.385,7503,3,0x3fc;0x3f2;0x3fd,0,208
2026-06-02T15:00:11.587,7504,5,0x3fc;0x3f2;0x3f3;0x3fd;0x410,1,361
2026-06-02T15:00:11.588,7505,3,0x3f2;0x3f3;0x3fd,0,181
2026-06-02T15:00:11.801,7506,3,0x3fc;0x3f2;0x3fd,0,392
2026-06-02T15:00:11.801,7507,4,0x3fc;0x3f2;0x3f3;0x3fd,0,256
2026-06-02T15:00:12.003,7508,3,0x3f2;0x3f3;0x3fd,0,183
2026-06-02T15:00:12.003,7509,3,0x3fc;0x3f2;0x3fd,0,224
2026-06-02T15:00:12.003,7510,3,0x3f2;0x3f3;0x3fd,0,183
2026-06-02T15:00:12.206,7511,3,0x3fc;0x3f2;0x3fd,0,224
2026-06-02T15:00:12.206,7512,4,0x3fc;0x3f2;0x3f3;0x3fd,0,227
2026-06-02T15:00:12.410,7513,3,0x3f2;0x3f3;0x3fd,0,182
2026-06-02T15:00:12.410,7514,3,0x3fc;0x3f2;0x3fd,0,216
2026-06-02T15:00:12.614,7515,4,0x3fc;0x3f2;0x3f3;0x3fd,0,218
2026-06-02T15:00:12.614,7516,3,0x3f2;0x3f3;0x3fd,0,181
2026-06-02T15:00:12.816,7517,2,0x3f2;0x3fd,0,172
2026-06-02T15:00:12.816,7518,3,0x3fc;0x3f2;0x3fd,0,216
2026-06-02T15:00:13.017,7519,3,0x3f2;0x3f3;0x3fd,0,182
2026-06-02T15:00:13.017,7520,3,0x3f2;0x3fd;0x410,1,316
2026-06-02T15:00:13.017,7521,3,0x3fc;0x3f2;0x3fd,0,208
2026-06-02T15:00:13.219,7522,4,0x3fc;0x3f2;0x3f3;0x3fd,0,281
2026-06-02T15:00:13.219,7523,4,0x3fc;0x3f2;0x3f3;0x3fd,0,281
2026-06-02T15:00:13.423,7524,4,0x3fc;0x3f2;0x3f3;0x3fd,0,232
2026-06-02T15:00:13.423,7525,4,0x3fc;0x3f2;0x3f3;0x3fd,0,306
2026-06-02T15:00:13.624,7526,4,0x3fc;0x3f2;0x3f3;0x3fd,0,244
2026-06-02T15:00:13.624,7527,4,0x3fc;0x3f2;0x3f3;0x3fd,0,251
2026-06-02T15:00:13.624,7528,4,0x3fc;0x3f2;0x3f3;0x3fd,0,285
2026-06-02T15:00:13.829,7529,4,0x3fc;0x3f2;0x3f3;0x3fd,0,233
2026-06-02T15:00:13.829,7530,4,0x3fc;0x3f2;0x3f3;0x3fd,0,226
2026-06-02T15:00:14.032,7531,3,0x3f2;0x3f3;0x3fd,0,182
2026-06-02T15:00:14.032,7532,3,0x3fc;0x3f2;0x3fd,0,344
2026-06-02T15:00:14.234,7533,4,0x3fc;0x3f2;0x3f3;0x3fd,0,274
2026-06-02T15:00:14.234,7534,4,0x3fc;0x3f2;0x3f3;0x3fd,0,366
2026-06-02T15:00:14.436,7535,4,0x3fc;0x3f2;0x3f3;0x3fd,0,275
2026-06-02T15:00:14.436,7536,5,0x3fc;0x3f2;0x3f3;0x3fd;0x410,1,406
2026-06-02T15:00:14.436,7537,4,0x3fc;0x3f2;0x3f3;0x3fd,0,254
2026-06-02T15:00:14.637,7538,4,0x3fc;0x3f2;0x3f3;0x3fd,0,277
2026-06-02T15:00:14.637,7539,4,0x3fc;0x3f2;0x3f3;0x3fd,0,336
2026-06-02T15:00:14.844,7540,4,0x3fc;0x3f2;0x3f3;0x3fd,0,231
2026-06-02T15:00:14.844,7541,4,0x3fc;0x3f2;0x3f3;0x3fd,0,217
2026-06-02T15:00:15.044,7542,4,0x3fc;0x3f2;0x3f3;0x3fd,0,217
2026-06-02T15:00:15.044,7543,3,0x3f2;0x3f3;0x3fd,0,181
2026-06-02T15:00:15.248,7544,3,0x3fc;0x3f2;0x3fd,0,208
2026-06-02T15:00:15.248,7545,4,0x3fc;0x3f2;0x3f3;0x3fd,0,553
2026-06-02T15:00:15.248,7546,4,0x3fc;0x3f2;0x3f3;0x3fd,0,459
2026-06-02T15:00:15.449,7547,4,0x3fc;0x3f2;0x3f3;0x3fd,0,330
2026-06-02T15:00:15.449,7548,4,0x3fc;0x3f2;0x3f3;0x3fd,0,284
2026-06-02T15:00:15.651,7549,4,0x3fc;0x3f2;0x3f3;0x3fd,0,360
2026-06-02T15:00:15.651,7550,4,0x3fc;0x3f2;0x3f3;0x3fd,0,274
2026-06-02T15:00:15.855,7551,4,0x3fc;0x3f2;0x3f3;0x3fd,0,254
2026-06-02T15:00:15.855,7552,5,0x3fc;0x3f2;0x3f3;0x3fd;0x410,1,397
2026-06-02T15:00:16.057,7555,4,0x3fc;0x3f2;0x3f3;0x3fd,0,239
2026-06-02T15:00:16.260,7556,4,0x3fc;0x3f2;0x3f3;0x3fd,0,243
2026-06-02T15:00:16.260,7557,4,0x3fc;0x3f2;0x3f3;0x3fd,0,284
2026-06-02T15:00:16.461,7558,4,0x3fc;0x3f2;0x3f3;0x3fd,0,345
2026-06-02T15:00:16.461,7559,4,0x3fc;0x3f2;0x3f3;0x3fd,0,240
2026-06-02T15:00:16.665,7560,4,0x3fc;0x3f2;0x3f3;0x3fd,0,250
2026-06-02T15:00:16.665,7561,4,0x3fc;0x3f2;0x3f3;0x3fd,0,261
2026-06-02T15:00:16.867,7562,4,0x3fc;0x3f2;0x3f3;0x3fd,0,230
2026-06-02T15:00:16.867,7563,4,0x3fc;0x3f2;0x3f3;0x3fd,0,242
2026-06-02T15:00:16.867,7564,4,0x3fc;0x3f2;0x3f3;0x3fd,0,388
2026-06-02T15:00:17.071,7565,4,0x3fc;0x3f2;0x3f3;0x3fd,0,566
2026-06-02T15:00:17.071,7566,4,0x3fc;0x3f2;0x3f3;0x3fd,0,1170
2026-06-02T15:00:17.272,7567,4,0x3fc;0x3f2;0x3f3;0x3fd,0,379
2026-06-02T15:00:17.272,7568,5,0x3fc;0x3f2;0x3f3;0x3fd;0x410,1,415
2026-06-02T15:00:17.476,7569,4,0x3fc;0x3f2;0x3f3;0x3fd,0,255
2026-06-02T15:00:17.476,7570,4,0x3fc;0x3f2;0x3f3;0x3fd,0,229
2026-06-02T15:00:17.678,7571,4,0x3fc;0x3f2;0x3f3;0x3fd,0,266
2026-06-02T15:00:17.678,7572,4,0x3fc;0x3f2;0x3f3;0x3fd,0,247
2026-06-02T15:00:17.879,7573,4,0x3fc;0x3f2;0x3f3;0x3fd,0,260
2026-06-02T15:00:17.879,7574,4,0x3fc;0x3f2;0x3f3;0x3fd,0,310
2026-06-02T15:00:17.879,7575,4,0x3fc;0x3f2;0x3f3;0x3fd,0,332
2026-06-02T15:00:18.082,7576,4,0x3fc;0x3f2;0x3f3;0x3fd,0,278
2026-06-02T15:00:18.082,7577,4,0x3fc;0x3f2;0x3f3;0x3fd,0,223
2026-06-02T15:00:18.285,7578,4,0x3fc;0x3f2;0x3f3;0x3fd,0,233
2026-06-02T15:00:18.285,7579,4,0x3fc;0x3f2;0x3f3;0x3fd,0,515
2026-06-02T15:00:18.487,7580,4,0x3fc;0x3f2;0x3f3;0x3fd,0,318
2026-06-02T15:00:18.487,7581,4,0x3fc;0x3f2;0x3f3;0x3fd,0,257
2026-06-02T15:00:18.487,7582,4,0x3fc;0x3f2;0x3f3;0x3fd,0,269
2026-06-02T15:00:18.689,7583,4,0x3fc;0x3f2;0x3f3;0x3fd,0,287
2026-06-02T15:00:18.892,7584,5,0x3fc;0x3f2;0x3f3;0x3fd;0x410,1,433
2026-06-02T15:00:18.892,7585,4,0x3fc;0x3f2;0x3f3;0x3fd,0,385
2026-06-02T15:00:18.892,7586,4,0x3fc;0x3f2;0x3f3;0x3fd,0,277
2026-06-02T15:00:19.106,7587,4,0x3fc;0x3f2;0x3f3;0x3fd,0,302
2026-06-02T15:00:19.106,7588,4,0x3fc;0x3f2;0x3f3;0x3fd,0,291
2026-06-02T15:00:19.307,7589,4,0x3fc;0x3f2;0x3f3;0x3fd,0,257
2026-06-02T15:00:19.307,7590,4,0x3fc;0x3f2;0x3f3;0x3fd,0,373
2026-06-02T15:00:19.307,7591,4,0x3fc;0x3f2;0x3f3;0x3fd,0,356
2026-06-02T15:00:19.510,7592,4,0x3fc;0x3f2;0x3f3;0x3fd,0,248
2026-06-02T15:00:19.510,7593,4,0x3fc;0x3f2;0x3f3;0x3fd,0,363
2026-06-02T15:00:19.711,7594,4,0x3fc;0x3f2;0x3f3;0x3fd,0,235
2026-06-02T15:00:19.711,7595,4,0x3fc;0x3f2;0x3f3;0x3fd,0,329
2026-06-02T15:00:19.916,7596,4,0x3fc;0x3f2;0x3f3;0x3fd,0,311
2026-06-02T15:00:19.916,7597,4,0x3fc;0x3f2;0x3f3;0x3fd,0,259
2026-06-02T15:00:20.116,7598,4,0x3fc;0x3f2;0x3f3;0x3fd,0,229
2026-06-02T15:00:20.116,7599,4,0x3fc;0x3f2;0x3f3;0x3fd,0,250
2026-06-02T15:00:20.319,7600,5,0x3fc;0x3f2;0x3f3;0x3fd;0x410,1,397
2026-06-02T15:00:20.319,7601,4,0x3fc;0x3f2;0x3f3;0x3fd,0,261
2026-06-02T15:00:20.319,7602,4,0x3fc;0x3f2;0x3f3;0x3fd,0,262
2026-06-02T15:00:20.522,7603,4,0x3fc;0x3f2;0x3f3;0x3fd,0,262
2026-06-02T15:00:20.522,7604,4,0x3fc;0x3f2;0x3f3;0x3fd,0,366
2026-06-02T15:00:20.724,7605,4,0x3fc;0x3f2;0x3f3;0x3fd,0,275
2026-06-02T15:00:20.724,7606,4,0x3fc;0x3f2;0x3f3;0x3fd,0,398
2026-06-02T15:00:20.928,7607,4,0x3fc;0x3f2;0x3f3;0x3fd,0,247
2026-06-02T15:00:20.928,7608,4,0x3fc;0x3f2;0x3f3;0x3fd,0,226
2026-06-02T15:00:20.928,7609,4,0x3fc;0x3f2;0x3f3;0x3fd,0,266
2026-06-02T15:00:21.129,7610,4,0x3fc;0x3f2;0x3f3;0x3fd,0,247
2026-06-02T15:00:21.129,7611,4,0x3fc;0x3f2;0x3f3;0x3fd,0,476
2026-06-02T15:00:21.332,7612,4,0x3fc;0x3f2;0x3f3;0x3fd,0,321
2026-06-02T15:00:21.332,7613,4,0x3fc;0x3f2;0x3f3;0x3fd,0,338
2026-06-02T15:00:21.534,7614,4,0x3fc;0x3f2;0x3f3;0x3fd,0,423
2026-06-02T15:00:21.534,7615,4,0x3fc;0x3f2;0x3f3;0x3fd,0,265
2026-06-02T15:00:21.737,7616,5,0x3fc;0x3f2;0x3f3;0x3fd;0x410,1,388
2026-06-02T15:00:21.737,7617,4,0x3fc;0x3f2;0x3f3;0x3fd,0,228
2026-06-02T15:00:21.737,7618,4,0x3fc;0x3f2;0x3f3;0x3fd,0,298
2026-06-02T15:00:21.941,7619,3,0x3f2;0x3f3;0x3fd,0,191
2026-06-02T15:00:21.941,7620,3,0x3fc;0x3f2;0x3fd,0,464
2026-06-02T15:00:22.143,7621,4,0x3fc;0x3f2;0x3f3;0x3fd,0,305
2026-06-02T15:00:22.143,7622,4,0x3fc;0x3f2;0x3f3;0x3fd,0,304
2026-06-02T15:00:22.347,7623,4,0x3fc;0x3f2;0x3f3;0x3fd,0,291
2026-06-02T15:00:22.347,7624,4,0x3fc;0x3f2;0x3f3;0x3fd,0,433
2026-06-02T15:00:22.562,7625,4,0x3fc;0x3f2;0x3f3;0x3fd,0,283
2026-06-02T15:00:22.562,7626,4,0x3fc;0x3f2;0x3f3;0x3fd,0,230
2026-06-02T15:00:22.562,7627,4,0x3fc;0x3f2;0x3f3;0x3fd,0,442
2026-06-02T15:00:22.764,7628,4,0x3fc;0x3f2;0x3f3;0x3fd,0,365
2026-06-02T15:00:22.764,7629,4,0x3fc;0x3f2;0x3f3;0x3fd,0,240
2026-06-02T15:00:22.966,7630,3,0x3f2;0x3f3;0x3fd,0,182
2026-06-02T15:00:22.966,7631,3,0x3fc;0x3f2;0x3fd,0,328
2026-06-02T15:00:23.167,7632,5,0x3fc;0x3f2;0x3f3;0x3fd;0x410,1,496
2026-06-02T15:00:23.167,7633,4,0x3fc;0x3f2;0x3f3;0x3fd,0,272
2026-06-02T15:00:23.167,7634,4,0x3fc;0x3f2;0x3f3;0x3fd,0,222
2026-06-02T15:00:23.370,7635,4,0x3fc;0x3f2;0x3f3;0x3fd,0,225
2026-06-02T15:00:23.370,7636,4,0x3fc;0x3f2;0x3f3;0x3fd,0,290
2026-06-02T15:00:23.575,7637,4,0x3fc;0x3f2;0x3f3;0x3fd,0,282
2026-06-02T15:00:23.575,7638,4,0x3fc;0x3f2;0x3f3;0x3fd,0,456
2026-06-02T15:00:23.778,7639,4,0x3fc;0x3f2;0x3f3;0x3fd,0,454
2026-06-02T15:00:23.778,7640,4,0x3fc;0x3f2;0x3f3;0x3fd,0,443
2026-06-02T15:00:23.981,7641,4,0x3fc;0x3f2;0x3f3;0x3fd,0,274
2026-06-02T15:00:23.981,7642,3,0x3f2;0x3f3;0x3fd,0,185
2026-06-02T15:00:23.981,7643,2,0x3f2;0x3fd,0,172
2026-06-02T15:00:24.183,7644,3,0x3fc;0x3f2;0x3fd,0,256
2026-06-02T15:00:24.183,7645,3,0x3f2;0x3f3;0x3fd,0,187
2026-06-02T15:00:24.384,7646,3,0x3fc;0x3f2;0x3fd,0,216
2026-06-02T15:00:24.384,7647,4,0x3fc;0x3f2;0x3f3;0x3fd,0,242
2026-06-02T15:00:24.589,7648,5,0x3fc;0x3f2;0x3f3;0x3fd;0x410,1,388
2026-06-02T15:00:24.589,7649,4,0x3fc;0x3f2;0x3f3;0x3fd,0,228
2026-06-02T15:00:24.791,7650,3,0x3f2;0x3f3;0x3fd,0,182
2026-06-02T15:00:24.791,7651,3,0x3fc;0x3f2;0x3fd,0,288
2026-06-02T15:00:24.791,7652,4,0x3fc;0x3f2;0x3f3;0x3fd,0,283
2026-06-02T15:00:24.994,7653,4,0x3fc;0x3f2;0x3f3;0x3fd,0,312
2026-06-02T15:00:24.994,7654,4,0x3fc;0x3f2;0x3f3;0x3fd,0,292
2026-06-02T15:00:25.197,7655,4,0x3fc;0x3f2;0x3f3;0x3fd,0,281
2026-06-02T15:00:25.197,7656,4,0x3fc;0x3f2;0x3f3;0x3fd,0,248
2026-06-02T15:00:25.400,7657,4,0x3fc;0x3f2;0x3f3;0x3fd,0,220
2026-06-02T15:00:25.400,7658,3,0x3f2;0x3f3;0x3fd,0,181
2026-06-02T15:00:25.604,7659,3,0x3fc;0x3f2;0x3fd,0,208
2026-06-02T15:00:25.604,7660,4,0x3fc;0x3f2;0x3f3;0x3fd,0,313
2026-06-02T15:00:25.604,7661,4,0x3fc;0x3f2;0x3f3;0x3fd,0,237
2026-06-02T15:00:25.806,7662,4,0x3fc;0x3f2;0x3f3;0x3fd,0,338
2026-06-02T15:00:25.806,7663,4,0x3fc;0x3f2;0x3f3;0x3fd,0,272
2026-06-02T15:00:26.009,7664,5,0x3fc;0x3f2;0x3f3;0x3fd;0x410,1,406
2026-06-02T15:00:26.009,7665,4,0x3fc;0x3f2;0x3f3;0x3fd,0,486
2026-06-02T15:00:26.211,7666,4,0x3fc;0x3f2;0x3f3;0x3fd,0,578
2026-06-02T15:00:26.211,7667,4,0x3fc;0x3f2;0x3f3;0x3fd,0,282
2026-06-02T15:00:26.414,7668,4,0x3fc;0x3f2;0x3f3;0x3fd,0,244
2026-06-02T15:00:26.414,7669,4,0x3fc;0x3f2;0x3f3;0x3fd,0,252
2026-06-02T15:00:26.414,7670,4,0x3fc;0x3f2;0x3f3;0x3fd,0,253
2026-06-02T15:00:26.617,7671,4,0x3fc;0x3f2;0x3f3;0x3fd,0,325
2026-06-02T15:00:26.617,7672,4,0x3fc;0x3f2;0x3f3;0x3fd,0,302
2026-06-02T15:00:26.820,7673,4,0x3fc;0x3f2;0x3f3;0x3fd,0,450
2026-06-02T15:00:26.820,7674,4,0x3fc;0x3f2;0x3f3;0x3fd,0,253
2026-06-02T15:00:27.022,7675,4,0x3fc;0x3f2;0x3f3;0x3fd,0,306
2026-06-02T15:00:27.022,7676,4,0x3fc;0x3f2;0x3f3;0x3fd,0,252
2026-06-02T15:00:27.227,7677,4,0x3fc;0x3f2;0x3f3;0x3fd,0,292
2026-06-02T15:00:27.227,7678,4,0x3fc;0x3f2;0x3f3;0x3fd,0,274
2026-06-02T15:00:27.227,7679,4,0x3fc;0x3f2;0x3f3;0x3fd,0,231
2026-06-02T15:00:27.430,7680,5,0x3fc;0x3f2;0x3f3;0x3fd;0x410,1,370
2026-06-02T15:00:27.430,7681,4,0x3fc;0x3f2;0x3f3;0x3fd,0,234
2026-06-02T15:00:27.631,7682,4,0x3fc;0x3f2;0x3f3;0x3fd,0,275
2026-06-02T15:00:27.631,7683,4,0x3fc;0x3f2;0x3f3;0x3fd,0,232
2026-06-02T15:00:27.836,7684,4,0x3fc;0x3f2;0x3f3;0x3fd,0,274
2026-06-02T15:00:27.836,7685,4,0x3fc;0x3f2;0x3f3;0x3fd,0,280
2026-06-02T15:00:28.037,7686,4,0x3fc;0x3f2;0x3f3;0x3fd,0,248
2026-06-02T15:00:28.037,7687,4,0x3fc;0x3f2;0x3f3;0x3fd,0,260
2026-06-02T15:00:28.037,7688,3,0x3f2;0x3f3;0x3fd,0,186
2026-06-02T15:00:28.240,7689,3,0x3fc;0x3f2;0x3fd,0,240
2026-06-02T15:00:28.240,7690,3,0x3f2;0x3f3;0x3fd,0,185
2026-06-02T15:00:28.441,7691,3,0x3fc;0x3f2;0x3fd,0,224
2026-06-02T15:00:28.441,7692,4,0x3fc;0x3f2;0x3f3;0x3fd,0,235
2026-06-02T15:00:28.643,7693,4,0x3fc;0x3f2;0x3f3;0x3fd,0,283
2026-06-02T15:00:28.643,7694,3,0x3f2;0x3f3;0x3fd,0,189
2026-06-02T15:00:28.844,7695,2,0x3f2;0x3fd,0,172
2026-06-02T15:00:28.844,7696,3,0x3f2;0x3fd;0x410,1,316
2026-06-02T15:00:28.844,7697,3,0x3fc;0x3f2;0x3fd,0,224
2026-06-02T15:00:29.044,7698,3,0x3f2;0x3f3;0x3fd,0,183
2026-06-02T15:00:29.044,7699,3,0x3fc;0x3f2;0x3fd,0,216
2026-06-02T15:00:29.259,7700,4,0x3fc;0x3f2;0x3f3;0x3fd,0,218
2026-06-02T15:00:29.259,7701,3,0x3f2;0x3f3;0x3fd,0,181
2026-06-02T15:00:29.461,7702,3,0x3fc;0x3f2;0x3fd,0,280
2026-06-02T15:00:29.461,7703,3,0x3f2;0x3f3;0x3fd,0,190
2026-06-02T15:00:29.665,7704,3,0x3fc;0x3f2;0x3fd,0,440
2026-06-02T15:00:29.665,7705,4,0x3fc;0x3f2;0x3f3;0x3fd,0,246
2026-06-02T15:00:29.665,7706,4,0x3fc;0x3f2;0x3f3;0x3fd,0,329
2026-06-02T15:00:29.868,7707,4,0x3fc;0x3f2;0x3f3;0x3fd,0,239
2026-06-02T15:00:29.868,7708,4,0x3fc;0x3f2;0x3f3;0x3fd,0,226
2026-06-02T15:00:30.070,7709,3,0x3f2;0x3f3;0x3fd,0,182
2026-06-02T15:00:30.070,7710,3,0x3fc;0x3f2;0x3fd,0,216
2026-06-02T15:00:30.272,7711,4,0x3fc;0x3f2;0x3f3;0x3fd,0,242
2026-06-02T15:00:30.272,7712,5,0x3fc;0x3f2;0x3f3;0x3fd;0x410,1,388
2026-06-02T15:00:30.487,7713,4,0x3fc;0x3f2;0x3f3;0x3fd,0,228
2026-06-02T15:00:30.487,7714,4,0x3fc;0x3f2;0x3f3;0x3fd,0,242
2026-06-02T15:00:30.487,7715,3,0x3f2;0x3f3;0x3fd,0,184
2026-06-02T15:00:30.687,7716,3,0x3fc;0x3f2;0x3fd,0,272
2026-06-02T15:00:30.687,7717,4,0x3fc;0x3f2;0x3f3;0x3fd,0,241
2026-06-02T15:00:30.888,7718,3,0x3f2;0x3f3;0x3fd,0,183
2026-06-02T15:00:30.888,7719,2,0x3f2;0x3fd,0,172
2026-06-02T15:00:31.090,7720,3,0x3fc;0x3f2;0x3fd,0,208
2026-06-02T15:00:31.090,7721,4,0x3fc;0x3f2;0x3f3;0x3fd,0,241
2026-06-02T15:00:31.090,7722,3,0x3f2;0x3f3;0x3fd,0,184
2026-06-02T15:00:31.291,7723,2,0x3f2;0x3fd,0,172
2026-06-02T15:00:31.291,7724,3,0x3fc;0x3f2;0x3fd,0,264
2026-06-02T15:00:31.492,7725,4,0x3fc;0x3f2;0x3f3;0x3fd,0,344
2026-06-02T15:00:31.492,7726,4,0x3fc;0x3f2;0x3f3;0x3fd,0,232
2026-06-02T15:00:31.694,7727,4,0x3fc;0x3f2;0x3f3;0x3fd,0,393
2026-06-02T15:00:31.694,7728,5,0x3fc;0x3f2;0x3f3;0x3fd;0x410,1,559
2026-06-02T15:00:31.897,7729,4,0x3fc;0x3f2;0x3f3;0x3fd,0,255
2026-06-02T15:00:31.897,7730,4,0x3fc;0x3f2;0x3f3;0x3fd,0,227
2026-06-02T15:00:31.897,7731,4,0x3fc;0x3f2;0x3f3;0x3fd,0,218
2026-06-02T15:00:32.098,7732,4,0x3fc;0x3f2;0x3f3;0x3fd,0,241
2026-06-02T15:00:32.098,7733,4,0x3fc;0x3f2;0x3f3;0x3fd,0,228
2026-06-02T15:00:32.301,7734,3,0x3f2;0x3f3;0x3fd,0,182
2026-06-02T15:00:32.301,7735,3,0x3fc;0x3f2;0x3fd,0,224
2026-06-02T15:00:32.504,7736,4,0x3fc;0x3f2;0x3f3;0x3fd,0,259
2026-06-02T15:00:32.504,7737,4,0x3fc;0x3f2;0x3f3;0x3fd,0,510
2026-06-02T15:00:32.708,7738,4,0x3fc;0x3f2;0x3f3;0x3fd,0,301
2026-06-02T15:00:32.708,7739,3,0x3f2;0x3f3;0x3fd,0,187
2026-06-02T15:00:32.708,7740,3,0x3fc;0x3f2;0x3fd,0,232
2026-06-02T15:00:32.911,7741,3,0x3f2;0x3f3;0x3fd,0,184
2026-06-02T15:00:32.911,7742,3,0x3fc;0x3f2;0x3fd,0,224
2026-06-02T15:00:33.114,7743,4,0x3fc;0x3f2;0x3f3;0x3fd,0,355
2026-06-02T15:00:33.114,7744,5,0x3fc;0x3f2;0x3f3;0x3fd;0x410,1,514
2026-06-02T15:00:33.315,7745,4,0x3fc;0x3f2;0x3f3;0x3fd,0,250
2026-06-02T15:00:33.315,7746,4,0x3fc;0x3f2;0x3f3;0x3fd,0,251
2026-06-02T15:00:33.517,7747,4,0x3fc;0x3f2;0x3f3;0x3fd,0,221
2026-06-02T15:00:33.517,7748,4,0x3fc;0x3f2;0x3f3;0x3fd,0,249
2026-06-02T15:00:33.517,7749,4,0x3fc;0x3f2;0x3f3;0x3fd,0,229
2026-06-02T15:00:33.718,7750,4,0x3fc;0x3f2;0x3f3;0x3fd,0,218
2026-06-02T15:00:33.718,7751,4,0x3fc;0x3f2;0x3f3;0x3fd,0,241
2026-06-02T15:00:33.921,7752,4,0x3fc;0x3f2;0x3f3;0x3fd,0,220
2026-06-02T15:00:33.921,7753,3,0x3f2;0x3f3;0x3fd,0,181
2026-06-02T15:00:34.123,7754,3,0x3fc;0x3f2;0x3fd,0,264
2026-06-02T15:00:34.123,7755,4,0x3fc;0x3f2;0x3f3;0x3fd,0,280
2026-06-02T15:00:34.327,7756,3,0x3f2;0x3f3;0x3fd,0,188
2026-06-02T15:00:34.327,7757,3,0x3fc;0x3f2;0x3fd,0,224
2026-06-02T15:00:34.327,7758,4,0x3fc;0x3f2;0x3f3;0x3fd,0,243
2026-06-02T15:00:34.529,7759,4,0x3fc;0x3f2;0x3f3;0x3fd,0,316
2026-06-02T15:00:34.730,7760,5,0x3fc;0x3f2;0x3f3;0x3fd;0x410,1,469
2026-06-02T15:00:34.730,7761,3,0x3f2;0x3f3;0x3fd,0,193
2026-06-02T15:00:34.730,7762,3,0x3fc;0x3f2;0x3fd,0,320
2026-06-02T15:00:34.932,7763,4,0x3fc;0x3f2;0x3f3;0x3fd,0,327
2026-06-02T15:00:34.932,7764,4,0x3fc;0x3f2;0x3f3;0x3fd,0,285
2026-06-02T15:00:35.134,7765,4,0x3fc;0x3f2;0x3f3;0x3fd,0,240
2026-06-02T15:00:35.134,7766,3,0x3f2;0x3f3;0x3fd,0,183
2026-06-02T15:00:35.134,7767,3,0x3fc;0x3f2;0x3fd,0,224
2026-06-02T15:00:35.336,7768,4,0x3fc;0x3f2;0x3f3;0x3fd,0,227
2026-06-02T15:00:35.336,7769,3,0x3f2;0x3f3;0x3fd,0,182
2026-06-02T15:00:35.539,7770,2,0x3f2;0x3fd,0,172
2026-06-02T15:00:35.539,7771,3,0x3fc;0x3f2;0x3fd,0,224
2026-06-02T15:00:35.741,7772,4,0x3fc;0x3f2;0x3f3;0x3fd,0,243
2026-06-02T15:00:35.741,7773,3,0x3f2;0x3f3;0x3fd,0,184
2026-06-02T15:00:35.955,7774,3,0x3fc;0x3f2;0x3fd,0,216
2026-06-02T15:00:35.955,7775,4,0x3fc;0x3f2;0x3f3;0x3fd,0,234
2026-06-02T15:00:36.157,7776,5,0x3fc;0x3f2;0x3f3;0x3fd;0x410,1,379
2026-06-02T15:00:36.157,7777,3,0x3f2;0x3f3;0x3fd,0,183
2026-06-02T15:00:36.157,7778,2,0x3f2;0x3fd,0,172
2026-06-02T15:00:36.360,7779,2,0x3f2;0x3fd,0,172
2026-06-02T15:00:36.360,7780,3,0x3fc;0x3f2;0x3fd,0,240
2026-06-02T15:00:36.562,7781,3,0x3f2;0x3f3;0x3fd,0,185
2026-06-02T15:00:36.562,7782,2,0x3f2;0x3fd,0,172
2026-06-02T15:00:36.764,7783,2,0x3f2;0x3fd,0,172
2026-06-02T15:00:36.764,7784,2,0x3f2;0x3fd,0,172
2026-06-02T15:00:36.764,7785,2,0x3f2;0x3fd,0,172
2026-06-02T15:00:36.969,7786,3,0x3fc;0x3f2;0x3fd,0,240
2026-06-02T15:00:36.969,7787,3,0x3f2;0x3f3;0x3fd,0,185
2026-06-02T15:00:37.170,7788,2,0x3f2;0x3fd,0,172
2026-06-02T15:00:37.170,7789,2,0x3f2;0x3fd,0,172
2026-06-02T15:00:37.374,7790,3,0x3fc;0x3f2;0x3fd,0,224
2026-06-02T15:00:37.374,7791,4,0x3fc;0x3f2;0x3f3;0x3fd,0,227
2026-06-02T15:00:37.575,7792,5,0x3fc;0x3f2;0x3f3;0x3fd;0x410,1,370
2026-06-02T15:00:37.575,7793,4,0x3fc;0x3f2;0x3f3;0x3fd,0,218
2026-06-02T15:00:37.575,7794,3,0x3f2;0x3f3;0x3fd,0,181
2026-06-02T15:00:37.778,7795,2,0x3f2;0x3fd,0,172
2026-06-02T15:00:37.778,7796,2,0x3f2;0x3fd,0,172
2026-06-02T15:00:37.981,7797,2,0x3f2;0x3fd,0,172
2026-06-02T15:00:37.981,7798,3,0x3fc;0x3f2;0x3fd,0,240
2026-06-02T15:00:38.184,7799,4,0x3fc;0x3f2;0x3f3;0x3fd,0,269
2026-06-02T15:00:38.184,7800,4,0x3fc;0x3f2;0x3f3;0x3fd,0,239
2026-06-02T15:00:38.388,7801,4,0x3fc;0x3f2;0x3f3;0x3fd,0,227
2026-06-02T15:00:38.388,7802,4,0x3fc;0x3f2;0x3f3;0x3fd,0,274
2026-06-02T15:00:38.388,7803,4,0x3fc;0x3f2;0x3f3;0x3fd,0,440
2026-06-02T15:00:38.591,7804,4,0x3fc;0x3f2;0x3f3;0x3fd,0,316
2026-06-02T15:00:38.591,7805,3,0x3f2;0x3f3;0x3fd,0,190
2026-06-02T15:00:38.792,7806,3,0x3fc;0x3f2;0x3fd,0,240
2026-06-02T15:00:38.792,7807,4,0x3fc;0x3f2;0x3f3;0x3fd,0,277
2026-06-02T15:00:38.994,7808,5,0x3fc;0x3f2;0x3f3;0x3fd;0x410,1,424
2026-06-02T15:00:38.994,7809,4,0x3fc;0x3f2;0x3f3;0x3fd,0,256
2026-06-02T15:00:39.194,7810,4,0x3fc;0x3f2;0x3f3;0x3fd,0,245
2026-06-02T15:00:39.194,7811,3,0x3f2;0x3f3;0x3fd,0,184
2026-06-02T15:00:39.194,7812,3,0x3fc;0x3f2;0x3fd,0,312
2026-06-02T15:00:39.396,7813,4,0x3fc;0x3f2;0x3f3;0x3fd,0,470
2026-06-02T15:00:39.396,7814,3,0x3f2;0x3f3;0x3fd,0,211
2026-06-02T15:00:39.597,7815,3,0x3fc;0x3f2;0x3fd,0,208
2026-06-02T15:00:39.597,7816,4,0x3fc;0x3f2;0x3f3;0x3fd,0,217
2026-06-02T15:00:39.800,7817,4,0x3fc;0x3f2;0x3f3;0x3fd,0,329
2026-06-02T15:00:39.800,7818,4,0x3fc;0x3f2;0x3f3;0x3fd,0,335
2026-06-02T15:00:40.002,7819,4,0x3fc;0x3f2;0x3f3;0x3fd,0,246
2026-06-02T15:00:40.002,7820,4,0x3fc;0x3f2;0x3f3;0x3fd,0,251
2026-06-02T15:00:40.002,7821,4,0x3fc;0x3f2;0x3f3;0x3fd,0,237
2026-06-02T15:00:40.217,7822,3,0x3f2;0x3f3;0x3fd,0,183
2026-06-02T15:00:40.217,7823,3,0x3fc;0x3f2;0x3fd,0,216
2026-06-02T15:00:40.420,7824,5,0x3fc;0x3f2;0x3f3;0x3fd;0x410,1,370
2026-06-02T15:00:40.420,7825,4,0x3fc;0x3f2;0x3f3;0x3fd,0,330
2026-06-02T15:00:40.625,7826,3,0x3f2;0x3f3;0x3fd,0,195
2026-06-02T15:00:40.625,7827,2,0x3f2;0x3fd,0,172
2026-06-02T15:00:40.625,7828,3,0x3fc;0x3f2;0x3fd,0,264
2026-06-02T15:00:40.827,7829,4,0x3fc;0x3f2;0x3f3;0x3fd,0,256
2026-06-02T15:00:40.827,7830,4,0x3fc;0x3f2;0x3f3;0x3fd,0,237
2026-06-02T15:00:41.029,7831,4,0x3fc;0x3f2;0x3f3;0x3fd,0,331
2026-06-02T15:00:41.029,7832,4,0x3fc;0x3f2;0x3f3;0x3fd,0,271
2026-06-02T15:00:41.232,7833,4,0x3fc;0x3f2;0x3f3;0x3fd,0,230
2026-06-02T15:00:41.232,7834,4,0x3fc;0x3f2;0x3f3;0x3fd,0,314
2026-06-02T15:00:41.447,7835,4,0x3fc;0x3f2;0x3f3;0x3fd,0,333
2026-06-02T15:00:41.447,7836,4,0x3fc;0x3f2;0x3f3;0x3fd,0,350
2026-06-02T15:00:41.447,7837,4,0x3fc;0x3f2;0x3f3;0x3fd,0,368
2026-06-02T15:00:41.651,7838,4,0x3fc;0x3f2;0x3f3;0x3fd,0,290
2026-06-02T15:00:41.651,7839,4,0x3fc;0x3f2;0x3f3;0x3fd,0,240
2026-06-02T15:00:41.855,7840,5,0x3fc;0x3f2;0x3f3;0x3fd;0x410,1,379
2026-06-02T15:00:41.855,7841,4,0x3fc;0x3f2;0x3f3;0x3fd,0,227
2026-06-02T15:00:42.070,7842,3,0x3f2;0x3f3;0x3fd,0,182
2026-06-02T15:00:42.070,7843,3,0x3fc;0x3f2;0x3fd,0,248
2026-06-02T15:00:42.070,7844,4,0x3fc;0x3f2;0x3f3;0x3fd,0,254
2026-06-02T15:00:42.272,7845,4,0x3fc;0x3f2;0x3f3;0x3fd,0,229
2026-06-02T15:00:42.272,7846,3,0x3f2;0x3f3;0x3fd,0,182
2026-06-02T15:00:42.475,7847,3,0x3fc;0x3f2;0x3fd,0,256
2026-06-02T15:00:42.475,7848,4,0x3fc;0x3f2;0x3f3;0x3fd,0,247
2026-06-02T15:00:42.677,7849,4,0x3fc;0x3f2;0x3f3;0x3fd,0,268
2026-06-02T15:00:42.677,7850,4,0x3fc;0x3f2;0x3f3;0x3fd,0,239
2026-06-02T15:00:42.879,7851,3,0x3f2;0x3f3;0x3fd,0,183
2026-06-02T15:00:42.879,7852,3,0x3fc;0x3f2;0x3fd,0,208
2026-06-02T15:00:42.879,7853,4,0x3fc;0x3f2;0x3f3;0x3fd,0,265
2026-06-02T15:00:43.081,7854,3,0x3f2;0x3f3;0x3fd,0,187
2026-06-02T15:00:43.081,7855,3,0x3fc;0x3f2;0x3fd,0,416
2026-06-02T15:00:43.284,7856,5,0x3fc;0x3f2;0x3f3;0x3fd;0x410,1,595
2026-06-02T15:00:43.285,7857,4,0x3fc;0x3f2;0x3f3;0x3fd,0,251
2026-06-02T15:00:43.488,7858,4,0x3fc;0x3f2;0x3f3;0x3fd,0,266
2026-06-02T15:00:43.488,7859,4,0x3fc;0x3f2;0x3f3;0x3fd,0,279
2026-06-02T15:00:43.704,7860,4,0x3fc;0x3f2;0x3f3;0x3fd,0,272
2026-06-02T15:00:43.704,7861,4,0x3fc;0x3f2;0x3f3;0x3fd,0,295
2026-06-02T15:00:43.704,7862,4,0x3fc;0x3f2;0x3f3;0x3fd,0,242
2026-06-02T15:00:43.907,7863,4,0x3fc;0x3f2;0x3f3;0x3fd,0,363
2026-06-02T15:00:43.907,7864,3,0x3f2;0x3f3;0x3fd,0,199
2026-06-02T15:00:44.109,7865,2,0x3f2;0x3fd,0,172
2026-06-02T15:00:44.109,7866,3,0x3fc;0x3f2;0x3fd,0,368
2026-06-02T15:00:44.312,7867,4,0x3fc;0x3f2;0x3f3;0x3fd,0,277
2026-06-02T15:00:44.312,7868,4,0x3fc;0x3f2;0x3f3;0x3fd,0,246
2026-06-02T15:00:44.514,7869,4,0x3fc;0x3f2;0x3f3;0x3fd,0,292
2026-06-02T15:00:44.514,7870,4,0x3fc;0x3f2;0x3f3;0x3fd,0,354
2026-06-02T15:00:44.514,7871,4,0x3fc;0x3f2;0x3f3;0x3fd,0,273
2026-06-02T15:00:44.715,7872,5,0x3fc;0x3f2;0x3f3;0x3fd;0x410,1,406
2026-06-02T15:00:44.715,7873,3,0x3f2;0x3f3;0x3fd,0,186
2026-06-02T15:00:44.919,7874,3,0x3fc;0x3f2;0x3fd,0,224
2026-06-02T15:00:44.919,7875,4,0x3fc;0x3f2;0x3f3;0x3fd,0,451
2026-06-02T15:00:45.125,7876,4,0x3fc;0x3f2;0x3f3;0x3fd,0,262
2026-06-02T15:00:45.125,7877,3,0x3f2;0x3f3;0x3fd,0,183
2026-06-02T15:00:45.125,7878,3,0x3fc;0x3f2;0x3fd,0,216
2026-06-02T15:00:45.330,7879,4,0x3fc;0x3f2;0x3f3;0x3fd,0,234
2026-06-02T15:00:45.330,7880,4,0x3fc;0x3f2;0x3f3;0x3fd,0,251
2026-06-02T15:00:45.531,7881,4,0x3fc;0x3f2;0x3f3;0x3fd,0,237
2026-06-02T15:00:45.531,7882,4,0x3fc;0x3f2;0x3f3;0x3fd,0,251
2026-06-02T15:00:45.734,7883,4,0x3fc;0x3f2;0x3f3;0x3fd,0,349
2026-06-02T15:00:45.734,7884,4,0x3fc;0x3f2;0x3f3;0x3fd,0,233
2026-06-02T15:00:45.936,7885,4,0x3fc;0x3f2;0x3f3;0x3fd,0,241
2026-06-02T15:00:45.936,7886,4,0x3fc;0x3f2;0x3f3;0x3fd,0,244
2026-06-02T15:00:45.936,7887,4,0x3fc;0x3f2;0x3f3;0x3fd,0,340
2026-06-02T15:00:46.140,7888,5,0x3fc;0x3f2;0x3f3;0x3fd;0x410,1,496
2026-06-02T15:00:46.140,7889,4,0x3fc;0x3f2;0x3f3;0x3fd,0,248
2026-06-02T15:00:46.342,7890,4,0x3fc;0x3f2;0x3f3;0x3fd,0,283
2026-06-02T15:00:46.342,7891,4,0x3fc;0x3f2;0x3f3;0x3fd,0,321
2026-06-02T15:00:46.545,7892,4,0x3fc;0x3f2;0x3f3;0x3fd,0,333
2026-06-02T15:00:46.545,7893,4,0x3fc;0x3f2;0x3f3;0x3fd,0,254
2026-06-02T15:00:46.749,7894,4,0x3fc;0x3f2;0x3f3;0x3fd,0,428
2026-06-02T15:00:46.749,7895,4,0x3fc;0x3f2;0x3f3;0x3fd,0,275
2026-06-02T15:00:46.749,7896,4,0x3fc;0x3f2;0x3f3;0x3fd,0,221
2026-06-02T15:00:46.952,7897,3,0x3f2;0x3f3;0x3fd,0,181
2026-06-02T15:00:46.952,7898,2,0x3f2;0x3fd,0,172
2026-06-02T15:00:47.154,7899,3,0x3fc;0x3f2;0x3fd,0,208
2026-06-02T15:00:47.154,7900,4,0x3fc;0x3f2;0x3f3;0x3fd,0,273
2026-06-02T15:00:47.357,7901,4,0x3fc;0x3f2;0x3f3;0x3fd,0,248
2026-06-02T15:00:47.357,7902,4,0x3fc;0x3f2;0x3f3;0x3fd,0,596
2026-06-02T15:00:47.559,7903,4,0x3fc;0x3f2;0x3f3;0x3fd,0,280
2026-06-02T15:00:47.559,7904,5,0x3fc;0x3f2;0x3f3;0x3fd;0x410,1,379
2026-06-02T15:00:47.559,7905,3,0x3f2;0x3f3;0x3fd,0,183
2026-06-02T15:00:47.760,7906,3,0x3fc;0x3f2;0x3fd,0,384
2026-06-02T15:00:47.760,7907,4,0x3fc;0x3f2;0x3f3;0x3fd,0,343
2026-06-02T15:00:47.961,7908,4,0x3fc;0x3f2;0x3f3;0x3fd,0,262
2026-06-02T15:00:47.961,7909,4,0x3fc;0x3f2;0x3f3;0x3fd,0,277
2026-06-02T15:00:48.165,7910,4,0x3fc;0x3f2;0x3f3;0x3fd,0,256
2026-06-02T15:00:48.165,7911,4,0x3fc;0x3f2;0x3f3;0x3fd,0,365
2026-06-02T15:00:48.366,7912,4,0x3fc;0x3f2;0x3f3;0x3fd,0,251
2026-06-02T15:00:48.366,7913,4,0x3fc;0x3f2;0x3f3;0x3fd,0,411
2026-06-02T15:00:48.579,7914,4,0x3fc;0x3f2;0x3f3;0x3fd,0,273
2026-06-02T15:00:48.579,7915,4,0x3fc;0x3f2;0x3f3;0x3fd,0,685
2026-06-02T15:00:48.579,7916,4,0x3fc;0x3f2;0x3f3;0x3fd,0,291
2026-06-02T15:00:48.784,7917,4,0x3fc;0x3f2;0x3f3;0x3fd,0,307
2026-06-02T15:00:48.784,7918,4,0x3fc;0x3f2;0x3f3;0x3fd,0,252
2026-06-02T15:00:48.987,7919,4,0x3fc;0x3f2;0x3f3;0x3fd,0,228
2026-06-02T15:00:48.987,7920,5,0x3fc;0x3f2;0x3f3;0x3fd;0x410,1,370
2026-06-02T15:00:49.190,7921,3,0x3f2;0x3f3;0x3fd,0,182
2026-06-02T15:00:49.190,7922,2,0x3f2;0x3fd,0,172
2026-06-02T15:00:49.190,7923,3,0x3fc;0x3f2;0x3fd,0,232
2026-06-02T15:00:49.392,7924,3,0x3f2;0x3f3;0x3fd,0,184
2026-06-02T15:00:49.392,7925,3,0x3fc;0x3f2;0x3fd,0,224
2026-06-02T15:00:49.594,7926,4,0x3fc;0x3f2;0x3f3;0x3fd,0,235
2026-06-02T15:00:49.594,7927,4,0x3fc;0x3f2;0x3f3;0x3fd,0,291
2026-06-02T15:00:49.797,7928,4,0x3fc;0x3f2;0x3f3;0x3fd,0,362
2026-06-02T15:00:49.797,7929,4,0x3fc;0x3f2;0x3f3;0x3fd,0,258
2026-06-02T15:00:50.000,7930,3,0x3f2;0x3f3;0x3fd,0,184
2026-06-02T15:00:50.000,7931,2,0x3f2;0x3fd,0,172
2026-06-02T15:00:50.000,7932,3,0x3fc;0x3f2;0x3fd,0,280
2026-06-02T15:00:50.202,7933,3,0x3f2;0x3f3;0x3fd,0,190
2026-06-02T15:00:50.202,7934,3,0x3fc;0x3f2;0x3fd,0,216
2026-06-02T15:00:50.404,7935,4,0x3fc;0x3f2;0x3f3;0x3fd,0,234
2026-06-02T15:00:50.404,7936,5,0x3fc;0x3f2;0x3f3;0x3fd;0x410,1,379
2026-06-02T15:00:50.605,7937,4,0x3fc;0x3f2;0x3f3;0x3fd,0,251
2026-06-02T15:00:50.605,7938,4,0x3fc;0x3f2;0x3f3;0x3fd,0,293
2026-06-02T15:00:50.810,7939,4,0x3fc;0x3f2;0x3f3;0x3fd,0,346
2026-06-02T15:00:50.810,7940,4,0x3fc;0x3f2;0x3f3;0x3fd,0,328
2026-06-02T15:00:50.810,7941,4,0x3fc;0x3f2;0x3f3;0x3fd,0,357
2026-06-02T15:00:51.013,7942,4,0x3fc;0x3f2;0x3f3;0x3fd,0,233
2026-06-02T15:00:51.013,7943,3,0x3f2;0x3f3;0x3fd,0,181
2026-06-02T15:00:51.214,7944,3,0x3fc;0x3f2;0x3fd,0,224
2026-06-02T15:00:51.214,7945,4,0x3fc;0x3f2;0x3f3;0x3fd,0,243
2026-06-02T15:00:51.417,7946,4,0x3fc;0x3f2;0x3f3;0x3fd,0,260
2026-06-02T15:00:51.417,7947,4,0x3fc;0x3f2;0x3f3;0x3fd,0,350
2026-06-02T15:00:51.621,7948,4,0x3fc;0x3f2;0x3f3;0x3fd,0,273
2026-06-02T15:00:51.621,7949,4,0x3fc;0x3f2;0x3f3;0x3fd,0,246
2026-06-02T15:00:51.621,7950,4,0x3fc;0x3f2;0x3f3;0x3fd,0,220
2026-06-02T15:00:51.824,7951,4,0x3fc;0x3f2;0x3f3;0x3fd,0,273
2026-06-02T15:00:51.824,7952,5,0x3fc;0x3f2;0x3f3;0x3fd;0x410,1,424
2026-06-02T15:00:52.039,7953,4,0x3fc;0x3f2;0x3f3;0x3fd,0,240
2026-06-02T15:00:52.039,7954,4,0x3fc;0x3f2;0x3f3;0x3fd,0,331
2026-06-02T15:00:52.242,7955,4,0x3fc;0x3f2;0x3f3;0x3fd,0,295
2026-06-02T15:00:52.242,7956,4,0x3fc;0x3f2;0x3f3;0x3fd,0,313
2026-06-02T15:00:52.445,7957,4,0x3fc;0x3f2;0x3f3;0x3fd,0,468
2026-06-02T15:00:52.445,7958,4,0x3fc;0x3f2;0x3f3;0x3fd,0,247
2026-06-02T15:00:52.445,7959,4,0x3fc;0x3f2;0x3f3;0x3fd,0,225
2026-06-02T15:00:52.649,7960,4,0x3fc;0x3f2;0x3f3;0x3fd,0,226
2026-06-02T15:00:52.649,7961,4,0x3fc;0x3f2;0x3f3;0x3fd,0,226
2026-06-02T15:00:52.852,7962,3,0x3f2;0x3f3;0x3fd,0,182
2026-06-02T15:00:52.853,7963,3,0x3fc;0x3f2;0x3fd,0,208
2026-06-02T15:00:53.055,7964,4,0x3fc;0x3f2;0x3f3;0x3fd,0,361
2026-06-02T15:00:53.055,7965,4,0x3fc;0x3f2;0x3f3;0x3fd,0,395
2026-06-02T15:00:53.055,7966,3,0x3f2;0x3f3;0x3fd,0,201
2026-06-02T15:00:53.257,7967,3,0x3fc;0x3f2;0x3fd,0,240
2026-06-02T15:00:53.461,7968,5,0x3fc;0x3f2;0x3f3;0x3fd;0x410,1,397
2026-06-02T15:00:53.461,7969,4,0x3fc;0x3f2;0x3f3;0x3fd,0,229
2026-06-02T15:00:53.461,7970,4,0x3fc;0x3f2;0x3f3;0x3fd,0,266
2026-06-02T15:00:53.664,7971,3,0x3f2;0x3f3;0x3fd,0,187
2026-06-02T15:00:53.664,7972,3,0x3fc;0x3f2;0x3fd,0,216
2026-06-02T15:00:53.866,7973,4,0x3fc;0x3f2;0x3f3;0x3fd,0,418
2026-06-02T15:00:53.866,7974,4,0x3fc;0x3f2;0x3f3;0x3fd,0,362
2026-06-02T15:00:53.866,7975,4,0x3fc;0x3f2;0x3f3;0x3fd,0,312
2026-06-02T15:00:54.069,7976,4,0x3fc;0x3f2;0x3f3;0x3fd,0,339
2026-06-02T15:00:54.069,7977,4,0x3fc;0x3f2;0x3f3;0x3fd,0,335
2026-06-02T15:00:54.271,7978,4,0x3fc;0x3f2;0x3f3;0x3fd,0,230
2026-06-02T15:00:54.271,7979,3,0x3f2;0x3f3;0x3fd,0,181
2026-06-02T15:00:54.471,7980,3,0x3fc;0x3f2;0x3fd,0,224
2026-06-02T15:00:54.471,7981,4,0x3fc;0x3f2;0x3f3;0x3fd,0,251
2026-06-02T15:00:54.687,7982,4,0x3fc;0x3f2;0x3f3;0x3fd,0,293
2026-06-02T15:00:54.687,7983,4,0x3fc;0x3f2;0x3f3;0x3fd,0,290
2026-06-02T15:00:54.890,7984,5,0x3fc;0x3f2;0x3f3;0x3fd;0x410,1,433
2026-06-02T15:00:54.890,7985,4,0x3fc;0x3f2;0x3f3;0x3fd,0,241
2026-06-02T15:00:54.890,7986,4,0x3fc;0x3f2;0x3f3;0x3fd,0,451
2026-06-02T15:00:55.093,7987,4,0x3fc;0x3f2;0x3f3;0x3fd,0,278
2026-06-02T15:00:55.093,7988,4,0x3fc;0x3f2;0x3f3;0x3fd,0,301
2026-06-02T15:00:55.295,7989,4,0x3fc;0x3f2;0x3f3;0x3fd,0,235
2026-06-02T15:00:55.295,7990,4,0x3fc;0x3f2;0x3f3;0x3fd,0,234
2026-06-02T15:00:55.295,7991,3,0x3f2;0x3f3;0x3fd,0,183
2026-06-02T15:00:55.510,7992,3,0x3fc;0x3f2;0x3fd,0,224
2026-06-02T15:00:55.512,7993,3,0x3f2;0x3f3;0x3fd,0,183
2026-06-02T15:00:55.725,7994,3,0x3fc;0x3f2;0x3fd,0,216
2026-06-02T15:00:55.725,7995,4,0x3fc;0x3f2;0x3f3;0x3fd,0,250
2026-06-02T15:00:55.929,7996,4,0x3fc;0x3f2;0x3f3;0x3fd,0,469
2026-06-02T15:00:55.929,7997,4,0x3fc;0x3f2;0x3f3;0x3fd,0,648
2026-06-02T15:00:55.929,7998,4,0x3fc;0x3f2;0x3f3;0x3fd,0,403
2026-06-02T15:00:56.132,7999,4,0x3fc;0x3f2;0x3f3;0x3fd,0,306
2026-06-02T15:00:56.334,8000,5,0x3fc;0x3f2;0x3f3;0x3fd;0x410,1,442
2026-06-02T15:00:56.334,8001,4,0x3fc;0x3f2;0x3f3;0x3fd,0,258
2026-06-02T15:00:56.334,8002,4,0x3fc;0x3f2;0x3f3;0x3fd,0,237
2026-06-02T15:00:56.536,8003,4,0x3fc;0x3f2;0x3f3;0x3fd,0,235
2026-06-02T15:00:56.536,8004,4,0x3fc;0x3f2;0x3f3;0x3fd,0,371
2026-06-02T15:00:56.739,8005,4,0x3fc;0x3f2;0x3f3;0x3fd,0,252
2026-06-02T15:00:56.739,8006,4,0x3fc;0x3f2;0x3f3;0x3fd,0,499
2026-06-02T15:00:56.739,8007,4,0x3fc;0x3f2;0x3f3;0x3fd,0,436
2026-06-02T15:00:56.941,8008,4,0x3fc;0x3f2;0x3f3;0x3fd,0,832
2026-06-02T15:00:56.941,8009,4,0x3fc;0x3f2;0x3f3;0x3fd,0,1123
2026-06-02T15:00:57.146,8010,3,0x3f2;0x3f3;0x3fd,0,285
2026-06-02T15:00:57.146,8011,3,0x3fc;0x3f2;0x3fd,0,232
2026-06-02T15:00:57.347,8012,4,0x3fc;0x3f2;0x3f3;0x3fd,0,244
2026-06-02T15:00:57.347,8013,4,0x3fc;0x3f2;0x3f3;0x3fd,0,340
2026-06-02T15:00:57.550,8014,4,0x3fc;0x3f2;0x3f3;0x3fd,0,328
2026-06-02T15:00:57.550,8015,4,0x3fc;0x3f2;0x3f3;0x3fd,0,525
2026-06-02T15:00:57.754,8016,5,0x3fc;0x3f2;0x3f3;0x3fd;0x410,1,694
2026-06-02T15:00:57.754,8017,4,0x3fc;0x3f2;0x3f3;0x3fd,0,350
2026-06-02T15:00:57.754,8018,4,0x3fc;0x3f2;0x3f3;0x3fd,0,253
2026-06-02T15:00:57.956,8019,4,0x3fc;0x3f2;0x3f3;0x3fd,0,364
2026-06-02T15:00:57.956,8020,4,0x3fc;0x3f2;0x3f3;0x3fd,0,387
2026-06-02T15:00:58.158,8021,4,0x3fc;0x3f2;0x3f3;0x3fd,0,268
2026-06-02T15:00:58.158,8022,4,0x3fc;0x3f2;0x3f3;0x3fd,0,277
2026-06-02T15:00:58.359,8023,4,0x3fc;0x3f2;0x3f3;0x3fd,0,544
2026-06-02T15:00:58.359,8024,4,0x3fc;0x3f2;0x3f3;0x3fd,0,305
2026-06-02T15:00:58.359,8025,4,0x3fc;0x3f2;0x3f3;0x3fd,0,263
2026-06-02T15:00:58.562,8026,4,0x3fc;0x3f2;0x3f3;0x3fd,0,342
2026-06-02T15:00:58.562,8027,4,0x3fc;0x3f2;0x3f3;0x3fd,0,320
2026-06-02T15:00:58.764,8028,4,0x3fc;0x3f2;0x3f3;0x3fd,0,284
2026-06-02T15:00:58.764,8029,4,0x3fc;0x3f2;0x3f3;0x3fd,0,312
2026-06-02T15:00:58.966,8030,4,0x3fc;0x3f2;0x3f3;0x3fd,0,260
2026-06-02T15:00:58.966,8031,3,0x3f2;0x3f3;0x3fd,0,185
2026-06-02T15:00:59.168,8032,3,0x3f2;0x3fd;0x410,1,316
2026-06-02T15:00:59.168,8033,3,0x3fc;0x3f2;0x3fd,0,400
2026-06-02T15:00:59.168,8034,4,0x3fc;0x3f2;0x3f3;0x3fd,0,353
2026-06-02T15:00:59.371,8035,4,0x3fc;0x3f2;0x3f3;0x3fd,0,679
2026-06-02T15:00:59.371,8036,4,0x3fc;0x3f2;0x3f3;0x3fd,0,545
2026-06-02T15:00:59.573,8037,4,0x3fc;0x3f2;0x3f3;0x3fd,0,459
2026-06-02T15:00:59.573,8038,4,0x3fc;0x3f2;0x3f3;0x3fd,0,451
2026-06-02T15:00:59.776,8039,4,0x3fc;0x3f2;0x3f3;0x3fd,0,379
2026-06-02T15:00:59.776,8040,4,0x3fc;0x3f2;0x3f3;0x3fd,0,474
2026-06-02T15:00:59.979,8041,4,0x3fc;0x3f2;0x3f3;0x3fd,0,1103
2026-06-02T15:00:59.979,8042,3,0x3f2;0x3f3;0x3fd,0,288
2026-06-02T15:01:00.182,8043,3,0x3fc;0x3f2;0x3fd,0,640
2026-06-02T15:01:00.182,8044,4,0x3fc;0x3f2;0x3f3;0x3fd,0,375
2026-06-02T15:01:00.182,8045,4,0x3fc;0x3f2;0x3f3;0x3fd,0,278
2026-06-02T15:01:00.384,8046,4,0x3fc;0x3f2;0x3f3;0x3fd,0,295
2026-06-02T15:01:00.384,8047,4,0x3fc;0x3f2;0x3f3;0x3fd,0,250
2026-06-02T15:01:00.587,8048,5,0x3fc;0x3f2;0x3f3;0x3fd;0x410,1,388
2026-06-02T15:01:00.588,8049,4,0x3fc;0x3f2;0x3f3;0x3fd,0,284
2026-06-02T15:01:00.789,8050,4,0x3fc;0x3f2;0x3f3;0x3fd,0,225
2026-06-02T15:01:00.789,8051,4,0x3fc;0x3f2;0x3f3;0x3fd,0,513
2026-06-02T15:01:00.789,8052,4,0x3fc;0x3f2;0x3f3;0x3fd,0,318
2026-06-02T15:01:00.993,8053,4,0x3fc;0x3f2;0x3f3;0x3fd,0,233
2026-06-02T15:01:00.993,8054,4,0x3fc;0x3f2;0x3f3;0x3fd,0,258
2026-06-02T15:01:01.195,8055,4,0x3fc;0x3f2;0x3f3;0x3fd,0,222
2026-06-02T15:01:01.195,8056,4,0x3fc;0x3f2;0x3f3;0x3fd,0,313
2026-06-02T15:01:01.397,8057,4,0x3fc;0x3f2;0x3f3;0x3fd,0,229
2026-06-02T15:01:01.397,8058,4,0x3fc;0x3f2;0x3f3;0x3fd,0,265
2026-06-02T15:01:01.613,8059,4,0x3fc;0x3f2;0x3f3;0x3fd,0,223
2026-06-02T15:01:01.613,8060,4,0x3fc;0x3f2;0x3f3;0x3fd,0,289
2026-06-02T15:01:01.613,8061,4,0x3fc;0x3f2;0x3f3;0x3fd,0,330
2026-06-02T15:01:01.816,8062,3,0x3f2;0x3f3;0x3fd,0,194
2026-06-02T15:01:01.816,8063,3,0x3fc;0x3f2;0x3fd,0,216
2026-06-02T15:01:02.019,8064,5,0x3fc;0x3f2;0x3f3;0x3fd;0x410,1,370
2026-06-02T15:01:02.019,8065,4,0x3fc;0x3f2;0x3f3;0x3fd,0,234
2026-06-02T15:01:02.222,8066,3,0x3f2;0x3f3;0x3fd,0,183
2026-06-02T15:01:02.222,8067,2,0x3f2;0x3fd,0,172
2026-06-02T15:01:02.222,8068,2,0x3f2;0x3fd,0,172
2026-06-02T15:01:02.426,8069,2,0x3f2;0x3fd,0,172
2026-06-02T15:01:02.426,8070,2,0x3f2;0x3fd,0,172
2026-06-02T15:01:02.629,8071,2,0x3f2;0x3fd,0,172
2026-06-02T15:01:02.629,8072,2,0x3f2;0x3fd,0,172
2026-06-02T15:01:02.833,8073,3,0x3fc;0x3f2;0x3fd,0,208
2026-06-02T15:01:02.833,8074,3,0x3f2;0x3f3;0x3fd,0,181
2026-06-02T15:01:03.035,8075,3,0x3fc;0x3f2;0x3fd,0,256
2026-06-02T15:01:03.035,8076,3,0x3f2;0x3f3;0x3fd,0,187
2026-06-02T15:01:03.035,8077,2,0x3f2;0x3fd,0,172
2026-06-02T15:01:03.235,8078,3,0x3fc;0x3f2;0x3fd,0,312
2026-06-02T15:01:03.235,8079,4,0x3fc;0x3f2;0x3f3;0x3fd,0,230
2026-06-02T15:01:03.450,8080,5,0x3fc;0x3f2;0x3f3;0x3fd;0x410,1,361
2026-06-02T15:01:03.450,8081,3,0x3f2;0x3f3;0x3fd,0,181
2026-06-02T15:01:03.664,8082,2,0x3f2;0x3fd,0,172
2026-06-02T15:01:03.664,8083,3,0x3fc;0x3f2;0x3fd,0,232
2026-06-02T15:01:03.664,8084,4,0x3fc;0x3f2;0x3f3;0x3fd,0,236
2026-06-02T15:01:03.867,8085,4,0x3fc;0x3f2;0x3f3;0x3fd,0,219
2026-06-02T15:01:03.867,8086,3,0x3f2;0x3f3;0x3fd,0,181
2026-06-02T15:01:04.072,8087,2,0x3f2;0x3fd,0,172
2026-06-02T15:01:04.072,8088,3,0x3fc;0x3f2;0x3fd,0,328
2026-06-02T15:01:04.275,8089,4,0x3fc;0x3f2;0x3f3;0x3fd,0,400
2026-06-02T15:01:04.275,8090,4,0x3fc;0x3f2;0x3f3;0x3fd,0,342
2026-06-02T15:01:04.479,8091,4,0x3fc;0x3f2;0x3f3;0x3fd,0,230
2026-06-02T15:01:04.479,8092,4,0x3fc;0x3f2;0x3f3;0x3fd,0,217
2026-06-02T15:01:04.479,8093,4,0x3fc;0x3f2;0x3f3;0x3fd,0,225
2026-06-02T15:01:04.682,8094,4,0x3fc;0x3f2;0x3f3;0x3fd,0,218
2026-06-02T15:01:04.682,8095,3,0x3f2;0x3f3;0x3fd,0,181
2026-06-02T15:01:04.887,8096,3,0x3f2;0x3fd;0x410,1,316
2026-06-02T15:01:04.887,8097,2,0x3f2;0x3fd,0,172
2026-06-02T15:01:05.101,8098,3,0x3fc;0x3f2;0x3fd,0,208
2026-06-02T15:01:05.101,8099,4,0x3fc;0x3f2;0x3f3;0x3fd,0,217
2026-06-02T15:01:05.301,8100,4,0x3fc;0x3f2;0x3f3;0x3fd,0,217
2026-06-02T15:01:05.301,8101,3,0x3f2;0x3f3;0x3fd,0,181
2026-06-02T15:01:05.301,8102,3,0x3fc;0x3f2;0x3fd,0,216
2026-06-02T15:01:05.502,8103,3,0x3f2;0x3f3;0x3fd,0,182
2026-06-02T15:01:05.502,8104,2,0x3f2;0x3fd,0,172
2026-06-02T15:01:05.705,8105,2,0x3f2;0x3fd,0,172
2026-06-02T15:01:05.705,8106,3,0x3fc;0x3f2;0x3fd,0,296
2026-06-02T15:01:05.907,8107,4,0x3fc;0x3f2;0x3f3;0x3fd,0,236
2026-06-02T15:01:05.907,8108,3,0x3f2;0x3f3;0x3fd,0,182
2026-06-02T15:01:06.109,8109,2,0x3f2;0x3fd,0,172
2026-06-02T15:01:06.109,8110,2,0x3f2;0x3fd,0,172
2026-06-02T15:01:06.109,8111,2,0x3f2;0x3fd,0,172
2026-06-02T15:01:06.311,8112,3,0x3f2;0x3fd;0x410,1,316
2026-06-02T15:01:06.312,8113,2,0x3f2;0x3fd,0,172
2026-06-02T15:01:06.512,8114,3,0x3fc;0x3f2;0x3fd,0,208
2026-06-02T15:01:06.512,8115,3,0x3f2;0x3f3;0x3fd,0,181
2026-06-02T15:01:06.714,8116,2,0x3f2;0x3fd,0,172
2026-06-02T15:01:06.714,8117,3,0x3fc;0x3f2;0x3fd,0,264
2026-06-02T15:01:06.917,8118,4,0x3fc;0x3f2;0x3f3;0x3fd,0,224
2026-06-02T15:01:06.917,8119,4,0x3fc;0x3f2;0x3f3;0x3fd,0,217
2026-06-02T15:01:06.917,8120,4,0x3fc;0x3f2;0x3f3;0x3fd,0,217
2026-06-02T15:01:07.119,8121,4,0x3fc;0x3f2;0x3f3;0x3fd,0,217
2026-06-02T15:01:07.119,8122,3,0x3f2;0x3f3;0x3fd,0,181
2026-06-02T15:01:07.321,8123,2,0x3f2;0x3fd,0,172
2026-06-02T15:01:07.321,8124,3,0x3fc;0x3f2;0x3fd,0,208
2026-06-02T15:01:07.523,8125,3,0x3f2;0x3f3;0x3fd,0,181
2026-06-02T15:01:07.523,8126,2,0x3f2;0x3fd,0,172
2026-06-02T15:01:07.725,8127,3,0x3fc;0x3f2;0x3fd,0,256
2026-06-02T15:01:07.725,8128,5,0x3fc;0x3f2;0x3f3;0x3fd;0x410,1,415
2026-06-02T15:01:07.725,8129,3,0x3f2;0x3f3;0x3fd,0,187
2026-06-02T15:01:07.926,8130,2,0x3f2;0x3fd,0,172
2026-06-02T15:01:07.926,8131,2,0x3f2;0x3fd,0,172
2026-06-02T15:01:08.127,8132,3,0x3fc;0x3f2;0x3fd,0,216
2026-06-02T15:01:08.127,8133,4,0x3fc;0x3f2;0x3f3;0x3fd,0,338
2026-06-02T15:01:08.328,8134,3,0x3f2;0x3f3;0x3fd,0,196
2026-06-02T15:01:08.328,8135,3,0x3fc;0x3f2;0x3fd,0,208
2026-06-02T15:01:08.529,8136,3,0x3f2;0x3f3;0x3fd,0,181
2026-06-02T15:01:08.529,8137,2,0x3f2;0x3fd,0,172
2026-06-02T15:01:08.529,8138,2,0x3f2;0x3fd,0,172
2026-06-02T15:01:08.731,8139,2,0x3f2;0x3fd,0,172
2026-06-02T15:01:08.731,8140,2,0x3f2;0x3fd,0,172
2026-06-02T15:01:08.932,8141,2,0x3f2;0x3fd,0,172
2026-06-02T15:01:08.932,8142,2,0x3f2;0x3fd,0,172
2026-06-02T15:01:09.136,8143,2,0x3f2;0x3fd,0,172
2026-06-02T15:01:09.136,8144,3,0x3f2;0x3fd;0x410,1,316
2026-06-02T15:01:09.339,8145,2,0x3f2;0x3fd,0,172
2026-06-02T15:01:09.339,8146,2,0x3f2;0x3fd,0,172
2026-06-02T15:01:09.339,8147,2,0x3f2;0x3fd,0,172
2026-06-02T15:01:09.541,8148,2,0x3f2;0x3fd,0,172
2026-06-02T15:01:09.541,8149,2,0x3f2;0x3fd,0,172
2026-06-02T15:01:09.745,8150,2,0x3f2;0x3fd,0,172
2026-06-02T15:01:09.745,8151,2,0x3f2;0x3fd,0,172
2026-06-02T15:01:09.949,8152,2,0x3f2;0x3fd,0,172
2026-06-02T15:01:09.949,8153,2,0x3f2;0x3fd,0,172
2026-06-02T15:01:10.152,8154,2,0x3f2;0x3fd,0,172
2026-06-02T15:01:10.152,8155,2,0x3f2;0x3fd,0,172
2026-06-02T15:01:10.152,8156,2,0x3f2;0x3fd,0,172
2026-06-02T15:01:10.353,8157,2,0x3f2;0x3fd,0,172
2026-06-02T15:01:10.353,8158,2,0x3f2;0x3fd,0,172
2026-06-02T15:01:10.554,8159,3,0x3fc;0x3f2;0x3fd,0,216
2026-06-02T15:01:10.554,8160,5,0x3fc;0x3f2;0x3f3;0x3fd;0x410,1,370
2026-06-02T15:01:10.759,8161,3,0x3f2;0x3f3;0x3fd,0,182
2026-06-02T15:01:10.759,8162,3,0x3fc;0x3f2;0x3fd,0,208
2026-06-02T15:01:10.960,8163,3,0x3f2;0x3f3;0x3fd,0,181
2026-06-02T15:01:10.960,8164,2,0x3f2;0x3fd,0,172
2026-06-02T15:01:10.960,8165,2,0x3f2;0x3fd,0,172
2026-06-02T15:01:11.162,8166,2,0x3f2;0x3fd,0,172
2026-06-02T15:01:11.162,8167,2,0x3f2;0x3fd,0,172
2026-06-02T15:01:11.366,8168,2,0x3f2;0x3fd,0,172
2026-06-02T15:01:11.366,8169,2,0x3f2;0x3fd,0,172
2026-06-02T15:01:11.570,8170,2,0x3f2;0x3fd,0,172
2026-06-02T15:01:11.570,8171,2,0x3f2;0x3fd,0,172
2026-06-02T15:01:11.785,8172,2,0x3f2;0x3fd,0,172
2026-06-02T15:01:11.785,8173,2,0x3f2;0x3fd,0,172
2026-06-02T15:01:11.785,8174,2,0x3f2;0x3fd,0,172
2026-06-02T15:01:11.989,8175,2,0x3f2;0x3fd,0,172
2026-06-02T15:01:11.989,8176,3,0x3f2;0x3fd;0x410,1,316
2026-06-02T15:01:12.192,8177,2,0x3f2;0x3fd,0,172
2026-06-02T15:01:12.192,8178,2,0x3f2;0x3fd,0,172
2026-06-02T15:01:12.393,8179,2,0x3f2;0x3fd,0,172
2026-06-02T15:01:12.393,8180,3,0x3fc;0x3f2;0x3fd,0,208
2026-06-02T15:01:12.609,8181,4,0x3fc;0x3f2;0x3f3;0x3fd,0,249
2026-06-02T15:01:12.609,8182,3,0x3f2;0x3f3;0x3fd,0,185
2026-06-02T15:01:12.609,8183,2,0x3f2;0x3fd,0,172
2026-06-02T15:01:12.811,8184,2,0x3f2;0x3fd,0,172
2026-06-02T15:01:12.811,8185,2,0x3f2;0x3fd,0,172
2026-06-02T15:01:13.013,8186,2,0x3f2;0x3fd,0,172
2026-06-02T15:01:13.013,8187,2,0x3f2;0x3fd,0,172
2026-06-02T15:01:13.214,8188,2,0x3f2;0x3fd,0,172
2026-06-02T15:01:13.214,8189,2,0x3f2;0x3fd,0,172
2026-06-02T15:01:13.214,8190,2,0x3f2;0x3fd,0,172
2026-06-02T15:01:13.415,8191,3,0x3fc;0x3f2;0x3fd,0,400
2026-06-02T15:01:13.616,8192,5,0x3fc;0x3f2;0x3f3;0x3fd;0x410,1,577
2026-06-02T15:01:13.616,8193,3,0x3f2;0x3f3;0x3fd,0,205
2026-06-02T15:01:13.616,8194,3,0x3fc;0x3f2;0x3fd,0,216
2026-06-02T15:01:13.818,8195,3,0x3f2;0x3f3;0x3fd,0,182
2026-06-02T15:01:13.818,8196,3,0x3fc;0x3f2;0x3fd,0,208
2026-06-02T15:01:14.019,8197,4,0x3fc;0x3f2;0x3f3;0x3fd,0,217
2026-06-02T15:01:14.019,8198,3,0x3f2;0x3f3;0x3fd,0,181
2026-06-02T15:01:14.019,8199,2,0x3f2;0x3fd,0,172
2026-06-02T15:01:14.221,8200,3,0x3fc;0x3f2;0x3fd,0,272
2026-06-02T15:01:14.221,8201,4,0x3fc;0x3f2;0x3f3;0x3fd,0,321
2026-06-02T15:01:14.424,8202,4,0x3fc;0x3f2;0x3f3;0x3fd,0,229
2026-06-02T15:01:14.424,8203,4,0x3fc;0x3f2;0x3f3;0x3fd,0,257
2026-06-02T15:01:14.625,8204,4,0x3fc;0x3f2;0x3f3;0x3fd,0,342
2026-06-02T15:01:14.625,8205,3,0x3f2;0x3f3;0x3fd,0,196
2026-06-02T15:01:14.829,8206,2,0x3f2;0x3fd,0,172
2026-06-02T15:01:14.829,8207,2,0x3f2;0x3fd,0,172
2026-06-02T15:01:15.031,8208,3,0x3f2;0x3fd;0x410,1,316
2026-06-02T15:01:15.031,8209,2,0x3f2;0x3fd,0,172
2026-06-02T15:01:15.031,8210,2,0x3f2;0x3fd,0,172
2026-06-02T15:01:15.232,8211,2,0x3f2;0x3fd,0,172
2026-06-02T15:01:15.232,8212,3,0x3fc;0x3f2;0x3fd,0,216
2026-06-02T15:01:15.434,8213,4,0x3fc;0x3f2;0x3f3;0x3fd,0,266
2026-06-02T15:01:15.434,8214,3,0x3f2;0x3f3;0x3fd,0,187
2026-06-02T15:01:15.635,8215,2,0x3f2;0x3fd,0,172
2026-06-02T15:01:15.635,8216,2,0x3f2;0x3fd,0,172
2026-06-02T15:01:15.635,8217,3,0x3fc;0x3f2;0x3fd,0,216
2026-06-02T15:01:15.837,8218,3,0x3f2;0x3f3;0x3fd,0,182
2026-06-02T15:01:15.837,8219,3,0x3fc;0x3f2;0x3fd,0,256
2026-06-02T15:01:16.039,8220,3,0x3f2;0x3f3;0x3fd,0,187
2026-06-02T15:01:16.039,8221,3,0x3fc;0x3f2;0x3fd,0,216
2026-06-02T15:01:16.244,8222,4,0x3fc;0x3f2;0x3f3;0x3fd,0,226
2026-06-02T15:01:16.244,8223,4,0x3fc;0x3f2;0x3f3;0x3fd,0,226
2026-06-02T15:01:16.445,8224,5,0x3fc;0x3f2;0x3f3;0x3fd;0x410,1,370
2026-06-02T15:01:16.445,8225,3,0x3f2;0x3f3;0x3fd,0,182
2026-06-02T15:01:16.445,8226,2,0x3f2;0x3fd,0,172
2026-06-02T15:01:16.646,8227,3,0x3fc;0x3f2;0x3fd,0,224
2026-06-02T15:01:16.646,8228,3,0x3f2;0x3f3;0x3fd,0,183
2026-06-02T15:01:16.850,8229,2,0x3f2;0x3fd,0,172
2026-06-02T15:01:16.850,8230,2,0x3f2;0x3fd,0,172
2026-06-02T15:01:17.052,8231,2,0x3f2;0x3fd,0,172
2026-06-02T15:01:17.052,8232,2,0x3f2;0x3fd,0,172
2026-06-02T15:01:17.254,8233,2,0x3f2;0x3fd,0,172
2026-06-02T15:01:17.254,8234,3,0x3fc;0x3f2;0x3fd,0,280
2026-06-02T15:01:17.254,8235,3,0x3f2;0x3f3;0x3fd,0,190
2026-06-02T15:01:17.459,8236,3,0x3fc;0x3f2;0x3fd,0,224
2026-06-02T15:01:17.459,8237,4,0x3fc;0x3f2;0x3f3;0x3fd,0,507
2026-06-02T15:01:17.660,8238,4,0x3fc;0x3f2;0x3f3;0x3fd,0,397
2026-06-02T15:01:17.660,8239,4,0x3fc;0x3f2;0x3f3;0x3fd,0,243
2026-06-02T15:01:17.860,8240,5,0x3fc;0x3f2;0x3f3;0x3fd;0x410,1,370
2026-06-02T15:01:17.860,8241,3,0x3f2;0x3f3;0x3fd,0,182
2026-06-02T15:01:18.062,8242,2,0x3f2;0x3fd,0,172
2026-06-02T15:01:18.062,8243,2,0x3f2;0x3fd,0,172
2026-06-02T15:01:18.062,8244,2,0x3f2;0x3fd,0,172
2026-06-02T15:01:18.264,8245,2,0x3f2;0x3fd,0,172
2026-06-02T15:01:18.264,8246,2,0x3f2;0x3fd,0,172
2026-06-02T15:01:18.465,8247,2,0x3f2;0x3fd,0,172
2026-06-02T15:01:18.465,8248,2,0x3f2;0x3fd,0,172
2026-06-02T15:01:18.667,8249,2,0x3f2;0x3fd,0,172
2026-06-02T15:01:18.667,8250,2,0x3f2;0x3fd,0,172
2026-06-02T15:01:18.867,8251,2,0x3f2;0x3fd,0,172
2026-06-02T15:01:18.867,8252,2,0x3f2;0x3fd,0,172
2026-06-02T15:01:19.071,8253,2,0x3f2;0x3fd,0,172
2026-06-02T15:01:19.071,8254,2,0x3f2;0x3fd,0,172
2026-06-02T15:01:19.071,8255,3,0x3fc;0x3f2;0x3fd,0,224
2026-06-02T15:01:19.272,8256,5,0x3fc;0x3f2;0x3f3;0x3fd;0x410,1,379
2026-06-02T15:01:19.272,8257,3,0x3f2;0x3f3;0x3fd,0,183
2026-06-02T15:01:19.476,8258,2,0x3f2;0x3fd,0,172
2026-06-02T15:01:19.476,8259,2,0x3f2;0x3fd,0,172
2026-06-02T15:01:19.679,8260,3,0x3fc;0x3f2;0x3fd,0,208
2026-06-02T15:01:19.679,8261,4,0x3fc;0x3f2;0x3f3;0x3fd,0,241
2026-06-02T15:01:19.882,8262,3,0x3f2;0x3f3;0x3fd,0,184
2026-06-02T15:01:19.882,8263,2,0x3f2;0x3fd,0,172
2026-06-02T15:01:19.882,8264,2,0x3f2;0x3fd,0,172
2026-06-02T15:01:20.084,8265,2,0x3f2;0x3fd,0,172
2026-06-02T15:01:20.084,8266,3,0x3fc;0x3f2;0x3fd,0,208
2026-06-02T15:01:20.287,8267,3,0x3f2;0x3f3;0x3fd,0,181
2026-06-02T15:01:20.287,8268,2,0x3f2;0x3fd,0,172
2026-06-02T15:01:20.488,8269,2,0x3f2;0x3fd,0,172
2026-06-02T15:01:20.488,8270,3,0x3fc;0x3f2;0x3fd,0,224
2026-06-02T15:01:20.689,8271,3,0x3f2;0x3f3;0x3fd,0,183
2026-06-02T15:01:20.689,8272,3,0x3f2;0x3fd;0x410,1,316
2026-06-02T15:01:20.689,8273,2,0x3f2;0x3fd,0,172
2026-06-02T15:01:20.892,8274,2,0x3f2;0x3fd,0,172
2026-06-02T15:01:20.892,8275,2,0x3f2;0x3fd,0,172
2026-06-02T15:01:21.094,8276,2,0x3f2;0x3fd,0,172
2026-06-02T15:01:21.094,8277,2,0x3f2;0x3fd,0,172
2026-06-02T15:01:21.297,8278,2,0x3f2;0x3fd,0,172
2026-06-02T15:01:21.297,8279,2,0x3f2;0x3fd,0,172
2026-06-02T15:01:21.499,8280,2,0x3f2;0x3fd,0,172
2026-06-02T15:01:21.499,8281,2,0x3f2;0x3fd,0,172
2026-06-02T15:01:21.499,8282,2,0x3f2;0x3fd,0,172
2026-06-02T15:01:21.703,8283,3,0x3fc;0x3f2;0x3fd,0,216
2026-06-02T15:01:21.704,8284,4,0x3fc;0x3f2;0x3f3;0x3fd,0,234
2026-06-02T15:01:21.905,8285,4,0x3fc;0x3f2;0x3f3;0x3fd,0,227
2026-06-02T15:01:21.905,8286,4,0x3fc;0x3f2;0x3f3;0x3fd,0,234
2026-06-02T15:01:22.106,8287,4,0x3fc;0x3f2;0x3f3;0x3fd,0,243
2026-06-02T15:01:22.106,8288,5,0x3fc;0x3f2;0x3f3;0x3fd;0x410,1,388
2026-06-02T15:01:22.309,8289,3,0x3f2;0x3f3;0x3fd,0,184
2026-06-02T15:01:22.309,8290,3,0x3fc;0x3f2;0x3fd,0,208
2026-06-02T15:01:22.309,8291,3,0x3f2;0x3f3;0x3fd,0,181
2026-06-02T15:01:22.515,8292,2,0x3f2;0x3fd,0,172
2026-06-02T15:01:22.515,8293,2,0x3f2;0x3fd,0,172
2026-06-02T15:01:22.730,8294,2,0x3f2;0x3fd,0,172
2026-06-02T15:01:22.730,8295,2,0x3f2;0x3fd,0,172
2026-06-02T15:01:22.933,8296,2,0x3f2;0x3fd,0,172
2026-06-02T15:01:22.933,8297,2,0x3f2;0x3fd,0,172
2026-06-02T15:01:22.933,8298,3,0x3fc;0x3f2;0x3fd,0,224
2026-06-02T15:01:23.137,8299,3,0x3f2;0x3f3;0x3fd,0,183
2026-06-02T15:01:23.137,8300,2,0x3f2;0x3fd,0,172
2026-06-02T15:01:23.339,8301,2,0x3f2;0x3fd,0,172
2026-06-02T15:01:23.339,8302,2,0x3f2;0x3fd,0,172
2026-06-02T15:01:23.552,8303,3,0x3fc;0x3f2;0x3fd,0,208
2026-06-02T15:01:23.552,8304,5,0x3fc;0x3f2;0x3f3;0x3fd;0x410,1,361
2026-06-02T15:01:23.755,8305,4,0x3fc;0x3f2;0x3f3;0x3fd,0,217
2026-06-02T15:01:23.755,8306,4,0x3fc;0x3f2;0x3f3;0x3fd,0,257
2026-06-02T15:01:23.755,8307,4,0x3fc;0x3f2;0x3f3;0x3fd,0,294
2026-06-02T15:01:23.957,8308,4,0x3fc;0x3f2;0x3f3;0x3fd,0,330
2026-06-02T15:01:23.957,8309,4,0x3fc;0x3f2;0x3f3;0x3fd,0,254
2026-06-02T15:01:24.160,8310,4,0x3fc;0x3f2;0x3f3;0x3fd,0,316
2026-06-02T15:01:24.160,8311,3,0x3f2;0x3f3;0x3fd,0,193
2026-06-02T15:01:24.362,8312,3,0x3fc;0x3f2;0x3fd,0,208
2026-06-02T15:01:24.362,8313,3,0x3f2;0x3f3;0x3fd,0,181
2026-06-02T15:01:24.362,8314,2,0x3f2;0x3fd,0,172
2026-06-02T15:01:24.564,8315,2,0x3f2;0x3fd,0,172
2026-06-02T15:01:24.564,8316,2,0x3f2;0x3fd,0,172
2026-06-02T15:01:24.769,8317,2,0x3f2;0x3fd,0,172
2026-06-02T15:01:24.769,8318,2,0x3f2;0x3fd,0,172
2026-06-02T15:01:24.971,8319,2,0x3f2;0x3fd,0,172
2026-06-02T15:01:24.971,8320,3,0x3f2;0x3fd;0x410,1,316
2026-06-02T15:01:25.186,8321,2,0x3f2;0x3fd,0,172
2026-06-02T15:01:25.186,8322,3,0x3fc;0x3f2;0x3fd,0,232
2026-06-02T15:01:25.186,8323,3,0x3f2;0x3f3;0x3fd,0,184
2026-06-02T15:01:25.389,8324,2,0x3f2;0x3fd,0,172
2026-06-02T15:01:25.389,8325,2,0x3f2;0x3fd,0,172
2026-06-02T15:01:25.590,8326,3,0x3fc;0x3f2;0x3fd,0,216
2026-06-02T15:01:25.590,8327,4,0x3fc;0x3f2;0x3f3;0x3fd,0,218
2026-06-02T15:01:25.792,8328,3,0x3f2;0x3f3;0x3fd,0,181
2026-06-02T15:01:25.792,8329,2,0x3f2;0x3fd,0,172
2026-06-02T15:01:26.007,8330,2,0x3f2;0x3fd,0,172
2026-06-02T15:01:26.007,8331,2,0x3f2;0x3fd,0,172
2026-06-02T15:01:26.007,8332,3,0x3fc;0x3f2;0x3fd,0,208
2026-06-02T15:01:26.211,8333,3,0x3f2;0x3f3;0x3fd,0,181
2026-06-02T15:01:26.211,8334,2,0x3f2;0x3fd,0,172
2026-06-02T15:01:26.414,8335,2,0x3f2;0x3fd,0,172
2026-06-02T15:01:26.414,8336,3,0x3f2;0x3fd;0x410,1,316
2026-06-02T15:01:26.614,8337,2,0x3f2;0x3fd,0,172
2026-06-02T15:01:26.614,8338,3,0x3fc;0x3f2;0x3fd,0,208
2026-06-02T15:01:26.614,8339,3,0x3f2;0x3f3;0x3fd,0,181
2026-06-02T15:01:26.815,8340,2,0x3f2;0x3fd,0,172
2026-06-02T15:01:26.815,8341,2,0x3f2;0x3fd,0,172
2026-06-02T15:01:27.018,8342,2,0x3f2;0x3fd,0,172
2026-06-02T15:01:27.018,8343,2,0x3f2;0x3fd,0,172
2026-06-02T15:01:27.221,8344,2,0x3f2;0x3fd,0,172
2026-06-02T15:01:27.221,8345,3,0x3fc;0x3f2;0x3fd,0,216
2026-06-02T15:01:27.423,8346,3,0x3f2;0x3f3;0x3fd,0,182
2026-06-02T15:01:27.423,8347,3,0x3fc;0x3f2;0x3fd,0,216
2026-06-02T15:01:27.423,8348,3,0x3f2;0x3f3;0x3fd,0,182
2026-06-02T15:01:27.625,8349,3,0x3fc;0x3f2;0x3fd,0,208
2026-06-02T15:01:27.625,8350,3,0x3f2;0x3f3;0x3fd,0,181
2026-06-02T15:01:27.827,8351,2,0x3f2;0x3fd,0,172
2026-06-02T15:01:27.827,8352,3,0x3f2;0x3fd;0x410,1,316
2026-06-02T15:01:28.029,8353,2,0x3f2;0x3fd,0,172
2026-06-02T15:01:28.029,8354,2,0x3f2;0x3fd,0,172
2026-06-02T15:01:28.231,8355,3,0x3fc;0x3f2;0x3fd,0,208
2026-06-02T15:01:28.231,8356,3,0x3f2;0x3f3;0x3fd,0,181
2026-06-02T15:01:28.432,8357,3,0x3fc;0x3f2;0x3fd,0,216
2026-06-02T15:01:28.432,8358,3,0x3f2;0x3f3;0x3fd,0,182
2026-06-02T15:01:28.432,8359,2,0x3f2;0x3fd,0,172
2026-06-02T15:01:28.632,8360,2,0x3f2;0x3fd,0,172
2026-06-02T15:01:28.632,8361,2,0x3f2;0x3fd,0,172
2026-06-02T15:01:28.836,8362,3,0x3fc;0x3f2;0x3fd,0,328
2026-06-02T15:01:28.836,8363,3,0x3f2;0x3f3;0x3fd,0,196
2026-06-02T15:01:29.038,8364,3,0x3fc;0x3f2;0x3fd,0,208
2026-06-02T15:01:29.038,8365,3,0x3f2;0x3f3;0x3fd,0,181
2026-06-02T15:01:29.241,8366,3,0x3fc;0x3f2;0x3fd,0,208
2026-06-02T15:01:29.241,8367,3,0x3f2;0x3f3;0x3fd,0,181
2026-06-02T15:01:29.457,8368,3,0x3f2;0x3fd;0x410,1,316
2026-06-02T15:01:29.457,8369,3,0x3fc;0x3f2;0x3fd,0,216
2026-06-02T15:01:29.457,8370,3,0x3f2;0x3f3;0x3fd,0,182
2026-06-02T15:01:29.658,8371,2,0x3f2;0x3fd,0,172
2026-06-02T15:01:29.658,8372,3,0x3fc;0x3f2;0x3fd,0,208
2026-06-02T15:01:29.859,8373,4,0x3fc;0x3f2;0x3f3;0x3fd,0,225
2026-06-02T15:01:29.859,8374,3,0x3f2;0x3f3;0x3fd,0,182
2026-06-02T15:01:29.859,8375,2,0x3f2;0x3fd,0,172
2026-06-02T15:01:30.062,8376,2,0x3f2;0x3fd,0,172
2026-06-02T15:01:30.062,8377,2,0x3f2;0x3fd,0,172
2026-06-02T15:01:30.264,8378,2,0x3f2;0x3fd,0,172
2026-06-02T15:01:30.264,8379,2,0x3f2;0x3fd,0,172
2026-06-02T15:01:30.467,8380,2,0x3f2;0x3fd,0,172
2026-06-02T15:01:30.467,8381,2,0x3f2;0x3fd,0,172
2026-06-02T15:01:30.671,8382,3,0x3fc;0x3f2;0x3fd,0,208
2026-06-02T15:01:30.671,8383,4,0x3fc;0x3f2;0x3f3;0x3fd,0,257
2026-06-02T15:01:30.871,8384,5,0x3fc;0x3f2;0x3f3;0x3fd;0x410,1,406
2026-06-02T15:01:30.871,8385,4,0x3fc;0x3f2;0x3f3;0x3fd,0,262
2026-06-02T15:01:30.871,8386,4,0x3fc;0x3f2;0x3f3;0x3fd,0,238
2026-06-02T15:01:31.073,8387,4,0x3fc;0x3f2;0x3f3;0x3fd,0,307
2026-06-02T15:01:31.073,8388,4,0x3fc;0x3f2;0x3f3;0x3fd,0,236
2026-06-02T15:01:31.276,8389,4,0x3fc;0x3f2;0x3f3;0x3fd,0,234
2026-06-02T15:01:31.276,8390,4,0x3fc;0x3f2;0x3f3;0x3fd,0,227
2026-06-02T15:01:31.477,8391,3,0x3f2;0x3f3;0x3fd,0,182
2026-06-02T15:01:31.477,8392,3,0x3fc;0x3f2;0x3fd,0,352
2026-06-02T15:01:31.477,8393,3,0x3f2;0x3f3;0x3fd,0,199
2026-06-02T15:01:31.679,8394,3,0x3fc;0x3f2;0x3fd,0,240
2026-06-02T15:01:31.679,8395,3,0x3f2;0x3f3;0x3fd,0,185
2026-06-02T15:01:31.881,8396,2,0x3f2;0x3fd,0,172
2026-06-02T15:01:31.882,8397,2,0x3f2;0x3fd,0,172
2026-06-02T15:01:32.085,8398,2,0x3f2;0x3fd,0,172
2026-06-02T15:01:32.085,8399,2,0x3f2;0x3fd,0,172
2026-06-02T15:01:32.290,8400,3,0x3f2;0x3fd;0x410,1,316
2026-06-02T15:01:32.290,8401,2,0x3f2;0x3fd,0,172
2026-06-02T15:01:32.290,8402,2,0x3f2;0x3fd,0,172
2026-06-02T15:01:32.490,8403,2,0x3f2;0x3fd,0,172
2026-06-02T15:01:32.490,8404,2,0x3f2;0x3fd,0,172
2026-06-02T15:01:32.692,8405,3,0x3fc;0x3f2;0x3fd,0,208
2026-06-02T15:01:32.692,8406,3,0x3f2;0x3f3;0x3fd,0,181
2026-06-02T15:01:32.894,8407,2,0x3f2;0x3fd,0,172
2026-06-02T15:01:32.894,8408,2,0x3f2;0x3fd,0,172
2026-06-02T15:01:33.097,8409,2,0x3f2;0x3fd,0,172
2026-06-02T15:01:33.097,8410,2,0x3f2;0x3fd,0,172
2026-06-02T15:01:33.097,8411,2,0x3f2;0x3fd,0,172
2026-06-02T15:01:33.298,8412,2,0x3f2;0x3fd,0,172
2026-06-02T15:01:33.298,8413,2,0x3f2;0x3fd,0,172
2026-06-02T15:01:33.499,8414,2,0x3f2;0x3fd,0,172
2026-06-02T15:01:33.499,8415,2,0x3f2;0x3fd,0,172
2026-06-02T15:01:33.700,8416,3,0x3f2;0x3fd;0x410,1,316
2026-06-02T15:01:33.701,8417,2,0x3f2;0x3fd,0,172
2026-06-02T15:01:33.901,8418,3,0x3fc;0x3f2;0x3fd,0,216
2026-06-02T15:01:33.901,8419,3,0x3f2;0x3f3;0x3fd,0,182
2026-06-02T15:01:34.103,8420,2,0x3f2;0x3fd,0,172
2026-06-02T15:01:34.103,8421,2,0x3f2;0x3fd,0,172
2026-06-02T15:01:34.103,8422,2,0x3f2;0x3fd,0,172
2026-06-02T15:01:34.306,8423,2,0x3f2;0x3fd,0,172
2026-06-02T15:01:34.306,8424,2,0x3f2;0x3fd,0,172
2026-06-02T15:01:34.509,8425,3,0x3fc;0x3f2;0x3fd,0,240
2026-06-02T15:01:34.509,8426,4,0x3fc;0x3f2;0x3f3;0x3fd,0,325
2026-06-02T15:01:34.711,8427,4,0x3fc;0x3f2;0x3f3;0x3fd,0,302
2026-06-02T15:01:34.711,8428,4,0x3fc;0x3f2;0x3f3;0x3fd,0,290
2026-06-02T15:01:34.912,8429,4,0x3fc;0x3f2;0x3f3;0x3fd,0,225
2026-06-02T15:01:34.912,8430,3,0x3f2;0x3f3;0x3fd,0,181
2026-06-02T15:01:34.912,8431,2,0x3f2;0x3fd,0,172
2026-06-02T15:01:35.114,8432,3,0x3f2;0x3fd;0x410,1,316
2026-06-02T15:01:35.114,8433,2,0x3f2;0x3fd,0,172
2026-06-02T15:01:35.318,8434,2,0x3f2;0x3fd,0,172
2026-06-02T15:01:35.318,8435,2,0x3f2;0x3fd,0,172
2026-06-02T15:01:35.521,8436,3,0x3fc;0x3f2;0x3fd,0,208
2026-06-02T15:01:35.521,8437,4,0x3fc;0x3f2;0x3f3;0x3fd,0,281
2026-06-02T15:01:35.725,8438,3,0x3f2;0x3f3;0x3fd,0,189
2026-06-02T15:01:35.725,8439,2,0x3f2;0x3fd,0,172
2026-06-02T15:01:35.725,8440,2,0x3f2;0x3fd,0,172
2026-06-02T15:01:35.941,8441,2,0x3f2;0x3fd,0,172
2026-06-02T15:01:35.941,8442,2,0x3f2;0x3fd,0,172
2026-06-02T15:01:36.146,8443,2,0x3f2;0x3fd,0,172
2026-06-02T15:01:36.146,8444,2,0x3f2;0x3fd,0,172
2026-06-02T15:01:36.348,8445,3,0x3fc;0x3f2;0x3fd,0,224
2026-06-02T15:01:36.348,8446,3,0x3f2;0x3f3;0x3fd,0,183
2026-06-02T15:01:36.348,8447,3,0x3fc;0x3f2;0x3fd,0,216
2026-06-02T15:01:36.549,8448,5,0x3fc;0x3f2;0x3f3;0x3fd;0x410,1,370
2026-06-02T15:01:36.549,8449,3,0x3f2;0x3f3;0x3fd,0,182
2026-06-02T15:01:36.751,8450,2,0x3f2;0x3fd,0,172
2026-06-02T15:01:36.751,8451,2,0x3f2;0x3fd,0,172
2026-06-02T15:01:36.952,8452,2,0x3f2;0x3fd,0,172
2026-06-02T15:01:36.952,8453,2,0x3f2;0x3fd,0,172
2026-06-02T15:01:37.155,8454,2,0x3f2;0x3fd,0,172
2026-06-02T15:01:37.155,8455,2,0x3f2;0x3fd,0,172
2026-06-02T15:01:37.155,8456,2,0x3f2;0x3fd,0,172
2026-06-02T15:01:37.358,8457,3,0x3fc;0x3f2;0x3fd,0,224
2026-06-02T15:01:37.358,8458,4,0x3fc;0x3f2;0x3f3;0x3fd,0,235
2026-06-02T15:01:37.558,8459,3,0x3f2;0x3f3;0x3fd,0,183
2026-06-02T15:01:37.558,8460,2,0x3f2;0x3fd,0,172
2026-06-02T15:01:37.774,8461,2,0x3f2;0x3fd,0,172
2026-06-02T15:01:37.774,8462,2,0x3f2;0x3fd,0,172
2026-06-02T15:01:37.774,8463,3,0x3fc;0x3f2;0x3fd,0,232
2026-06-02T15:01:37.978,8464,5,0x3fc;0x3f2;0x3f3;0x3fd;0x410,1,388
2026-06-02T15:01:37.978,8465,3,0x3f2;0x3f3;0x3fd,0,184
2026-06-02T15:01:38.182,8466,2,0x3f2;0x3fd,0,172
2026-06-02T15:01:38.182,8467,3,0x3fc;0x3f2;0x3fd,0,224
2026-06-02T15:01:38.384,8468,3,0x3f2;0x3f3;0x3fd,0,183
2026-06-02T15:01:38.384,8469,3,0x3fc;0x3f2;0x3fd,0,256
2026-06-02T15:01:38.587,8470,3,0x3f2;0x3f3;0x3fd,0,187
2026-06-02T15:01:38.587,8471,2,0x3f2;0x3fd,0,172
2026-06-02T15:01:38.587,8472,2,0x3f2;0x3fd,0,172
2026-06-02T15:01:38.789,8473,2,0x3f2;0x3fd,0,172
2026-06-02T15:01:38.789,8474,3,0x3fc;0x3f2;0x3fd,0,232
2026-06-02T15:01:38.991,8475,3,0x3f2;0x3f3;0x3fd,0,184
2026-06-02T15:01:38.991,8476,2,0x3f2;0x3fd,0,172
2026-06-02T15:01:39.192,8477,2,0x3f2;0x3fd,0,172
2026-06-02T15:01:39.192,8478,2,0x3f2;0x3fd,0,172
2026-06-02T15:01:39.395,8479,2,0x3f2;0x3fd,0,172
2026-06-02T15:01:39.395,8480,3,0x3f2;0x3fd;0x410,1,316
2026-06-02T15:01:39.395,8481,2,0x3f2;0x3fd,0,172
2026-06-02T15:01:39.596,8482,2,0x3f2;0x3fd,0,172
2026-06-02T15:01:39.596,8483,2,0x3f2;0x3fd,0,172
2026-06-02T15:01:39.797,8484,2,0x3f2;0x3fd,0,172
2026-06-02T15:01:39.797,8485,3,0x3fc;0x3f2;0x3fd,0,464
2026-06-02T15:01:40.000,8486,4,0x3fc;0x3f2;0x3f3;0x3fd,0,385
2026-06-02T15:01:40.000,8487,3,0x3f2;0x3f3;0x3fd,0,198
2026-06-02T15:01:40.202,8488,2,0x3f2;0x3fd,0,172
2026-06-02T15:01:40.202,8489,2,0x3f2;0x3fd,0,172
2026-06-02T15:01:40.405,8490,3,0x3fc;0x3f2;0x3fd,0,208
2026-06-02T15:01:40.405,8491,4,0x3fc;0x3f2;0x3f3;0x3fd,0,233
2026-06-02T15:01:40.405,8492,4,0x3fc;0x3f2;0x3f3;0x3fd,0,227
2026-06-02T15:01:40.605,8493,4,0x3fc;0x3f2;0x3f3;0x3fd,0,242
2026-06-02T15:01:40.605,8494,4,0x3fc;0x3f2;0x3f3;0x3fd,0,244
2026-06-02T15:01:40.806,8495,4,0x3fc;0x3f2;0x3f3;0x3fd,0,404
2026-06-02T15:01:40.806,8496,5,0x3fc;0x3f2;0x3f3;0x3fd;0x410,1,568
2026-06-02T15:01:41.009,8497,4,0x3fc;0x3f2;0x3f3;0x3fd,0,272
2026-06-02T15:01:41.009,8498,4,0x3fc;0x3f2;0x3f3;0x3fd,0,229
2026-06-02T15:01:41.212,8499,4,0x3fc;0x3f2;0x3f3;0x3fd,0,250
2026-06-02T15:01:41.212,8500,4,0x3fc;0x3f2;0x3f3;0x3fd,0,237
2026-06-02T15:01:41.212,8501,4,0x3fc;0x3f2;0x3f3;0x3fd,0,243
2026-06-02T15:01:41.414,8502,4,0x3fc;0x3f2;0x3f3;0x3fd,0,244
2026-06-02T15:01:41.414,8503,4,0x3fc;0x3f2;0x3f3;0x3fd,0,236
2026-06-02T15:01:41.617,8504,4,0x3fc;0x3f2;0x3f3;0x3fd,0,227
2026-06-02T15:01:41.617,8505,4,0x3fc;0x3f2;0x3f3;0x3fd,0,234
2026-06-02T15:01:41.820,8506,4,0x3fc;0x3f2;0x3f3;0x3fd,0,227
2026-06-02T15:01:41.820,8507,4,0x3fc;0x3f2;0x3f3;0x3fd,0,226
2026-06-02T15:01:42.023,8508,4,0x3fc;0x3f2;0x3f3;0x3fd,0,226
2026-06-02T15:01:42.023,8509,3,0x3f2;0x3f3;0x3fd,0,182
2026-06-02T15:01:42.023,8510,3,0x3fc;0x3f2;0x3fd,0,216
2026-06-02T15:01:42.227,8511,4,0x3fc;0x3f2;0x3f3;0x3fd,0,314
2026-06-02T15:01:42.227,8512,5,0x3fc;0x3f2;0x3f3;0x3fd;0x410,1,469
2026-06-02T15:01:42.428,8513,3,0x3f2;0x3f3;0x3fd,0,193
2026-06-02T15:01:42.428,8514,3,0x3fc;0x3f2;0x3fd,0,248
2026-06-02T15:01:42.632,8515,3,0x3f2;0x3f3;0x3fd,0,186
2026-06-02T15:01:42.632,8516,2,0x3f2;0x3fd,0,172
2026-06-02T15:01:42.834,8517,3,0x3fc;0x3f2;0x3fd,0,216
2026-06-02T15:01:42.834,8518,4,0x3fc;0x3f2;0x3f3;0x3fd,0,314
2026-06-02T15:01:42.834,8519,3,0x3f2;0x3f3;0x3fd,0,193
2026-06-02T15:01:43.038,8520,3,0x3fc;0x3f2;0x3fd,0,216
2026-06-02T15:01:43.038,8521,3,0x3f2;0x3f3;0x3fd,0,182
2026-06-02T15:01:43.240,8522,3,0x3fc;0x3f2;0x3fd,0,216
2026-06-02T15:01:43.240,8523,3,0x3f2;0x3f3;0x3fd,0,182
2026-06-02T15:01:43.442,8524,2,0x3f2;0x3fd,0,172
2026-06-02T15:01:43.442,8525,2,0x3f2;0x3fd,0,172
2026-06-02T15:01:43.442,8526,2,0x3f2;0x3fd,0,172
2026-06-02T15:01:43.645,8527,2,0x3f2;0x3fd,0,172
2026-06-02T15:01:43.847,8528,3,0x3f2;0x3fd;0x410,1,316
2026-06-02T15:01:43.847,8529,2,0x3f2;0x3fd,0,172
2026-06-02T15:01:43.847,8530,2,0x3f2;0x3fd,0,172
2026-06-02T15:01:44.052,8531,2,0x3f2;0x3fd,0,172
2026-06-02T15:01:44.052,8532,2,0x3f2;0x3fd,0,172
2026-06-02T15:01:44.256,8533,2,0x3f2;0x3fd,0,172
2026-06-02T15:01:44.256,8534,2,0x3f2;0x3fd,0,172
2026-06-02T15:01:44.256,8535,2,0x3f2;0x3fd,0,172
2026-06-02T15:01:44.458,8536,2,0x3f2;0x3fd,0,172
2026-06-02T15:01:44.458,8537,3,0x3fc;0x3f2;0x3fd,0,432
2026-06-02T15:01:44.661,8538,3,0x3f2;0x3f3;0x3fd,0,209
2026-06-02T15:01:44.661,8539,2,0x3f2;0x3fd,0,172
2026-06-02T15:01:44.863,8540,2,0x3f2;0x3fd,0,172
2026-06-02T15:01:44.863,8541,2,0x3f2;0x3fd,0,172
2026-06-02T15:01:45.065,8542,2,0x3f2;0x3fd,0,172
2026-06-02T15:01:45.065,8543,3,0x3fc;0x3f2;0x3fd,0,256
2026-06-02T15:01:45.269,8544,5,0x3fc;0x3f2;0x3f3;0x3fd;0x410,1,415
2026-06-02T15:01:45.269,8545,3,0x3f2;0x3f3;0x3fd,0,187
2026-06-02T15:01:45.269,8546,2,0x3f2;0x3fd,0,172
2026-06-02T15:01:45.469,8547,3,0x3fc;0x3f2;0x3fd,0,216
2026-06-02T15:01:45.469,8548,4,0x3fc;0x3f2;0x3f3;0x3fd,0,218
2026-06-02T15:01:45.671,8549,3,0x3f2;0x3f3;0x3fd,0,181
2026-06-02T15:01:45.671,8550,3,0x3fc;0x3f2;0x3fd,0,216
2026-06-02T15:01:45.874,8551,4,0x3fc;0x3f2;0x3f3;0x3fd,0,226
2026-06-02T15:01:45.874,8552,4,0x3fc;0x3f2;0x3f3;0x3fd,0,218
2026-06-02T15:01:46.076,8553,4,0x3fc;0x3f2;0x3f3;0x3fd,0,289
2026-06-02T15:01:46.076,8554,4,0x3fc;0x3f2;0x3f3;0x3fd,0,226
2026-06-02T15:01:46.076,8555,4,0x3fc;0x3f2;0x3f3;0x3fd,0,401
2026-06-02T15:01:46.279,8556,3,0x3f2;0x3f3;0x3fd,0,204
2026-06-02T15:01:46.279,8557,2,0x3f2;0x3fd,0,172
2026-06-02T15:01:46.481,8558,2,0x3f2;0x3fd,0,172
2026-06-02T15:01:46.481,8559,3,0x3fc;0x3f2;0x3fd,0,208
2026-06-02T15:01:46.684,8560,5,0x3fc;0x3f2;0x3f3;0x3fd;0x410,1,361
2026-06-02T15:01:46.684,8561,4,0x3fc;0x3f2;0x3f3;0x3fd,0,249
2026-06-02T15:01:46.888,8562,4,0x3fc;0x3f2;0x3f3;0x3fd,0,277
2026-06-02T15:01:46.888,8563,4,0x3fc;0x3f2;0x3f3;0x3fd,0,264
2026-06-02T15:01:46.888,8564,4,0x3fc;0x3f2;0x3f3;0x3fd,0,230
2026-06-02T15:01:47.092,8565,4,0x3fc;0x3f2;0x3f3;0x3fd,0,274
2026-06-02T15:01:47.092,8566,3,0x3f2;0x3f3;0x3fd,0,188
2026-06-02T15:01:47.294,8567,2,0x3f2;0x3fd,0,172
2026-06-02T15:01:47.295,8568,2,0x3f2;0x3fd,0,172
2026-06-02T15:01:47.496,8569,2,0x3f2;0x3fd,0,172
2026-06-02T15:01:47.496,8570,2,0x3f2;0x3fd,0,172
2026-06-02T15:01:47.496,8571,2,0x3f2;0x3fd,0,172
2026-06-02T15:01:47.700,8572,2,0x3f2;0x3fd,0,172
2026-06-02T15:01:47.700,8573,2,0x3f2;0x3fd,0,172
2026-06-02T15:01:47.902,8574,2,0x3f2;0x3fd,0,172
2026-06-02T15:01:47.902,8575,2,0x3f2;0x3fd,0,172
2026-06-02T15:01:48.103,8576,3,0x3f2;0x3fd;0x410,1,316
2026-06-02T15:01:48.103,8577,3,0x3fc;0x3f2;0x3fd,0,232
2026-06-02T15:01:48.307,8578,3,0x3f2;0x3f3;0x3fd,0,184
2026-06-02T15:01:48.307,8579,3,0x3fc;0x3f2;0x3fd,0,232
2026-06-02T15:01:48.307,8580,4,0x3fc;0x3f2;0x3f3;0x3fd,0,388
2026-06-02T15:01:48.510,8581,3,0x3f2;0x3f3;0x3fd,0,202
2026-06-02T15:01:48.510,8582,2,0x3f2;0x3fd,0,172
2026-06-02T15:01:48.714,8583,2,0x3f2;0x3fd,0,172
2026-06-02T15:01:48.714,8584,2,0x3f2;0x3fd,0,172
2026-06-02T15:01:48.915,8585,2,0x3f2;0x3fd,0,172
2026-06-02T15:01:48.915,8586,3,0x3fc;0x3f2;0x3fd,0,216
2026-06-02T15:01:49.115,8587,3,0x3f2;0x3f3;0x3fd,0,182
2026-06-02T15:01:49.115,8588,3,0x3fc;0x3f2;0x3fd,0,216
2026-06-02T15:01:49.115,8589,3,0x3f2;0x3f3;0x3fd,0,182
2026-06-02T15:01:49.320,8590,2,0x3f2;0x3fd,0,172
2026-06-02T15:01:49.320,8591,2,0x3f2;0x3fd,0,172
2026-06-02T15:01:49.524,8592,3,0x3f2;0x3fd;0x410,1,316
2026-06-02T15:01:49.524,8593,2,0x3f2;0x3fd,0,172
2026-06-02T15:01:49.726,8594,2,0x3f2;0x3fd,0,172
2026-06-02T15:01:49.726,8595,2,0x3f2;0x3fd,0,172
2026-06-02T15:01:49.928,8596,2,0x3f2;0x3fd,0,172
2026-06-02T15:01:49.928,8597,3,0x3fc;0x3f2;0x3fd,0,216
2026-06-02T15:01:49.928,8598,3,0x3f2;0x3f3;0x3fd,0,182
2026-06-02T15:01:50.129,8599,2,0x3f2;0x3fd,0,172
2026-06-02T15:01:50.129,8600,2,0x3f2;0x3fd,0,172
2026-06-02T15:01:50.333,8601,2,0x3f2;0x3fd,0,172
2026-06-02T15:01:50.333,8602,2,0x3f2;0x3fd,0,172
2026-06-02T15:01:50.549,8603,3,0x3fc;0x3f2;0x3fd,0,216
2026-06-02T15:01:50.549,8604,3,0x3f2;0x3f3;0x3fd,0,182
2026-06-02T15:01:50.751,8605,3,0x3fc;0x3f2;0x3fd,0,512
2026-06-02T15:01:50.751,8606,4,0x3fc;0x3f2;0x3f3;0x3fd,0,311
2026-06-02T15:01:50.751,8607,3,0x3f2;0x3f3;0x3fd,0,188
2026-06-02T15:01:50.955,8608,3,0x3f2;0x3fd;0x410,1,316
2026-06-02T15:01:50.955,8609,3,0x3fc;0x3f2;0x3fd,0,224
2026-06-02T15:01:51.158,8610,4,0x3fc;0x3f2;0x3f3;0x3fd,0,235
2026-06-02T15:01:51.158,8611,3,0x3f2;0x3f3;0x3fd,0,183
2026-06-02T15:01:51.363,8612,3,0x3fc;0x3f2;0x3fd,0,208
2026-06-02T15:01:51.363,8613,3,0x3f2;0x3f3;0x3fd,0,181
2026-06-02T15:01:51.363,8614,2,0x3f2;0x3fd,0,172
2026-06-02T15:01:51.564,8615,2,0x3f2;0x3fd,0,172
2026-06-02T15:01:51.564,8616,2,0x3f2;0x3fd,0,172
2026-06-02T15:01:51.766,8617,3,0x3fc;0x3f2;0x3fd,0,208
2026-06-02T15:01:51.766,8618,4,0x3fc;0x3f2;0x3f3;0x3fd,0,273
2026-06-02T15:01:51.968,8619,3,0x3f2;0x3f3;0x3fd,0,188
2026-06-02T15:01:51.968,8620,2,0x3f2;0x3fd,0,172
2026-06-02T15:01:52.170,8621,2,0x3f2;0x3fd,0,172
2026-06-02T15:01:52.170,8622,2,0x3f2;0x3fd,0,172
2026-06-02T15:01:52.371,8623,3,0x3fc;0x3f2;0x3fd,0,240
2026-06-02T15:01:52.371,8624,5,0x3fc;0x3f2;0x3f3;0x3fd;0x410,1,397
2026-06-02T15:01:52.371,8625,4,0x3fc;0x3f2;0x3f3;0x3fd,0,357
2026-06-02T15:01:52.576,8626,4,0x3fc;0x3f2;0x3f3;0x3fd,0,314
2026-06-02T15:01:52.576,8627,3,0x3f2;0x3f3;0x3fd,0,191
2026-06-02T15:01:52.780,8628,3,0x3fc;0x3f2;0x3fd,0,208
2026-06-02T15:01:52.780,8629,4,0x3fc;0x3f2;0x3f3;0x3fd,0,225
2026-06-02T15:01:52.985,8630,3,0x3f2;0x3f3;0x3fd,0,182
2026-06-02T15:01:52.985,8631,2,0x3f2;0x3fd,0,172
2026-06-02T15:01:52.985,8632,2,0x3f2;0x3fd,0,172
2026-06-02T15:01:53.190,8633,2,0x3f2;0x3fd,0,172
2026-06-02T15:01:53.190,8634,2,0x3f2;0x3fd,0,172
2026-06-02T15:01:53.393,8635,3,0x3fc;0x3f2;0x3fd,0,216
2026-06-02T15:01:53.394,8636,3,0x3f2;0x3f3;0x3fd,0,182
2026-06-02T15:01:53.596,8637,3,0x3fc;0x3f2;0x3fd,0,208
2026-06-02T15:01:53.596,8638,4,0x3fc;0x3f2;0x3f3;0x3fd,0,225
2026-06-02T15:01:53.796,8639,4,0x3fc;0x3f2;0x3f3;0x3fd,0,218
2026-06-02T15:01:53.796,8640,5,0x3fc;0x3f2;0x3f3;0x3fd;0x410,1,361
2026-06-02T15:01:53.796,8641,3,0x3f2;0x3f3;0x3fd,0,181
2026-06-02T15:01:53.999,8642,2,0x3f2;0x3fd,0,172
2026-06-02T15:01:53.999,8643,2,0x3f2;0x3fd,0,172
2026-06-02T15:01:54.200,8644,2,0x3f2;0x3fd,0,172
2026-06-02T15:01:54.200,8645,2,0x3f2;0x3fd,0,172
2026-06-02T15:01:54.405,8646,2,0x3f2;0x3fd,0,172
2026-06-02T15:01:54.405,8647,3,0x3fc;0x3f2;0x3fd,0,208
2026-06-02T15:01:54.606,8648,3,0x3f2;0x3f3;0x3fd,0,181
2026-06-02T15:01:54.606,8649,2,0x3f2;0x3fd,0,172
2026-06-02T15:01:54.809,8650,3,0x3fc;0x3f2;0x3fd,0,240
2026-06-02T15:01:54.809,8651,3,0x3f2;0x3f3;0x3fd,0,185
2026-06-02T15:01:54.809,8652,2,0x3f2;0x3fd,0,172
2026-06-02T15:01:55.011,8653,2,0x3f2;0x3fd,0,172
2026-06-02T15:01:55.011,8654,2,0x3f2;0x3fd,0,172
2026-06-02T15:01:55.214,8655,2,0x3f2;0x3fd,0,172
2026-06-02T15:01:55.214,8656,3,0x3f2;0x3fd;0x410,1,316
2026-06-02T15:01:55.415,8657,2,0x3f2;0x3fd,0,172
2026-06-02T15:01:55.415,8658,2,0x3f2;0x3fd,0,172
2026-06-02T15:01:55.415,8659,3,0x3fc;0x3f2;0x3fd,0,280
2026-06-02T15:01:55.618,8660,4,0x3fc;0x3f2;0x3f3;0x3fd,0,450
2026-06-02T15:01:55.618,8661,4,0x3fc;0x3f2;0x3f3;0x3fd,0,365
2026-06-02T15:01:55.821,8662,3,0x3f2;0x3f3;0x3fd,0,196
2026-06-02T15:01:55.821,8663,2,0x3f2;0x3fd,0,172
2026-06-02T15:01:56.022,8664,2,0x3f2;0x3fd,0,172
2026-06-02T15:01:56.022,8665,2,0x3f2;0x3fd,0,172
2026-06-02T15:01:56.226,8666,2,0x3f2;0x3fd,0,172
2026-06-02T15:01:56.226,8667,3,0x3fc;0x3f2;0x3fd,0,416
2026-06-02T15:01:56.226,8668,3,0x3f2;0x3f3;0x3fd,0,207
2026-06-02T15:01:56.428,8669,2,0x3f2;0x3fd,0,172
2026-06-02T15:01:56.428,8670,3,0x3fc;0x3f2;0x3fd,0,432
2026-06-02T15:01:56.634,8671,4,0x3fc;0x3f2;0x3f3;0x3fd,0,261
2026-06-02T15:01:56.634,8672,5,0x3fc;0x3f2;0x3f3;0x3fd;0x410,1,379
2026-06-02T15:01:56.850,8673,3,0x3f2;0x3f3;0x3fd,0,183
2026-06-02T15:01:56.850,8674,2,0x3f2;0x3fd,0,172
2026-06-02T15:01:57.051,8675,2,0x3f2;0x3fd,0,172
2026-06-02T15:01:57.051,8676,2,0x3f2;0x3fd,0,172
2026-06-02T15:01:57.051,8677,2,0x3f2;0x3fd,0,172
2026-06-02T15:01:57.256,8678,2,0x3f2;0x3fd,0,172
2026-06-02T15:01:57.256,8679,2,0x3f2;0x3fd,0,172
2026-06-02T15:01:57.471,8680,2,0x3f2;0x3fd,0,172
2026-06-02T15:01:57.471,8681,2,0x3f2;0x3fd,0,172
2026-06-02T15:01:57.673,8682,3,0x3fc;0x3f2;0x3fd,0,208
2026-06-02T15:01:57.673,8683,4,0x3fc;0x3f2;0x3f3;0x3fd,0,273
2026-06-02T15:01:57.673,8684,3,0x3f2;0x3f3;0x3fd,0,188
2026-06-02T15:01:57.876,8685,2,0x3f2;0x3fd,0,172
2026-06-02T15:01:57.876,8686,2,0x3f2;0x3fd,0,172
2026-06-02T15:01:58.077,8687,2,0x3f2;0x3fd,0,172
2026-06-02T15:01:58.077,8688,3,0x3f2;0x3fd;0x410,1,316
2026-06-02T15:01:58.281,8689,2,0x3f2;0x3fd,0,172
2026-06-02T15:01:58.281,8690,2,0x3f2;0x3fd,0,172
2026-06-02T15:01:58.482,8691,2,0x3f2;0x3fd,0,172
2026-06-02T15:01:58.482,8692,2,0x3f2;0x3fd,0,172
2026-06-02T15:01:58.482,8693,2,0x3f2;0x3fd,0,172
2026-06-02T15:01:58.683,8694,2,0x3f2;0x3fd,0,172
2026-06-02T15:01:58.683,8695,3,0x3fc;0x3f2;0x3fd,0,216
2026-06-02T15:01:58.885,8696,4,0x3fc;0x3f2;0x3f3;0x3fd,0,482
2026-06-02T15:01:58.885,8697,4,0x3fc;0x3f2;0x3f3;0x3fd,0,274
2026-06-02T15:01:59.086,8698,3,0x3f2;0x3f3;0x3fd,0,184
2026-06-02T15:01:59.086,8699,2,0x3f2;0x3fd,0,172
2026-06-02T15:01:59.292,8700,2,0x3f2;0x3fd,0,172
2026-06-02T15:01:59.292,8701,2,0x3f2;0x3fd,0,172
2026-06-02T15:01:59.292,8702,2,0x3f2;0x3fd,0,172
2026-06-02T15:01:59.493,8703,3,0x3fc;0x3f2;0x3fd,0,208
2026-06-02T15:01:59.695,8704,5,0x3fc;0x3f2;0x3f3;0x3fd;0x410,1,361
2026-06-02T15:01:59.696,8705,3,0x3f2;0x3f3;0x3fd,0,181
2026-06-02T15:01:59.696,8706,2,0x3f2;0x3fd,0,172
2026-06-02T15:01:59.899,8707,2,0x3f2;0x3fd,0,172
2026-06-02T15:01:59.899,8708,2,0x3f2;0x3fd,0,172
2026-06-02T15:02:00.113,8709,2,0x3f2;0x3fd,0,172
2026-06-02T15:02:00.113,8710,2,0x3f2;0x3fd,0,172
2026-06-02T15:02:00.113,8711,2,0x3f2;0x3fd,0,172
2026-06-02T15:02:00.317,8712,3,0x3fc;0x3f2;0x3fd,0,208
2026-06-02T15:02:00.317,8713,3,0x3f2;0x3f3;0x3fd,0,181
2026-06-02T15:02:00.520,8714,3,0x3fc;0x3f2;0x3fd,0,216
2026-06-02T15:02:00.520,8715,3,0x3f2;0x3f3;0x3fd,0,182
2026-06-02T15:02:00.723,8716,2,0x3f2;0x3fd,0,172
2026-06-02T15:02:00.723,8717,2,0x3f2;0x3fd,0,172
2026-06-02T15:02:00.723,8718,2,0x3f2;0x3fd,0,172
2026-06-02T15:02:00.925,8719,2,0x3f2;0x3fd,0,172
2026-06-02T15:02:01.129,8720,3,0x3f2;0x3fd;0x410,1,316
2026-06-02T15:02:01.129,8721,2,0x3f2;0x3fd,0,172
2026-06-02T15:02:01.129,8722,2,0x3f2;0x3fd,0,172
2026-06-02T15:02:01.332,8723,3,0x3fc;0x3f2;0x3fd,0,216
2026-06-02T15:02:01.332,8724,3,0x3f2;0x3f3;0x3fd,0,182
2026-06-02T15:02:01.533,8725,3,0x3fc;0x3f2;0x3fd,0,224
2026-06-02T15:02:01.533,8726,3,0x3f2;0x3f3;0x3fd,0,183
2026-06-02T15:02:01.533,8727,2,0x3f2;0x3fd,0,172
2026-06-02T15:02:01.734,8728,2,0x3f2;0x3fd,0,172
2026-06-02T15:02:01.734,8729,2,0x3f2;0x3fd,0,172
2026-06-02T15:02:01.936,8730,3,0x3fc;0x3f2;0x3fd,0,272
2026-06-02T15:02:01.936,8731,4,0x3fc;0x3f2;0x3f3;0x3fd,0,657
2026-06-02T15:02:02.136,8732,3,0x3f2;0x3f3;0x3fd,0,235
2026-06-02T15:02:02.136,8733,2,0x3f2;0x3fd,0,172
2026-06-02T15:02:02.339,8734,2,0x3f2;0x3fd,0,172
2026-06-02T15:02:02.339,8735,3,0x3fc;0x3f2;0x3fd,0,288
2026-06-02T15:02:02.540,8736,5,0x3fc;0x3f2;0x3f3;0x3fd;0x410,1,451
2026-06-02T15:02:02.540,8737,3,0x3f2;0x3f3;0x3fd,0,191
2026-06-02T15:02:02.540,8738,2,0x3f2;0x3fd,0,172
2026-06-02T15:02:02.744,8739,3,0x3fc;0x3f2;0x3fd,0,208
2026-06-02T15:02:02.744,8740,3,0x3f2;0x3f3;0x3fd,0,181
2026-06-02T15:02:02.947,8741,2,0x3f2;0x3fd,0,172
2026-06-02T15:02:02.947,8742,3,0x3fc;0x3f2;0x3fd,0,208
2026-06-02T15:02:03.148,8743,3,0x3f2;0x3f3;0x3fd,0,181
2026-06-02T15:02:03.148,8744,2,0x3f2;0x3fd,0,172
2026-06-02T15:02:03.353,8745,2,0x3f2;0x3fd,0,172
2026-06-02T15:02:03.353,8746,3,0x3fc;0x3f2;0x3fd,0,216
2026-06-02T15:02:03.353,8747,3,0x3f2;0x3f3;0x3fd,0,182
2026-06-02T15:02:03.556,8748,2,0x3f2;0x3fd,0,172
2026-06-02T15:02:03.556,8749,2,0x3f2;0x3fd,0,172
2026-06-02T15:02:03.757,8750,2,0x3f2;0x3fd,0,172
2026-06-02T15:02:03.757,8751,2,0x3f2;0x3fd,0,172
2026-06-02T15:02:03.962,8752,3,0x3f2;0x3fd;0x410,1,316
2026-06-02T15:02:03.962,8753,2,0x3f2;0x3fd,0,172
2026-06-02T15:02:04.177,8754,2,0x3f2;0x3fd,0,172
2026-06-02T15:02:04.177,8755,2,0x3f2;0x3fd,0,172
2026-06-02T15:02:04.177,8756,2,0x3f2;0x3fd,0,172
2026-06-02T15:02:04.380,8757,2,0x3f2;0x3fd,0,172
2026-06-02T15:02:04.380,8758,3,0x3fc;0x3f2;0x3fd,0,216
2026-06-02T15:02:04.583,8759,4,0x3fc;0x3f2;0x3f3;0x3fd,0,266
2026-06-02T15:02:04.583,8760,3,0x3f2;0x3f3;0x3fd,0,187
2026-06-02T15:02:04.786,8761,2,0x3f2;0x3fd,0,172
2026-06-02T15:02:04.786,8762,3,0x3fc;0x3f2;0x3fd,0,216
2026-06-02T15:02:04.786,8763,4,0x3fc;0x3f2;0x3f3;0x3fd,0,226
2026-06-02T15:02:04.988,8764,3,0x3f2;0x3f3;0x3fd,0,182
2026-06-02T15:02:04.988,8765,2,0x3f2;0x3fd,0,172
2026-06-02T15:02:05.188,8766,2,0x3f2;0x3fd,0,172
2026-06-02T15:02:05.188,8767,3,0x3fc;0x3f2;0x3fd,0,208
2026-06-02T15:02:05.404,8768,5,0x3fc;0x3f2;0x3f3;0x3fd;0x410,1,361
2026-06-02T15:02:05.404,8769,4,0x3fc;0x3f2;0x3f3;0x3fd,0,225
2026-06-02T15:02:05.606,8770,4,0x3fc;0x3f2;0x3f3;0x3fd,0,226
2026-06-02T15:02:05.606,8771,3,0x3f2;0x3f3;0x3fd,0,182
2026-06-02T15:02:05.606,8772,2,0x3f2;0x3fd,0,172
2026-06-02T15:02:05.808,8773,3,0x3fc;0x3f2;0x3fd,0,296
2026-06-02T15:02:05.808,8774,4,0x3fc;0x3f2;0x3f3;0x3fd,0,252
2026-06-02T15:02:06.009,8775,4,0x3fc;0x3f2;0x3f3;0x3fd,0,228
2026-06-02T15:02:06.009,8776,4,0x3fc;0x3f2;0x3f3;0x3fd,0,226
2026-06-02T15:02:06.212,8777,4,0x3fc;0x3f2;0x3f3;0x3fd,0,234
2026-06-02T15:02:06.212,8778,4,0x3fc;0x3f2;0x3f3;0x3fd,0,483
2026-06-02T15:02:06.413,8779,4,0x3fc;0x3f2;0x3f3;0x3fd,0,610
2026-06-02T15:02:06.413,8780,4,0x3fc;0x3f2;0x3f3;0x3fd,0,542
2026-06-02T15:02:06.413,8781,4,0x3fc;0x3f2;0x3f3;0x3fd,0,396
2026-06-02T15:02:06.616,8782,4,0x3fc;0x3f2;0x3f3;0x3fd,0,283
2026-06-02T15:02:06.616,8783,4,0x3fc;0x3f2;0x3f3;0x3fd,0,247
2026-06-02T15:02:06.817,8784,5,0x3fc;0x3f2;0x3f3;0x3fd;0x410,1,388
2026-06-02T15:02:06.817,8785,4,0x3fc;0x3f2;0x3f3;0x3fd,0,412
2026-06-02T15:02:07.024,8786,4,0x3fc;0x3f2;0x3f3;0x3fd,0,321
2026-06-02T15:02:07.024,8787,4,0x3fc;0x3f2;0x3f3;0x3fd,0,259
2026-06-02T15:02:07.228,8788,4,0x3fc;0x3f2;0x3f3;0x3fd,0,733
2026-06-02T15:02:07.228,8789,4,0x3fc;0x3f2;0x3f3;0x3fd,0,313
2026-06-02T15:02:07.228,8790,3,0x3f2;0x3f3;0x3fd,0,185
2026-06-02T15:02:07.430,8791,3,0x3fc;0x3f2;0x3fd,0,312
2026-06-02T15:02:07.430,8792,4,0x3fc;0x3f2;0x3f3;0x3fd,0,294
2026-06-02T15:02:07.630,8793,4,0x3fc;0x3f2;0x3f3;0x3fd,0,233
2026-06-02T15:02:07.630,8794,3,0x3f2;0x3f3;0x3fd,0,182
2026-06-02T15:02:07.831,8795,3,0x3fc;0x3f2;0x3fd,0,224
2026-06-02T15:02:07.831,8796,3,0x3f2;0x3f3;0x3fd,0,183
2026-06-02T15:02:08.034,8797,3,0x3fc;0x3f2;0x3fd,0,280
2026-06-02T15:02:08.034,8798,4,0x3fc;0x3f2;0x3f3;0x3fd,0,242
2026-06-02T15:02:08.034,8799,4,0x3fc;0x3f2;0x3f3;0x3fd,0,291
2026-06-02T15:02:08.237,8800,5,0x3fc;0x3f2;0x3f3;0x3fd;0x410,1,442
2026-06-02T15:02:08.237,8801,3,0x3f2;0x3f3;0x3fd,0,190
2026-06-02T15:02:08.438,8802,2,0x3f2;0x3fd,0,172
2026-06-02T15:02:08.438,8803,3,0x3fc;0x3f2;0x3fd,0,208
2026-06-02T15:02:08.641,8804,4,0x3fc;0x3f2;0x3f3;0x3fd,0,241
2026-06-02T15:02:08.641,8805,3,0x3f2;0x3f3;0x3fd,0,184
2026-06-02T15:02:08.842,8806,3,0x3fc;0x3f2;0x3fd,0,248
2026-06-02T15:02:09.044,8809,3,0x3f2;0x3f3;0x3fd,0,183
2026-06-02T15:02:09.044,8810,3,0x3fc;0x3f2;0x3fd,0,352
2026-06-02T15:02:09.245,8811,3,0x3f2;0x3f3;0x3fd,0,199
2026-06-02T15:02:09.245,8812,2,0x3f2;0x3fd,0,172
2026-06-02T15:02:09.445,8813,2,0x3f2;0x3fd,0,172
2026-06-02T15:02:09.445,8814,2,0x3f2;0x3fd,0,172
2026-06-02T15:02:09.648,8815,2,0x3f2;0x3fd,0,172
2026-06-02T15:02:09.648,8816,3,0x3f2;0x3fd;0x410,1,316
2026-06-02T15:02:09.648,8817,3,0x3fc;0x3f2;0x3fd,0,232
2026-06-02T15:02:09.849,8818,4,0x3fc;0x3f2;0x3f3;0x3fd,0,348
2026-06-02T15:02:09.849,8819,4,0x3fc;0x3f2;0x3f3;0x3fd,0,273
2026-06-02T15:02:10.052,8820,4,0x3fc;0x3f2;0x3f3;0x3fd,0,350
2026-06-02T15:02:10.052,8821,4,0x3fc;0x3f2;0x3f3;0x3fd,0,233
2026-06-02T15:02:10.252,8822,4,0x3fc;0x3f2;0x3f3;0x3fd,0,249
2026-06-02T15:02:10.252,8823,3,0x3f2;0x3f3;0x3fd,0,185
2026-06-02T15:02:10.455,8824,2,0x3f2;0x3fd,0,172
2026-06-02T15:02:10.455,8825,2,0x3f2;0x3fd,0,172
2026-06-02T15:02:10.455,8826,2,0x3f2;0x3fd,0,172
2026-06-02T15:02:10.670,8827,2,0x3f2;0x3fd,0,172
2026-06-02T15:02:10.670,8828,3,0x3fc;0x3f2;0x3fd,0,232
2026-06-02T15:02:10.871,8829,4,0x3fc;0x3f2;0x3f3;0x3fd,0,780
2026-06-02T15:02:10.871,8830,4,0x3fc;0x3f2;0x3f3;0x3fd,0,543
2026-06-02T15:02:11.074,8831,3,0x3f2;0x3f3;0x3fd,0,213
2026-06-02T15:02:11.074,8832,3,0x3f2;0x3fd;0x410,1,316
2026-06-02T15:02:11.274,8833,3,0x3fc;0x3f2;0x3fd,0,456
2026-06-02T15:02:11.274,8834,4,0x3fc;0x3f2;0x3f3;0x3fd,0,424
2026-06-02T15:02:11.274,8835,4,0x3fc;0x3f2;0x3f3;0x3fd,0,247
2026-06-02T15:02:11.475,8836,3,0x3f2;0x3f3;0x3fd,0,182
2026-06-02T15:02:11.475,8837,2,0x3f2;0x3fd,0,172
2026-06-02T15:02:11.677,8838,2,0x3f2;0x3fd,0,172
2026-06-02T15:02:11.677,8839,2,0x3f2;0x3fd,0,172
2026-06-02T15:02:11.893,8840,3,0x3fc;0x3f2;0x3fd,0,224
2026-06-02T15:02:11.893,8841,3,0x3f2;0x3f3;0x3fd,0,183
2026-06-02T15:02:11.893,8842,2,0x3f2;0x3fd,0,172
2026-06-02T15:02:12.095,8843,2,0x3f2;0x3fd,0,172
2026-06-02T15:02:12.095,8844,3,0x3fc;0x3f2;0x3fd,0,280
2026-06-02T15:02:12.296,8845,4,0x3fc;0x3f2;0x3f3;0x3fd,0,370
2026-06-02T15:02:12.296,8846,3,0x3f2;0x3f3;0x3fd,0,199
2026-06-02T15:02:12.498,8847,2,0x3f2;0x3fd,0,172
2026-06-02T15:02:12.498,8848,3,0x3f2;0x3fd;0x410,1,316
2026-06-02T15:02:12.701,8849,2,0x3f2;0x3fd,0,172
2026-06-02T15:02:12.701,8850,3,0x3fc;0x3f2;0x3fd,0,480
2026-06-02T15:02:12.701,8851,3,0x3f2;0x3f3;0x3fd,0,215
2026-06-02T15:02:12.903,8852,3,0x3fc;0x3f2;0x3fd,0,264
2026-06-02T15:02:12.903,8853,3,0x3f2;0x3f3;0x3fd,0,188
2026-06-02T15:02:13.106,8854,2,0x3f2;0x3fd,0,172
2026-06-02T15:02:13.106,8855,2,0x3f2;0x3fd,0,172
2026-06-02T15:02:13.309,8856,2,0x3f2;0x3fd,0,172
2026-06-02T15:02:13.309,8857,2,0x3f2;0x3fd,0,172
2026-06-02T15:02:13.510,8858,2,0x3f2;0x3fd,0,172
2026-06-02T15:02:13.510,8859,2,0x3f2;0x3fd,0,172
2026-06-02T15:02:13.510,8860,2,0x3f2;0x3fd,0,172
2026-06-02T15:02:13.713,8861,2,0x3f2;0x3fd,0,172
2026-06-02T15:02:13.713,8862,2,0x3f2;0x3fd,0,172
2026-06-02T15:02:13.916,8863,3,0x3fc;0x3f2;0x3fd,0,208
2026-06-02T15:02:13.916,8864,5,0x3fc;0x3f2;0x3f3;0x3fd;0x410,1,361
2026-06-02T15:02:14.116,8865,3,0x3f2;0x3f3;0x3fd,0,181
2026-06-02T15:02:14.116,8866,2,0x3f2;0x3fd,0,172
2026-06-02T15:02:14.319,8867,2,0x3f2;0x3fd,0,172
2026-06-02T15:02:14.319,8868,2,0x3f2;0x3fd,0,172
2026-06-02T15:02:14.319,8869,2,0x3f2;0x3fd,0,172
2026-06-02T15:02:14.522,8870,2,0x3f2;0x3fd,0,172
2026-06-02T15:02:14.522,8871,2,0x3f2;0x3fd,0,172
2026-06-02T15:02:14.724,8872,2,0x3f2;0x3fd,0,172
2026-06-02T15:02:14.724,8873,2,0x3f2;0x3fd,0,172
2026-06-02T15:02:14.926,8874,3,0x3fc;0x3f2;0x3fd,0,216
2026-06-02T15:02:14.926,8875,3,0x3f2;0x3f3;0x3fd,0,182
2026-06-02T15:02:15.128,8876,3,0x3fc;0x3f2;0x3fd,0,248
2026-06-02T15:02:15.128,8877,3,0x3f2;0x3f3;0x3fd,0,186
2026-06-02T15:02:15.128,8878,2,0x3f2;0x3fd,0,172
2026-06-02T15:02:15.331,8879,2,0x3f2;0x3fd,0,172
2026-06-02T15:02:15.534,8880,3,0x3f2;0x3fd;0x410,1,316
2026-06-02T15:02:15.534,8881,2,0x3f2;0x3fd,0,172
2026-06-02T15:02:15.534,8882,2,0x3f2;0x3fd,0,172
2026-06-02T15:02:15.736,8883,2,0x3f2;0x3fd,0,172
2026-06-02T15:02:15.736,8884,2,0x3f2;0x3fd,0,172
2026-06-02T15:02:15.942,8885,3,0x3fc;0x3f2;0x3fd,0,216
2026-06-02T15:02:15.942,8886,3,0x3f2;0x3f3;0x3fd,0,182
2026-06-02T15:02:15.942,8887,2,0x3f2;0x3fd,0,172
2026-06-02T15:02:16.145,8888,2,0x3f2;0x3fd,0,172
2026-06-02T15:02:16.145,8889,2,0x3f2;0x3fd,0,172
2026-06-02T15:02:16.350,8890,2,0x3f2;0x3fd,0,172
2026-06-02T15:02:16.350,8891,2,0x3f2;0x3fd,0,172
2026-06-02T15:02:16.554,8892,2,0x3f2;0x3fd,0,172
2026-06-02T15:02:16.554,8893,2,0x3f2;0x3fd,0,172
2026-06-02T15:02:16.757,8894,2,0x3f2;0x3fd,0,172
2026-06-02T15:02:16.757,8895,3,0x3fc;0x3f2;0x3fd,0,320
2026-06-02T15:02:16.960,8896,5,0x3fc;0x3f2;0x3f3;0x3fd;0x410,1,487
2026-06-02T15:02:16.960,8897,3,0x3f2;0x3f3;0x3fd,0,195
2026-06-02T15:02:16.960,8898,2,0x3f2;0x3fd,0,172
2026-06-02T15:02:17.165,8899,2,0x3f2;0x3fd,0,172
2026-06-02T15:02:17.165,8900,2,0x3f2;0x3fd,0,172
2026-06-02T15:02:17.367,8901,2,0x3f2;0x3fd,0,172
2026-06-02T15:02:17.367,8902,2,0x3f2;0x3fd,0,172
2026-06-02T15:02:17.569,8903,2,0x3f2;0x3fd,0,172
2026-06-02T15:02:17.569,8904,2,0x3f2;0x3fd,0,172
2026-06-02T15:02:17.569,8905,2,0x3f2;0x3fd,0,172
2026-06-02T15:02:17.773,8906,2,0x3f2;0x3fd,0,172
2026-06-02T15:02:17.773,8907,2,0x3f2;0x3fd,0,172
2026-06-02T15:02:17.988,8908,2,0x3f2;0x3fd,0,172
2026-06-02T15:02:17.988,8909,2,0x3f2;0x3fd,0,172
2026-06-02T15:02:18.191,8910,2,0x3f2;0x3fd,0,172
2026-06-02T15:02:18.191,8911,2,0x3f2;0x3fd,0,172
2026-06-02T15:02:18.393,8912,3,0x3f2;0x3fd;0x410,1,316
2026-06-02T15:02:18.393,8913,2,0x3f2;0x3fd,0,172
2026-06-02T15:02:18.393,8914,2,0x3f2;0x3fd,0,172
2026-06-02T15:02:18.594,8915,2,0x3f2;0x3fd,0,172
2026-06-02T15:02:18.594,8916,2,0x3f2;0x3fd,0,172
2026-06-02T15:02:18.796,8917,3,0x3fc;0x3f2;0x3fd,0,224
2026-06-02T15:02:18.796,8918,3,0x3f2;0x3f3;0x3fd,0,183
2026-06-02T15:02:18.996,8919,2,0x3f2;0x3fd,0,172
2026-06-02T15:02:18.996,8920,3,0x3fc;0x3f2;0x3fd,0,216
2026-06-02T15:02:18.996,8921,3,0x3f2;0x3f3;0x3fd,0,182
2026-06-02T15:02:19.200,8922,2,0x3f2;0x3fd,0,172
2026-06-02T15:02:19.200,8923,2,0x3f2;0x3fd,0,172
2026-06-02T15:02:19.401,8924,2,0x3f2;0x3fd,0,172
2026-06-02T15:02:19.401,8925,2,0x3f2;0x3fd,0,172
2026-06-02T15:02:19.603,8926,2,0x3f2;0x3fd,0,172
2026-06-02T15:02:19.603,8927,3,0x3fc;0x3f2;0x3fd,0,216
2026-06-02T15:02:19.805,8928,5,0x3fc;0x3f2;0x3f3;0x3fd;0x410,1,370
2026-06-02T15:02:19.805,8929,3,0x3f2;0x3f3;0x3fd,0,182
2026-06-02T15:02:19.805,8930,2,0x3f2;0x3fd,0,172
2026-06-02T15:02:20.006,8931,2,0x3f2;0x3fd,0,172
2026-06-02T15:02:20.006,8932,2,0x3f2;0x3fd,0,172
2026-06-02T15:02:20.210,8933,3,0x3fc;0x3f2;0x3fd,0,216
2026-06-02T15:02:20.210,8934,3,0x3f2;0x3f3;0x3fd,0,182
2026-06-02T15:02:20.412,8935,2,0x3f2;0x3fd,0,172
2026-06-02T15:02:20.412,8936,2,0x3f2;0x3fd,0,172
2026-06-02T15:02:20.615,8937,2,0x3f2;0x3fd,0,172
2026-06-02T15:02:20.615,8938,3,0x3fc;0x3f2;0x3fd,0,296
2026-06-02T15:02:20.615,8939,4,0x3fc;0x3f2;0x3f3;0x3fd,0,236
2026-06-02T15:02:20.815,8940,4,0x3fc;0x3f2;0x3f3;0x3fd,0,226
2026-06-02T15:02:20.815,8941,3,0x3f2;0x3f3;0x3fd,0,182
2026-06-02T15:02:21.019,8942,2,0x3f2;0x3fd,0,172
2026-06-02T15:02:21.019,8943,2,0x3f2;0x3fd,0,172
2026-06-02T15:02:21.223,8944,3,0x3f2;0x3fd;0x410,1,316
2026-06-02T15:02:21.223,8945,2,0x3f2;0x3fd,0,172
2026-06-02T15:02:21.424,8946,2,0x3f2;0x3fd,0,172
2026-06-02T15:02:21.424,8947,3,0x3fc;0x3f2;0x3fd,0,208
2026-06-02T15:02:21.424,8948,3,0x3f2;0x3f3;0x3fd,0,181
2026-06-02T15:02:21.625,8949,3,0x3fc;0x3f2;0x3fd,0,296
2026-06-02T15:02:21.625,8950,4,0x3fc;0x3f2;0x3f3;0x3fd,0,340
2026-06-02T15:02:21.827,8951,4,0x3fc;0x3f2;0x3f3;0x3fd,0,231
2026-06-02T15:02:21.827,8952,4,0x3fc;0x3f2;0x3f3;0x3fd,0,225
2026-06-02T15:02:22.032,8953,4,0x3fc;0x3f2;0x3f3;0x3fd,0,250
2026-06-02T15:02:22.032,8954,4,0x3fc;0x3f2;0x3f3;0x3fd,0,229
2026-06-02T15:02:22.232,8955,4,0x3fc;0x3f2;0x3f3;0x3fd,0,218
2026-06-02T15:02:22.232,8956,3,0x3f2;0x3f3;0x3fd,0,181
2026-06-02T15:02:22.435,8957,2,0x3f2;0x3fd,0,172
2026-06-02T15:02:22.435,8958,2,0x3f2;0x3fd,0,172
2026-06-02T15:02:22.435,8959,3,0x3fc;0x3f2;0x3fd,0,280
2026-06-02T15:02:22.650,8960,5,0x3fc;0x3f2;0x3f3;0x3fd;0x410,1,442
2026-06-02T15:02:22.851,8962,2,0x3f2;0x3fd,0,172
2026-06-02T15:02:22.851,8963,2,0x3f2;0x3fd,0,172
2026-06-02T15:02:23.054,8964,2,0x3f2;0x3fd,0,172
2026-06-02T15:02:23.054,8965,2,0x3f2;0x3fd,0,172
2026-06-02T15:02:23.054,8966,2,0x3f2;0x3fd,0,172
2026-06-02T15:02:23.257,8967,2,0x3f2;0x3fd,0,172
2026-06-02T15:02:23.257,8968,2,0x3f2;0x3fd,0,172
2026-06-02T15:02:23.459,8969,2,0x3f2;0x3fd,0,172
2026-06-02T15:02:23.459,8970,3,0x3fc;0x3f2;0x3fd,0,248
2026-06-02T15:02:23.661,8971,3,0x3f2;0x3f3;0x3fd,0,186
2026-06-02T15:02:23.661,8972,2,0x3f2;0x3fd,0,172
2026-06-02T15:02:23.864,8973,2,0x3f2;0x3fd,0,172
2026-06-02T15:02:23.864,8974,2,0x3f2;0x3fd,0,172
2026-06-02T15:02:23.864,8975,2,0x3f2;0x3fd,0,172
2026-06-02T15:02:24.065,8976,3,0x3f2;0x3fd;0x410,1,316
2026-06-02T15:02:24.065,8977,2,0x3f2;0x3fd,0,172
2026-06-02T15:02:24.269,8978,2,0x3f2;0x3fd,0,172
2026-06-02T15:02:24.269,8979,2,0x3f2;0x3fd,0,172
2026-06-02T15:02:24.474,8980,2,0x3f2;0x3fd,0,172
2026-06-02T15:02:24.474,8981,2,0x3f2;0x3fd,0,172
2026-06-02T15:02:24.676,8982,2,0x3f2;0x3fd,0,172
2026-06-02T15:02:24.676,8983,2,0x3f2;0x3fd,0,172
2026-06-02T15:02:24.676,8984,2,0x3f2;0x3fd,0,172
2026-06-02T15:02:24.879,8985,2,0x3f2;0x3fd,0,172
2026-06-02T15:02:24.879,8986,2,0x3f2;0x3fd,0,172
2026-06-02T15:02:25.083,8987,2,0x3f2;0x3fd,0,172
2026-06-02T15:02:25.083,8988,2,0x3f2;0x3fd,0,172
2026-06-02T15:02:25.286,8989,2,0x3f2;0x3fd,0,172
2026-06-02T15:02:25.286,8990,2,0x3f2;0x3fd,0,172
2026-06-02T15:02:25.488,8991,3,0x3fc;0x3f2;0x3fd,0,344
2026-06-02T15:02:25.488,8992,5,0x3fc;0x3f2;0x3f3;0x3fd;0x410,1,514
2026-06-02T15:02:25.488,8993,3,0x3f2;0x3f3;0x3fd,0,198
2026-06-02T15:02:25.692,8994,2,0x3f2;0x3fd,0,172
2026-06-02T15:02:25.692,8995,2,0x3f2;0x3fd,0,172
2026-06-02T15:02:25.896,8996,2,0x3f2;0x3fd,0,172
2026-06-02T15:02:25.896,8997,2,0x3f2;0x3fd,0,172
2026-06-02T15:02:26.097,8998,2,0x3f2;0x3fd,0,172
2026-06-02T15:02:26.097,8999,2,0x3f2;0x3fd,0,172
2026-06-02T15:02:26.301,9000,2,0x3f2;0x3fd,0,172
2026-06-02T15:02:26.301,9001,2,0x3f2;0x3fd,0,172
2026-06-02T15:02:26.301,9002,2,0x3f2;0x3fd,0,172
2026-06-02T15:02:26.502,9003,3,0x3fc;0x3f2;0x3fd,0,504
2026-06-02T15:02:26.502,9004,4,0x3fc;0x3f2;0x3f3;0x3fd,0,774
2026-06-02T15:02:26.707,9005,4,0x3fc;0x3f2;0x3f3;0x3fd,0,410
2026-06-02T15:02:26.707,9006,4,0x3fc;0x3f2;0x3f3;0x3fd,0,249
2026-06-02T15:02:26.910,9007,4,0x3fc;0x3f2;0x3f3;0x3fd,0,219
2026-06-02T15:02:26.910,9008,5,0x3fc;0x3f2;0x3f3;0x3fd;0x410,1,361
2026-06-02T15:02:27.114,9009,3,0x3f2;0x3f3;0x3fd,0,181
2026-06-02T15:02:27.114,9010,2,0x3f2;0x3fd,0,172
2026-06-02T15:02:27.114,9011,3,0x3fc;0x3f2;0x3fd,0,288
2026-06-02T15:02:27.317,9012,4,0x3fc;0x3f2;0x3f3;0x3fd,0,227
2026-06-02T15:02:27.317,9013,4,0x3fc;0x3f2;0x3f3;0x3fd,0,217
2026-06-02T15:02:27.520,9014,3,0x3f2;0x3f3;0x3fd,0,181
2026-06-02T15:02:27.520,9015,2,0x3f2;0x3fd,0,172
2026-06-02T15:02:27.722,9016,2,0x3f2;0x3fd,0,172
2026-06-02T15:02:27.722,9017,2,0x3f2;0x3fd,0,172
2026-06-02T15:02:27.924,9018,2,0x3f2;0x3fd,0,172
2026-06-02T15:02:27.924,9019,2,0x3f2;0x3fd,0,172
2026-06-02T15:02:27.924,9020,2,0x3f2;0x3fd,0,172
2026-06-02T15:02:28.126,9021,2,0x3f2;0x3fd,0,172
2026-06-02T15:02:28.126,9022,2,0x3f2;0x3fd,0,172
2026-06-02T15:02:28.328,9023,3,0x3fc;0x3f2;0x3fd,0,352
2026-06-02T15:02:28.328,9024,5,0x3fc;0x3f2;0x3f3;0x3fd;0x410,1,523
2026-06-02T15:02:28.529,9025,4,0x3fc;0x3f2;0x3f3;0x3fd,0,243
2026-06-02T15:02:28.529,9026,4,0x3fc;0x3f2;0x3f3;0x3fd,0,322
2026-06-02T15:02:28.730,9027,3,0x3f2;0x3f3;0x3fd,0,194
2026-06-02T15:02:28.731,9028,2,0x3f2;0x3fd,0,172
2026-06-02T15:02:28.731,9029,2,0x3f2;0x3fd,0,172
2026-06-02T15:02:28.931,9030,2,0x3f2;0x3fd,0,172
2026-06-02T15:02:28.931,9031,2,0x3f2;0x3fd,0,172
2026-06-02T15:02:29.134,9032,2,0x3f2;0x3fd,0,172
2026-06-02T15:02:29.134,9033,2,0x3f2;0x3fd,0,172
2026-06-02T15:02:29.337,9034,2,0x3f2;0x3fd,0,172
2026-06-02T15:02:29.337,9035,2,0x3f2;0x3fd,0,172
2026-06-02T15:02:29.539,9036,2,0x3f2;0x3fd,0,172
2026-06-02T15:02:29.539,9037,2,0x3f2;0x3fd,0,172
2026-06-02T15:02:29.539,9038,2,0x3f2;0x3fd,0,172
2026-06-02T15:02:29.744,9039,2,0x3f2;0x3fd,0,172
2026-06-02T15:02:29.947,9040,3,0x3f2;0x3fd;0x410,1,316
2026-06-02T15:02:29.947,9041,2,0x3f2;0x3fd,0,172
2026-06-02T15:02:29.947,9042,2,0x3f2;0x3fd,0,172
2026-06-02T15:02:30.149,9043,2,0x3f2;0x3fd,0,172
2026-06-02T15:02:30.149,9044,2,0x3f2;0x3fd,0,172
2026-06-02T15:02:30.350,9045,3,0x3fc;0x3f2;0x3fd,0,216
2026-06-02T15:02:30.351,9046,3,0x3f2;0x3f3;0x3fd,0,182
2026-06-02T15:02:30.351,9047,2,0x3f2;0x3fd,0,172
2026-06-02T15:02:30.567,9048,2,0x3f2;0x3fd,0,172
2026-06-02T15:02:30.567,9049,2,0x3f2;0x3fd,0,172
2026-06-02T15:02:30.769,9050,3,0x3fc;0x3f2;0x3fd,0,208
2026-06-02T15:02:30.769,9051,3,0x3f2;0x3f3;0x3fd,0,181
2026-06-02T15:02:30.974,9052,2,0x3f2;0x3fd,0,172
2026-06-02T15:02:30.974,9053,2,0x3f2;0x3fd,0,172
2026-06-02T15:02:30.974,9054,2,0x3f2;0x3fd,0,172
2026-06-02T15:02:31.176,9055,3,0x3fc;0x3f2;0x3fd,0,216
2026-06-02T15:02:31.378,9056,5,0x3fc;0x3f2;0x3f3;0x3fd;0x410,1,370
2026-06-02T15:02:31.378,9057,3,0x3f2;0x3f3;0x3fd,0,182
2026-06-02T15:02:31.378,9058,2,0x3f2;0x3fd,0,172
2026-06-02T15:02:31.583,9059,3,0x3fc;0x3f2;0x3fd,0,208
2026-06-02T15:02:31.583,9060,4,0x3fc;0x3f2;0x3f3;0x3fd,0,217
2026-06-02T15:02:31.784,9061,4,0x3fc;0x3f2;0x3f3;0x3fd,0,217
2026-06-02T15:02:31.784,9062,3,0x3f2;0x3f3;0x3fd,0,181
2026-06-02T15:02:31.784,9063,2,0x3f2;0x3fd,0,172
2026-06-02T15:02:31.985,9064,3,0x3fc;0x3f2;0x3fd,0,216
2026-06-02T15:02:31.985,9065,3,0x3f2;0x3f3;0x3fd,0,182
2026-06-02T15:02:32.200,9066,3,0x3fc;0x3f2;0x3fd,0,336
2026-06-02T15:02:32.200,9067,3,0x3f2;0x3f3;0x3fd,0,197
2026-06-02T15:02:32.404,9068,3,0x3fc;0x3f2;0x3fd,0,216
2026-06-02T15:02:32.404,9069,3,0x3f2;0x3f3;0x3fd,0,182
2026-06-02T15:02:32.604,9070,3,0x3fc;0x3f2;0x3fd,0,272
2026-06-02T15:02:32.604,9071,3,0x3f2;0x3f3;0x3fd,0,189
2026-06-02T15:02:32.805,9072,3,0x3f2;0x3fd;0x410,1,316
2026-06-02T15:02:32.805,9073,2,0x3f2;0x3fd,0,172
2026-06-02T15:02:32.805,9074,2,0x3f2;0x3fd,0,172
2026-06-02T15:02:33.007,9075,3,0x3fc;0x3f2;0x3fd,0,288
2026-06-02T15:02:33.007,9076,4,0x3fc;0x3f2;0x3f3;0x3fd,0,387
2026-06-02T15:02:33.207,9077,4,0x3fc;0x3f2;0x3f3;0x3fd,0,477
2026-06-02T15:02:33.207,9078,3,0x3f2;0x3f3;0x3fd,0,211
2026-06-02T15:02:33.409,9079,2,0x3f2;0x3fd,0,172
2026-06-02T15:02:33.409,9080,3,0x3fc;0x3f2;0x3fd,0,288
2026-06-02T15:02:33.409,9081,4,0x3fc;0x3f2;0x3f3;0x3fd,0,699
2026-06-02T15:02:33.610,9082,3,0x3f2;0x3f3;0x3fd,0,240
2026-06-02T15:02:33.610,9083,2,0x3f2;0x3fd,0,172
2026-06-02T15:02:33.812,9084,2,0x3f2;0x3fd,0,172
2026-06-02T15:02:33.812,9085,2,0x3f2;0x3fd,0,172
2026-06-02T15:02:34.012,9086,3,0x3fc;0x3f2;0x3fd,0,232
2026-06-02T15:02:34.012,9087,4,0x3fc;0x3f2;0x3f3;0x3fd,0,228
2026-06-02T15:02:34.213,9088,5,0x3fc;0x3f2;0x3f3;0x3fd;0x410,1,370
2026-06-02T15:02:34.213,9089,4,0x3fc;0x3f2;0x3f3;0x3fd,0,234
2026-06-02T15:02:34.213,9090,4,0x3fc;0x3f2;0x3f3;0x3fd,0,219
2026-06-02T15:02:34.414,9091,3,0x3f2;0x3f3;0x3fd,0,181
2026-06-02T15:02:34.414,9092,2,0x3f2;0x3fd,0,172
2026-06-02T15:02:34.616,9093,2,0x3f2;0x3fd,0,172
2026-06-02T15:02:34.616,9094,3,0x3fc;0x3f2;0x3fd,0,208
2026-06-02T15:02:34.817,9095,3,0x3f2;0x3f3;0x3fd,0,181
2026-06-02T15:02:34.817,9096,2,0x3f2;0x3fd,0,172
2026-06-02T15:02:35.019,9097,2,0x3f2;0x3fd,0,172
2026-06-02T15:02:35.019,9098,3,0x3fc;0x3f2;0x3fd,0,232
2026-06-02T15:02:35.019,9099,3,0x3f2;0x3f3;0x3fd,0,184
2026-06-02T15:02:35.221,9100,2,0x3f2;0x3fd,0,172
2026-06-02T15:02:35.221,9101,2,0x3f2;0x3fd,0,172
2026-06-02T15:02:35.424,9102,2,0x3f2;0x3fd,0,172
2026-06-02T15:02:35.424,9103,2,0x3f2;0x3fd,0,172
2026-06-02T15:02:35.624,9104,3,0x3f2;0x3fd;0x410,1,316
2026-06-02T15:02:35.624,9105,2,0x3f2;0x3fd,0,172
2026-06-02T15:02:35.826,9106,2,0x3f2;0x3fd,0,172
2026-06-02T15:02:35.826,9107,2,0x3f2;0x3fd,0,172
2026-06-02T15:02:35.826,9108,2,0x3f2;0x3fd,0,172
2026-06-02T15:02:36.029,9109,3,0x3fc;0x3f2;0x3fd,0,264
2026-06-02T15:02:36.029,9110,3,0x3f2;0x3f3;0x3fd,0,188
2026-06-02T15:02:36.244,9111,2,0x3f2;0x3fd,0,172
2026-06-02T15:02:36.244,9112,2,0x3f2;0x3fd,0,172
2026-06-02T15:02:36.445,9113,2,0x3f2;0x3fd,0,172
2026-06-02T15:02:36.445,9114,2,0x3f2;0x3fd,0,172
2026-06-02T15:02:36.647,9115,2,0x3f2;0x3fd,0,172
2026-06-02T15:02:36.647,9116,2,0x3f2;0x3fd,0,172
2026-06-02T15:02:36.647,9117,3,0x3fc;0x3f2;0x3fd,0,208
2026-06-02T15:02:36.848,9118,4,0x3fc;0x3f2;0x3f3;0x3fd,0,265
2026-06-02T15:02:36.848,9119,4,0x3fc;0x3f2;0x3f3;0x3fd,0,239
2026-06-02T15:02:37.051,9120,5,0x3fc;0x3f2;0x3f3;0x3fd;0x410,1,379
2026-06-02T15:02:37.051,9121,4,0x3fc;0x3f2;0x3f3;0x3fd,0,739
2026-06-02T15:02:37.255,9122,4,0x3fc;0x3f2;0x3f3;0x3fd,0,954
2026-06-02T15:02:37.255,9123,4,0x3fc;0x3f2;0x3f3;0x3fd,0,957
2026-06-02T15:02:37.456,9124,4,0x3fc;0x3f2;0x3f3;0x3fd,0,867
2026-06-02T15:02:37.456,9125,4,0x3fc;0x3f2;0x3f3;0x3fd,0,856
2026-06-02T15:02:37.456,9126,4,0x3fc;0x3f2;0x3f3;0x3fd,0,704
2026-06-02T15:02:37.661,9127,4,0x3fc;0x3f2;0x3f3;0x3fd,0,541
2026-06-02T15:02:37.661,9128,3,0x3f2;0x3f3;0x3fd,0,215
2026-06-02T15:02:37.863,9129,3,0x3fc;0x3f2;0x3fd,0,224
2026-06-02T15:02:37.863,9130,4,0x3fc;0x3f2;0x3f3;0x3fd,0,219
2026-06-02T15:02:38.066,9131,4,0x3fc;0x3f2;0x3f3;0x3fd,0,665
2026-06-02T15:02:38.066,9132,4,0x3fc;0x3f2;0x3f3;0x3fd,0,473
2026-06-02T15:02:38.268,9133,4,0x3fc;0x3f2;0x3f3;0x3fd,0,442
2026-06-02T15:02:38.268,9134,4,0x3fc;0x3f2;0x3f3;0x3fd,0,250
2026-06-02T15:02:38.268,9135,3,0x3f2;0x3f3;0x3fd,0,182
2026-06-02T15:02:38.474,9136,3,0x3f2;0x3fd;0x410,1,316
2026-06-02T15:02:38.474,9137,2,0x3f2;0x3fd,0,172
2026-06-02T15:02:38.680,9138,3,0x3fc;0x3f2;0x3fd,0,472
2026-06-02T15:02:38.680,9139,3,0x3f2;0x3f3;0x3fd,0,214
2026-06-02T15:02:38.884,9140,3,0x3fc;0x3f2;0x3fd,0,432
2026-06-02T15:02:38.884,9141,3,0x3f2;0x3f3;0x3fd,0,209
2026-06-02T15:02:38.884,9142,2,0x3f2;0x3fd,0,172
2026-06-02T15:02:39.087,9143,3,0x3fc;0x3f2;0x3fd,0,416
2026-06-02T15:02:39.087,9144,4,0x3fc;0x3f2;0x3f3;0x3fd,0,619
2026-06-02T15:02:39.288,9145,4,0x3fc;0x3f2;0x3f3;0x3fd,0,680
2026-06-02T15:02:39.288,9146,4,0x3fc;0x3f2;0x3f3;0x3fd,0,829
2026-06-02T15:02:39.490,9147,4,0x3fc;0x3f2;0x3f3;0x3fd,0,735
2026-06-02T15:02:39.490,9148,4,0x3fc;0x3f2;0x3f3;0x3fd,0,1017
2026-06-02T15:02:39.695,9149,4,0x3fc;0x3f2;0x3f3;0x3fd,0,614
2026-06-02T15:02:39.695,9150,4,0x3fc;0x3f2;0x3f3;0x3fd,0,495
2026-06-02T15:02:39.895,9151,4,0x3fc;0x3f2;0x3f3;0x3fd,0,255
2026-06-02T15:02:39.895,9152,5,0x3fc;0x3f2;0x3f3;0x3fd;0x410,1,370
2026-06-02T15:02:39.895,9153,4,0x3fc;0x3f2;0x3f3;0x3fd,0,1018
2026-06-02T15:02:40.099,9154,4,0x3fc;0x3f2;0x3f3;0x3fd,0,661
2026-06-02T15:02:40.099,9155,4,0x3fc;0x3f2;0x3f3;0x3fd,0,692
2026-06-02T15:02:40.301,9156,4,0x3fc;0x3f2;0x3f3;0x3fd,0,1063
2026-06-02T15:02:40.301,9157,4,0x3fc;0x3f2;0x3f3;0x3fd,0,540
2026-06-02T15:02:40.501,9158,4,0x3fc;0x3f2;0x3f3;0x3fd,0,605
2026-06-02T15:02:40.501,9159,4,0x3fc;0x3f2;0x3f3;0x3fd,0,1446
2026-06-02T15:02:40.703,9160,4,0x3fc;0x3f2;0x3f3;0x3fd,0,797
2026-06-02T15:02:40.703,9161,4,0x3fc;0x3f2;0x3f3;0x3fd,0,1119
2026-06-02T15:02:40.703,9162,4,0x3fc;0x3f2;0x3f3;0x3fd,0,427
2026-06-02T15:02:40.906,9163,4,0x3fc;0x3f2;0x3f3;0x3fd,0,846
2026-06-02T15:02:40.906,9164,4,0x3fc;0x3f2;0x3f3;0x3fd,0,662
2026-06-02T15:02:41.108,9165,4,0x3fc;0x3f2;0x3f3;0x3fd,0,639
2026-06-02T15:02:41.108,9166,4,0x3fc;0x3f2;0x3f3;0x3fd,0,1000
2026-06-02T15:02:41.311,9167,4,0x3fc;0x3f2;0x3f3;0x3fd,0,469
2026-06-02T15:02:41.311,9168,5,0x3fc;0x3f2;0x3f3;0x3fd;0x410,1,541
2026-06-02T15:02:41.512,9169,4,0x3fc;0x3f2;0x3f3;0x3fd,0,805
2026-06-02T15:02:41.512,9170,4,0x3fc;0x3f2;0x3f3;0x3fd,0,600
2026-06-02T15:02:41.512,9171,4,0x3fc;0x3f2;0x3f3;0x3fd,0,720
2026-06-02T15:02:41.715,9172,4,0x3fc;0x3f2;0x3f3;0x3fd,0,803
2026-06-02T15:02:41.715,9173,3,0x3f2;0x3f3;0x3fd,0,247
2026-06-02T15:02:41.917,9174,3,0x3fc;0x3f2;0x3fd,0,680
2026-06-02T15:02:41.917,9175,4,0x3fc;0x3f2;0x3f3;0x3fd,0,412
2026-06-02T15:02:42.121,9176,4,0x3fc;0x3f2;0x3f3;0x3fd,0,290
2026-06-02T15:02:42.121,9177,4,0x3fc;0x3f2;0x3f3;0x3fd,0,488
2026-06-02T15:02:42.323,9178,4,0x3fc;0x3f2;0x3f3;0x3fd,0,1162
2026-06-02T15:02:42.323,9179,4,0x3fc;0x3f2;0x3f3;0x3fd,0,627
2026-06-02T15:02:42.323,9180,4,0x3fc;0x3f2;0x3f3;0x3fd,0,1254
2026-06-02T15:02:42.525,9181,4,0x3fc;0x3f2;0x3f3;0x3fd,0,1278
2026-06-02T15:02:42.525,9182,4,0x3fc;0x3f2;0x3f3;0x3fd,0,1118
2026-06-02T15:02:42.726,9183,4,0x3fc;0x3f2;0x3f3;0x3fd,0,475
2026-06-02T15:02:42.726,9184,5,0x3fc;0x3f2;0x3f3;0x3fd;0x410,1,541
2026-06-02T15:02:42.942,9185,4,0x3fc;0x3f2;0x3f3;0x3fd,0,541
2026-06-02T15:02:42.942,9186,4,0x3fc;0x3f2;0x3f3;0x3fd,0,871
2026-06-02T15:02:43.145,9187,4,0x3fc;0x3f2;0x3f3;0x3fd,0,942
2026-06-02T15:02:43.145,9188,4,0x3fc;0x3f2;0x3f3;0x3fd,0,874
2026-06-02T15:02:43.145,9189,4,0x3fc;0x3f2;0x3f3;0x3fd,0,873
2026-06-02T15:02:43.347,9190,4,0x3fc;0x3f2;0x3f3;0x3fd,0,1090
2026-06-02T15:02:43.347,9191,4,0x3fc;0x3f2;0x3f3;0x3fd,0,861
2026-06-02T15:02:43.550,9192,4,0x3fc;0x3f2;0x3f3;0x3fd,0,933
2026-06-02T15:02:43.550,9193,4,0x3fc;0x3f2;0x3f3;0x3fd,0,642
2026-06-02T15:02:43.751,9194,4,0x3fc;0x3f2;0x3f3;0x3fd,0,324
2026-06-02T15:02:43.751,9195,4,0x3fc;0x3f2;0x3f3;0x3fd,0,721
2026-06-02T15:02:43.953,9196,2,0x3fc;0x3fd,0,584
2026-06-02T15:02:43.953,9197,2,0x3fc;0x3fd,0,424
2026-06-02T15:02:43.953,9198,4,0x3fc;0x3f2;0x3f3;0x3fd,0,1195
2026-06-02T15:02:44.155,9199,4,0x3fc;0x3f2;0x3f3;0x3fd,0,1518
2026-06-02T15:02:44.358,9200,5,0x3fc;0x3f2;0x3f3;0x3fd;0x410,1,1693
2026-06-02T15:02:44.358,9201,4,0x3fc;0x3f2;0x3f3;0x3fd,0,1013
2026-06-02T15:02:44.358,9202,4,0x3fc;0x3f2;0x3f3;0x3fd,0,938
2026-06-02T15:02:44.559,9203,4,0x3fc;0x3f2;0x3f3;0x3fd,0,913
2026-06-02T15:02:44.559,9204,4,0x3fc;0x3f2;0x3f3;0x3fd,0,1094
2026-06-02T15:02:44.761,9205,4,0x3fc;0x3f2;0x3f3;0x3fd,0,349
2026-06-02T15:02:44.761,9206,4,0x3fc;0x3f2;0x3f3;0x3fd,0,989
2026-06-02T15:02:44.761,9207,4,0x3fc;0x3f2;0x3f3;0x3fd,0,1497
2026-06-02T15:02:44.964,9208,4,0x3fc;0x3f2;0x3f3;0x3fd,0,973
2026-06-02T15:02:44.964,9209,4,0x3fc;0x3f2;0x3f3;0x3fd,0,1293
2026-06-02T15:02:45.166,9210,4,0x3fc;0x3f2;0x3f3;0x3fd,0,910
2026-06-02T15:02:45.166,9211,4,0x3fc;0x3f2;0x3f3;0x3fd,0,656
2026-06-02T15:02:45.367,9212,4,0x3fc;0x3f2;0x3f3;0x3fd,0,599
2026-06-02T15:02:45.367,9213,4,0x3fc;0x3f2;0x3f3;0x3fd,0,579
2026-06-02T15:02:45.569,9214,4,0x3fc;0x3f2;0x3f3;0x3fd,0,833
2026-06-02T15:02:45.569,9215,4,0x3fc;0x3f2;0x3f3;0x3fd,0,329
2026-06-02T15:02:45.770,9216,5,0x3fc;0x3f2;0x3f3;0x3fd;0x410,1,406
2026-06-02T15:02:45.771,9217,4,0x3fc;0x3f2;0x3f3;0x3fd,0,1222
2026-06-02T15:02:45.771,9218,4,0x3fc;0x3f2;0x3f3;0x3fd,0,894
2026-06-02T15:02:45.973,9219,4,0x3fc;0x3f2;0x3f3;0x3fd,0,1470
2026-06-02T15:02:45.973,9220,4,0x3fc;0x3f2;0x3f3;0x3fd,0,1549
2026-06-02T15:02:46.177,9221,4,0x3fc;0x3f2;0x3f3;0x3fd,0,1181
2026-06-02T15:02:46.177,9222,4,0x3fc;0x3f2;0x3f3;0x3fd,0,1423
2026-06-02T15:02:46.380,9223,4,0x3fc;0x3f2;0x3f3;0x3fd,0,1099
2026-06-02T15:02:46.380,9224,4,0x3fc;0x3f2;0x3f3;0x3fd,0,590
2026-06-02T15:02:46.380,9225,4,0x3fc;0x3f2;0x3f3;0x3fd,0,460
2026-06-02T15:02:46.582,9226,3,0x3f2;0x3f3;0x3fd,0,207
2026-06-02T15:02:46.582,9227,3,0x3fc;0x3f2;0x3fd,0,1104
2026-06-02T15:02:46.786,9228,4,0x3fc;0x3f2;0x3f3;0x3fd,0,1145
2026-06-02T15:02:46.786,9229,4,0x3fc;0x3f2;0x3f3;0x3fd,0,1199
2026-06-02T15:02:46.988,9230,4,0x3fc;0x3f2;0x3f3;0x3fd,0,767
2026-06-02T15:02:46.989,9231,4,0x3fc;0x3f2;0x3f3;0x3fd,0,952
2026-06-02T15:02:47.193,9232,5,0x3fc;0x3f2;0x3f3;0x3fd;0x410,1,1126
2026-06-02T15:02:47.193,9233,4,0x3fc;0x3f2;0x3f3;0x3fd,0,622
2026-06-02T15:02:47.193,9234,4,0x3fc;0x3f2;0x3f3;0x3fd,0,305
2026-06-02T15:02:47.396,9235,4,0x3fc;0x3f2;0x3f3;0x3fd,0,431
2026-06-02T15:02:47.396,9236,4,0x3fc;0x3f2;0x3f3;0x3fd,0,291
2026-06-02T15:02:47.597,9237,4,0x3fc;0x3f2;0x3f3;0x3fd,0,335
2026-06-02T15:02:47.597,9238,4,0x3fc;0x3f2;0x3f3;0x3fd,0,239
2026-06-02T15:02:47.799,9239,4,0x3fc;0x3f2;0x3f3;0x3fd,0,434
2026-06-02T15:02:47.799,9240,4,0x3fc;0x3f2;0x3f3;0x3fd,0,252
2026-06-02T15:02:47.799,9241,4,0x3fc;0x3f2;0x3f3;0x3fd,0,234
2026-06-02T15:02:48.001,9242,4,0x3fc;0x3f2;0x3f3;0x3fd,0,227
2026-06-02T15:02:48.001,9243,4,0x3fc;0x3f2;0x3f3;0x3fd,0,418
2026-06-02T15:02:48.205,9244,4,0x3fc;0x3f2;0x3f3;0x3fd,0,418
2026-06-02T15:02:48.205,9245,4,0x3fc;0x3f2;0x3f3;0x3fd,0,303
2026-06-02T15:02:48.406,9246,4,0x3fc;0x3f2;0x3f3;0x3fd,0,233
2026-06-02T15:02:48.406,9247,4,0x3fc;0x3f2;0x3f3;0x3fd,0,226
2026-06-02T15:02:48.608,9248,5,0x3fc;0x3f2;0x3f3;0x3fd;0x410,1,370
2026-06-02T15:02:48.608,9249,4,0x3fc;0x3f2;0x3f3;0x3fd,0,298
2026-06-02T15:02:48.608,9250,4,0x3fc;0x3f2;0x3f3;0x3fd,0,435
2026-06-02T15:02:48.812,9251,4,0x3fc;0x3f2;0x3f3;0x3fd,0,323
2026-06-02T15:02:48.812,9252,4,0x3fc;0x3f2;0x3f3;0x3fd,0,587
2026-06-02T15:02:49.014,9253,4,0x3fc;0x3f2;0x3f3;0x3fd,0,478
2026-06-02T15:02:49.014,9254,4,0x3fc;0x3f2;0x3f3;0x3fd,0,276
2026-06-02T15:02:49.217,9255,4,0x3fc;0x3f2;0x3f3;0x3fd,0,381
2026-06-02T15:02:49.217,9256,4,0x3fc;0x3f2;0x3f3;0x3fd,0,573
2026-06-02T15:02:49.418,9257,4,0x3fc;0x3f2;0x3f3;0x3fd,0,267
2026-06-02T15:02:49.418,9258,4,0x3fc;0x3f2;0x3f3;0x3fd,0,218
2026-06-02T15:02:49.418,9259,4,0x3fc;0x3f2;0x3f3;0x3fd,0,225
2026-06-02T15:02:49.620,9260,3,0x3f2;0x3f3;0x3fd,0,182
2026-06-02T15:02:49.620,9261,3,0x3fc;0x3f2;0x3fd,0,216
2026-06-02T15:02:49.824,9262,4,0x3fc;0x3f2;0x3f3;0x3fd,0,226
2026-06-02T15:02:49.824,9263,3,0x3f2;0x3f3;0x3fd,0,182
2026-06-02T15:02:50.027,9264,3,0x3f2;0x3fd;0x410,1,316
2026-06-02T15:02:50.027,9265,2,0x3f2;0x3fd,0,172
2026-06-02T15:02:50.228,9266,2,0x3f2;0x3fd,0,172
2026-06-02T15:02:50.228,9267,3,0x3fc;0x3f2;0x3fd,0,472
2026-06-02T15:02:50.228,9268,4,0x3fc;0x3f2;0x3f3;0x3fd,0,258
2026-06-02T15:02:50.430,9269,4,0x3fc;0x3f2;0x3f3;0x3fd,0,306
2026-06-02T15:02:50.430,9270,4,0x3fc;0x3f2;0x3f3;0x3fd,0,228
2026-06-02T15:02:50.633,9271,4,0x3fc;0x3f2;0x3f3;0x3fd,0,225
2026-06-02T15:02:50.633,9272,4,0x3fc;0x3f2;0x3f3;0x3fd,0,226
2026-06-02T15:02:50.835,9273,3,0x3f2;0x3f3;0x3fd,0,182
2026-06-02T15:02:50.835,9274,3,0x3fc;0x3f2;0x3fd,0,328
2026-06-02T15:02:51.037,9275,4,0x3fc;0x3f2;0x3f3;0x3fd,0,400
2026-06-02T15:02:51.037,9276,4,0x3fc;0x3f2;0x3f3;0x3fd,0,238
2026-06-02T15:02:51.037,9277,3,0x3f2;0x3f3;0x3fd,0,181
2026-06-02T15:02:51.240,9278,2,0x3f2;0x3fd,0,172
2026-06-02T15:02:51.240,9279,3,0x3fc;0x3f2;0x3fd,0,216
2026-06-02T15:02:51.442,9280,5,0x3fc;0x3f2;0x3f3;0x3fd;0x410,1,370
2026-06-02T15:02:51.442,9281,4,0x3fc;0x3f2;0x3f3;0x3fd,0,226
2026-06-02T15:02:51.646,9282,4,0x3fc;0x3f2;0x3f3;0x3fd,0,226
2026-06-02T15:02:51.646,9283,3,0x3f2;0x3f3;0x3fd,0,182
2026-06-02T15:02:51.861,9284,2,0x3f2;0x3fd,0,172
2026-06-02T15:02:51.861,9285,2,0x3fc;0x3fd,0,104
2026-06-02T15:02:51.861,9286,2,0x3fc;0x3fd,0,264
2026-06-02T15:02:52.063,9287,2,0x3fc;0x3fd,0,232
2026-06-02T15:02:52.063,9288,2,0x3fc;0x3fd,0,96
2026-06-02T15:02:52.264,9289,2,0x3fc;0x3fd,0,112
2026-06-02T15:02:52.264,9290,2,0x3fc;0x3fd,0,96
2026-06-02T15:02:52.465,9291,1,0x3fd,0,52
2026-06-02T15:02:52.465,9292,2,0x3fc;0x3fd,0,96
2026-06-02T15:02:52.667,9293,1,0x3fd,0,52
2026-06-02T15:02:52.667,9294,2,0x3fc;0x3fd,0,96
2026-06-02T15:02:52.667,9295,1,0x3fd,0,52
2026-06-02T15:02:52.871,9296,2,0x3fd;0x410,1,196
2026-06-02T15:02:52.871,9297,1,0x3fd,0,52
2026-06-02T15:02:53.075,9298,2,0x3fc;0x3fd,0,168
2026-06-02T15:02:53.075,9299,1,0x3fd,0,52
2026-06-02T15:02:53.275,9300,2,0x3fc;0x3fd,0,88
2026-06-02T15:02:53.275,9301,2,0x3fc;0x3fd,0,224
2026-06-02T15:02:53.476,9302,1,0x3fd,0,52
2026-06-02T15:02:53.476,9303,1,0x3fd,0,52
2026-06-02T15:02:53.476,9304,1,0x3fd,0,52
2026-06-02T15:02:53.680,9305,1,0x3fd,0,52
2026-06-02T15:02:53.680,9306,2,0x3fc;0x3fd,0,104
2026-06-02T15:02:53.883,9307,2,0x3fc;0x3fd,0,88
2026-06-02T15:02:53.883,9308,1,0x3fd,0,52
2026-06-02T15:02:54.086,9309,2,0x3fc;0x3fd,0,104
2026-06-02T15:02:54.086,9310,1,0x3fd,0,52
2026-06-02T15:02:54.289,9311,2,0x3fc;0x3fd,0,112
2026-06-02T15:02:54.289,9312,3,0x3fc;0x3fd;0x410,1,256
2026-06-02T15:02:54.289,9313,2,0x3fc;0x3fd,0,168
2026-06-02T15:02:54.491,9314,2,0x3fc;0x3fd,0,104
2026-06-02T15:02:54.491,9315,2,0x3fc;0x3fd,0,120
2026-06-02T15:02:54.695,9316,2,0x3fc;0x3fd,0,384
2026-06-02T15:02:54.695,9317,2,0x3fc;0x3fd,0,176
2026-06-02T15:02:54.900,9318,2,0x3fc;0x3fd,0,136
2026-06-02T15:02:54.900,9319,2,0x3fc;0x3fd,0,224
2026-06-02T15:02:55.103,9320,2,0x3fc;0x3fd,0,360
2026-06-02T15:02:55.103,9321,2,0x3fc;0x3fd,0,120
2026-06-02T15:02:55.103,9322,2,0x3fc;0x3fd,0,152
2026-06-02T15:02:55.307,9323,2,0x3fc;0x3fd,0,432
2026-06-02T15:02:55.307,9324,2,0x3fc;0x3fd,0,176
2026-06-02T15:02:55.513,9325,2,0x3fc;0x3fd,0,144
2026-06-02T15:02:55.513,9326,2,0x3fc;0x3fd,0,184
2026-06-02T15:02:55.714,9327,2,0x3fc;0x3fd,0,176
2026-06-02T15:02:55.714,9328,3,0x3fc;0x3fd;0x410,1,320
2026-06-02T15:02:55.917,9329,2,0x3fc;0x3fd,0,368
2026-06-02T15:02:55.917,9330,2,0x3fc;0x3fd,0,352
2026-06-02T15:02:55.917,9331,2,0x3fc;0x3fd,0,288
2026-06-02T15:02:56.123,9332,2,0x3fc;0x3fd,0,584
2026-06-02T15:02:56.123,9333,2,0x3fc;0x3fd,0,88
2026-06-02T15:02:56.326,9334,2,0x3fc;0x3fd,0,480
2026-06-02T15:02:56.326,9335,2,0x3fc;0x3fd,0,168
2026-06-02T15:02:56.529,9336,1,0x3fd,0,52
2026-06-02T15:02:56.529,9337,2,0x3fc;0x3fd,0,96
2026-06-02T15:02:56.529,9338,2,0x3fc;0x3fd,0,104
2026-06-02T15:02:56.730,9339,2,0x3fc;0x3fd,0,272
2026-06-02T15:02:56.730,9340,2,0x3fc;0x3fd,0,152
2026-06-02T15:02:56.933,9341,2,0x3fc;0x3fd,0,352
2026-06-02T15:02:56.933,9342,2,0x3fc;0x3fd,0,120
2026-06-02T15:02:57.136,9343,2,0x3fc;0x3fd,0,88
2026-06-02T15:02:57.136,9344,3,0x3fc;0x3fd;0x410,1,232
2026-06-02T15:02:57.336,9345,2,0x3fc;0x3fd,0,88
2026-06-02T15:02:57.336,9346,2,0x3fc;0x3fd,0,96
2026-06-02T15:02:57.336,9347,2,0x3fc;0x3fd,0,112
2026-06-02T15:02:57.540,9348,2,0x3fc;0x3fd,0,104
2026-06-02T15:02:57.540,9349,2,0x3fc;0x3fd,0,112
2026-06-02T15:02:57.744,9350,2,0x3fc;0x3fd,0,200
2026-06-02T15:02:57.744,9351,2,0x3fc;0x3fd,0,392
2026-06-02T15:02:57.945,9352,2,0x3fc;0x3fd,0,264
2026-06-02T15:02:57.945,9353,2,0x3fc;0x3fd,0,240
2026-06-02T15:02:58.148,9354,2,0x3fc;0x3fd,0,344
2026-06-02T15:02:58.148,9355,2,0x3fc;0x3fd,0,112
2026-06-02T15:02:58.148,9356,2,0x3fc;0x3fd,0,232
2026-06-02T15:02:58.350,9357,2,0x3fc;0x3fd,0,152
2026-06-02T15:02:58.350,9358,2,0x3fc;0x3fd,0,120
2026-06-02T15:02:58.551,9359,2,0x3fc;0x3fd,0,112
2026-06-02T15:02:58.551,9360,3,0x3fc;0x3fd;0x410,1,256
2026-06-02T15:02:58.752,9361,1,0x3fd,0,52
2026-06-02T15:02:58.752,9362,2,0x3fc;0x3fd,0,120
2026-06-02T15:02:58.955,9363,2,0x3fc;0x3fd,0,88
2026-06-02T15:02:58.955,9364,2,0x3fc;0x3fd,0,256
2026-06-02T15:02:59.157,9365,2,0x3fc;0x3fd,0,176
2026-06-02T15:02:59.157,9366,2,0x3fc;0x3fd,0,104
2026-06-02T15:02:59.157,9367,2,0x3fc;0x3fd,0,104
2026-06-02T15:02:59.359,9368,2,0x3fc;0x3fd,0,120
2026-06-02T15:02:59.359,9369,2,0x3fc;0x3fd,0,112
2026-06-02T15:02:59.561,9370,2,0x3fc;0x3fd,0,88
2026-06-02T15:02:59.561,9371,2,0x3fc;0x3fd,0,88
2026-06-02T15:02:59.762,9372,2,0x3fc;0x3fd,0,88
2026-06-02T15:02:59.762,9373,2,0x3fc;0x3fd,0,88
2026-06-02T15:02:59.965,9374,2,0x3fc;0x3fd,0,112
2026-06-02T15:02:59.965,9375,2,0x3fc;0x3fd,0,112
2026-06-02T15:03:00.167,9376,3,0x3fc;0x3fd;0x410,1,256
2026-06-02T15:03:00.167,9377,2,0x3fc;0x3fd,0,136
2026-06-02T15:03:00.167,9378,2,0x3fc;0x3fd,0,112
2026-06-02T15:03:00.370,9379,2,0x3fc;0x3fd,0,96
2026-06-02T15:03:00.370,9380,2,0x3fc;0x3fd,0,104
2026-06-02T15:03:00.572,9381,2,0x3fc;0x3fd,0,96
2026-06-02T15:03:00.572,9382,2,0x3fc;0x3fd,0,112
2026-06-02T15:03:00.787,9383,2,0x3fc;0x3fd,0,112
2026-06-02T15:03:00.787,9384,2,0x3fc;0x3fd,0,104
2026-06-02T15:03:00.787,9385,2,0x3fc;0x3fd,0,128
2026-06-02T15:03:01.002,9386,2,0x3fc;0x3fd,0,216
2026-06-02T15:03:01.002,9387,2,0x3fc;0x3fd,0,376
2026-06-02T15:03:01.204,9388,2,0x3fc;0x3fd,0,624
2026-06-02T15:03:01.204,9389,4,0x3fc;0x3f2;0x3f3;0x3fd,0,372
2026-06-02T15:03:01.204,9390,4,0x3fc;0x3f2;0x3f3;0x3fd,0,236
2026-06-02T15:03:01.408,9391,4,0x3fc;0x3f2;0x3f3;0x3fd,0,218
2026-06-02T15:03:01.610,9392,5,0x3fc;0x3f2;0x3f3;0x3fd;0x410,1,361
2026-06-02T15:03:01.610,9393,4,0x3fc;0x3f2;0x3f3;0x3fd,0,241
2026-06-02T15:03:01.610,9394,2,0x3fc;0x3fd,0,88
2026-06-02T15:03:01.812,9395,2,0x3fc;0x3fd,0,104
2026-06-02T15:03:01.812,9396,2,0x3fc;0x3fd,0,104
2026-06-02T15:03:02.016,9397,2,0x3fc;0x3fd,0,136
2026-06-02T15:03:02.016,9398,2,0x3fc;0x3fd,0,104
2026-06-02T15:03:02.016,9399,2,0x3fc;0x3fd,0,96
2026-06-02T15:03:02.217,9400,2,0x3fc;0x3fd,0,88
2026-06-02T15:03:02.217,9401,2,0x3fc;0x3fd,0,88
2026-06-02T15:03:02.419,9402,2,0x3fc;0x3fd,0,112
2026-06-02T15:03:02.419,9403,2,0x3fc;0x3fd,0,112
2026-06-02T15:03:02.622,9404,2,0x3fc;0x3fd,0,104
2026-06-02T15:03:02.622,9405,2,0x3fc;0x3fd,0,112
2026-06-02T15:03:02.824,9406,2,0x3fc;0x3fd,0,96
2026-06-02T15:03:02.824,9407,2,0x3fc;0x3fd,0,304
2026-06-02T15:03:03.025,9408,3,0x3fc;0x3fd;0x410,1,448
2026-06-02T15:03:03.025,9409,2,0x3fc;0x3fd,0,104
2026-06-02T15:03:03.025,9410,2,0x3fc;0x3fd,0,96
2026-06-02T15:03:03.229,9411,2,0x3fc;0x3fd,0,104
2026-06-02T15:03:03.229,9412,2,0x3fc;0x3fd,0,136
2026-06-02T15:03:03.433,9413,2,0x3fc;0x3fd,0,336
2026-06-02T15:03:03.433,9414,2,0x3fc;0x3fd,0,392
2026-06-02T15:03:03.637,9415,2,0x3fc;0x3fd,0,208
2026-06-02T15:03:03.637,9416,2,0x3fc;0x3fd,0,160
2026-06-02T15:03:03.637,9417,2,0x3fc;0x3fd,0,160
2026-06-02T15:03:03.840,9418,2,0x3fc;0x3fd,0,104
2026-06-02T15:03:03.840,9419,1,0x3fd,0,52
2026-06-02T15:03:04.042,9420,2,0x3fc;0x3fd,0,120
2026-06-02T15:03:04.042,9421,2,0x3fc;0x3fd,0,192
2026-06-02T15:03:04.245,9422,2,0x3fc;0x3fd,0,112
2026-06-02T15:03:04.245,9423,1,0x3fd,0,52
2026-06-02T15:03:04.449,9424,2,0x3fd;0x410,1,196
2026-06-02T15:03:04.449,9425,1,0x3fd,0,52
2026-06-02T15:03:04.449,9426,2,0x3fc;0x3fd,0,152
2026-06-02T15:03:04.651,9427,2,0x3fc;0x3fd,0,104
2026-06-02T15:03:04.651,9428,2,0x3fc;0x3fd,0,88
2026-06-02T15:03:04.854,9429,2,0x3fc;0x3fd,0,88
2026-06-02T15:03:04.854,9430,1,0x3fd,0,52
2026-06-02T15:03:05.056,9431,2,0x3fc;0x3fd,0,88
2026-06-02T15:03:05.056,9432,1,0x3fd,0,52
2026-06-02T15:03:05.257,9433,2,0x3fc;0x3fd,0,208
2026-06-02T15:03:05.257,9434,1,0x3fd,0,52
2026-06-02T15:03:05.257,9435,2,0x3fc;0x3fd,0,104
2026-06-02T15:03:05.458,9436,2,0x3fc;0x3fd,0,112
2026-06-02T15:03:05.458,9437,2,0x3fc;0x3fd,0,88
2026-06-02T15:03:05.660,9438,2,0x3fc;0x3fd,0,96
2026-06-02T15:03:05.660,9439,2,0x3fc;0x3fd,0,88
2026-06-02T15:03:05.862,9440,3,0x3fc;0x3fd;0x410,1,232
2026-06-02T15:03:05.862,9441,2,0x3fc;0x3fd,0,272
2026-06-02T15:03:06.065,9442,1,0x3fd,0,52
2026-06-02T15:03:06.065,9443,1,0x3fd,0,52
2026-06-02T15:03:06.065,9444,2,0x3fc;0x3fd,0,168
2026-06-02T15:03:06.268,9445,2,0x3fc;0x3fd,0,168
2026-06-02T15:03:06.268,9446,2,0x3fc;0x3fd,0,440
2026-06-02T15:03:06.471,9447,4,0x3fc;0x3f2;0x3f3;0x3fd,0,285
2026-06-02T15:03:06.471,9448,4,0x3fc;0x3f2;0x3f3;0x3fd,0,284
2026-06-02T15:03:06.672,9449,4,0x3fc;0x3f2;0x3f3;0x3fd,0,241
2026-06-02T15:03:06.672,9450,3,0x3f2;0x3f3;0x3fd,0,183
2026-06-02T15:03:06.874,9451,3,0x3fc;0x3f2;0x3fd,0,328
2026-06-02T15:03:06.874,9452,4,0x3fc;0x3f2;0x3f3;0x3fd,0,536
2026-06-02T15:03:07.078,9453,4,0x3fc;0x3f2;0x3f3;0x3fd,0,271
2026-06-02T15:03:07.078,9454,4,0x3fc;0x3f2;0x3f3;0x3fd,0,235
2026-06-02T15:03:07.078,9455,4,0x3fc;0x3f2;0x3f3;0x3fd,0,395
2026-06-02T15:03:07.280,9456,5,0x3fc;0x3f2;0x3f3;0x3fd;0x410,1,559
2026-06-02T15:03:07.280,9457,2,0x3fc;0x3fd,0,88
2026-06-02T15:03:07.484,9458,1,0x3fd,0,52
2026-06-02T15:03:07.484,9459,2,0x3fc;0x3fd,0,96
2026-06-02T15:03:07.686,9460,1,0x3fd,0,52
2026-06-02T15:03:07.686,9461,2,0x3fc;0x3fd,0,144
2026-06-02T15:03:07.686,9462,2,0x3fc;0x3fd,0,88
2026-06-02T15:03:07.887,9463,2,0x3fc;0x3fd,0,304
2026-06-02T15:03:07.887,9464,2,0x3fc;0x3fd,0,200
2026-06-02T15:03:08.091,9465,2,0x3fc;0x3fd,0,192
2026-06-02T15:03:08.091,9466,2,0x3fc;0x3fd,0,96
2026-06-02T15:03:08.292,9467,2,0x3fc;0x3fd,0,112
2026-06-02T15:03:08.292,9468,2,0x3fc;0x3fd,0,264
2026-06-02T15:03:08.493,9469,2,0x3fc;0x3fd,0,120
2026-06-02T15:03:08.493,9470,2,0x3fc;0x3fd,0,88
2026-06-02T15:03:08.699,9471,2,0x3fc;0x3fd,0,88
2026-06-02T15:03:08.699,9472,3,0x3fc;0x3fd;0x410,1,232
2026-06-02T15:03:08.699,9473,1,0x3fd,0,52
2026-06-02T15:03:08.903,9474,2,0x3fc;0x3fd,0,104
2026-06-02T15:03:08.903,9475,2,0x3fc;0x3fd,0,96
2026-06-02T15:03:09.107,9476,2,0x3fc;0x3fd,0,88
2026-06-02T15:03:09.108,9477,1,0x3fd,0,52
2026-06-02T15:03:09.312,9478,2,0x3fc;0x3fd,0,96
2026-06-02T15:03:09.312,9479,2,0x3fc;0x3fd,0,136
2026-06-02T15:03:09.312,9480,2,0x3fc;0x3fd,0,88
2026-06-02T15:03:09.516,9481,2,0x3fc;0x3fd,0,464
2026-06-02T15:03:09.516,9482,2,0x3fc;0x3fd,0,112
2026-06-02T15:03:09.716,9483,2,0x3fc;0x3fd,0,96
2026-06-02T15:03:09.716,9484,1,0x3fd,0,52
2026-06-02T15:03:09.919,9485,2,0x3fc;0x3fd,0,88
2026-06-02T15:03:09.919,9486,2,0x3fc;0x3fd,0,96
2026-06-02T15:03:10.121,9487,1,0x3fd,0,52
2026-06-02T15:03:10.121,9488,2,0x3fd;0x410,1,196
2026-06-02T15:03:10.121,9489,2,0x3fc;0x3fd,0,112
2026-06-02T15:03:10.323,9490,2,0x3fc;0x3fd,0,112
2026-06-02T15:03:10.323,9491,2,0x3fc;0x3fd,0,360
2026-06-02T15:03:10.527,9492,2,0x3fc;0x3fd,0,104
2026-06-02T15:03:10.527,9493,2,0x3fc;0x3fd,0,104
2026-06-02T15:03:10.729,9494,2,0x3fc;0x3fd,0,96
2026-06-02T15:03:10.730,9495,1,0x3fd,0,52
2026-06-02T15:03:10.931,9496,1,0x3fd,0,52
2026-06-02T15:03:10.931,9497,1,0x3fd,0,52
2026-06-02T15:03:10.931,9498,1,0x3fd,0,52
2026-06-02T15:03:11.133,9499,2,0x3fc;0x3fd,0,160
2026-06-02T15:03:11.133,9500,1,0x3fd,0,52
2026-06-02T15:03:11.335,9501,2,0x3fc;0x3fd,0,96
2026-06-02T15:03:11.335,9502,2,0x3fc;0x3fd,0,96
2026-06-02T15:03:11.536,9503,1,0x3fd,0,52
2026-06-02T15:03:11.536,9504,2,0x3fd;0x410,1,196
2026-06-02T15:03:11.739,9505,1,0x3fd,0,52
2026-06-02T15:03:11.739,9506,1,0x3fd,0,52
2026-06-02T15:03:11.739,9507,2,0x3fc;0x3fd,0,88
2026-06-02T15:03:11.942,9508,1,0x3fd,0,52
2026-06-02T15:03:11.942,9509,2,0x3fc;0x3fd,0,88
2026-06-02T15:03:12.156,9510,2,0x3fc;0x3fd,0,104
2026-06-02T15:03:12.156,9511,2,0x3fc;0x3fd,0,104
2026-06-02T15:03:12.359,9512,2,0x3fc;0x3fd,0,112
2026-06-02T15:03:12.359,9513,1,0x3fd,0,52
2026-06-02T15:03:12.562,9514,1,0x3fd,0,52
2026-06-02T15:03:12.562,9515,1,0x3fd,0,52
2026-06-02T15:03:12.562,9516,1,0x3fd,0,52
2026-06-02T15:03:12.775,9517,1,0x3fd,0,52
2026-06-02T15:03:12.775,9518,2,0x3fc;0x3fd,0,160
2026-06-02T15:03:12.979,9519,2,0x3fc;0x3fd,0,464
2026-06-02T15:03:12.979,9520,5,0x3fc;0x3f2;0x3f3;0x3fd;0x410,1,784
2026-06-02T15:03:13.182,9521,4,0x3fc;0x3f2;0x3f3;0x3fd,0,464
2026-06-02T15:03:13.182,9522,4,0x3fc;0x3f2;0x3f3;0x3fd,0,266
2026-06-02T15:03:13.182,9523,4,0x3fc;0x3f2;0x3f3;0x3fd,0,492
2026-06-02T15:03:13.386,9524,4,0x3fc;0x3f2;0x3f3;0x3fd,0,299
2026-06-02T15:03:13.386,9525,4,0x3fc;0x3f2;0x3f3;0x3fd,0,391
2026-06-02T15:03:13.587,9526,4,0x3fc;0x3f2;0x3f3;0x3fd,0,534
2026-06-02T15:03:13.587,9527,4,0x3fc;0x3f2;0x3f3;0x3fd,0,294
2026-06-02T15:03:13.791,9528,4,0x3fc;0x3f2;0x3f3;0x3fd,0,342
2026-06-02T15:03:13.791,9529,4,0x3fc;0x3f2;0x3f3;0x3fd,0,336
2026-06-02T15:03:14.005,9530,4,0x3fc;0x3f2;0x3f3;0x3fd,0,238
2026-06-02T15:03:14.005,9531,4,0x3fc;0x3f2;0x3f3;0x3fd,0,234
2026-06-02T15:03:14.005,9532,4,0x3fc;0x3f2;0x3f3;0x3fd,0,235
2026-06-02T15:03:14.208,9533,4,0x3fc;0x3f2;0x3f3;0x3fd,0,251
2026-06-02T15:03:14.208,9534,4,0x3fc;0x3f2;0x3f3;0x3fd,0,245
2026-06-02T15:03:14.410,9535,4,0x3fc;0x3f2;0x3f3;0x3fd,0,236
2026-06-02T15:03:14.410,9536,5,0x3fc;0x3f2;0x3f3;0x3fd;0x410,1,379
2026-06-02T15:03:14.613,9537,4,0x3fc;0x3f2;0x3f3;0x3fd,0,227
2026-06-02T15:03:14.613,9538,4,0x3fc;0x3f2;0x3f3;0x3fd,0,250
2026-06-02T15:03:14.816,9539,4,0x3fc;0x3f2;0x3f3;0x3fd,0,293
2026-06-02T15:03:14.816,9540,4,0x3fc;0x3f2;0x3f3;0x3fd,0,258
2026-06-02T15:03:14.816,9541,4,0x3fc;0x3f2;0x3f3;0x3fd,0,253
2026-06-02T15:03:15.019,9542,4,0x3fc;0x3f2;0x3f3;0x3fd,0,237
2026-06-02T15:03:15.019,9543,4,0x3fc;0x3f2;0x3f3;0x3fd,0,371
2026-06-02T15:03:15.220,9544,4,0x3fc;0x3f2;0x3f3;0x3fd,0,260
2026-06-02T15:03:15.220,9545,4,0x3fc;0x3f2;0x3f3;0x3fd,0,332
2026-06-02T15:03:15.421,9546,4,0x3fc;0x3f2;0x3f3;0x3fd,0,487
2026-06-02T15:03:15.421,9547,4,0x3fc;0x3f2;0x3f3;0x3fd,0,249
2026-06-02T15:03:15.622,9548,3,0x3f2;0x3f3;0x3fd,0,181
2026-06-02T15:03:15.622,9549,3,0x3fc;0x3f2;0x3fd,0,224
2026-06-02T15:03:15.622,9550,4,0x3fc;0x3f2;0x3f3;0x3fd,0,283
2026-06-02T15:03:15.822,9551,3,0x3f2;0x3f3;0x3fd,0,189
2026-06-02T15:03:16.024,9552,3,0x3f2;0x3fd;0x410,1,316
2026-06-02T15:03:16.024,9553,3,0x3fc;0x3f2;0x3fd,0,224
2026-06-02T15:03:16.024,9554,4,0x3fc;0x3f2;0x3f3;0x3fd,0,411
2026-06-02T15:03:16.225,9555,4,0x3fc;0x3f2;0x3f3;0x3fd,0,249
2026-06-02T15:03:16.225,9556,4,0x3fc;0x3f2;0x3f3;0x3fd,0,266
2026-06-02T15:03:16.427,9557,4,0x3fc;0x3f2;0x3f3;0x3fd,0,231
2026-06-02T15:03:16.427,9558,4,0x3fc;0x3f2;0x3f3;0x3fd,0,554
2026-06-02T15:03:16.427,9559,4,0x3fc;0x3f2;0x3f3;0x3fd,0,443
2026-06-02T15:03:16.628,9560,4,0x3fc;0x3f2;0x3f3;0x3fd,0,864
2026-06-02T15:03:16.628,9561,4,0x3fc;0x3f2;0x3f3;0x3fd,0,575
2026-06-02T15:03:16.832,9562,4,0x3fc;0x3f2;0x3f3;0x3fd,0,316
2026-06-02T15:03:16.832,9563,4,0x3fc;0x3f2;0x3f3;0x3fd,0,473
2026-06-02T15:03:17.035,9564,4,0x3fc;0x3f2;0x3f3;0x3fd,0,296
2026-06-02T15:03:17.035,9565,4,0x3fc;0x3f2;0x3f3;0x3fd,0,351
2026-06-02T15:03:17.237,9566,4,0x3fc;0x3f2;0x3f3;0x3fd,0,385
2026-06-02T15:03:17.237,9567,4,0x3fc;0x3f2;0x3f3;0x3fd,0,300
2026-06-02T15:03:17.440,9568,5,0x3fc;0x3f2;0x3f3;0x3fd;0x410,1,433
2026-06-02T15:03:17.440,9569,4,0x3fc;0x3f2;0x3f3;0x3fd,0,329
2026-06-02T15:03:17.440,9570,4,0x3fc;0x3f2;0x3f3;0x3fd,0,854
2026-06-02T15:03:17.641,9571,4,0x3fc;0x3f2;0x3f3;0x3fd,0,319
2026-06-02T15:03:17.641,9572,4,0x3fc;0x3f2;0x3f3;0x3fd,0,420
2026-06-02T15:03:17.843,9573,4,0x3fc;0x3f2;0x3f3;0x3fd,0,418
2026-06-02T15:03:17.844,9574,4,0x3fc;0x3f2;0x3f3;0x3fd,0,911
2026-06-02T15:03:18.047,9575,4,0x3fc;0x3f2;0x3f3;0x3fd,0,725
2026-06-02T15:03:18.047,9576,4,0x3fc;0x3f2;0x3f3;0x3fd,0,694
2026-06-02T15:03:18.249,9577,4,0x3fc;0x3f2;0x3f3;0x3fd,0,1198
2026-06-02T15:03:18.249,9578,3,0x3f2;0x3f3;0x3fd,0,297
2026-06-02T15:03:18.249,9579,3,0x3fc;0x3f2;0x3fd,0,368
2026-06-02T15:03:18.450,9580,4,0x3fc;0x3f2;0x3f3;0x3fd,0,253
2026-06-02T15:03:18.450,9581,4,0x3fc;0x3f2;0x3f3;0x3fd,0,307
2026-06-02T15:03:18.653,9582,4,0x3fc;0x3f2;0x3f3;0x3fd,0,316
2026-06-02T15:03:18.653,9583,4,0x3fc;0x3f2;0x3f3;0x3fd,0,548
2026-06-02T15:03:18.855,9584,5,0x3fc;0x3f2;0x3f3;0x3fd;0x410,1,721
2026-06-02T15:03:18.855,9585,4,0x3fc;0x3f2;0x3f3;0x3fd,0,777
2026-06-02T15:03:18.855,9586,4,0x3fc;0x3f2;0x3f3;0x3fd,0,338
2026-06-02T15:03:19.057,9587,4,0x3fc;0x3f2;0x3f3;0x3fd,0,624
2026-06-02T15:03:19.057,9588,4,0x3fc;0x3f2;0x3f3;0x3fd,0,331
2026-06-02T15:03:19.261,9589,4,0x3fc;0x3f2;0x3f3;0x3fd,0,353
2026-06-02T15:03:19.261,9590,4,0x3fc;0x3f2;0x3f3;0x3fd,0,241
2026-06-02T15:03:19.463,9591,4,0x3fc;0x3f2;0x3f3;0x3fd,0,322
2026-06-02T15:03:19.463,9592,4,0x3fc;0x3f2;0x3f3;0x3fd,0,598
2026-06-02T15:03:19.666,9593,4,0x3fc;0x3f2;0x3f3;0x3fd,0,775
2026-06-02T15:03:19.666,9594,4,0x3fc;0x3f2;0x3f3;0x3fd,0,617
2026-06-02T15:03:19.666,9595,4,0x3fc;0x3f2;0x3f3;0x3fd,0,339
2026-06-02T15:03:19.868,9596,4,0x3fc;0x3f2;0x3f3;0x3fd,0,451
2026-06-02T15:03:19.868,9597,4,0x3fc;0x3f2;0x3f3;0x3fd,0,365
2026-06-02T15:03:20.070,9598,4,0x3fc;0x3f2;0x3f3;0x3fd,0,712
2026-06-02T15:03:20.070,9599,4,0x3fc;0x3f2;0x3f3;0x3fd,0,397
2026-06-02T15:03:20.272,9600,5,0x3fc;0x3f2;0x3f3;0x3fd;0x410,1,496
2026-06-02T15:03:20.272,9601,4,0x3fc;0x3f2;0x3f3;0x3fd,0,264
2026-06-02T15:03:20.473,9602,4,0x3fc;0x3f2;0x3f3;0x3fd,0,509
2026-06-02T15:03:20.473,9603,4,0x3fc;0x3f2;0x3f3;0x3fd,0,309
2026-06-02T15:03:20.473,9604,4,0x3fc;0x3f2;0x3f3;0x3fd,0,248
2026-06-02T15:03:20.675,9605,4,0x3fc;0x3f2;0x3f3;0x3fd,0,220
2026-06-02T15:03:20.675,9606,3,0x3f2;0x3f3;0x3fd,0,181
2026-06-02T15:03:20.878,9607,3,0x3fc;0x3f2;0x3fd,0,312
2026-06-02T15:03:20.878,9608,4,0x3fc;0x3f2;0x3f3;0x3fd,0,334
2026-06-02T15:03:21.079,9609,4,0x3fc;0x3f2;0x3f3;0x3fd,0,342
2026-06-02T15:03:21.079,9610,3,0x3f2;0x3f3;0x3fd,0,195
2026-06-02T15:03:21.281,9611,3,0x3fc;0x3f2;0x3fd,0,312
2026-06-02T15:03:21.281,9612,4,0x3fc;0x3f2;0x3f3;0x3fd,0,342
2026-06-02T15:03:21.281,9613,4,0x3fc;0x3f2;0x3f3;0x3fd,0,255
2026-06-02T15:03:21.483,9614,4,0x3fc;0x3f2;0x3f3;0x3fd,0,220
2026-06-02T15:03:21.483,9615,4,0x3fc;0x3f2;0x3f3;0x3fd,0,865
2026-06-02T15:03:21.685,9616,5,0x3fc;0x3f2;0x3f3;0x3fd;0x410,1,1090
2026-06-02T15:03:21.685,9617,4,0x3fc;0x3f2;0x3f3;0x3fd,0,458
2026-06-02T15:03:21.887,9618,4,0x3fc;0x3f2;0x3f3;0x3fd,0,245
2026-06-02T15:03:21.887,9619,4,0x3fc;0x3f2;0x3f3;0x3fd,0,266
2026-06-02T15:03:22.088,9620,4,0x3fc;0x3f2;0x3f3;0x3fd,0,279
2026-06-02T15:03:22.088,9621,4,0x3fc;0x3f2;0x3f3;0x3fd,0,288
2026-06-02T15:03:22.088,9622,4,0x3fc;0x3f2;0x3f3;0x3fd,0,265
2026-06-02T15:03:22.304,9623,4,0x3fc;0x3f2;0x3f3;0x3fd,0,438
2026-06-02T15:03:22.304,9624,4,0x3fc;0x3f2;0x3f3;0x3fd,0,500
2026-06-02T15:03:22.506,9625,4,0x3fc;0x3f2;0x3f3;0x3fd,0,393
2026-06-02T15:03:22.506,9626,4,0x3fc;0x3f2;0x3f3;0x3fd,0,259
2026-06-02T15:03:22.707,9627,4,0x3fc;0x3f2;0x3f3;0x3fd,0,300
2026-06-02T15:03:22.707,9628,4,0x3fc;0x3f2;0x3f3;0x3fd,0,235
2026-06-02T15:03:22.910,9629,4,0x3fc;0x3f2;0x3f3;0x3fd,0,258
2026-06-02T15:03:22.910,9630,4,0x3fc;0x3f2;0x3f3;0x3fd,0,262
2026-06-02T15:03:22.910,9631,4,0x3fc;0x3f2;0x3f3;0x3fd,0,270
2026-06-02T15:03:23.112,9632,5,0x3fc;0x3f2;0x3f3;0x3fd;0x410,1,415
2026-06-02T15:03:23.112,9633,4,0x3fc;0x3f2;0x3f3;0x3fd,0,391
2026-06-02T15:03:23.315,9634,4,0x3fc;0x3f2;0x3f3;0x3fd,0,422
2026-06-02T15:03:23.315,9635,4,0x3fc;0x3f2;0x3f3;0x3fd,0,520
2026-06-02T15:03:23.517,9636,4,0x3fc;0x3f2;0x3f3;0x3fd,0,452
2026-06-02T15:03:23.517,9637,4,0x3fc;0x3f2;0x3f3;0x3fd,0,826
2026-06-02T15:03:23.721,9638,4,0x3fc;0x3f2;0x3f3;0x3fd,0,986
2026-06-02T15:03:23.721,9639,4,0x3fc;0x3f2;0x3f3;0x3fd,0,1016
2026-06-02T15:03:23.923,9640,4,0x3fc;0x3f2;0x3f3;0x3fd,0,1258
2026-06-02T15:03:23.923,9641,4,0x3fc;0x3f2;0x3f3;0x3fd,0,1520
2026-06-02T15:03:23.923,9642,4,0x3fc;0x3f2;0x3f3;0x3fd,0,461
2026-06-02T15:03:24.139,9643,4,0x3fc;0x3f2;0x3f3;0x3fd,0,461
2026-06-02T15:03:24.139,9644,4,0x3fc;0x3f2;0x3f3;0x3fd,0,486
2026-06-02T15:03:24.340,9645,4,0x3fc;0x3f2;0x3f3;0x3fd,0,511
2026-06-02T15:03:24.340,9646,4,0x3fc;0x3f2;0x3f3;0x3fd,0,418
2026-06-02T15:03:24.340,9647,4,0x3fc;0x3f2;0x3f3;0x3fd,0,350
2026-06-02T15:03:24.542,9648,5,0x3fc;0x3f2;0x3f3;0x3fd;0x410,1,487
2026-06-02T15:03:24.542,9649,4,0x3fc;0x3f2;0x3f3;0x3fd,0,247
2026-06-02T15:03:24.746,9650,4,0x3fc;0x3f2;0x3f3;0x3fd,0,243
2026-06-02T15:03:24.746,9651,4,0x3fc;0x3f2;0x3f3;0x3fd,0,244
2026-06-02T15:03:24.950,9652,4,0x3fc;0x3f2;0x3f3;0x3fd,0,260
2026-06-02T15:03:24.950,9653,4,0x3fc;0x3f2;0x3f3;0x3fd,0,278
2026-06-02T15:03:25.152,9654,4,0x3fc;0x3f2;0x3f3;0x3fd,0,248
2026-06-02T15:03:25.152,9655,4,0x3fc;0x3f2;0x3f3;0x3fd,0,404
2026-06-02T15:03:25.152,9656,4,0x3fc;0x3f2;0x3f3;0x3fd,0,336
2026-06-02T15:03:25.356,9657,4,0x3fc;0x3f2;0x3f3;0x3fd,0,301
2026-06-02T15:03:25.356,9658,4,0x3fc;0x3f2;0x3f3;0x3fd,0,666
2026-06-02T15:03:25.556,9659,4,0x3fc;0x3f2;0x3f3;0x3fd,0,368
2026-06-02T15:03:25.556,9660,4,0x3fc;0x3f2;0x3f3;0x3fd,0,549
2026-06-02T15:03:25.770,9661,4,0x3fc;0x3f2;0x3f3;0x3fd,0,721
2026-06-02T15:03:25.770,9662,4,0x3fc;0x3f2;0x3f3;0x3fd,0,995
2026-06-02T15:03:25.976,9663,4,0x3fc;0x3f2;0x3f3;0x3fd,0,331
2026-06-02T15:03:25.976,9664,5,0x3fc;0x3f2;0x3f3;0x3fd;0x410,1,388
2026-06-02T15:03:25.976,9665,4,0x3fc;0x3f2;0x3f3;0x3fd,0,252
2026-06-02T15:03:26.178,9666,4,0x3fc;0x3f2;0x3f3;0x3fd,0,237
2026-06-02T15:03:26.178,9667,4,0x3fc;0x3f2;0x3f3;0x3fd,0,219
2026-06-02T15:03:26.381,9668,4,0x3fc;0x3f2;0x3f3;0x3fd,0,297
2026-06-02T15:03:26.381,9669,4,0x3fc;0x3f2;0x3f3;0x3fd,0,251
2026-06-02T15:03:26.582,9670,4,0x3fc;0x3f2;0x3f3;0x3fd,0,236
2026-06-02T15:03:26.582,9671,4,0x3fc;0x3f2;0x3f3;0x3fd,0,227
2026-06-02T15:03:26.783,9672,4,0x3fc;0x3f2;0x3f3;0x3fd,0,226
2026-06-02T15:03:26.783,9673,4,0x3fc;0x3f2;0x3f3;0x3fd,0,226
2026-06-02T15:03:26.783,9674,4,0x3fc;0x3f2;0x3f3;0x3fd,0,242
2026-06-02T15:03:26.987,9675,4,0x3fc;0x3f2;0x3f3;0x3fd,0,228
2026-06-02T15:03:26.987,9676,3,0x3f2;0x3f3;0x3fd,0,182
2026-06-02T15:03:27.188,9677,3,0x3fc;0x3f2;0x3fd,0,216
2026-06-02T15:03:27.189,9678,3,0x3f2;0x3f3;0x3fd,0,182
2026-06-02T15:03:27.394,9679,2,0x3f2;0x3fd,0,172
2026-06-02T15:03:27.394,9680,3,0x3f2;0x3fd;0x410,1,316
2026-06-02T15:03:27.596,9681,3,0x3fc;0x3f2;0x3fd,0,208
2026-06-02T15:03:27.596,9682,4,0x3fc;0x3f2;0x3f3;0x3fd,0,217
2026-06-02T15:03:27.596,9683,4,0x3fc;0x3f2;0x3f3;0x3fd,0,225
2026-06-02T15:03:27.797,9684,4,0x3fc;0x3f2;0x3f3;0x3fd,0,226
2026-06-02T15:03:27.797,9685,4,0x3fc;0x3f2;0x3f3;0x3fd,0,290
2026-06-02T15:03:27.999,9686,3,0x3f2;0x3f3;0x3fd,0,190
2026-06-02T15:03:27.999,9687,3,0x3fc;0x3f2;0x3fd,0,208
2026-06-02T15:03:28.201,9688,3,0x3f2;0x3f3;0x3fd,0,181
2026-06-02T15:03:28.201,9689,2,0x3f2;0x3fd,0,172
2026-06-02T15:03:28.403,9690,2,0x3f2;0x3fd,0,172
2026-06-02T15:03:28.404,9691,3,0x3fc;0x3f2;0x3fd,0,208
2026-06-02T15:03:28.404,9692,3,0x3f2;0x3f3;0x3fd,0,181
2026-06-02T15:03:28.607,9693,2,0x3f2;0x3fd,0,172
2026-06-02T15:03:28.607,9694,2,0x3f2;0x3fd,0,172
2026-06-02T15:03:28.812,9695,3,0x3fc;0x3f2;0x3fd,0,208
2026-06-02T15:03:28.812,9696,5,0x3fc;0x3f2;0x3f3;0x3fd;0x410,1,361
2026-06-02T15:03:29.013,9697,3,0x3f2;0x3f3;0x3fd,0,181
2026-06-02T15:03:29.013,9698,2,0x3f2;0x3fd,0,172
2026-06-02T15:03:29.013,9699,2,0x3f2;0x3fd,0,172
2026-06-02T15:03:29.215,9700,2,0x3f2;0x3fd,0,172
2026-06-02T15:03:29.215,9701,2,0x3f2;0x3fd,0,172
2026-06-02T15:03:29.418,9702,3,0x3fc;0x3f2;0x3fd,0,216
2026-06-02T15:03:29.418,9703,4,0x3fc;0x3f2;0x3f3;0x3fd,0,226
2026-06-02T15:03:29.619,9704,4,0x3fc;0x3f2;0x3f3;0x3fd,0,234
2026-06-02T15:03:29.619,9705,4,0x3fc;0x3f2;0x3f3;0x3fd,0,219
2026-06-02T15:03:29.834,9706,3,0x3f2;0x3f3;0x3fd,0,181
2026-06-02T15:03:29.834,9707,3,0x3fc;0x3f2;0x3fd,0,264
2026-06-02T15:03:29.834,9708,4,0x3fc;0x3f2;0x3f3;0x3fd,0,224
2026-06-02T15:03:30.036,9709,3,0x3f2;0x3f3;0x3fd,0,181
2026-06-02T15:03:30.036,9710,3,0x3fc;0x3f2;0x3fd,0,208
2026-06-02T15:03:30.240,9711,4,0x3fc;0x3f2;0x3f3;0x3fd,0,297
2026-06-02T15:03:30.240,9712,5,0x3fc;0x3f2;0x3f3;0x3fd;0x410,1,451
2026-06-02T15:03:30.443,9713,4,0x3fc;0x3f2;0x3f3;0x3fd,0,291
2026-06-02T15:03:30.443,9714,3,0x3f2;0x3f3;0x3fd,0,189
2026-06-02T15:03:30.644,9715,2,0x3f2;0x3fd,0,172
2026-06-02T15:03:30.644,9716,3,0x3fc;0x3f2;0x3fd,0,216
2026-06-02T15:03:30.644,9717,4,0x3fc;0x3f2;0x3f3;0x3fd,0,234
2026-06-02T15:03:30.847,9718,3,0x3f2;0x3f3;0x3fd,0,183
2026-06-02T15:03:30.847,9719,3,0x3fc;0x3f2;0x3fd,0,216
2026-06-02T15:03:31.051,9720,3,0x3f2;0x3f3;0x3fd,0,182
2026-06-02T15:03:31.051,9721,2,0x3f2;0x3fd,0,172
2026-06-02T15:03:31.253,9722,2,0x3f2;0x3fd,0,172
2026-06-02T15:03:31.253,9723,2,0x3f2;0x3fd,0,172
2026-06-02T15:03:31.469,9724,2,0x3f2;0x3fd,0,172
2026-06-02T15:03:31.469,9725,2,0x3f2;0x3fd,0,172
2026-06-02T15:03:31.469,9726,2,0x3f2;0x3fd,0,172
2026-06-02T15:03:31.671,9727,3,0x3fc;0x3f2;0x3fd,0,208
2026-06-02T15:03:31.671,9728,5,0x3fc;0x3f2;0x3f3;0x3fd;0x410,1,361
2026-06-02T15:03:31.874,9729,3,0x3f2;0x3f3;0x3fd,0,181
2026-06-02T15:03:31.874,9730,2,0x3f2;0x3fd,0,172
2026-06-02T15:03:32.074,9731,2,0x3f2;0x3fd,0,172
2026-06-02T15:03:32.074,9732,2,0x3f2;0x3fd,0,172
2026-06-02T15:03:32.074,9733,2,0x3f2;0x3fd,0,172
2026-06-02T15:03:32.277,9734,2,0x3f2;0x3fd,0,172
2026-06-02T15:03:32.277,9735,2,0x3f2;0x3fd,0,172
2026-06-02T15:03:32.479,9736,2,0x3f2;0x3fd,0,172
2026-06-02T15:03:32.479,9737,2,0x3f2;0x3fd,0,172
2026-06-02T15:03:32.682,9738,2,0x3f2;0x3fd,0,172
2026-06-02T15:03:32.682,9739,2,0x3f2;0x3fd,0,172
2026-06-02T15:03:32.884,9740,2,0x3f2;0x3fd,0,172
2026-06-02T15:03:32.884,9741,2,0x3f2;0x3fd,0,172
2026-06-02T15:03:33.086,9742,2,0x3f2;0x3fd,0,172
2026-06-02T15:03:33.086,9743,2,0x3f2;0x3fd,0,172
2026-06-02T15:03:33.289,9744,3,0x3f2;0x3fd;0x410,1,316
2026-06-02T15:03:33.290,9745,2,0x3f2;0x3fd,0,172
2026-06-02T15:03:33.290,9746,2,0x3f2;0x3fd,0,172
2026-06-02T15:03:33.492,9747,2,0x3f2;0x3fd,0,172
2026-06-02T15:03:33.492,9748,2,0x3f2;0x3fd,0,172
2026-06-02T15:03:33.694,9749,3,0x3fc;0x3f2;0x3fd,0,312
2026-06-02T15:03:33.694,9750,3,0x3f2;0x3f3;0x3fd,0,194
2026-06-02T15:03:33.897,9751,2,0x3f2;0x3fd,0,172
2026-06-02T15:03:33.897,9752,2,0x3f2;0x3fd,0,172
2026-06-02T15:03:33.897,9753,2,0x3f2;0x3fd,0,172
2026-06-02T15:03:34.099,9754,2,0x3f2;0x3fd,0,172
2026-06-02T15:03:34.099,9755,2,0x3f2;0x3fd,0,172
2026-06-02T15:03:34.302,9756,2,0x3f2;0x3fd,0,172
2026-06-02T15:03:34.302,9757,2,0x3f2;0x3fd,0,172
2026-06-02T15:03:34.505,9758,2,0x3f2;0x3fd,0,172
2026-06-02T15:03:34.505,9759,3,0x3fc;0x3f2;0x3fd,0,216
2026-06-02T15:03:34.706,9760,5,0x3fc;0x3f2;0x3f3;0x3fd;0x410,1,370
2026-06-02T15:03:34.706,9761,3,0x3f2;0x3f3;0x3fd,0,182
2026-06-02T15:03:34.706,9762,2,0x3f2;0x3fd,0,172
2026-06-02T15:03:34.909,9763,2,0x3f2;0x3fd,0,172
2026-06-02T15:03:34.909,9764,2,0x3f2;0x3fd,0,172
2026-06-02T15:03:35.111,9765,2,0x3f2;0x3fd,0,172
2026-06-02T15:03:35.111,9766,2,0x3f2;0x3fd,0,172
2026-06-02T15:03:35.326,9767,2,0x3f2;0x3fd,0,172
2026-06-02T15:03:35.326,9768,2,0x3f2;0x3fd,0,172
2026-06-02T15:03:35.326,9769,3,0x3fc;0x3f2;0x3fd,0,216
2026-06-02T15:03:35.530,9770,4,0x3fc;0x3f2;0x3f3;0x3fd,0,354
2026-06-02T15:03:35.530,9771,3,0x3f2;0x3f3;0x3fd,0,198
2026-06-02T15:03:35.733,9772,2,0x3f2;0x3fd,0,172
2026-06-02T15:03:35.733,9773,2,0x3f2;0x3fd,0,172
2026-06-02T15:03:35.936,9774,2,0x3f2;0x3fd,0,172
2026-06-02T15:03:35.936,9775,2,0x3f2;0x3fd,0,172
2026-06-02T15:03:36.136,9776,3,0x3f2;0x3fd;0x410,1,316
2026-06-02T15:03:36.136,9777,2,0x3f2;0x3fd,0,172
2026-06-02T15:03:36.136,9778,2,0x3f2;0x3fd,0,172
2026-06-02T15:03:36.339,9779,2,0x3f2;0x3fd,0,172
2026-06-02T15:03:36.339,9780,3,0x3fc;0x3f2;0x3fd,0,216
2026-06-02T15:03:36.541,9781,4,0x3fc;0x3f2;0x3f3;0x3fd,0,314
2026-06-02T15:03:36.541,9782,3,0x3f2;0x3f3;0x3fd,0,193
2026-06-02T15:03:36.756,9783,2,0x3f2;0x3fd,0,172
2026-06-02T15:03:36.756,9784,2,0x3f2;0x3fd,0,172
2026-06-02T15:03:36.756,9785,3,0x3fc;0x3f2;0x3fd,0,208
2026-06-02T15:03:36.956,9786,3,0x3f2;0x3f3;0x3fd,0,181
2026-06-02T15:03:36.956,9787,2,0x3f2;0x3fd,0,172
2026-06-02T15:03:37.159,9788,2,0x3f2;0x3fd,0,172
2026-06-02T15:03:37.159,9789,2,0x3f2;0x3fd,0,172
2026-06-02T15:03:37.361,9790,2,0x3f2;0x3fd,0,172
2026-06-02T15:03:37.361,9791,3,0x3fc;0x3f2;0x3fd,0,208
2026-06-02T15:03:37.565,9792,5,0x3fc;0x3f2;0x3f3;0x3fd;0x410,1,361
2026-06-02T15:03:37.565,9793,3,0x3f2;0x3f3;0x3fd,0,181
2026-06-02T15:03:37.565,9794,2,0x3f2;0x3fd,0,172
2026-06-02T15:03:37.766,9795,2,0x3f2;0x3fd,0,172
2026-06-02T15:03:37.766,9796,2,0x3f2;0x3fd,0,172
2026-06-02T15:03:37.968,9797,2,0x3f2;0x3fd,0,172
2026-06-02T15:03:37.968,9798,2,0x3f2;0x3fd,0,172
2026-06-02T15:03:38.170,9799,2,0x3f2;0x3fd,0,172
2026-06-02T15:03:38.170,9800,2,0x3f2;0x3fd,0,172
2026-06-02T15:03:38.375,9801,2,0x3f2;0x3fd,0,172
2026-06-02T15:03:38.375,9802,2,0x3f2;0x3fd,0,172
2026-06-02T15:03:38.375,9803,2,0x3f2;0x3fd,0,172
2026-06-02T15:03:38.575,9804,2,0x3f2;0x3fd,0,172
2026-06-02T15:03:38.575,9805,2,0x3f2;0x3fd,0,172
2026-06-02T15:03:38.779,9806,2,0x3f2;0x3fd,0,172
2026-06-02T15:03:38.779,9807,2,0x3f2;0x3fd,0,172
2026-06-02T15:03:38.983,9808,3,0x3f2;0x3fd;0x410,1,316
2026-06-02T15:03:38.983,9809,2,0x3f2;0x3fd,0,172
2026-06-02T15:03:39.186,9810,2,0x3f2;0x3fd,0,172
2026-06-02T15:03:39.186,9811,2,0x3f2;0x3fd,0,172
2026-06-02T15:03:39.186,9812,2,0x3f2;0x3fd,0,172
2026-06-02T15:03:39.391,9813,3,0x3fc;0x3f2;0x3fd,0,224
2026-06-02T15:03:39.391,9814,3,0x3f2;0x3f3;0x3fd,0,183
2026-06-02T15:03:39.607,9815,2,0x3f2;0x3fd,0,172
2026-06-02T15:03:39.607,9816,2,0x3f2;0x3fd,0,172
2026-06-02T15:03:39.810,9817,2,0x3f2;0x3fd,0,172
2026-06-02T15:03:39.810,9818,2,0x3f2;0x3fd,0,172
2026-06-02T15:03:40.011,9819,2,0x3f2;0x3fd,0,172
2026-06-02T15:03:40.011,9820,2,0x3f2;0x3fd,0,172
2026-06-02T15:03:40.011,9821,2,0x3f2;0x3fd,0,172
2026-06-02T15:03:40.212,9822,2,0x3f2;0x3fd,0,172
2026-06-02T15:03:40.212,9823,3,0x3fc;0x3f2;0x3fd,0,288
2026-06-02T15:03:40.415,9824,5,0x3fc;0x3f2;0x3f3;0x3fd;0x410,1,451
2026-06-02T15:03:40.415,9825,3,0x3f2;0x3f3;0x3fd,0,191
2026-06-02T15:03:40.619,9826,2,0x3f2;0x3fd,0,172
2026-06-02T15:03:40.619,9827,2,0x3f2;0x3fd,0,172
2026-06-02T15:03:40.821,9828,2,0x3f2;0x3fd,0,172
2026-06-02T15:03:40.821,9829,2,0x3f2;0x3fd,0,172
2026-06-02T15:03:40.821,9830,2,0x3f2;0x3fd,0,172
2026-06-02T15:03:41.026,9831,2,0x3f2;0x3fd,0,172
2026-06-02T15:03:41.026,9832,2,0x3f2;0x3fd,0,172
2026-06-02T15:03:41.229,9833,2,0x3f2;0x3fd,0,172
2026-06-02T15:03:41.229,9834,2,0x3f2;0x3fd,0,172
2026-06-02T15:03:41.431,9835,2,0x3f2;0x3fd,0,172
2026-06-02T15:03:41.431,9836,2,0x3f2;0x3fd,0,172
2026-06-02T15:03:41.635,9837,2,0x3f2;0x3fd,0,172
2026-06-02T15:03:41.635,9838,2,0x3f2;0x3fd,0,172
2026-06-02T15:03:41.635,9839,2,0x3f2;0x3fd,0,172
2026-06-02T15:03:41.837,9840,3,0x3f2;0x3fd;0x410,1,316
2026-06-02T15:03:41.837,9841,2,0x3f2;0x3fd,0,172
2026-06-02T15:03:42.040,9842,2,0x3f2;0x3fd,0,172
2026-06-02T15:03:42.040,9843,2,0x3f2;0x3fd,0,172
2026-06-02T15:03:42.242,9844,2,0x3f2;0x3fd,0,172
2026-06-02T15:03:42.242,9845,2,0x3f2;0x3fd,0,172
2026-06-02T15:03:42.445,9846,2,0x3f2;0x3fd,0,172
2026-06-02T15:03:42.445,9847,2,0x3f2;0x3fd,0,172
2026-06-02T15:03:42.445,9848,2,0x3f2;0x3fd,0,172
2026-06-02T15:03:42.661,9849,2,0x3f2;0x3fd,0,172
2026-06-02T15:03:42.661,9850,2,0x3f2;0x3fd,0,172
2026-06-02T15:03:42.863,9851,2,0x3f2;0x3fd,0,172
2026-06-02T15:03:42.863,9852,2,0x3f2;0x3fd,0,172
2026-06-02T15:03:43.066,9853,2,0x3f2;0x3fd,0,172
2026-06-02T15:03:43.066,9854,3,0x3fc;0x3f2;0x3fd,0,208
2026-06-02T15:03:43.066,9855,4,0x3fc;0x3f2;0x3f3;0x3fd,0,225
2026-06-02T15:03:43.272,9856,5,0x3fc;0x3f2;0x3f3;0x3fd;0x410,1,370
2026-06-02T15:03:43.272,9857,3,0x3f2;0x3f3;0x3fd,0,182
2026-06-02T15:03:43.474,9858,2,0x3f2;0x3fd,0,172
2026-06-02T15:03:43.474,9859,3,0x3fc;0x3f2;0x3fd,0,248
2026-06-02T15:03:43.690,9860,3,0x3f2;0x3f3;0x3fd,0,186
2026-06-02T15:03:43.690,9861,2,0x3f2;0x3fd,0,172
2026-06-02T15:03:43.690,9862,2,0x3f2;0x3fd,0,172
2026-06-02T15:03:43.906,9863,2,0x3f2;0x3fd,0,172
2026-06-02T15:03:43.906,9864,2,0x3f2;0x3fd,0,172
2026-06-02T15:03:44.106,9865,2,0x3f2;0x3fd,0,172
2026-06-02T15:03:44.106,9866,3,0x3fc;0x3f2;0x3fd,0,208
2026-06-02T15:03:44.310,9867,3,0x3f2;0x3f3;0x3fd,0,181
2026-06-02T15:03:44.310,9868,2,0x3f2;0x3fd,0,172
2026-06-02T15:03:44.525,9869,2,0x3f2;0x3fd,0,172
2026-06-02T15:03:44.525,9870,2,0x3f2;0x3fd,0,172
2026-06-02T15:03:44.525,9871,2,0x3f2;0x3fd,0,172
2026-06-02T15:03:44.730,9872,3,0x3f2;0x3fd;0x410,1,316
2026-06-02T15:03:44.731,9873,2,0x3f2;0x3fd,0,172
2026-06-02T15:03:44.933,9874,2,0x3f2;0x3fd,0,172
2026-06-02T15:03:44.934,9875,2,0x3f2;0x3fd,0,172
2026-06-02T15:03:45.137,9876,2,0x3f2;0x3fd,0,172
2026-06-02T15:03:45.137,9877,3,0x3fc;0x3f2;0x3fd,0,368
2026-06-02T15:03:45.137,9878,3,0x3f2;0x3f3;0x3fd,0,201
2026-06-02T15:03:45.341,9879,2,0x3f2;0x3fd,0,172
2026-06-02T15:03:45.341,9880,2,0x3f2;0x3fd,0,172
2026-06-02T15:03:45.545,9881,2,0x3f2;0x3fd,0,172
2026-06-02T15:03:45.545,9882,2,0x3f2;0x3fd,0,172
2026-06-02T15:03:45.746,9883,2,0x3f2;0x3fd,0,172
2026-06-02T15:03:45.746,9884,2,0x3f2;0x3fd,0,172
2026-06-02T15:03:45.947,9885,2,0x3f2;0x3fd,0,172
2026-06-02T15:03:45.947,9886,2,0x3f2;0x3fd,0,172
2026-06-02T15:03:45.947,9887,2,0x3f2;0x3fd,0,172
2026-06-02T15:03:46.149,9888,3,0x3f2;0x3fd;0x410,1,316
2026-06-02T15:03:46.149,9889,3,0x3fc;0x3f2;0x3fd,0,240
2026-06-02T15:03:46.365,9890,3,0x3f2;0x3f3;0x3fd,0,185
2026-06-02T15:03:46.365,9891,2,0x3f2;0x3fd,0,172
2026-06-02T15:03:46.566,9892,2,0x3f2;0x3fd,0,172
2026-06-02T15:03:46.566,9893,2,0x3f2;0x3fd,0,172
2026-06-02T15:03:46.566,9894,2,0x3f2;0x3fd,0,172
2026-06-02T15:03:46.767,9895,2,0x3f2;0x3fd,0,172
2026-06-02T15:03:46.767,9896,2,0x3f2;0x3fd,0,172
2026-06-02T15:03:46.969,9897,2,0x3f2;0x3fd,0,172
2026-06-02T15:03:46.969,9898,3,0x3fc;0x3f2;0x3fd,0,208
2026-06-02T15:03:47.171,9899,3,0x3f2;0x3f3;0x3fd,0,181
2026-06-02T15:03:47.171,9900,2,0x3f2;0x3fd,0,172
2026-06-02T15:03:47.374,9901,2,0x3f2;0x3fd,0,172
2026-06-02T15:03:47.374,9902,2,0x3f2;0x3fd,0,172
2026-06-02T15:03:47.374,9903,2,0x3f2;0x3fd,0,172
2026-06-02T15:03:47.576,9904,3,0x3f2;0x3fd;0x410,1,316
2026-06-02T15:03:47.576,9905,2,0x3f2;0x3fd,0,172
2026-06-02T15:03:47.780,9906,2,0x3f2;0x3fd,0,172
2026-06-02T15:03:47.780,9907,2,0x3f2;0x3fd,0,172
2026-06-02T15:03:47.982,9908,2,0x3f2;0x3fd,0,172
2026-06-02T15:03:47.982,9909,2,0x3f2;0x3fd,0,172
2026-06-02T15:03:48.196,9910,2,0x3f2;0x3fd,0,172
2026-06-02T15:03:48.196,9911,3,0x3fc;0x3f2;0x3fd,0,208
2026-06-02T15:03:48.196,9912,4,0x3fc;0x3f2;0x3f3;0x3fd,0,313
2026-06-02T15:03:48.410,9913,4,0x3fc;0x3f2;0x3f3;0x3fd,0,405
2026-06-02T15:03:48.410,9914,4,0x3fc;0x3f2;0x3f3;0x3fd,0,247
2026-06-02T15:03:48.613,9915,4,0x3fc;0x3f2;0x3f3;0x3fd,0,274
2026-06-02T15:03:48.613,9916,3,0x3f2;0x3f3;0x3fd,0,188
2026-06-02T15:03:48.817,9917,2,0x3f2;0x3fd,0,172
2026-06-02T15:03:48.817,9918,2,0x3f2;0x3fd,0,172
2026-06-02T15:03:49.020,9919,3,0x3fc;0x3f2;0x3fd,0,504
2026-06-02T15:03:49.020,9920,5,0x3fc;0x3f2;0x3f3;0x3fd;0x410,1,694
2026-06-02T15:03:49.020,9921,4,0x3fc;0x3f2;0x3f3;0x3fd,0,366
2026-06-02T15:03:49.222,9922,4,0x3fc;0x3f2;0x3f3;0x3fd,0,399
2026-06-02T15:03:49.222,9923,4,0x3fc;0x3f2;0x3f3;0x3fd,0,294
2026-06-02T15:03:49.422,9924,4,0x3fc;0x3f2;0x3f3;0x3fd,0,304
2026-06-02T15:03:49.422,9925,4,0x3fc;0x3f2;0x3f3;0x3fd,0,555
2026-06-02T15:03:49.623,9926,3,0x3f2;0x3f3;0x3fd,0,222
2026-06-02T15:03:49.623,9927,3,0x3fc;0x3f2;0x3fd,0,216
2026-06-02T15:03:49.824,9928,4,0x3fc;0x3f2;0x3f3;0x3fd,0,474
2026-06-02T15:03:49.824,9929,4,0x3fc;0x3f2;0x3f3;0x3fd,0,553
2026-06-02T15:03:49.824,9930,4,0x3fc;0x3f2;0x3f3;0x3fd,0,487
2026-06-02T15:03:50.028,9931,4,0x3fc;0x3f2;0x3f3;0x3fd,0,750
2026-06-02T15:03:50.028,9932,4,0x3fc;0x3f2;0x3f3;0x3fd,0,288
2026-06-02T15:03:50.231,9933,4,0x3fc;0x3f2;0x3f3;0x3fd,0,234
2026-06-02T15:03:50.231,9934,3,0x3f2;0x3f3;0x3fd,0,183
2026-06-02T15:03:50.433,9935,3,0x3fc;0x3f2;0x3fd,0,224
2026-06-02T15:03:50.433,9936,5,0x3fc;0x3f2;0x3f3;0x3fd;0x410,1,379
2026-06-02T15:03:50.636,9937,4,0x3fc;0x3f2;0x3f3;0x3fd,0,235
2026-06-02T15:03:50.636,9938,4,0x3fc;0x3f2;0x3f3;0x3fd,0,219
2026-06-02T15:03:50.636,9939,4,0x3fc;0x3f2;0x3f3;0x3fd,0,233
2026-06-02T15:03:50.837,9940,4,0x3fc;0x3f2;0x3f3;0x3fd,0,235
2026-06-02T15:03:50.837,9941,4,0x3fc;0x3f2;0x3f3;0x3fd,0,355
2026-06-02T15:03:51.039,9942,3,0x3f2;0x3f3;0x3fd,0,198
2026-06-02T15:03:51.039,9943,2,0x3f2;0x3fd,0,172
2026-06-02T15:03:51.242,9944,2,0x3f2;0x3fd,0,172
2026-06-02T15:03:51.242,9945,3,0x3fc;0x3f2;0x3fd,0,208
2026-06-02T15:03:51.445,9946,3,0x3f2;0x3f3;0x3fd,0,181
2026-06-02T15:03:51.445,9947,2,0x3f2;0x3fd,0,172
2026-06-02T15:03:51.445,9948,2,0x3f2;0x3fd,0,172
2026-06-02T15:03:51.648,9949,2,0x3f2;0x3fd,0,172
2026-06-02T15:03:51.648,9950,3,0x3fc;0x3f2;0x3fd,0,216
2026-06-02T15:03:51.863,9951,4,0x3fc;0x3f2;0x3f3;0x3fd,0,346
2026-06-02T15:03:51.863,9952,5,0x3fc;0x3f2;0x3f3;0x3fd;0x410,1,505
2026-06-02T15:03:52.065,9953,4,0x3fc;0x3f2;0x3f3;0x3fd,0,257
2026-06-02T15:03:52.065,9954,4,0x3fc;0x3f2;0x3f3;0x3fd,0,228
2026-06-02T15:03:52.065,9955,4,0x3fc;0x3f2;0x3f3;0x3fd,0,282
2026-06-02T15:03:52.268,9956,3,0x3f2;0x3f3;0x3fd,0,189
2026-06-02T15:03:52.268,9957,3,0x3fc;0x3f2;0x3fd,0,208
2026-06-02T15:03:52.471,9958,4,0x3fc;0x3f2;0x3f3;0x3fd,0,217
2026-06-02T15:03:52.471,9959,4,0x3fc;0x3f2;0x3f3;0x3fd,0,233
2026-06-02T15:03:52.676,9960,4,0x3fc;0x3f2;0x3f3;0x3fd,0,227
2026-06-02T15:03:52.676,9961,4,0x3fc;0x3f2;0x3f3;0x3fd,0,226
2026-06-02T15:03:52.880,9962,4,0x3fc;0x3f2;0x3f3;0x3fd,0,290
2026-06-02T15:03:52.880,9963,3,0x3f2;0x3f3;0x3fd,0,190
2026-06-02T15:03:52.880,9964,3,0x3fc;0x3f2;0x3fd,0,224
2026-06-02T15:03:53.083,9965,3,0x3f2;0x3f3;0x3fd,0,183
2026-06-02T15:03:53.083,9966,3,0x3fc;0x3f2;0x3fd,0,208
2026-06-02T15:03:53.285,9967,4,0x3fc;0x3f2;0x3f3;0x3fd,0,241
2026-06-02T15:03:53.285,9968,5,0x3fc;0x3f2;0x3f3;0x3fd;0x410,1,388
2026-06-02T15:03:53.486,9969,4,0x3fc;0x3f2;0x3f3;0x3fd,0,244
2026-06-02T15:03:53.486,9970,4,0x3fc;0x3f2;0x3f3;0x3fd,0,220
2026-06-02T15:03:53.689,9971,4,0x3fc;0x3f2;0x3f3;0x3fd,0,233
2026-06-02T15:03:53.689,9972,4,0x3fc;0x3f2;0x3f3;0x3fd,0,443
2026-06-02T15:03:53.689,9973,4,0x3fc;0x3f2;0x3f3;0x3fd,0,245
2026-06-02T15:03:53.892,9974,4,0x3fc;0x3f2;0x3f3;0x3fd,0,297
2026-06-02T15:03:53.892,9975,4,0x3fc;0x3f2;0x3f3;0x3fd,0,227
2026-06-02T15:03:54.093,9976,4,0x3fc;0x3f2;0x3f3;0x3fd,0,217
2026-06-02T15:03:54.093,9977,3,0x3f2;0x3f3;0x3fd,0,181
2026-06-02T15:03:54.296,9978,3,0x3fc;0x3f2;0x3fd,0,232
2026-06-02T15:03:54.296,9979,4,0x3fc;0x3f2;0x3f3;0x3fd,0,220
2026-06-02T15:03:54.500,9980,4,0x3fc;0x3f2;0x3f3;0x3fd,0,289
2026-06-02T15:03:54.500,9981,3,0x3f2;0x3f3;0x3fd,0,190
2026-06-02T15:03:54.500,9982,3,0x3fc;0x3f2;0x3fd,0,208
2026-06-02T15:03:54.702,9983,4,0x3fc;0x3f2;0x3f3;0x3fd,0,225
2026-06-02T15:03:54.906,9984,5,0x3fc;0x3f2;0x3f3;0x3fd;0x410,1,370
2026-06-02T15:03:54.906,9985,4,0x3fc;0x3f2;0x3f3;0x3fd,0,218
2026-06-02T15:03:54.906,9986,4,0x3fc;0x3f2;0x3f3;0x3fd,0,217
2026-06-02T15:03:55.107,9987,3,0x3f2;0x3f3;0x3fd,0,181
2026-06-02T15:03:55.107,9988,3,0x3fc;0x3f2;0x3fd,0,208
2026-06-02T15:03:55.310,9989,3,0x3f2;0x3f3;0x3fd,0,181
2026-06-02T15:03:55.310,9990,2,0x3f2;0x3fd,0,172
2026-06-02T15:03:55.310,9991,2,0x3f2;0x3fd,0,172
2026-06-02T15:03:55.525,9992,3,0x3fc;0x3f2;0x3fd,0,208
2026-06-02T15:03:55.525,9993,3,0x3f2;0x3f3;0x3fd,0,181
2026-06-02T15:03:55.725,9994,3,0x3fc;0x3f2;0x3fd,0,208
2026-06-02T15:03:55.725,9995,4,0x3fc;0x3f2;0x3f3;0x3fd,0,217
2026-06-02T15:03:55.929,9996,3,0x3f2;0x3f3;0x3fd,0,181
2026-06-02T15:03:55.929,9997,3,0x3fc;0x3f2;0x3fd,0,208
2026-06-02T15:03:55.929,9998,3,0x3f2;0x3f3;0x3fd,0,181
2026-06-02T15:03:56.133,9999,2,0x3f2;0x3fd,0,172
2026-06-02T15:03:56.335,10000,3,0x3f2;0x3fd;0x410,1,316
2026-06-02T15:03:56.335,10001,2,0x3f2;0x3fd,0,172
2026-06-02T15:03:56.335,10002,3,0x3fc;0x3f2;0x3fd,0,208
2026-06-02T15:03:56.537,10003,4,0x3fc;0x3f2;0x3f3;0x3fd,0,241
2026-06-02T15:03:56.537,10004,4,0x3fc;0x3f2;0x3f3;0x3fd,0,244
2026-06-02T15:03:56.739,10005,4,0x3fc;0x3f2;0x3f3;0x3fd,0,308
2026-06-02T15:03:56.739,10006,4,0x3fc;0x3f2;0x3f3;0x3fd,0,252
2026-06-02T15:03:56.739,10007,4,0x3fc;0x3f2;0x3f3;0x3fd,0,228
2026-06-02T15:03:56.942,10008,3,0x3f2;0x3f3;0x3fd,0,182
2026-06-02T15:03:56.942,10009,3,0x3fc;0x3f2;0x3fd,0,240
2026-06-02T15:03:57.145,10010,4,0x3fc;0x3f2;0x3f3;0x3fd,0,613
2026-06-02T15:03:57.145,10011,4,0x3fc;0x3f2;0x3f3;0x3fd,0,658
2026-06-02T15:03:57.350,10012,4,0x3fc;0x3f2;0x3f3;0x3fd,0,530
2026-06-02T15:03:57.350,10013,4,0x3fc;0x3f2;0x3f3;0x3fd,0,530
2026-06-02T15:03:57.554,10014,4,0x3fc;0x3f2;0x3f3;0x3fd,0,804
2026-06-02T15:03:57.554,10015,4,0x3fc;0x3f2;0x3f3;0x3fd,0,406
2026-06-02T15:03:57.755,10016,5,0x3fc;0x3f2;0x3f3;0x3fd;0x410,1,496
2026-06-02T15:03:57.755,10017,4,0x3fc;0x3f2;0x3f3;0x3fd,0,568
2026-06-02T15:03:57.755,10018,4,0x3fc;0x3f2;0x3f3;0x3fd,0,611
2026-06-02T15:03:57.957,10019,4,0x3fc;0x3f2;0x3f3;0x3fd,0,421
2026-06-02T15:03:57.957,10020,4,0x3fc;0x3f2;0x3f3;0x3fd,0,357
2026-06-02T15:03:58.158,10021,4,0x3fc;0x3f2;0x3f3;0x3fd,0,840
2026-06-02T15:03:58.158,10022,4,0x3fc;0x3f2;0x3f3;0x3fd,0,677
2026-06-02T15:03:58.359,10023,4,0x3fc;0x3f2;0x3f3;0x3fd,0,793
2026-06-02T15:03:58.359,10024,4,0x3fc;0x3f2;0x3f3;0x3fd,0,715
2026-06-02T15:03:58.562,10025,4,0x3fc;0x3f2;0x3f3;0x3fd,0,735
2026-06-02T15:03:58.562,10026,4,0x3fc;0x3f2;0x3f3;0x3fd,0,507
2026-06-02T15:03:58.562,10027,4,0x3fc;0x3f2;0x3f3;0x3fd,0,750
2026-06-02T15:03:58.766,10028,4,0x3fc;0x3f2;0x3f3;0x3fd,0,720
2026-06-02T15:03:58.766,10029,4,0x3fc;0x3f2;0x3f3;0x3fd,0,288
2026-06-02T15:03:58.969,10030,4,0x3fc;0x3f2;0x3f3;0x3fd,0,379
2026-06-02T15:03:58.969,10031,4,0x3fc;0x3f2;0x3f3;0x3fd,0,269
2026-06-02T15:03:59.170,10032,5,0x3fc;0x3f2;0x3f3;0x3fd;0x410,1,397
2026-06-02T15:03:59.170,10033,4,0x3fc;0x3f2;0x3f3;0x3fd,0,293
2026-06-02T15:03:59.170,10034,4,0x3fc;0x3f2;0x3f3;0x3fd,0,250
2026-06-02T15:03:59.372,10035,4,0x3fc;0x3f2;0x3f3;0x3fd,0,276
2026-06-02T15:03:59.372,10036,4,0x3fc;0x3f2;0x3f3;0x3fd,0,288
2026-06-02T15:03:59.574,10037,4,0x3fc;0x3f2;0x3f3;0x3fd,0,233
2026-06-02T15:03:59.574,10038,4,0x3fc;0x3f2;0x3f3;0x3fd,0,226
2026-06-02T15:03:59.778,10039,4,0x3fc;0x3f2;0x3f3;0x3fd,0,298
2026-06-02T15:03:59.778,10040,4,0x3fc;0x3f2;0x3f3;0x3fd,0,347
2026-06-02T15:03:59.981,10041,4,0x3fc;0x3f2;0x3f3;0x3fd,0,288
2026-06-02T15:03:59.981,10042,4,0x3fc;0x3f2;0x3f3;0x3fd,0,360
2026-06-02T15:03:59.981,10043,4,0x3fc;0x3f2;0x3f3;0x3fd,0,410
2026-06-02T15:04:00.183,10044,4,0x3fc;0x3f2;0x3f3;0x3fd,0,391
2026-06-02T15:04:00.183,10045,4,0x3fc;0x3f2;0x3f3;0x3fd,0,692
2026-06-02T15:04:00.386,10046,4,0x3fc;0x3f2;0x3f3;0x3fd,0,362
2026-06-02T15:04:00.386,10047,4,0x3fc;0x3f2;0x3f3;0x3fd,0,284
2026-06-02T15:04:00.589,10048,5,0x3fc;0x3f2;0x3f3;0x3fd;0x410,1,424
2026-06-02T15:04:00.589,10049,4,0x3fc;0x3f2;0x3f3;0x3fd,0,288
2026-06-02T15:04:00.791,10050,4,0x3fc;0x3f2;0x3f3;0x3fd,0,409
2026-06-02T15:04:00.791,10051,4,0x3fc;0x3f2;0x3f3;0x3fd,0,320
2026-06-02T15:04:00.791,10052,4,0x3fc;0x3f2;0x3f3;0x3fd,0,371
2026-06-02T15:04:00.995,10053,4,0x3fc;0x3f2;0x3f3;0x3fd,0,259
2026-06-02T15:04:00.995,10054,4,0x3fc;0x3f2;0x3f3;0x3fd,0,444
2026-06-02T15:04:01.197,10055,4,0x3fc;0x3f2;0x3f3;0x3fd,0,437
2026-06-02T15:04:01.197,10056,4,0x3fc;0x3f2;0x3f3;0x3fd,0,481
2026-06-02T15:04:01.400,10057,4,0x3fc;0x3f2;0x3f3;0x3fd,0,319
2026-06-02T15:04:01.400,10058,4,0x3fc;0x3f2;0x3f3;0x3fd,0,250
2026-06-02T15:04:01.604,10059,4,0x3fc;0x3f2;0x3f3;0x3fd,0,380
2026-06-02T15:04:01.604,10060,4,0x3fc;0x3f2;0x3f3;0x3fd,0,261
2026-06-02T15:04:01.604,10061,4,0x3fc;0x3f2;0x3f3;0x3fd,0,364
2026-06-02T15:04:01.806,10062,4,0x3fc;0x3f2;0x3f3;0x3fd,0,419
2026-06-02T15:04:01.806,10063,4,0x3fc;0x3f2;0x3f3;0x3fd,0,336
2026-06-02T15:04:02.009,10064,5,0x3fc;0x3f2;0x3f3;0x3fd;0x410,1,469
2026-06-02T15:04:02.009,10065,4,0x3fc;0x3f2;0x3f3;0x3fd,0,309
2026-06-02T15:04:02.225,10066,4,0x3fc;0x3f2;0x3f3;0x3fd,0,635
2026-06-02T15:04:02.225,10067,3,0x3f2;0x3f3;0x3fd,0,232
2026-06-02T15:04:02.427,10068,3,0x3fc;0x3f2;0x3fd,0,544
2026-06-02T15:04:02.427,10069,4,0x3fc;0x3f2;0x3f3;0x3fd,0,259
2026-06-02T15:04:02.427,10070,4,0x3fc;0x3f2;0x3f3;0x3fd,0,225
2026-06-02T15:04:02.630,10071,4,0x3fc;0x3f2;0x3f3;0x3fd,0,722
2026-06-02T15:04:02.630,10072,4,0x3fc;0x3f2;0x3f3;0x3fd,0,728
2026-06-02T15:04:02.832,10073,4,0x3fc;0x3f2;0x3f3;0x3fd,0,297
2026-06-02T15:04:02.832,10074,4,0x3fc;0x3f2;0x3f3;0x3fd,0,564
2026-06-02T15:04:03.033,10075,4,0x3fc;0x3f2;0x3f3;0x3fd,0,372
2026-06-02T15:04:03.033,10076,4,0x3fc;0x3f2;0x3f3;0x3fd,0,711
2026-06-02T15:04:03.234,10077,4,0x3fc;0x3f2;0x3f3;0x3fd,0,317
2026-06-02T15:04:03.234,10078,4,0x3fc;0x3f2;0x3f3;0x3fd,0,638
2026-06-02T15:04:03.234,10079,4,0x3fc;0x3f2;0x3f3;0x3fd,0,269
2026-06-02T15:04:03.437,10080,5,0x3fc;0x3f2;0x3f3;0x3fd;0x410,1,361
2026-06-02T15:04:03.438,10081,4,0x3fc;0x3f2;0x3f3;0x3fd,0,385
2026-06-02T15:04:03.641,10082,4,0x3fc;0x3f2;0x3f3;0x3fd,0,534
2026-06-02T15:04:03.641,10083,4,0x3fc;0x3f2;0x3f3;0x3fd,0,342
2026-06-02T15:04:03.843,10084,4,0x3fc;0x3f2;0x3f3;0x3fd,0,244
2026-06-02T15:04:03.843,10085,4,0x3fc;0x3f2;0x3f3;0x3fd,0,227
2026-06-02T15:04:04.045,10086,4,0x3fc;0x3f2;0x3f3;0x3fd,0,242
2026-06-02T15:04:04.045,10087,4,0x3fc;0x3f2;0x3f3;0x3fd,0,244
2026-06-02T15:04:04.045,10088,3,0x3f2;0x3f3;0x3fd,0,184
2026-06-02T15:04:04.248,10089,3,0x3fc;0x3f2;0x3fd,0,400
2026-06-02T15:04:04.248,10090,4,0x3fc;0x3f2;0x3f3;0x3fd,0,241
2026-06-02T15:04:04.450,10091,4,0x3fc;0x3f2;0x3f3;0x3fd,0,289
2026-06-02T15:04:04.450,10092,4,0x3fc;0x3f2;0x3f3;0x3fd,0,234
2026-06-02T15:04:04.652,10093,4,0x3fc;0x3f2;0x3f3;0x3fd,0,274
2026-06-02T15:04:04.652,10094,4,0x3fc;0x3f2;0x3f3;0x3fd,0,232
2026-06-02T15:04:04.855,10095,4,0x3fc;0x3f2;0x3f3;0x3fd,0,234
2026-06-02T15:04:04.855,10096,5,0x3fc;0x3f2;0x3f3;0x3fd;0x410,1,379
2026-06-02T15:04:04.855,10097,4,0x3fc;0x3f2;0x3f3;0x3fd,0,619
2026-06-02T15:04:05.059,10098,4,0x3fc;0x3f2;0x3f3;0x3fd,0,379
2026-06-02T15:04:05.059,10099,4,0x3fc;0x3f2;0x3f3;0x3fd,0,247
2026-06-02T15:04:05.260,10100,4,0x3fc;0x3f2;0x3f3;0x3fd,0,227
2026-06-02T15:04:05.260,10101,3,0x3f2;0x3f3;0x3fd,0,182
2026-06-02T15:04:05.461,10102,2,0x3f2;0x3fd,0,172
2026-06-02T15:04:05.461,10103,2,0x3f2;0x3fd,0,172
2026-06-02T15:04:05.662,10104,3,0x3fc;0x3f2;0x3fd,0,224
2026-06-02T15:04:05.662,10105,4,0x3fc;0x3f2;0x3f3;0x3fd,0,355
2026-06-02T15:04:05.662,10106,4,0x3fc;0x3f2;0x3f3;0x3fd,0,258
2026-06-02T15:04:05.865,10107,4,0x3fc;0x3f2;0x3f3;0x3fd,0,244
2026-06-02T15:04:05.865,10108,4,0x3fc;0x3f2;0x3f3;0x3fd,0,300
2026-06-02T15:04:06.067,10109,3,0x3f2;0x3f3;0x3fd,0,191
2026-06-02T15:04:06.067,10110,3,0x3fc;0x3f2;0x3fd,0,472
2026-06-02T15:04:06.270,10111,4,0x3fc;0x3f2;0x3f3;0x3fd,0,266
2026-06-02T15:04:06.270,10112,5,0x3fc;0x3f2;0x3f3;0x3fd;0x410,1,379
2026-06-02T15:04:06.473,10113,4,0x3fc;0x3f2;0x3f3;0x3fd,0,331
2026-06-02T15:04:06.473,10114,4,0x3fc;0x3f2;0x3f3;0x3fd,0,351
2026-06-02T15:04:06.473,10115,4,0x3fc;0x3f2;0x3f3;0x3fd,0,248
2026-06-02T15:04:06.676,10116,4,0x3fc;0x3f2;0x3f3;0x3fd,0,595
2026-06-02T15:04:06.676,10117,4,0x3fc;0x3f2;0x3f3;0x3fd,0,280
2026-06-02T15:04:06.878,10118,4,0x3fc;0x3f2;0x3f3;0x3fd,0,227
2026-06-02T15:04:06.878,10119,4,0x3fc;0x3f2;0x3f3;0x3fd,0,266
2026-06-02T15:04:07.082,10120,4,0x3fc;0x3f2;0x3f3;0x3fd,0,399
2026-06-02T15:04:07.082,10121,4,0x3fc;0x3f2;0x3f3;0x3fd,0,383
2026-06-02T15:04:07.298,10122,4,0x3fc;0x3f2;0x3f3;0x3fd,0,419
2026-06-02T15:04:07.298,10123,4,0x3fc;0x3f2;0x3f3;0x3fd,0,1128
2026-06-02T15:04:07.298,10124,4,0x3fc;0x3f2;0x3f3;0x3fd,0,472
2026-06-02T15:04:07.512,10125,4,0x3fc;0x3f2;0x3f3;0x3fd,0,1051
2026-06-02T15:04:07.512,10126,4,0x3fc;0x3f2;0x3f3;0x3fd,0,1191
2026-06-02T15:04:07.715,10127,4,0x3fc;0x3f2;0x3f3;0x3fd,0,950
2026-06-02T15:04:07.715,10128,5,0x3fc;0x3f2;0x3f3;0x3fd;0x410,1,1063
2026-06-02T15:04:07.917,10129,4,0x3fc;0x3f2;0x3f3;0x3fd,0,391
2026-06-02T15:04:07.917,10130,4,0x3fc;0x3f2;0x3f3;0x3fd,0,501
2026-06-02T15:04:07.917,10131,4,0x3fc;0x3f2;0x3f3;0x3fd,0,307
2026-06-02T15:04:08.119,10132,4,0x3fc;0x3f2;0x3f3;0x3fd,0,296
2026-06-02T15:04:08.119,10133,4,0x3fc;0x3f2;0x3f3;0x3fd,0,434
2026-06-02T15:04:08.322,10134,4,0x3fc;0x3f2;0x3f3;0x3fd,0,899
2026-06-02T15:04:08.322,10135,4,0x3fc;0x3f2;0x3f3;0x3fd,0,1155
2026-06-02T15:04:08.524,10136,4,0x3fc;0x3f2;0x3f3;0x3fd,0,748
2026-06-02T15:04:08.524,10137,4,0x3fc;0x3f2;0x3f3;0x3fd,0,790
2026-06-02T15:04:08.727,10138,4,0x3fc;0x3f2;0x3f3;0x3fd,0,714
2026-06-02T15:04:08.727,10139,4,0x3fc;0x3f2;0x3f3;0x3fd,0,607
2026-06-02T15:04:08.727,10140,4,0x3fc;0x3f2;0x3f3;0x3fd,0,1091
2026-06-02T15:04:08.943,10141,4,0x3fc;0x3f2;0x3f3;0x3fd,0,481
2026-06-02T15:04:08.943,10142,4,0x3fc;0x3f2;0x3f3;0x3fd,0,981
2026-06-02T15:04:09.147,10143,4,0x3fc;0x3f2;0x3f3;0x3fd,0,350
2026-06-02T15:04:09.147,10144,5,0x3fc;0x3f2;0x3f3;0x3fd;0x410,1,406
2026-06-02T15:04:09.351,10145,4,0x3fc;0x3f2;0x3f3;0x3fd,0,734
2026-06-02T15:04:09.351,10146,4,0x3fc;0x3f2;0x3f3;0x3fd,0,825
2026-06-02T15:04:09.351,10147,4,0x3fc;0x3f2;0x3f3;0x3fd,0,493
2026-06-02T15:04:09.554,10148,4,0x3fc;0x3f2;0x3f3;0x3fd,0,323
2026-06-02T15:04:09.554,10149,4,0x3fc;0x3f2;0x3f3;0x3fd,0,331
2026-06-02T15:04:09.756,10150,4,0x3fc;0x3f2;0x3f3;0x3fd,0,294
2026-06-02T15:04:09.756,10151,4,0x3fc;0x3f2;0x3f3;0x3fd,0,441
2026-06-02T15:04:09.960,10152,4,0x3fc;0x3f2;0x3f3;0x3fd,0,492
2026-06-02T15:04:09.960,10153,4,0x3fc;0x3f2;0x3f3;0x3fd,0,304
2026-06-02T15:04:10.162,10154,4,0x3fc;0x3f2;0x3f3;0x3fd,0,432
2026-06-02T15:04:10.162,10155,4,0x3fc;0x3f2;0x3f3;0x3fd,0,715
2026-06-02T15:04:10.162,10156,4,0x3fc;0x3f2;0x3f3;0x3fd,0,868
2026-06-02T15:04:10.364,10157,4,0x3fc;0x3f2;0x3f3;0x3fd,0,747
2026-06-02T15:04:10.364,10158,4,0x3fc;0x3f2;0x3f3;0x3fd,0,466
2026-06-02T15:04:10.567,10159,4,0x3fc;0x3f2;0x3f3;0x3fd,0,409
2026-06-02T15:04:10.567,10160,5,0x3fc;0x3f2;0x3f3;0x3fd;0x410,1,550
2026-06-02T15:04:10.770,10161,4,0x3fc;0x3f2;0x3f3;0x3fd,0,782
2026-06-02T15:04:10.770,10162,4,0x3fc;0x3f2;0x3f3;0x3fd,0,445
2026-06-02T15:04:10.973,10163,4,0x3fc;0x3f2;0x3f3;0x3fd,0,413
2026-06-02T15:04:10.974,10164,4,0x3fc;0x3f2;0x3f3;0x3fd,0,519
2026-06-02T15:04:10.974,10165,4,0x3fc;0x3f2;0x3f3;0x3fd,0,260
2026-06-02T15:04:11.177,10166,4,0x3fc;0x3f2;0x3f3;0x3fd,0,810
2026-06-02T15:04:11.177,10167,4,0x3fc;0x3f2;0x3f3;0x3fd,0,619
2026-06-02T15:04:11.379,10168,4,0x3fc;0x3f2;0x3f3;0x3fd,0,682
2026-06-02T15:04:11.379,10169,4,0x3fc;0x3f2;0x3f3;0x3fd,0,886
2026-06-02T15:04:11.596,10170,4,0x3fc;0x3f2;0x3f3;0x3fd,0,934
2026-06-02T15:04:11.596,10171,4,0x3fc;0x3f2;0x3f3;0x3fd,0,705
2026-06-02T15:04:11.596,10172,4,0x3fc;0x3f2;0x3f3;0x3fd,0,516
2026-06-02T15:04:11.797,10173,4,0x3fc;0x3f2;0x3f3;0x3fd,0,560
2026-06-02T15:04:11.797,10174,4,0x3fc;0x3f2;0x3f3;0x3fd,0,368
2026-06-02T15:04:12.001,10175,3,0x3f2;0x3f3;0x3fd,0,195
2026-06-02T15:04:12.001,10176,3,0x3f2;0x3fd;0x410,1,316
2026-06-02T15:04:12.205,10177,3,0x3fc;0x3f2;0x3fd,0,648
2026-06-02T15:04:12.205,10178,4,0x3fc;0x3f2;0x3f3;0x3fd,0,384
2026-06-02T15:04:12.409,10179,4,0x3fc;0x3f2;0x3f3;0x3fd,0,255
2026-06-02T15:04:12.409,10180,4,0x3fc;0x3f2;0x3f3;0x3fd,0,1004
2026-06-02T15:04:12.409,10181,4,0x3fc;0x3f2;0x3f3;0x3fd,0,555
2026-06-02T15:04:12.612,10182,4,0x3fc;0x3f2;0x3f3;0x3fd,0,407
2026-06-02T15:04:12.612,10183,4,0x3fc;0x3f2;0x3f3;0x3fd,0,261
2026-06-02T15:04:12.816,10184,4,0x3fc;0x3f2;0x3f3;0x3fd,0,412
2026-06-02T15:04:12.816,10185,4,0x3fc;0x3f2;0x3f3;0x3fd,0,289
2026-06-02T15:04:13.020,10186,4,0x3fc;0x3f2;0x3f3;0x3fd,0,263
2026-06-02T15:04:13.020,10187,4,0x3fc;0x3f2;0x3f3;0x3fd,0,358
2026-06-02T15:04:13.224,10188,4,0x3fc;0x3f2;0x3f3;0x3fd,0,266
2026-06-02T15:04:13.224,10189,4,0x3fc;0x3f2;0x3f3;0x3fd,0,365
2026-06-02T15:04:13.224,10190,4,0x3fc;0x3f2;0x3f3;0x3fd,0,627
2026-06-02T15:04:13.439,10191,4,0x3fc;0x3f2;0x3f3;0x3fd,0,754
2026-06-02T15:04:13.439,10192,5,0x3fc;0x3f2;0x3f3;0x3fd;0x410,1,910
2026-06-02T15:04:13.642,10193,4,0x3fc;0x3f2;0x3f3;0x3fd,0,294
2026-06-02T15:04:13.642,10194,4,0x3fc;0x3f2;0x3f3;0x3fd,0,259
2026-06-02T15:04:13.844,10195,4,0x3fc;0x3f2;0x3f3;0x3fd,0,302
2026-06-02T15:04:13.844,10196,4,0x3fc;0x3f2;0x3f3;0x3fd,0,267
2026-06-02T15:04:14.045,10197,4,0x3fc;0x3f2;0x3f3;0x3fd,0,246
2026-06-02T15:04:14.045,10198,4,0x3fc;0x3f2;0x3f3;0x3fd,0,260
2026-06-02T15:04:14.045,10199,4,0x3fc;0x3f2;0x3f3;0x3fd,0,262
2026-06-02T15:04:14.247,10200,4,0x3fc;0x3f2;0x3f3;0x3fd,0,278
2026-06-02T15:04:14.247,10201,4,0x3fc;0x3f2;0x3f3;0x3fd,0,424
2026-06-02T15:04:14.450,10202,4,0x3fc;0x3f2;0x3f3;0x3fd,0,290
2026-06-02T15:04:14.450,10203,4,0x3fc;0x3f2;0x3f3;0x3fd,0,247
2026-06-02T15:04:14.654,10204,4,0x3fc;0x3f2;0x3f3;0x3fd,0,412
2026-06-02T15:04:14.654,10205,4,0x3fc;0x3f2;0x3f3;0x3fd,0,281
2026-06-02T15:04:14.654,10206,4,0x3fc;0x3f2;0x3f3;0x3fd,0,326
2026-06-02T15:04:14.857,10207,4,0x3fc;0x3f2;0x3f3;0x3fd,0,294
2026-06-02T15:04:15.060,10208,5,0x3fc;0x3f2;0x3f3;0x3fd;0x410,1,433
2026-06-02T15:04:15.060,10209,4,0x3fc;0x3f2;0x3f3;0x3fd,0,353
2026-06-02T15:04:15.060,10210,4,0x3fc;0x3f2;0x3f3;0x3fd,0,625
2026-06-02T15:04:15.262,10211,4,0x3fc;0x3f2;0x3f3;0x3fd,0,314
2026-06-02T15:04:15.262,10212,4,0x3fc;0x3f2;0x3f3;0x3fd,0,383
2026-06-02T15:04:15.466,10213,4,0x3fc;0x3f2;0x3f3;0x3fd,0,269
2026-06-02T15:04:15.466,10214,4,0x3fc;0x3f2;0x3f3;0x3fd,0,341
2026-06-02T15:04:15.466,10215,4,0x3fc;0x3f2;0x3f3;0x3fd,0,440
2026-06-02T15:04:15.670,10216,4,0x3fc;0x3f2;0x3f3;0x3fd,0,267
2026-06-02T15:04:15.670,10217,4,0x3fc;0x3f2;0x3f3;0x3fd,0,340
