system_time_iso,frame_number,num_tlvs,tlv_types_hex,vital_count,total_packet_len
2026-06-02T14:23:51.795,21,2,0x3fc;0x3fd,0,160
2026-06-02T14:23:51.795,22,1,0x3fd,0,52
2026-06-02T14:23:51.999,23,1,0x3fd,0,52
2026-06-02T14:23:51.999,24,1,0x3fd,0,52
2026-06-02T14:23:52.202,25,1,0x3fd,0,52
2026-06-02T14:23:52.202,26,1,0x3fd,0,52
2026-06-02T14:23:52.405,27,1,0x3fd,0,52
2026-06-02T14:23:52.405,28,1,0x3fd,0,52
2026-06-02T14:23:52.405,29,1,0x3fd,0,52
2026-06-02T14:23:52.606,30,1,0x3fd,0,52
2026-06-02T14:23:52.606,31,2,0x3fc;0x3fd,0,168
2026-06-02T14:23:52.810,32,3,0x3fc;0x3fd;0x410,1,312
2026-06-02T14:23:52.811,33,1,0x3fd,0,52
2026-06-02T14:23:53.014,34,1,0x3fd,0,52
2026-06-02T14:23:53.014,35,1,0x3fd,0,52
2026-06-02T14:23:53.217,36,2,0x3fc;0x3fd,0,88
2026-06-02T14:23:53.217,37,2,0x3fc;0x3fd,0,104
2026-06-02T14:23:53.217,38,2,0x3fc;0x3fd,0,96
2026-06-02T14:23:53.419,39,2,0x3fc;0x3fd,0,120
2026-06-02T14:23:53.419,40,2,0x3fc;0x3fd,0,96
2026-06-02T14:23:53.621,41,1,0x3fd,0,52
2026-06-02T14:23:53.621,42,2,0x3fc;0x3fd,0,88
2026-06-02T14:23:53.823,43,1,0x3fd,0,52
2026-06-02T14:23:53.823,44,1,0x3fd,0,52
2026-06-02T14:23:54.026,45,1,0x3fd,0,52
2026-06-02T14:23:54.026,46,1,0x3fd,0,52
2026-06-02T14:23:54.026,47,2,0x3fc;0x3fd,0,104
2026-06-02T14:23:54.229,48,3,0x3fc;0x3fd;0x410,1,248
2026-06-02T14:23:54.229,49,1,0x3fd,0,52
2026-06-02T14:23:54.429,50,1,0x3fd,0,52
2026-06-02T14:23:54.429,51,1,0x3fd,0,52
2026-06-02T14:23:54.645,52,1,0x3fd,0,52
2026-06-02T14:23:54.645,53,2,0x3fc;0x3fd,0,168
2026-06-02T14:23:54.645,54,1,0x3fd,0,52
2026-06-02T14:23:54.850,55,2,0x3fc;0x3fd,0,96
2026-06-02T14:23:54.850,56,2,0x3fc;0x3fd,0,96
2026-06-02T14:23:55.052,57,1,0x3fd,0,52
2026-06-02T14:23:55.052,58,1,0x3fd,0,52
2026-06-02T14:23:55.255,59,1,0x3fd,0,52
2026-06-02T14:23:55.255,60,1,0x3fd,0,52
2026-06-02T14:23:55.459,61,1,0x3fd,0,52
2026-06-02T14:23:55.459,62,1,0x3fd,0,52
2026-06-02T14:23:55.662,63,2,0x3fc;0x3fd,0,96
2026-06-02T14:23:55.662,64,3,0x3fc;0x3fd;0x410,1,240
2026-06-02T14:23:55.662,65,1,0x3fd,0,52
2026-06-02T14:23:55.865,66,2,0x3fc;0x3fd,0,96
2026-06-02T14:23:55.865,67,1,0x3fd,0,52
2026-06-02T14:23:56.068,68,1,0x3fd,0,52
2026-06-02T14:23:56.068,69,1,0x3fd,0,52
2026-06-02T14:23:56.271,70,2,0x3fc;0x3fd,0,304
2026-06-02T14:23:56.271,71,2,0x3fc;0x3fd,0,88
2026-06-02T14:23:56.271,72,1,0x3fd,0,52
2026-06-02T14:23:56.472,73,2,0x3fc;0x3fd,0,96
2026-06-02T14:23:56.472,74,1,0x3fd,0,52
2026-06-02T14:23:56.675,75,1,0x3fd,0,52
2026-06-02T14:23:56.675,76,1,0x3fd,0,52
2026-06-02T14:23:56.879,77,2,0x3fc;0x3fd,0,240
2026-06-02T14:23:56.879,78,4,0x3fc;0x3f2;0x3f3;0x3fd,0,356
2026-06-02T14:23:57.082,79,3,0x3f2;0x3f3;0x3fd,0,196
2026-06-02T14:23:57.082,80,3,0x3f2;0x3fd;0x410,1,316
2026-06-02T14:23:57.082,81,2,0x3f2;0x3fd,0,172
2026-06-02T14:23:57.285,82,1,0x3fd,0,52
2026-06-02T14:23:57.285,83,1,0x3fd,0,52
2026-06-02T14:23:57.500,84,2,0x3fc;0x3fd,0,96
2026-06-02T14:23:57.500,85,2,0x3fc;0x3fd,0,232
2026-06-02T14:23:57.703,86,2,0x3fc;0x3fd,0,104
2026-06-02T14:23:57.703,87,1,0x3fd,0,52
2026-06-02T14:23:57.703,88,2,0x3fc;0x3fd,0,96
2026-06-02T14:23:57.906,89,1,0x3fd,0,52
2026-06-02T14:23:57.906,90,1,0x3fd,0,52
2026-06-02T14:23:58.109,91,1,0x3fd,0,52
2026-06-02T14:23:58.109,92,1,0x3fd,0,52
2026-06-02T14:23:58.310,93,2,0x3fc;0x3fd,0,96
2026-06-02T14:23:58.310,94,2,0x3fc;0x3fd,0,104
2026-06-02T14:23:58.512,95,1,0x3fd,0,52
2026-06-02T14:23:58.512,96,2,0x3fd;0x410,1,196
2026-06-02T14:23:58.512,97,1,0x3fd,0,52
2026-06-02T14:23:58.717,98,2,0x3fc;0x3fd,0,176
2026-06-02T14:23:58.717,99,1,0x3fd,0,52
2026-06-02T14:23:58.919,100,2,0x3fc;0x3fd,0,96
2026-06-02T14:23:58.919,101,1,0x3fd,0,52
2026-06-02T14:23:59.120,102,2,0x3fc;0x3fd,0,104
2026-06-02T14:23:59.120,103,2,0x3fc;0x3fd,0,160
2026-06-02T14:23:59.322,104,2,0x3fc;0x3fd,0,288
2026-06-02T14:23:59.322,105,2,0x3fc;0x3fd,0,376
2026-06-02T14:23:59.525,106,2,0x3fc;0x3fd,0,264
2026-06-02T14:23:59.525,107,2,0x3fc;0x3fd,0,112
2026-06-02T14:23:59.525,108,2,0x3fc;0x3fd,0,96
2026-06-02T14:23:59.726,109,2,0x3fc;0x3fd,0,136
2026-06-02T14:23:59.726,110,2,0x3fc;0x3fd,0,120
2026-06-02T14:23:59.929,111,2,0x3fc;0x3fd,0,288
2026-06-02T14:23:59.929,112,3,0x3fc;0x3fd;0x410,1,432
2026-06-02T14:24:00.131,113,2,0x3fc;0x3fd,0,312
2026-06-02T14:24:00.131,114,2,0x3fc;0x3fd,0,224
2026-06-02T14:24:00.334,115,2,0x3fc;0x3fd,0,160
2026-06-02T14:24:00.334,116,2,0x3fc;0x3fd,0,120
2026-06-02T14:24:00.334,117,1,0x3fd,0,52
2026-06-02T14:24:00.538,118,2,0x3fc;0x3fd,0,88
2026-06-02T14:24:00.538,119,2,0x3fc;0x3fd,0,104
2026-06-02T14:24:00.740,120,2,0x3fc;0x3fd,0,88
2026-06-02T14:24:00.740,121,2,0x3fc;0x3fd,0,328
2026-06-02T14:24:00.943,122,2,0x3fc;0x3fd,0,88
2026-06-02T14:24:00.943,123,2,0x3fc;0x3fd,0,96
2026-06-02T14:24:00.943,124,1,0x3fd,0,52
2026-06-02T14:24:01.144,125,1,0x3fd,0,52
2026-06-02T14:24:01.144,126,2,0x3fc;0x3fd,0,192
2026-06-02T14:24:01.346,127,1,0x3fd,0,52
2026-06-02T14:24:01.346,128,2,0x3fd;0x410,1,196
2026-06-02T14:24:01.548,129,1,0x3fd,0,52
2026-06-02T14:24:01.548,130,2,0x3fc;0x3fd,0,96
2026-06-02T14:24:01.754,131,1,0x3fd,0,52
2026-06-02T14:24:01.754,132,1,0x3fd,0,52
2026-06-02T14:24:01.754,133,2,0x3fc;0x3fd,0,96
2026-06-02T14:24:01.968,134,2,0x3fc;0x3fd,0,376
2026-06-02T14:24:01.968,135,2,0x3fc;0x3fd,0,216
2026-06-02T14:24:02.171,136,1,0x3fd,0,52
2026-06-02T14:24:02.171,137,2,0x3fc;0x3fd,0,296
2026-06-02T14:24:02.374,138,2,0x3fc;0x3fd,0,96
2026-06-02T14:24:02.374,139,2,0x3fc;0x3fd,0,144
2026-06-02T14:24:02.575,140,2,0x3fc;0x3fd,0,248
2026-06-02T14:24:02.575,141,2,0x3fc;0x3fd,0,480
2026-06-02T14:24:02.575,142,2,0x3fc;0x3fd,0,240
2026-06-02T14:24:02.777,143,2,0x3fc;0x3fd,0,656
2026-06-02T14:24:02.980,144,3,0x3fc;0x3fd;0x410,1,800
2026-06-02T14:24:02.980,145,2,0x3fc;0x3fd,0,544
2026-06-02T14:24:02.980,146,2,0x3fc;0x3fd,0,760
2026-06-02T14:24:03.194,147,2,0x3fc;0x3fd,0,792
2026-06-02T14:24:03.194,148,2,0x3fc;0x3fd,0,480
2026-06-02T14:24:03.396,149,2,0x3fc;0x3fd,0,152
2026-06-02T14:24:03.396,150,2,0x3fc;0x3fd,0,176
2026-06-02T14:24:03.396,151,2,0x3fc;0x3fd,0,344
2026-06-02T14:24:03.600,152,4,0x3fc;0x3f2;0x3f3;0x3fd,0,457
2026-06-02T14:24:03.600,153,4,0x3fc;0x3f2;0x3f3;0x3fd,0,427
2026-06-02T14:24:03.802,154,4,0x3fc;0x3f2;0x3f3;0x3fd,0,360
2026-06-02T14:24:03.802,155,4,0x3fc;0x3f2;0x3f3;0x3fd,0,320
2026-06-02T14:24:04.004,156,4,0x3fc;0x3f2;0x3f3;0x3fd,0,268
2026-06-02T14:24:04.004,157,4,0x3fc;0x3f2;0x3f3;0x3fd,0,454
2026-06-02T14:24:04.206,158,4,0x3fc;0x3f2;0x3f3;0x3fd,0,294
2026-06-02T14:24:04.206,159,4,0x3fc;0x3f2;0x3f3;0x3fd,0,287
2026-06-02T14:24:04.408,160,5,0x3fc;0x3f2;0x3f3;0x3fd;0x410,1,433
2026-06-02T14:24:04.410,161,4,0x3fc;0x3f2;0x3f3;0x3fd,0,249
2026-06-02T14:24:04.410,162,2,0x3fc;0x3fd,0,136
2026-06-02T14:24:04.625,163,2,0x3fc;0x3fd,0,184
2026-06-02T14:24:04.625,164,2,0x3fc;0x3fd,0,488
2026-06-02T14:24:04.828,165,2,0x3fc;0x3fd,0,104
2026-06-02T14:24:04.828,166,2,0x3fc;0x3fd,0,280
2026-06-02T14:24:04.828,167,2,0x3fc;0x3fd,0,104
2026-06-02T14:24:05.031,168,2,0x3fc;0x3fd,0,112
2026-06-02T14:24:05.031,169,2,0x3fc;0x3fd,0,272
2026-06-02T14:24:05.233,170,2,0x3fc;0x3fd,0,112
2026-06-02T14:24:05.233,171,2,0x3fc;0x3fd,0,304
2026-06-02T14:24:05.438,172,2,0x3fc;0x3fd,0,416
2026-06-02T14:24:05.438,173,2,0x3fc;0x3fd,0,104
2026-06-02T14:24:05.641,174,2,0x3fc;0x3fd,0,184
2026-06-02T14:24:05.641,175,2,0x3fc;0x3fd,0,120
2026-06-02T14:24:05.844,176,3,0x3fc;0x3fd;0x410,1,264
2026-06-02T14:24:05.845,177,2,0x3fc;0x3fd,0,176
2026-06-02T14:24:05.845,178,2,0x3fc;0x3fd,0,176
2026-06-02T14:24:06.047,179,2,0x3fc;0x3fd,0,608
2026-06-02T14:24:06.047,180,2,0x3fc;0x3fd,0,240
2026-06-02T14:24:06.249,181,2,0x3fc;0x3fd,0,136
2026-06-02T14:24:06.249,182,2,0x3fc;0x3fd,0,144
2026-06-02T14:24:06.449,183,2,0x3fc;0x3fd,0,128
2026-06-02T14:24:06.449,184,2,0x3fc;0x3fd,0,264
2026-06-02T14:24:06.449,185,2,0x3fc;0x3fd,0,128
2026-06-02T14:24:06.653,186,2,0x3fc;0x3fd,0,432
2026-06-02T14:24:06.653,187,2,0x3fc;0x3fd,0,384
2026-06-02T14:24:06.854,188,2,0x3fc;0x3fd,0,176
2026-06-02T14:24:06.854,189,2,0x3fc;0x3fd,0,272
2026-06-02T14:24:07.058,190,2,0x3fc;0x3fd,0,128
2026-06-02T14:24:07.058,191,2,0x3fc;0x3fd,0,104
2026-06-02T14:24:07.259,192,3,0x3fc;0x3fd;0x410,1,248
2026-06-02T14:24:07.259,193,2,0x3fc;0x3fd,0,752
2026-06-02T14:24:07.259,194,4,0x3fc;0x3f2;0x3f3;0x3fd,0,460
2026-06-02T14:24:07.461,195,4,0x3fc;0x3f2;0x3f3;0x3fd,0,741
2026-06-02T14:24:07.461,196,4,0x3fc;0x3f2;0x3f3;0x3fd,0,544
2026-06-02T14:24:07.663,197,4,0x3fc;0x3f2;0x3f3;0x3fd,0,258
2026-06-02T14:24:07.663,198,4,0x3fc;0x3f2;0x3f3;0x3fd,0,258
2026-06-02T14:24:07.866,199,4,0x3fc;0x3f2;0x3f3;0x3fd,0,262
2026-06-02T14:24:07.866,200,4,0x3fc;0x3f2;0x3f3;0x3fd,0,294
2026-06-02T14:24:08.069,201,4,0x3fc;0x3f2;0x3f3;0x3fd,0,394
2026-06-02T14:24:08.069,202,4,0x3fc;0x3f2;0x3f3;0x3fd,0,270
2026-06-02T14:24:08.069,203,4,0x3fc;0x3f2;0x3f3;0x3fd,0,221
2026-06-02T14:24:08.271,204,4,0x3fc;0x3f2;0x3f3;0x3fd,0,233
2026-06-02T14:24:08.271,205,4,0x3fc;0x3f2;0x3f3;0x3fd,0,507
2026-06-02T14:24:08.474,206,4,0x3fc;0x3f2;0x3f3;0x3fd,0,613
2026-06-02T14:24:08.474,207,4,0x3fc;0x3f2;0x3f3;0x3fd,0,558
2026-06-02T14:24:08.674,208,5,0x3fc;0x3f2;0x3f3;0x3fd;0x410,1,694
2026-06-02T14:24:08.675,209,4,0x3fc;0x3f2;0x3f3;0x3fd,0,262
2026-06-02T14:24:08.877,210,4,0x3fc;0x3f2;0x3f3;0x3fd,0,434
2026-06-02T14:24:08.877,211,4,0x3fc;0x3f2;0x3f3;0x3fd,0,284
2026-06-02T14:24:08.877,212,4,0x3fc;0x3f2;0x3f3;0x3fd,0,342
2026-06-02T14:24:09.083,213,4,0x3fc;0x3f2;0x3f3;0x3fd,0,248
2026-06-02T14:24:09.083,214,4,0x3fc;0x3f2;0x3f3;0x3fd,0,411
2026-06-02T14:24:09.285,215,4,0x3fc;0x3f2;0x3f3;0x3fd,0,433
2026-06-02T14:24:09.285,216,4,0x3fc;0x3f2;0x3f3;0x3fd,0,273
2026-06-02T14:24:09.500,217,4,0x3fc;0x3f2;0x3f3;0x3fd,0,453
2026-06-02T14:24:09.500,218,4,0x3fc;0x3f2;0x3f3;0x3fd,0,294
2026-06-02T14:24:09.500,219,4,0x3fc;0x3f2;0x3f3;0x3fd,0,247
2026-06-02T14:24:09.703,220,4,0x3fc;0x3f2;0x3f3;0x3fd,0,228
2026-06-02T14:24:09.703,221,4,0x3fc;0x3f2;0x3f3;0x3fd,0,226
2026-06-02T14:24:09.906,222,3,0x3f2;0x3f3;0x3fd,0,182
2026-06-02T14:24:09.906,223,3,0x3fc;0x3f2;0x3fd,0,224
2026-06-02T14:24:10.108,224,5,0x3fc;0x3f2;0x3f3;0x3fd;0x410,1,379
2026-06-02T14:24:10.108,225,3,0x3f2;0x3f3;0x3fd,0,183
2026-06-02T14:24:10.313,226,3,0x3fc;0x3f2;0x3fd,0,216
2026-06-02T14:24:10.313,227,4,0x3fc;0x3f2;0x3f3;0x3fd,0,226
2026-06-02T14:24:10.313,228,4,0x3fc;0x3f2;0x3f3;0x3fd,0,226
2026-06-02T14:24:10.516,229,4,0x3fc;0x3f2;0x3f3;0x3fd,0,234
2026-06-02T14:24:10.516,230,4,0x3fc;0x3f2;0x3f3;0x3fd,0,235
2026-06-02T14:24:10.717,231,4,0x3fc;0x3f2;0x3f3;0x3fd,0,227
2026-06-02T14:24:10.717,232,4,0x3fc;0x3f2;0x3f3;0x3fd,0,218
2026-06-02T14:24:10.921,233,4,0x3fc;0x3f2;0x3f3;0x3fd,0,249
2026-06-02T14:24:10.921,234,4,0x3fc;0x3f2;0x3f3;0x3fd,0,261
2026-06-02T14:24:11.122,235,4,0x3fc;0x3f2;0x3f3;0x3fd,0,262
2026-06-02T14:24:11.122,236,4,0x3fc;0x3f2;0x3f3;0x3fd,0,278
2026-06-02T14:24:11.122,237,4,0x3fc;0x3f2;0x3f3;0x3fd,0,272
2026-06-02T14:24:11.326,238,4,0x3fc;0x3f2;0x3f3;0x3fd,0,231
2026-06-02T14:24:11.326,239,4,0x3fc;0x3f2;0x3f3;0x3fd,0,226
2026-06-02T14:24:11.529,240,5,0x3fc;0x3f2;0x3f3;0x3fd;0x410,1,370
2026-06-02T14:24:11.529,241,4,0x3fc;0x3f2;0x3f3;0x3fd,0,242
2026-06-02T14:24:11.731,242,4,0x3fc;0x3f2;0x3f3;0x3fd,0,268
2026-06-02T14:24:11.731,243,4,0x3fc;0x3f2;0x3f3;0x3fd,0,271
2026-06-02T14:24:11.934,244,4,0x3fc;0x3f2;0x3f3;0x3fd,0,295
2026-06-02T14:24:11.934,245,4,0x3fc;0x3f2;0x3f3;0x3fd,0,602
2026-06-02T14:24:11.934,246,4,0x3fc;0x3f2;0x3f3;0x3fd,0,304
2026-06-02T14:24:12.137,247,4,0x3fc;0x3f2;0x3f3;0x3fd,0,254
2026-06-02T14:24:12.137,248,4,0x3fc;0x3f2;0x3f3;0x3fd,0,253
2026-06-02T14:24:12.339,249,4,0x3fc;0x3f2;0x3f3;0x3fd,0,245
2026-06-02T14:24:12.339,250,4,0x3fc;0x3f2;0x3f3;0x3fd,0,252
2026-06-02T14:24:12.544,251,4,0x3fc;0x3f2;0x3f3;0x3fd,0,229
2026-06-02T14:24:12.544,252,4,0x3fc;0x3f2;0x3f3;0x3fd,0,234
2026-06-02T14:24:12.748,253,3,0x3f2;0x3f3;0x3fd,0,183
2026-06-02T14:24:12.748,254,2,0x3f2;0x3fd,0,172
2026-06-02T14:24:12.748,255,3,0x3fc;0x3f2;0x3fd,0,216
2026-06-02T14:24:12.952,256,5,0x3fc;0x3f2;0x3f3;0x3fd;0x410,1,370
2026-06-02T14:24:12.952,257,4,0x3fc;0x3f2;0x3f3;0x3fd,0,226
2026-06-02T14:24:13.155,258,2,0x3fc;0x3fd,0,112
2026-06-02T14:24:13.155,259,2,0x3fc;0x3fd,0,176
2026-06-02T14:24:13.358,260,2,0x3fc;0x3fd,0,104
2026-06-02T14:24:13.358,261,2,0x3fc;0x3fd,0,112
2026-06-02T14:24:13.558,262,2,0x3fc;0x3fd,0,112
2026-06-02T14:24:13.558,263,2,0x3fc;0x3fd,0,120
2026-06-02T14:24:13.558,264,2,0x3fc;0x3fd,0,128
2026-06-02T14:24:13.761,265,2,0x3fc;0x3fd,0,96
2026-06-02T14:24:13.761,266,2,0x3fc;0x3fd,0,112
2026-06-02T14:24:13.964,267,2,0x3fc;0x3fd,0,104
2026-06-02T14:24:13.964,268,2,0x3fc;0x3fd,0,120
2026-06-02T14:24:14.168,269,2,0x3fc;0x3fd,0,112
2026-06-02T14:24:14.168,270,2,0x3fc;0x3fd,0,104
2026-06-02T14:24:14.368,271,2,0x3fc;0x3fd,0,104
2026-06-02T14:24:14.368,272,3,0x3fc;0x3fd;0x410,1,248
2026-06-02T14:24:14.368,273,2,0x3fc;0x3fd,0,400
2026-06-02T14:24:14.570,274,2,0x3fc;0x3fd,0,104
2026-06-02T14:24:14.570,275,2,0x3fc;0x3fd,0,240
2026-06-02T14:24:14.773,276,2,0x3fc;0x3fd,0,424
2026-06-02T14:24:14.773,277,2,0x3fc;0x3fd,0,136
2026-06-02T14:24:14.975,278,2,0x3fc;0x3fd,0,144
2026-06-02T14:24:14.975,279,2,0x3fc;0x3fd,0,512
2026-06-02T14:24:15.176,280,4,0x3fc;0x3f2;0x3f3;0x3fd,0,310
2026-06-02T14:24:15.176,281,4,0x3fc;0x3f2;0x3f3;0x3fd,0,262
2026-06-02T14:24:15.176,282,4,0x3fc;0x3f2;0x3f3;0x3fd,0,334
2026-06-02T14:24:15.377,283,4,0x3fc;0x3f2;0x3f3;0x3fd,0,279
2026-06-02T14:24:15.377,284,4,0x3fc;0x3f2;0x3f3;0x3fd,0,255
2026-06-02T14:24:15.580,285,4,0x3fc;0x3f2;0x3f3;0x3fd,0,269
2026-06-02T14:24:15.580,286,4,0x3fc;0x3f2;0x3f3;0x3fd,0,263
2026-06-02T14:24:15.795,287,1,0x3fd,0,52
2026-06-02T14:24:15.795,288,2,0x3fd;0x410,1,196
2026-06-02T14:24:15.795,289,2,0x3fc;0x3fd,0,112
2026-06-02T14:24:15.996,290,2,0x3fc;0x3fd,0,120
2026-06-02T14:24:15.996,291,2,0x3fc;0x3fd,0,112
2026-06-02T14:24:16.198,292,2,0x3fc;0x3fd,0,184
2026-06-02T14:24:16.198,293,2,0x3fc;0x3fd,0,200
2026-06-02T14:24:16.401,294,2,0x3fc;0x3fd,0,720
2026-06-02T14:24:16.401,295,4,0x3fc;0x3f2;0x3f3;0x3fd,0,400
2026-06-02T14:24:16.604,296,4,0x3fc;0x3f2;0x3f3;0x3fd,0,270
2026-06-02T14:24:16.604,297,4,0x3fc;0x3f2;0x3f3;0x3fd,0,278
2026-06-02T14:24:16.805,298,4,0x3fc;0x3f2;0x3f3;0x3fd,0,288
2026-06-02T14:24:16.805,299,4,0x3fc;0x3f2;0x3f3;0x3fd,0,481
2026-06-02T14:24:16.805,300,4,0x3fc;0x3f2;0x3f3;0x3fd,0,249
2026-06-02T14:24:17.008,301,4,0x3fc;0x3f2;0x3f3;0x3fd,0,217
2026-06-02T14:24:17.009,302,2,0x3fc;0x3fd,0,144
2026-06-02T14:24:17.212,303,2,0x3fc;0x3fd,0,168
2026-06-02T14:24:17.212,304,3,0x3fc;0x3fd;0x410,1,312
2026-06-02T14:24:17.414,305,1,0x3fd,0,52
2026-06-02T14:24:17.414,306,2,0x3fc;0x3fd,0,208
2026-06-02T14:24:17.414,307,2,0x3fc;0x3fd,0,112
2026-06-02T14:24:17.618,308,1,0x3fd,0,52
2026-06-02T14:24:17.618,309,2,0x3fc;0x3fd,0,152
2026-06-02T14:24:17.818,310,2,0x3fc;0x3fd,0,104
2026-06-02T14:24:17.818,311,2,0x3fc;0x3fd,0,312
2026-06-02T14:24:18.022,312,2,0x3fc;0x3fd,0,376
2026-06-02T14:24:18.022,313,4,0x3fc;0x3f2;0x3f3;0x3fd,0,853
2026-06-02T14:24:18.223,314,4,0x3fc;0x3f2;0x3f3;0x3fd,0,660
2026-06-02T14:24:18.223,315,4,0x3fc;0x3f2;0x3f3;0x3fd,0,447
2026-06-02T14:24:18.427,316,4,0x3fc;0x3f2;0x3f3;0x3fd,0,440
2026-06-02T14:24:18.427,317,4,0x3fc;0x3f2;0x3f3;0x3fd,0,1154
2026-06-02T14:24:18.427,318,4,0x3fc;0x3f2;0x3f3;0x3fd,0,859
2026-06-02T14:24:18.627,319,4,0x3fc;0x3f2;0x3f3;0x3fd,0,283
2026-06-02T14:24:18.627,320,5,0x3fc;0x3f2;0x3f3;0x3fd;0x410,1,361
2026-06-02T14:24:18.828,321,4,0x3fc;0x3f2;0x3f3;0x3fd,0,433
2026-06-02T14:24:18.828,322,4,0x3fc;0x3f2;0x3f3;0x3fd,0,492
2026-06-02T14:24:19.031,323,4,0x3fc;0x3f2;0x3f3;0x3fd,0,352
2026-06-02T14:24:19.031,324,4,0x3fc;0x3f2;0x3f3;0x3fd,0,238
2026-06-02T14:24:19.232,325,4,0x3fc;0x3f2;0x3f3;0x3fd,0,306
2026-06-02T14:24:19.232,326,4,0x3fc;0x3f2;0x3f3;0x3fd,0,364
2026-06-02T14:24:19.232,327,4,0x3fc;0x3f2;0x3f3;0x3fd,0,410
2026-06-02T14:24:19.434,328,4,0x3fc;0x3f2;0x3f3;0x3fd,0,447
2026-06-02T14:24:19.434,329,4,0x3fc;0x3f2;0x3f3;0x3fd,0,331
2026-06-02T14:24:19.635,330,4,0x3fc;0x3f2;0x3f3;0x3fd,0,348
2026-06-02T14:24:19.635,331,4,0x3fc;0x3f2;0x3f3;0x3fd,0,280
2026-06-02T14:24:19.841,332,4,0x3fc;0x3f2;0x3f3;0x3fd,0,279
2026-06-02T14:24:19.841,333,4,0x3fc;0x3f2;0x3f3;0x3fd,0,336
2026-06-02T14:24:20.043,334,4,0x3fc;0x3f2;0x3f3;0x3fd,0,343
2026-06-02T14:24:20.043,335,4,0x3fc;0x3f2;0x3f3;0x3fd,0,327
2026-06-02T14:24:20.244,336,5,0x3fc;0x3f2;0x3f3;0x3fd;0x410,1,469
2026-06-02T14:24:20.244,337,4,0x3fc;0x3f2;0x3f3;0x3fd,0,261
2026-06-02T14:24:20.244,338,4,0x3fc;0x3f2;0x3f3;0x3fd,0,325
2026-06-02T14:24:20.447,339,4,0x3fc;0x3f2;0x3f3;0x3fd,0,262
2026-06-02T14:24:20.447,340,4,0x3fc;0x3f2;0x3f3;0x3fd,0,253
2026-06-02T14:24:20.648,341,4,0x3fc;0x3f2;0x3f3;0x3fd,0,229
2026-06-02T14:24:20.648,342,4,0x3fc;0x3f2;0x3f3;0x3fd,0,298
2026-06-02T14:24:20.849,343,4,0x3fc;0x3f2;0x3f3;0x3fd,0,243
2026-06-02T14:24:20.849,344,3,0x3f2;0x3f3;0x3fd,0,183
2026-06-02T14:24:20.849,345,3,0x3fc;0x3f2;0x3fd,0,264
2026-06-02T14:24:21.052,346,4,0x3fc;0x3f2;0x3f3;0x3fd,0,288
2026-06-02T14:24:21.052,347,4,0x3fc;0x3f2;0x3f3;0x3fd,0,265
2026-06-02T14:24:21.254,348,4,0x3fc;0x3f2;0x3f3;0x3fd,0,230
2026-06-02T14:24:21.254,349,4,0x3fc;0x3f2;0x3f3;0x3fd,0,242
2026-06-02T14:24:21.457,350,4,0x3fc;0x3f2;0x3f3;0x3fd,0,292
2026-06-02T14:24:21.457,351,3,0x3f2;0x3f3;0x3fd,0,190
2026-06-02T14:24:21.660,352,3,0x3f2;0x3fd;0x410,1,316
2026-06-02T14:24:21.660,353,3,0x3fc;0x3f2;0x3fd,0,232
2026-06-02T14:24:21.660,354,4,0x3fc;0x3f2;0x3f3;0x3fd,0,260
2026-06-02T14:24:21.876,355,4,0x3fc;0x3f2;0x3f3;0x3fd,0,270
2026-06-02T14:24:21.876,356,4,0x3fc;0x3f2;0x3f3;0x3fd,0,239
2026-06-02T14:24:22.077,357,4,0x3fc;0x3f2;0x3f3;0x3fd,0,267
2026-06-02T14:24:22.077,358,4,0x3fc;0x3f2;0x3f3;0x3fd,0,231
2026-06-02T14:24:22.281,359,4,0x3fc;0x3f2;0x3f3;0x3fd,0,226
2026-06-02T14:24:22.282,360,4,0x3fc;0x3f2;0x3f3;0x3fd,0,226
2026-06-02T14:24:22.282,361,4,0x3fc;0x3f2;0x3f3;0x3fd,0,258
2026-06-02T14:24:22.484,362,3,0x3f2;0x3f3;0x3fd,0,186
2026-06-02T14:24:22.484,363,3,0x3fc;0x3f2;0x3fd,0,224
2026-06-02T14:24:22.688,364,4,0x3fc;0x3f2;0x3f3;0x3fd,0,291
2026-06-02T14:24:22.688,365,4,0x3fc;0x3f2;0x3f3;0x3fd,0,314
2026-06-02T14:24:22.888,366,4,0x3fc;0x3f2;0x3f3;0x3fd,0,276
2026-06-02T14:24:22.888,367,4,0x3fc;0x3f2;0x3f3;0x3fd,0,271
2026-06-02T14:24:23.102,368,5,0x3fc;0x3f2;0x3f3;0x3fd;0x410,1,415
2026-06-02T14:24:23.102,369,4,0x3fc;0x3f2;0x3f3;0x3fd,0,239
2026-06-02T14:24:23.102,370,4,0x3fc;0x3f2;0x3f3;0x3fd,0,235
2026-06-02T14:24:23.305,371,4,0x3fc;0x3f2;0x3f3;0x3fd,0,243
2026-06-02T14:24:23.305,372,4,0x3fc;0x3f2;0x3f3;0x3fd,0,244
2026-06-02T14:24:23.507,373,4,0x3fc;0x3f2;0x3f3;0x3fd,0,220
2026-06-02T14:24:23.507,374,4,0x3fc;0x3f2;0x3f3;0x3fd,0,257
2026-06-02T14:24:23.709,375,4,0x3fc;0x3f2;0x3f3;0x3fd,0,246
2026-06-02T14:24:23.709,376,4,0x3fc;0x3f2;0x3f3;0x3fd,0,252
2026-06-02T14:24:23.912,377,4,0x3fc;0x3f2;0x3f3;0x3fd,0,237
2026-06-02T14:24:23.912,378,4,0x3fc;0x3f2;0x3f3;0x3fd,0,235
2026-06-02T14:24:23.912,379,4,0x3fc;0x3f2;0x3f3;0x3fd,0,235
2026-06-02T14:24:24.114,380,4,0x3fc;0x3f2;0x3f3;0x3fd,0,227
2026-06-02T14:24:24.114,381,4,0x3fc;0x3f2;0x3f3;0x3fd,0,242
2026-06-02T14:24:24.329,382,4,0x3fc;0x3f2;0x3f3;0x3fd,0,252
2026-06-02T14:24:24.329,383,4,0x3fc;0x3f2;0x3f3;0x3fd,0,221
2026-06-02T14:24:24.534,384,5,0x3fc;0x3f2;0x3f3;0x3fd;0x410,1,361
2026-06-02T14:24:24.535,385,4,0x3fc;0x3f2;0x3f3;0x3fd,0,249
2026-06-02T14:24:24.535,386,4,0x3fc;0x3f2;0x3f3;0x3fd,0,269
2026-06-02T14:24:24.737,387,4,0x3fc;0x3f2;0x3f3;0x3fd,0,239
2026-06-02T14:24:24.737,388,4,0x3fc;0x3f2;0x3f3;0x3fd,0,235
2026-06-02T14:24:24.941,389,4,0x3fc;0x3f2;0x3f3;0x3fd,0,259
2026-06-02T14:24:24.941,390,4,0x3fc;0x3f2;0x3f3;0x3fd,0,254
2026-06-02T14:24:25.143,391,4,0x3fc;0x3f2;0x3f3;0x3fd,0,261
2026-06-02T14:24:25.143,392,4,0x3fc;0x3f2;0x3f3;0x3fd,0,230
2026-06-02T14:24:25.344,393,4,0x3fc;0x3f2;0x3f3;0x3fd,0,338
2026-06-02T14:24:25.344,394,4,0x3fc;0x3f2;0x3f3;0x3fd,0,240
2026-06-02T14:24:25.344,395,4,0x3fc;0x3f2;0x3f3;0x3fd,0,258
2026-06-02T14:24:25.546,396,4,0x3fc;0x3f2;0x3f3;0x3fd,0,254
2026-06-02T14:24:25.546,397,4,0x3fc;0x3f2;0x3f3;0x3fd,0,261
2026-06-02T14:24:25.749,398,4,0x3fc;0x3f2;0x3f3;0x3fd,0,294
2026-06-02T14:24:25.749,399,4,0x3fc;0x3f2;0x3f3;0x3fd,0,250
2026-06-02T14:24:25.953,400,5,0x3fc;0x3f2;0x3f3;0x3fd;0x410,1,388
2026-06-02T14:24:25.953,401,4,0x3fc;0x3f2;0x3f3;0x3fd,0,236
2026-06-02T14:24:26.154,402,4,0x3fc;0x3f2;0x3f3;0x3fd,0,235
2026-06-02T14:24:26.154,403,4,0x3fc;0x3f2;0x3f3;0x3fd,0,259
2026-06-02T14:24:26.154,404,4,0x3fc;0x3f2;0x3f3;0x3fd,0,254
2026-06-02T14:24:26.355,405,4,0x3fc;0x3f2;0x3f3;0x3fd,0,221
2026-06-02T14:24:26.355,406,4,0x3fc;0x3f2;0x3f3;0x3fd,0,225
2026-06-02T14:24:26.556,407,4,0x3fc;0x3f2;0x3f3;0x3fd,0,226
2026-06-02T14:24:26.556,408,4,0x3fc;0x3f2;0x3f3;0x3fd,0,258
2026-06-02T14:24:26.760,409,4,0x3fc;0x3f2;0x3f3;0x3fd,0,302
2026-06-02T14:24:26.760,410,4,0x3fc;0x3f2;0x3f3;0x3fd,0,291
2026-06-02T14:24:26.962,411,4,0x3fc;0x3f2;0x3f3;0x3fd,0,257
2026-06-02T14:24:26.962,412,4,0x3fc;0x3f2;0x3f3;0x3fd,0,245
2026-06-02T14:24:26.962,413,4,0x3fc;0x3f2;0x3f3;0x3fd,0,252
2026-06-02T14:24:27.177,414,4,0x3fc;0x3f2;0x3f3;0x3fd,0,253
2026-06-02T14:24:27.177,415,3,0x3f2;0x3f3;0x3fd,0,185
2026-06-02T14:24:27.379,416,3,0x3f2;0x3fd;0x410,1,316
2026-06-02T14:24:27.379,417,3,0x3fc;0x3f2;0x3fd,0,224
2026-06-02T14:24:27.580,418,4,0x3fc;0x3f2;0x3f3;0x3fd,0,235
2026-06-02T14:24:27.580,419,4,0x3fc;0x3f2;0x3f3;0x3fd,0,251
2026-06-02T14:24:27.783,420,4,0x3fc;0x3f2;0x3f3;0x3fd,0,237
2026-06-02T14:24:27.783,421,4,0x3fc;0x3f2;0x3f3;0x3fd,0,243
2026-06-02T14:24:27.783,422,4,0x3fc;0x3f2;0x3f3;0x3fd,0,236
2026-06-02T14:24:27.985,423,4,0x3fc;0x3f2;0x3f3;0x3fd,0,235
2026-06-02T14:24:27.986,424,4,0x3fc;0x3f2;0x3f3;0x3fd,0,259
2026-06-02T14:24:28.187,425,4,0x3fc;0x3f2;0x3f3;0x3fd,0,254
2026-06-02T14:24:28.187,426,3,0x3f2;0x3f3;0x3fd,0,185
2026-06-02T14:24:28.389,427,3,0x3fc;0x3f2;0x3fd,0,408
2026-06-02T14:24:28.389,428,4,0x3fc;0x3f2;0x3f3;0x3fd,0,562
2026-06-02T14:24:28.590,429,4,0x3fc;0x3f2;0x3f3;0x3fd,0,969
2026-06-02T14:24:28.590,430,4,0x3fc;0x3f2;0x3f3;0x3fd,0,498
2026-06-02T14:24:28.590,431,4,0x3fc;0x3f2;0x3f3;0x3fd,0,649
2026-06-02T14:24:28.792,432,5,0x3fc;0x3f2;0x3f3;0x3fd;0x410,1,820
2026-06-02T14:24:28.792,433,4,0x3fc;0x3f2;0x3f3;0x3fd,0,1092
2026-06-02T14:24:28.996,434,4,0x3fc;0x3f2;0x3f3;0x3fd,0,848
2026-06-02T14:24:28.996,435,4,0x3fc;0x3f2;0x3f3;0x3fd,0,475
2026-06-02T14:24:29.197,436,4,0x3fc;0x3f2;0x3f3;0x3fd,0,369
2026-06-02T14:24:29.197,437,4,0x3fc;0x3f2;0x3f3;0x3fd,0,241
2026-06-02T14:24:29.399,438,4,0x3fc;0x3f2;0x3f3;0x3fd,0,658
2026-06-02T14:24:29.399,439,4,0x3fc;0x3f2;0x3f3;0x3fd,0,648
2026-06-02T14:24:29.399,440,4,0x3fc;0x3f2;0x3f3;0x3fd,0,616
2026-06-02T14:24:29.602,441,4,0x3fc;0x3f2;0x3f3;0x3fd,0,725
2026-06-02T14:24:29.602,442,4,0x3fc;0x3f2;0x3f3;0x3fd,0,747
2026-06-02T14:24:29.803,443,4,0x3fc;0x3f2;0x3f3;0x3fd,0,972
2026-06-02T14:24:29.803,444,4,0x3fc;0x3f2;0x3f3;0x3fd,0,640
2026-06-02T14:24:30.006,445,4,0x3fc;0x3f2;0x3f3;0x3fd,0,331
2026-06-02T14:24:30.006,446,4,0x3fc;0x3f2;0x3f3;0x3fd,0,258
2026-06-02T14:24:30.209,447,4,0x3fc;0x3f2;0x3f3;0x3fd,0,317
2026-06-02T14:24:30.209,448,5,0x3fc;0x3f2;0x3f3;0x3fd;0x410,1,469
2026-06-02T14:24:30.209,449,4,0x3fc;0x3f2;0x3f3;0x3fd,0,333
2026-06-02T14:24:30.413,450,4,0x3fc;0x3f2;0x3f3;0x3fd,0,262
2026-06-02T14:24:30.413,451,4,0x3fc;0x3f2;0x3f3;0x3fd,0,237
2026-06-02T14:24:30.617,452,4,0x3fc;0x3f2;0x3f3;0x3fd,0,243
2026-06-02T14:24:30.617,453,4,0x3fc;0x3f2;0x3f3;0x3fd,0,252
2026-06-02T14:24:30.821,454,4,0x3fc;0x3f2;0x3f3;0x3fd,0,333
2026-06-02T14:24:30.821,455,4,0x3fc;0x3f2;0x3f3;0x3fd,0,375
2026-06-02T14:24:31.024,456,4,0x3fc;0x3f2;0x3f3;0x3fd,0,259
2026-06-02T14:24:31.024,457,4,0x3fc;0x3f2;0x3f3;0x3fd,0,260
2026-06-02T14:24:31.024,458,4,0x3fc;0x3f2;0x3f3;0x3fd,0,246
2026-06-02T14:24:31.229,459,4,0x3fc;0x3f2;0x3f3;0x3fd,0,308
2026-06-02T14:24:31.229,460,4,0x3fc;0x3f2;0x3f3;0x3fd,0,308
2026-06-02T14:24:31.436,461,4,0x3fc;0x3f2;0x3f3;0x3fd,0,323
2026-06-02T14:24:31.436,462,4,0x3fc;0x3f2;0x3f3;0x3fd,0,341
2026-06-02T14:24:31.636,463,4,0x3fc;0x3f2;0x3f3;0x3fd,0,263
2026-06-02T14:24:31.636,464,5,0x3fc;0x3f2;0x3f3;0x3fd;0x410,1,397
2026-06-02T14:24:31.636,465,4,0x3fc;0x3f2;0x3f3;0x3fd,0,261
2026-06-02T14:24:31.838,466,4,0x3fc;0x3f2;0x3f3;0x3fd,0,254
2026-06-02T14:24:31.838,467,4,0x3fc;0x3f2;0x3f3;0x3fd,0,341
2026-06-02T14:24:32.041,468,4,0x3fc;0x3f2;0x3f3;0x3fd,0,376
2026-06-02T14:24:32.041,469,3,0x3f2;0x3f3;0x3fd,0,199
2026-06-02T14:24:32.244,470,3,0x3fc;0x3f2;0x3fd,0,640
2026-06-02T14:24:32.244,471,4,0x3fc;0x3f2;0x3f3;0x3fd,0,671
2026-06-02T14:24:32.447,472,4,0x3fc;0x3f2;0x3f3;0x3fd,0,355
2026-06-02T14:24:32.447,473,4,0x3fc;0x3f2;0x3f3;0x3fd,0,260
2026-06-02T14:24:32.447,474,4,0x3fc;0x3f2;0x3f3;0x3fd,0,285
2026-06-02T14:24:32.649,475,4,0x3fc;0x3f2;0x3f3;0x3fd,0,273
2026-06-02T14:24:32.649,476,4,0x3fc;0x3f2;0x3f3;0x3fd,0,255
2026-06-02T14:24:32.853,477,3,0x3f2;0x3f3;0x3fd,0,185
2026-06-02T14:24:32.853,478,3,0x3fc;0x3f2;0x3fd,0,208
2026-06-02T14:24:33.054,479,4,0x3fc;0x3f2;0x3f3;0x3fd,0,217
2026-06-02T14:24:33.054,480,5,0x3fc;0x3f2;0x3f3;0x3fd;0x410,1,361
2026-06-02T14:24:33.255,481,4,0x3fc;0x3f2;0x3f3;0x3fd,0,241
2026-06-02T14:24:33.255,482,4,0x3fc;0x3f2;0x3f3;0x3fd,0,268
2026-06-02T14:24:33.458,483,4,0x3fc;0x3f2;0x3f3;0x3fd,0,423
2026-06-02T14:24:33.458,484,4,0x3fc;0x3f2;0x3f3;0x3fd,0,306
2026-06-02T14:24:33.458,485,4,0x3fc;0x3f2;0x3f3;0x3fd,0,481
2026-06-02T14:24:33.661,486,4,0x3fc;0x3f2;0x3f3;0x3fd,0,369
2026-06-02T14:24:33.661,487,4,0x3fc;0x3f2;0x3f3;0x3fd,0,296
2026-06-02T14:24:33.861,488,4,0x3fc;0x3f2;0x3f3;0x3fd,0,433
2026-06-02T14:24:33.861,489,4,0x3fc;0x3f2;0x3f3;0x3fd,0,435
2026-06-02T14:24:34.063,490,4,0x3fc;0x3f2;0x3f3;0x3fd,0,297
2026-06-02T14:24:34.063,491,4,0x3fc;0x3f2;0x3f3;0x3fd,0,304
2026-06-02T14:24:34.266,492,4,0x3fc;0x3f2;0x3f3;0x3fd,0,323
2026-06-02T14:24:34.266,493,4,0x3fc;0x3f2;0x3f3;0x3fd,0,597
2026-06-02T14:24:34.266,494,4,0x3fc;0x3f2;0x3f3;0x3fd,0,407
2026-06-02T14:24:34.467,495,4,0x3fc;0x3f2;0x3f3;0x3fd,0,283
2026-06-02T14:24:34.467,496,5,0x3fc;0x3f2;0x3f3;0x3fd;0x410,1,415
2026-06-02T14:24:34.671,497,4,0x3fc;0x3f2;0x3f3;0x3fd,0,319
2026-06-02T14:24:34.671,498,4,0x3fc;0x3f2;0x3f3;0x3fd,0,453
2026-06-02T14:24:34.875,499,4,0x3fc;0x3f2;0x3f3;0x3fd,0,437
2026-06-02T14:24:34.875,500,4,0x3fc;0x3f2;0x3f3;0x3fd,0,585
2026-06-02T14:24:35.078,501,4,0x3fc;0x3f2;0x3f3;0x3fd,0,284
2026-06-02T14:24:35.078,502,4,0x3fc;0x3f2;0x3f3;0x3fd,0,276
2026-06-02T14:24:35.078,503,4,0x3fc;0x3f2;0x3f3;0x3fd,0,520
2026-06-02T14:24:35.281,504,4,0x3fc;0x3f2;0x3f3;0x3fd,0,542
2026-06-02T14:24:35.281,505,4,0x3fc;0x3f2;0x3f3;0x3fd,0,469
2026-06-02T14:24:35.481,506,4,0x3fc;0x3f2;0x3f3;0x3fd,0,380
2026-06-02T14:24:35.481,507,4,0x3fc;0x3f2;0x3f3;0x3fd,0,242
2026-06-02T14:24:35.683,508,4,0x3fc;0x3f2;0x3f3;0x3fd,0,450
2026-06-02T14:24:35.683,509,4,0x3fc;0x3f2;0x3f3;0x3fd,0,246
2026-06-02T14:24:35.884,510,4,0x3fc;0x3f2;0x3f3;0x3fd,0,225
2026-06-02T14:24:35.884,511,3,0x3f2;0x3f3;0x3fd,0,182
2026-06-02T14:24:36.099,512,3,0x3f2;0x3fd;0x410,1,316
2026-06-02T14:24:36.099,513,3,0x3fc;0x3f2;0x3fd,0,296
2026-06-02T14:24:36.099,514,4,0x3fc;0x3f2;0x3f3;0x3fd,0,420
2026-06-02T14:24:36.303,515,4,0x3fc;0x3f2;0x3f3;0x3fd,0,489
2026-06-02T14:24:36.303,516,4,0x3fc;0x3f2;0x3f3;0x3fd,0,376
2026-06-02T14:24:36.506,517,4,0x3fc;0x3f2;0x3f3;0x3fd,0,305
2026-06-02T14:24:36.506,518,4,0x3fc;0x3f2;0x3f3;0x3fd,0,362
2026-06-02T14:24:36.506,519,4,0x3fc;0x3f2;0x3f3;0x3fd,0,258
2026-06-02T14:24:36.707,520,4,0x3fc;0x3f2;0x3f3;0x3fd,0,244
2026-06-02T14:24:36.707,521,4,0x3fc;0x3f2;0x3f3;0x3fd,0,332
2026-06-02T14:24:36.908,522,4,0x3fc;0x3f2;0x3f3;0x3fd,0,383
2026-06-02T14:24:36.908,523,4,0x3fc;0x3f2;0x3f3;0x3fd,0,316
2026-06-02T14:24:37.110,524,4,0x3fc;0x3f2;0x3f3;0x3fd,0,395
2026-06-02T14:24:37.110,525,4,0x3fc;0x3f2;0x3f3;0x3fd,0,270
2026-06-02T14:24:37.310,526,4,0x3fc;0x3f2;0x3f3;0x3fd,0,229
2026-06-02T14:24:37.310,527,4,0x3fc;0x3f2;0x3f3;0x3fd,0,362
2026-06-02T14:24:37.514,528,5,0x3fc;0x3f2;0x3f3;0x3fd;0x410,1,523
2026-06-02T14:24:37.514,529,4,0x3fc;0x3f2;0x3f3;0x3fd,0,363
2026-06-02T14:24:37.514,530,4,0x3fc;0x3f2;0x3f3;0x3fd,0,473
2026-06-02T14:24:37.717,531,4,0x3fc;0x3f2;0x3f3;0x3fd,0,375
2026-06-02T14:24:37.717,532,4,0x3fc;0x3f2;0x3f3;0x3fd,0,281
2026-06-02T14:24:37.921,533,4,0x3fc;0x3f2;0x3f3;0x3fd,0,223
2026-06-02T14:24:37.921,534,4,0x3fc;0x3f2;0x3f3;0x3fd,0,313
2026-06-02T14:24:38.124,535,4,0x3fc;0x3f2;0x3f3;0x3fd,0,245
2026-06-02T14:24:38.124,536,4,0x3fc;0x3f2;0x3f3;0x3fd,0,323
2026-06-02T14:24:38.124,537,4,0x3fc;0x3f2;0x3f3;0x3fd,0,238
2026-06-02T14:24:38.338,538,4,0x3fc;0x3f2;0x3f3;0x3fd,0,218
2026-06-02T14:24:38.338,539,4,0x3fc;0x3f2;0x3f3;0x3fd,0,321
2026-06-02T14:24:38.539,540,4,0x3fc;0x3f2;0x3f3;0x3fd,0,326
2026-06-02T14:24:38.539,541,4,0x3fc;0x3f2;0x3f3;0x3fd,0,253
2026-06-02T14:24:38.741,542,4,0x3fc;0x3f2;0x3f3;0x3fd,0,324
2026-06-02T14:24:38.741,543,4,0x3fc;0x3f2;0x3f3;0x3fd,0,334
2026-06-02T14:24:38.942,544,5,0x3fc;0x3f2;0x3f3;0x3fd;0x410,1,478
2026-06-02T14:24:38.942,545,4,0x3fc;0x3f2;0x3f3;0x3fd,0,534
2026-06-02T14:24:38.942,546,4,0x3fc;0x3f2;0x3f3;0x3fd,0,287
2026-06-02T14:24:39.144,547,3,0x3f2;0x3f3;0x3fd,0,185
2026-06-02T14:24:39.144,548,3,0x3fc;0x3f2;0x3fd,0,232
2026-06-02T14:24:39.346,549,4,0x3fc;0x3f2;0x3f3;0x3fd,0,540
2026-06-02T14:24:39.346,550,4,0x3fc;0x3f2;0x3f3;0x3fd,0,633
2026-06-02T14:24:39.549,551,4,0x3fc;0x3f2;0x3f3;0x3fd,0,296
2026-06-02T14:24:39.549,552,4,0x3fc;0x3f2;0x3f3;0x3fd,0,221
2026-06-02T14:24:39.751,553,4,0x3fc;0x3f2;0x3f3;0x3fd,0,249
2026-06-02T14:24:39.751,554,4,0x3fc;0x3f2;0x3f3;0x3fd,0,229
2026-06-02T14:24:39.751,555,4,0x3fc;0x3f2;0x3f3;0x3fd,0,602
2026-06-02T14:24:39.954,556,4,0x3fc;0x3f2;0x3f3;0x3fd,0,281
2026-06-02T14:24:39.954,557,4,0x3fc;0x3f2;0x3f3;0x3fd,0,283
2026-06-02T14:24:40.155,558,4,0x3fc;0x3f2;0x3f3;0x3fd,0,241
2026-06-02T14:24:40.155,559,4,0x3fc;0x3f2;0x3f3;0x3fd,0,267
2026-06-02T14:24:40.357,560,5,0x3fc;0x3f2;0x3f3;0x3fd;0x410,1,415
2026-06-02T14:24:40.357,561,4,0x3fc;0x3f2;0x3f3;0x3fd,0,223
2026-06-02T14:24:40.561,562,4,0x3fc;0x3f2;0x3f3;0x3fd,0,233
2026-06-02T14:24:40.561,563,4,0x3fc;0x3f2;0x3f3;0x3fd,0,299
2026-06-02T14:24:40.561,564,4,0x3fc;0x3f2;0x3f3;0x3fd,0,395
2026-06-02T14:24:40.761,565,4,0x3fc;0x3f2;0x3f3;0x3fd,0,326
2026-06-02T14:24:40.761,566,4,0x3fc;0x3f2;0x3f3;0x3fd,0,324
2026-06-02T14:24:40.962,567,4,0x3fc;0x3f2;0x3f3;0x3fd,0,245
2026-06-02T14:24:40.962,568,4,0x3fc;0x3f2;0x3f3;0x3fd,0,859
2026-06-02T14:24:41.164,569,4,0x3fc;0x3f2;0x3f3;0x3fd,0,441
2026-06-02T14:24:41.164,570,4,0x3fc;0x3f2;0x3f3;0x3fd,0,251
2026-06-02T14:24:41.366,571,4,0x3fc;0x3f2;0x3f3;0x3fd,0,251
2026-06-02T14:24:41.366,572,4,0x3fc;0x3f2;0x3f3;0x3fd,0,453
2026-06-02T14:24:41.366,573,4,0x3fc;0x3f2;0x3f3;0x3fd,0,254
2026-06-02T14:24:41.570,574,4,0x3fc;0x3f2;0x3f3;0x3fd,0,250
2026-06-02T14:24:41.570,575,4,0x3fc;0x3f2;0x3f3;0x3fd,0,221
2026-06-02T14:24:41.772,576,5,0x3fc;0x3f2;0x3f3;0x3fd;0x410,1,361
2026-06-02T14:24:41.772,577,4,0x3fc;0x3f2;0x3f3;0x3fd,0,289
2026-06-02T14:24:41.973,578,4,0x3fc;0x3f2;0x3f3;0x3fd,0,234
2026-06-02T14:24:41.973,579,4,0x3fc;0x3f2;0x3f3;0x3fd,0,306
2026-06-02T14:24:42.175,580,4,0x3fc;0x3f2;0x3f3;0x3fd,0,252
2026-06-02T14:24:42.175,581,4,0x3fc;0x3f2;0x3f3;0x3fd,0,316
2026-06-02T14:24:42.175,582,4,0x3fc;0x3f2;0x3f3;0x3fd,0,797
2026-06-02T14:24:42.375,583,4,0x3fc;0x3f2;0x3f3;0x3fd,0,448
2026-06-02T14:24:42.375,584,4,0x3fc;0x3f2;0x3f3;0x3fd,0,237
2026-06-02T14:24:42.577,585,4,0x3fc;0x3f2;0x3f3;0x3fd,0,329
2026-06-02T14:24:42.577,586,4,0x3fc;0x3f2;0x3f3;0x3fd,0,343
2026-06-02T14:24:42.781,587,4,0x3fc;0x3f2;0x3f3;0x3fd,0,1063
2026-06-02T14:24:42.781,588,4,0x3fc;0x3f2;0x3f3;0x3fd,0,1217
2026-06-02T14:24:42.983,589,4,0x3fc;0x3f2;0x3f3;0x3fd,0,1105
2026-06-02T14:24:42.983,590,4,0x3fc;0x3f2;0x3f3;0x3fd,0,482
2026-06-02T14:24:42.983,591,4,0x3fc;0x3f2;0x3f3;0x3fd,0,350
2026-06-02T14:24:43.191,592,5,0x3fc;0x3f2;0x3f3;0x3fd;0x410,1,487
2026-06-02T14:24:43.191,593,4,0x3fc;0x3f2;0x3f3;0x3fd,0,375
2026-06-02T14:24:43.392,594,4,0x3fc;0x3f2;0x3f3;0x3fd,0,251
2026-06-02T14:24:43.392,595,4,0x3fc;0x3f2;0x3f3;0x3fd,0,275
2026-06-02T14:24:43.595,596,4,0x3fc;0x3f2;0x3f3;0x3fd,0,336
2026-06-02T14:24:43.595,597,4,0x3fc;0x3f2;0x3f3;0x3fd,0,263
2026-06-02T14:24:43.811,598,4,0x3fc;0x3f2;0x3f3;0x3fd,0,1405
2026-06-02T14:24:43.811,599,4,0x3fc;0x3f2;0x3f3;0x3fd,0,1141
2026-06-02T14:24:43.811,600,4,0x3fc;0x3f2;0x3f3;0x3fd,0,346
2026-06-02T14:24:44.014,601,4,0x3fc;0x3f2;0x3f3;0x3fd,0,285
2026-06-02T14:24:44.014,602,4,0x3fc;0x3f2;0x3f3;0x3fd,0,225
2026-06-02T14:24:44.214,603,3,0x3f2;0x3f3;0x3fd,0,181
2026-06-02T14:24:44.214,604,3,0x3fc;0x3f2;0x3fd,0,208
2026-06-02T14:24:44.416,605,4,0x3fc;0x3f2;0x3f3;0x3fd,0,313
2026-06-02T14:24:44.416,606,4,0x3fc;0x3f2;0x3f3;0x3fd,0,381
2026-06-02T14:24:44.620,607,4,0x3fc;0x3f2;0x3f3;0x3fd,0,300
2026-06-02T14:24:44.620,608,5,0x3fc;0x3f2;0x3f3;0x3fd;0x410,1,433
2026-06-02T14:24:44.621,609,4,0x3fc;0x3f2;0x3f3;0x3fd,0,241
2026-06-02T14:24:44.823,610,4,0x3fc;0x3f2;0x3f3;0x3fd,0,251
2026-06-02T14:24:44.823,611,4,0x3fc;0x3f2;0x3f3;0x3fd,0,373
2026-06-02T14:24:45.026,612,4,0x3fc;0x3f2;0x3f3;0x3fd,0,324
2026-06-02T14:24:45.026,613,4,0x3fc;0x3f2;0x3f3;0x3fd,0,244
2026-06-02T14:24:45.228,614,4,0x3fc;0x3f2;0x3f3;0x3fd,0,259
2026-06-02T14:24:45.228,615,4,0x3fc;0x3f2;0x3f3;0x3fd,0,342
2026-06-02T14:24:45.228,616,4,0x3fc;0x3f2;0x3f3;0x3fd,0,320
2026-06-02T14:24:45.429,617,4,0x3fc;0x3f2;0x3f3;0x3fd,0,492
2026-06-02T14:24:45.429,618,4,0x3fc;0x3f2;0x3f3;0x3fd,0,298
2026-06-02T14:24:45.631,619,4,0x3fc;0x3f2;0x3f3;0x3fd,0,423
2026-06-02T14:24:45.631,620,4,0x3fc;0x3f2;0x3f3;0x3fd,0,242
2026-06-02T14:24:45.834,621,4,0x3fc;0x3f2;0x3f3;0x3fd,0,369
2026-06-02T14:24:45.834,622,4,0x3fc;0x3f2;0x3f3;0x3fd,0,324
2026-06-02T14:24:46.034,623,4,0x3fc;0x3f2;0x3f3;0x3fd,0,300
2026-06-02T14:24:46.034,624,5,0x3fc;0x3f2;0x3f3;0x3fd;0x410,1,442
2026-06-02T14:24:46.235,625,4,0x3fc;0x3f2;0x3f3;0x3fd,0,258
2026-06-02T14:24:46.235,626,4,0x3fc;0x3f2;0x3f3;0x3fd,0,221
2026-06-02T14:24:46.235,627,4,0x3fc;0x3f2;0x3f3;0x3fd,0,257
2026-06-02T14:24:46.437,628,4,0x3fc;0x3f2;0x3f3;0x3fd,0,286
2026-06-02T14:24:46.437,629,4,0x3fc;0x3f2;0x3f3;0x3fd,0,273
2026-06-02T14:24:46.639,630,4,0x3fc;0x3f2;0x3f3;0x3fd,0,223
2026-06-02T14:24:46.639,631,3,0x3f2;0x3f3;0x3fd,0,181
2026-06-02T14:24:46.841,632,3,0x3fc;0x3f2;0x3fd,0,272
2026-06-02T14:24:46.841,633,4,0x3fc;0x3f2;0x3f3;0x3fd,0,233
2026-06-02T14:24:47.042,634,4,0x3fc;0x3f2;0x3f3;0x3fd,0,258
2026-06-02T14:24:47.042,635,4,0x3fc;0x3f2;0x3f3;0x3fd,0,254
2026-06-02T14:24:47.042,636,4,0x3fc;0x3f2;0x3f3;0x3fd,0,237
2026-06-02T14:24:47.245,637,4,0x3fc;0x3f2;0x3f3;0x3fd,0,227
2026-06-02T14:24:47.245,638,3,0x3f2;0x3f3;0x3fd,0,182
2026-06-02T14:24:47.446,639,3,0x3fc;0x3f2;0x3fd,0,256
2026-06-02T14:24:47.447,640,5,0x3fc;0x3f2;0x3f3;0x3fd;0x410,1,415
2026-06-02T14:24:47.660,641,4,0x3fc;0x3f2;0x3f3;0x3fd,0,279
2026-06-02T14:24:47.660,642,4,0x3fc;0x3f2;0x3f3;0x3fd,0,240
2026-06-02T14:24:47.660,643,4,0x3fc;0x3f2;0x3f3;0x3fd,0,243
2026-06-02T14:24:47.864,644,4,0x3fc;0x3f2;0x3f3;0x3fd,0,220
2026-06-02T14:24:47.864,645,4,0x3fc;0x3f2;0x3f3;0x3fd,0,249
2026-06-02T14:24:48.067,646,4,0x3fc;0x3f2;0x3f3;0x3fd,0,461
2026-06-02T14:24:48.067,647,4,0x3fc;0x3f2;0x3f3;0x3fd,0,359
2026-06-02T14:24:48.267,648,4,0x3fc;0x3f2;0x3f3;0x3fd,0,727
2026-06-02T14:24:48.267,649,4,0x3fc;0x3f2;0x3f3;0x3fd,0,359
2026-06-02T14:24:48.471,650,4,0x3fc;0x3f2;0x3f3;0x3fd,0,275
2026-06-02T14:24:48.471,651,4,0x3fc;0x3f2;0x3f3;0x3fd,0,239
2026-06-02T14:24:48.471,652,4,0x3fc;0x3f2;0x3f3;0x3fd,0,299
2026-06-02T14:24:48.673,653,4,0x3fc;0x3f2;0x3f3;0x3fd,0,403
2026-06-02T14:24:48.673,654,4,0x3fc;0x3f2;0x3f3;0x3fd,0,695
2026-06-02T14:24:48.875,655,4,0x3fc;0x3f2;0x3f3;0x3fd,0,298
2026-06-02T14:24:48.875,656,5,0x3fc;0x3f2;0x3f3;0x3fd;0x410,1,388
2026-06-02T14:24:49.079,657,4,0x3fc;0x3f2;0x3f3;0x3fd,0,660
2026-06-02T14:24:49.079,658,4,0x3fc;0x3f2;0x3f3;0x3fd,0,704
2026-06-02T14:24:49.281,659,4,0x3fc;0x3f2;0x3f3;0x3fd,0,519
2026-06-02T14:24:49.281,660,4,0x3fc;0x3f2;0x3f3;0x3fd,0,856
2026-06-02T14:24:49.482,661,4,0x3fc;0x3f2;0x3f3;0x3fd,0,397
2026-06-02T14:24:49.482,662,4,0x3fc;0x3f2;0x3f3;0x3fd,0,302
2026-06-02T14:24:49.482,663,4,0x3fc;0x3f2;0x3f3;0x3fd,0,482
2026-06-02T14:24:49.697,664,4,0x3fc;0x3f2;0x3f3;0x3fd,0,297
2026-06-02T14:24:49.697,665,4,0x3fc;0x3f2;0x3f3;0x3fd,0,303
2026-06-02T14:24:49.913,666,4,0x3fc;0x3f2;0x3f3;0x3fd,0,235
2026-06-02T14:24:49.913,667,4,0x3fc;0x3f2;0x3f3;0x3fd,0,242
2026-06-02T14:24:49.913,668,4,0x3fc;0x3f2;0x3f3;0x3fd,0,252
2026-06-02T14:24:50.115,669,4,0x3fc;0x3f2;0x3f3;0x3fd,0,413
2026-06-02T14:24:50.115,670,4,0x3fc;0x3f2;0x3f3;0x3fd,0,241
2026-06-02T14:24:50.317,671,4,0x3fc;0x3f2;0x3f3;0x3fd,0,241
2026-06-02T14:24:50.318,672,5,0x3fc;0x3f2;0x3f3;0x3fd;0x410,1,388
2026-06-02T14:24:50.520,673,4,0x3fc;0x3f2;0x3f3;0x3fd,0,260
2026-06-02T14:24:50.520,674,4,0x3fc;0x3f2;0x3f3;0x3fd,0,254
2026-06-02T14:24:50.723,675,4,0x3fc;0x3f2;0x3f3;0x3fd,0,237
2026-06-02T14:24:50.723,676,4,0x3fc;0x3f2;0x3f3;0x3fd,0,227
2026-06-02T14:24:50.724,677,4,0x3fc;0x3f2;0x3f3;0x3fd,0,274
2026-06-02T14:24:50.924,678,4,0x3fc;0x3f2;0x3f3;0x3fd,0,256
2026-06-02T14:24:50.924,679,4,0x3fc;0x3f2;0x3f3;0x3fd,0,325
2026-06-02T14:24:51.125,680,4,0x3fc;0x3f2;0x3f3;0x3fd,0,342
2026-06-02T14:24:51.125,681,3,0x3f2;0x3f3;0x3fd,0,195
2026-06-02T14:24:51.328,682,3,0x3fc;0x3f2;0x3fd,0,240
2026-06-02T14:24:51.328,683,4,0x3fc;0x3f2;0x3f3;0x3fd,0,229
2026-06-02T14:24:51.529,684,4,0x3fc;0x3f2;0x3f3;0x3fd,0,274
2026-06-02T14:24:51.529,685,4,0x3fc;0x3f2;0x3f3;0x3fd,0,352
2026-06-02T14:24:51.529,686,4,0x3fc;0x3f2;0x3f3;0x3fd,0,329
2026-06-02T14:24:51.733,687,4,0x3fc;0x3f2;0x3f3;0x3fd,0,245
2026-06-02T14:24:51.935,688,5,0x3fc;0x3f2;0x3f3;0x3fd;0x410,1,379
2026-06-02T14:24:51.936,689,4,0x3fc;0x3f2;0x3f3;0x3fd,0,235
2026-06-02T14:24:51.936,690,4,0x3fc;0x3f2;0x3f3;0x3fd,0,243
2026-06-02T14:24:52.136,691,4,0x3fc;0x3f2;0x3f3;0x3fd,0,220
2026-06-02T14:24:52.136,692,3,0x3f2;0x3f3;0x3fd,0,181
2026-06-02T14:24:52.338,693,3,0x3fc;0x3f2;0x3fd,0,280
2026-06-02T14:24:52.338,694,4,0x3fc;0x3f2;0x3f3;0x3fd,0,250
2026-06-02T14:24:52.338,695,4,0x3fc;0x3f2;0x3f3;0x3fd,0,348
2026-06-02T14:24:52.541,696,4,0x3fc;0x3f2;0x3f3;0x3fd,0,329
2026-06-02T14:24:52.541,697,4,0x3fc;0x3f2;0x3f3;0x3fd,0,261
2026-06-02T14:24:52.744,698,4,0x3fc;0x3f2;0x3f3;0x3fd,0,269
2026-06-02T14:24:52.744,699,4,0x3fc;0x3f2;0x3f3;0x3fd,0,303
2026-06-02T14:24:52.959,700,4,0x3fc;0x3f2;0x3f3;0x3fd,0,243
2026-06-02T14:24:52.959,701,4,0x3fc;0x3f2;0x3f3;0x3fd,0,419
2026-06-02T14:24:53.164,702,4,0x3fc;0x3f2;0x3f3;0x3fd,0,346
2026-06-02T14:24:53.164,703,4,0x3fc;0x3f2;0x3f3;0x3fd,0,278
2026-06-02T14:24:53.364,704,5,0x3fc;0x3f2;0x3f3;0x3fd;0x410,1,415
2026-06-02T14:24:53.364,705,4,0x3fc;0x3f2;0x3f3;0x3fd,0,383
2026-06-02T14:24:53.364,706,4,0x3fc;0x3f2;0x3f3;0x3fd,0,285
2026-06-02T14:24:53.567,707,4,0x3fc;0x3f2;0x3f3;0x3fd,0,255
2026-06-02T14:24:53.567,708,4,0x3fc;0x3f2;0x3f3;0x3fd,0,277
2026-06-02T14:24:53.772,709,4,0x3fc;0x3f2;0x3f3;0x3fd,0,312
2026-06-02T14:24:53.772,710,4,0x3fc;0x3f2;0x3f3;0x3fd,0,412
2026-06-02T14:24:53.976,711,4,0x3fc;0x3f2;0x3f3;0x3fd,0,256
2026-06-02T14:24:53.976,712,4,0x3fc;0x3f2;0x3f3;0x3fd,0,235
2026-06-02T14:24:53.976,713,4,0x3fc;0x3f2;0x3f3;0x3fd,0,427
2026-06-02T14:24:54.177,714,4,0x3fc;0x3f2;0x3f3;0x3fd,0,347
2026-06-02T14:24:54.177,715,4,0x3fc;0x3f2;0x3f3;0x3fd,0,286
2026-06-02T14:24:54.379,716,4,0x3fc;0x3f2;0x3f3;0x3fd,0,248
2026-06-02T14:24:54.379,717,4,0x3fc;0x3f2;0x3f3;0x3fd,0,236
2026-06-02T14:24:54.583,718,4,0x3fc;0x3f2;0x3f3;0x3fd,0,251
2026-06-02T14:24:54.583,719,4,0x3fc;0x3f2;0x3f3;0x3fd,0,245
2026-06-02T14:24:54.784,720,5,0x3fc;0x3f2;0x3f3;0x3fd;0x410,1,388
2026-06-02T14:24:54.785,721,4,0x3fc;0x3f2;0x3f3;0x3fd,0,292
2026-06-02T14:24:54.785,722,4,0x3fc;0x3f2;0x3f3;0x3fd,0,242
2026-06-02T14:24:54.987,723,4,0x3fc;0x3f2;0x3f3;0x3fd,0,227
2026-06-02T14:24:54.987,724,4,0x3fc;0x3f2;0x3f3;0x3fd,0,226
2026-06-02T14:24:55.188,725,3,0x3f2;0x3f3;0x3fd,0,182
2026-06-02T14:24:55.188,726,3,0x3fc;0x3f2;0x3fd,0,216
2026-06-02T14:24:55.390,727,4,0x3fc;0x3f2;0x3f3;0x3fd,0,226
2026-06-02T14:24:55.390,728,4,0x3fc;0x3f2;0x3f3;0x3fd,0,234
2026-06-02T14:24:55.593,729,4,0x3fc;0x3f2;0x3f3;0x3fd,0,243
2026-06-02T14:24:55.593,730,4,0x3fc;0x3f2;0x3f3;0x3fd,0,228
2026-06-02T14:24:55.593,731,3,0x3f2;0x3f3;0x3fd,0,182
2026-06-02T14:24:55.795,732,3,0x3fc;0x3f2;0x3fd,0,224
2026-06-02T14:24:55.795,733,4,0x3fc;0x3f2;0x3f3;0x3fd,0,219
2026-06-02T14:24:55.996,734,4,0x3fc;0x3f2;0x3f3;0x3fd,0,329
2026-06-02T14:24:55.996,735,4,0x3fc;0x3f2;0x3f3;0x3fd,0,247
2026-06-02T14:24:56.199,736,5,0x3fc;0x3f2;0x3f3;0x3fd;0x410,1,379
2026-06-02T14:24:56.199,737,4,0x3fc;0x3f2;0x3f3;0x3fd,0,251
2026-06-02T14:24:56.403,738,4,0x3fc;0x3f2;0x3f3;0x3fd,0,245
2026-06-02T14:24:56.403,739,4,0x3fc;0x3f2;0x3f3;0x3fd,0,252
2026-06-02T14:24:56.403,740,4,0x3fc;0x3f2;0x3f3;0x3fd,0,237
2026-06-02T14:24:56.604,741,4,0x3fc;0x3f2;0x3f3;0x3fd,0,227
2026-06-02T14:24:56.604,742,4,0x3fc;0x3f2;0x3f3;0x3fd,0,234
2026-06-02T14:24:56.806,743,4,0x3fc;0x3f2;0x3f3;0x3fd,0,243
2026-06-02T14:24:56.806,744,4,0x3fc;0x3f2;0x3f3;0x3fd,0,236
2026-06-02T14:24:57.009,745,4,0x3fc;0x3f2;0x3f3;0x3fd,0,227
2026-06-02T14:24:57.009,746,4,0x3fc;0x3f2;0x3f3;0x3fd,0,410
2026-06-02T14:24:57.210,747,4,0x3fc;0x3f2;0x3f3;0x3fd,0,257
2026-06-02T14:24:57.210,748,4,0x3fc;0x3f2;0x3f3;0x3fd,0,235
2026-06-02T14:24:57.210,749,4,0x3fc;0x3f2;0x3f3;0x3fd,0,227
2026-06-02T14:24:57.427,750,4,0x3fc;0x3f2;0x3f3;0x3fd,0,242
2026-06-02T14:24:57.427,751,4,0x3fc;0x3f2;0x3f3;0x3fd,0,236
2026-06-02T14:24:57.642,752,5,0x3fc;0x3f2;0x3f3;0x3fd;0x410,1,379
2026-06-02T14:24:57.643,753,4,0x3fc;0x3f2;0x3f3;0x3fd,0,251
2026-06-02T14:24:57.844,754,4,0x3fc;0x3f2;0x3f3;0x3fd,0,237
2026-06-02T14:24:57.844,755,4,0x3fc;0x3f2;0x3f3;0x3fd,0,259
2026-06-02T14:24:57.844,756,4,0x3fc;0x3f2;0x3f3;0x3fd,0,246
2026-06-02T14:24:58.046,757,4,0x3fc;0x3f2;0x3f3;0x3fd,0,220
2026-06-02T14:24:58.046,758,4,0x3fc;0x3f2;0x3f3;0x3fd,0,225
2026-06-02T14:24:58.247,759,4,0x3fc;0x3f2;0x3f3;0x3fd,0,226
2026-06-02T14:24:58.247,760,4,0x3fc;0x3f2;0x3f3;0x3fd,0,234
2026-06-02T14:24:58.463,761,4,0x3fc;0x3f2;0x3f3;0x3fd,0,403
2026-06-02T14:24:58.463,762,4,0x3fc;0x3f2;0x3f3;0x3fd,0,248
2026-06-02T14:24:58.463,763,4,0x3fc;0x3f2;0x3f3;0x3fd,0,242
2026-06-02T14:24:58.665,764,4,0x3fc;0x3f2;0x3f3;0x3fd,0,244
2026-06-02T14:24:58.665,765,4,0x3fc;0x3f2;0x3f3;0x3fd,0,228
2026-06-02T14:24:58.866,766,4,0x3fc;0x3f2;0x3f3;0x3fd,0,250
2026-06-02T14:24:58.866,767,4,0x3fc;0x3f2;0x3f3;0x3fd,0,605
2026-06-02T14:24:59.067,768,5,0x3fc;0x3f2;0x3f3;0x3fd;0x410,1,793
2026-06-02T14:24:59.067,769,4,0x3fc;0x3f2;0x3f3;0x3fd,0,289
2026-06-02T14:24:59.270,770,4,0x3fc;0x3f2;0x3f3;0x3fd,0,236
2026-06-02T14:24:59.270,771,4,0x3fc;0x3f2;0x3f3;0x3fd,0,235
2026-06-02T14:24:59.270,772,4,0x3fc;0x3f2;0x3f3;0x3fd,0,227
2026-06-02T14:24:59.474,773,4,0x3fc;0x3f2;0x3f3;0x3fd,0,418
2026-06-02T14:24:59.474,774,4,0x3fc;0x3f2;0x3f3;0x3fd,0,378
2026-06-02T14:24:59.676,775,3,0x3f2;0x3f3;0x3fd,0,198
2026-06-02T14:24:59.677,776,3,0x3fc;0x3f2;0x3fd,0,464
2026-06-02T14:24:59.877,777,3,0x3f2;0x3f3;0x3fd,0,213
2026-06-02T14:24:59.877,778,3,0x3fc;0x3f2;0x3fd,0,208
2026-06-02T14:25:00.078,779,4,0x3fc;0x3f2;0x3f3;0x3fd,0,217
2026-06-02T14:25:00.078,780,4,0x3fc;0x3f2;0x3f3;0x3fd,0,233
2026-06-02T14:25:00.078,781,4,0x3fc;0x3f2;0x3f3;0x3fd,0,235
2026-06-02T14:25:00.281,782,4,0x3fc;0x3f2;0x3f3;0x3fd,0,235
2026-06-02T14:25:00.281,783,4,0x3fc;0x3f2;0x3f3;0x3fd,0,235
2026-06-02T14:25:00.482,784,5,0x3fc;0x3f2;0x3f3;0x3fd;0x410,1,379
2026-06-02T14:25:00.482,785,4,0x3fc;0x3f2;0x3f3;0x3fd,0,275
2026-06-02T14:25:00.698,786,4,0x3fc;0x3f2;0x3f3;0x3fd,0,240
2026-06-02T14:25:00.698,787,4,0x3fc;0x3f2;0x3f3;0x3fd,0,235
2026-06-02T14:25:00.901,788,4,0x3fc;0x3f2;0x3f3;0x3fd,0,395
2026-06-02T14:25:00.901,789,4,0x3fc;0x3f2;0x3f3;0x3fd,0,255
2026-06-02T14:25:00.901,790,4,0x3fc;0x3f2;0x3f3;0x3fd,0,411
2026-06-02T14:25:01.104,791,4,0x3fc;0x3f2;0x3f3;0x3fd,0,257
2026-06-02T14:25:01.104,792,4,0x3fc;0x3f2;0x3f3;0x3fd,0,267
2026-06-02T14:25:01.305,793,4,0x3fc;0x3f2;0x3f3;0x3fd,0,247
2026-06-02T14:25:01.305,794,4,0x3fc;0x3f2;0x3f3;0x3fd,0,244
2026-06-02T14:25:01.506,795,4,0x3fc;0x3f2;0x3f3;0x3fd,0,236
2026-06-02T14:25:01.506,796,4,0x3fc;0x3f2;0x3f3;0x3fd,0,267
2026-06-02T14:25:01.709,797,4,0x3fc;0x3f2;0x3f3;0x3fd,0,247
2026-06-02T14:25:01.709,798,4,0x3fc;0x3f2;0x3f3;0x3fd,0,244
2026-06-02T14:25:01.709,799,4,0x3fc;0x3f2;0x3f3;0x3fd,0,412
2026-06-02T14:25:01.912,800,5,0x3fc;0x3f2;0x3f3;0x3fd;0x410,1,577
2026-06-02T14:25:01.912,801,4,0x3fc;0x3f2;0x3f3;0x3fd,0,289
2026-06-02T14:25:02.112,802,4,0x3fc;0x3f2;0x3f3;0x3fd,0,311
2026-06-02T14:25:02.112,803,4,0x3fc;0x3f2;0x3f3;0x3fd,0,260
2026-06-02T14:25:02.315,804,4,0x3fc;0x3f2;0x3f3;0x3fd,0,237
2026-06-02T14:25:02.315,805,4,0x3fc;0x3f2;0x3f3;0x3fd,0,227
2026-06-02T14:25:02.518,806,4,0x3fc;0x3f2;0x3f3;0x3fd,0,234
2026-06-02T14:25:02.518,807,4,0x3fc;0x3f2;0x3f3;0x3fd,0,227
2026-06-02T14:25:02.519,808,4,0x3fc;0x3f2;0x3f3;0x3fd,0,242
2026-06-02T14:25:02.720,809,4,0x3fc;0x3f2;0x3f3;0x3fd,0,220
2026-06-02T14:25:02.720,810,4,0x3fc;0x3f2;0x3f3;0x3fd,0,393
2026-06-02T14:25:02.920,811,4,0x3fc;0x3f2;0x3f3;0x3fd,0,255
2026-06-02T14:25:02.920,812,4,0x3fc;0x3f2;0x3f3;0x3fd,0,243
2026-06-02T14:25:03.123,813,4,0x3fc;0x3f2;0x3f3;0x3fd,0,228
2026-06-02T14:25:03.123,814,4,0x3fc;0x3f2;0x3f3;0x3fd,0,226
2026-06-02T14:25:03.339,815,4,0x3fc;0x3f2;0x3f3;0x3fd,0,258
2026-06-02T14:25:03.339,816,5,0x3fc;0x3f2;0x3f3;0x3fd;0x410,1,406
2026-06-02T14:25:03.339,817,4,0x3fc;0x3f2;0x3f3;0x3fd,0,246
2026-06-02T14:25:03.543,818,4,0x3fc;0x3f2;0x3f3;0x3fd,0,236
2026-06-02T14:25:03.543,819,4,0x3fc;0x3f2;0x3f3;0x3fd,0,331
2026-06-02T14:25:03.744,820,4,0x3fc;0x3f2;0x3f3;0x3fd,0,479
2026-06-02T14:25:03.947,823,4,0x3fc;0x3f2;0x3f3;0x3fd,0,1508
2026-06-02T14:25:04.149,824,4,0x3fc;0x3f2;0x3f3;0x3fd,0,685
2026-06-02T14:25:04.149,825,4,0x3fc;0x3f2;0x3f3;0x3fd,0,617
2026-06-02T14:25:04.149,826,4,0x3fc;0x3f2;0x3f3;0x3fd,0,446
2026-06-02T14:25:04.351,827,4,0x3fc;0x3f2;0x3f3;0x3fd,0,472
2026-06-02T14:25:04.351,828,4,0x3fc;0x3f2;0x3f3;0x3fd,0,310
2026-06-02T14:25:04.552,829,4,0x3fc;0x3f2;0x3f3;0x3fd,0,257
2026-06-02T14:25:04.552,830,4,0x3fc;0x3f2;0x3f3;0x3fd,0,261
2026-06-02T14:25:04.754,831,4,0x3fc;0x3f2;0x3f3;0x3fd,0,222
2026-06-02T14:25:04.754,832,5,0x3fc;0x3f2;0x3f3;0x3fd;0x410,1,361
2026-06-02T14:25:04.957,833,4,0x3fc;0x3f2;0x3f3;0x3fd,0,313
2026-06-02T14:25:04.957,834,4,0x3fc;0x3f2;0x3f3;0x3fd,0,365
2026-06-02T14:25:04.957,835,4,0x3fc;0x3f2;0x3f3;0x3fd,0,250
2026-06-02T14:25:05.159,836,4,0x3fc;0x3f2;0x3f3;0x3fd,0,299
2026-06-02T14:25:05.159,837,4,0x3fc;0x3f2;0x3f3;0x3fd,0,611
2026-06-02T14:25:05.364,838,4,0x3fc;0x3f2;0x3f3;0x3fd,0,297
2026-06-02T14:25:05.364,839,4,0x3fc;0x3f2;0x3f3;0x3fd,0,301
2026-06-02T14:25:05.567,840,4,0x3fc;0x3f2;0x3f3;0x3fd,0,459
2026-06-02T14:25:05.567,841,4,0x3fc;0x3f2;0x3f3;0x3fd,0,518
2026-06-02T14:25:05.768,842,3,0x3f2;0x3f3;0x3fd,0,215
2026-06-02T14:25:05.768,843,3,0x3fc;0x3f2;0x3fd,0,368
2026-06-02T14:25:05.768,844,4,0x3fc;0x3f2;0x3f3;0x3fd,0,277
2026-06-02T14:25:05.972,845,4,0x3fc;0x3f2;0x3f3;0x3fd,0,422
2026-06-02T14:25:05.972,846,4,0x3fc;0x3f2;0x3f3;0x3fd,0,322
2026-06-02T14:25:06.174,847,4,0x3fc;0x3f2;0x3f3;0x3fd,0,459
2026-06-02T14:25:06.174,848,5,0x3fc;0x3f2;0x3f3;0x3fd;0x410,1,622
2026-06-02T14:25:06.378,849,4,0x3fc;0x3f2;0x3f3;0x3fd,0,406
2026-06-02T14:25:06.378,850,4,0x3fc;0x3f2;0x3f3;0x3fd,0,317
2026-06-02T14:25:06.580,851,4,0x3fc;0x3f2;0x3f3;0x3fd,0,451
2026-06-02T14:25:06.580,852,4,0x3fc;0x3f2;0x3f3;0x3fd,0,429
2026-06-02T14:25:06.580,853,4,0x3fc;0x3f2;0x3f3;0x3fd,0,240
2026-06-02T14:25:06.781,854,4,0x3fc;0x3f2;0x3f3;0x3fd,0,521
2026-06-02T14:25:06.781,855,4,0x3fc;0x3f2;0x3f3;0x3fd,0,263
2026-06-02T14:25:06.984,856,4,0x3fc;0x3f2;0x3f3;0x3fd,0,242
2026-06-02T14:25:06.984,857,4,0x3fc;0x3f2;0x3f3;0x3fd,0,252
2026-06-02T14:25:07.186,858,4,0x3fc;0x3f2;0x3f3;0x3fd,0,421
2026-06-02T14:25:07.186,859,4,0x3fc;0x3f2;0x3f3;0x3fd,0,362
2026-06-02T14:25:07.186,860,4,0x3fc;0x3f2;0x3f3;0x3fd,0,248
2026-06-02T14:25:07.389,861,4,0x3fc;0x3f2;0x3f3;0x3fd,0,299
2026-06-02T14:25:07.389,862,4,0x3fc;0x3f2;0x3f3;0x3fd,0,267
2026-06-02T14:25:07.592,863,3,0x3f2;0x3f3;0x3fd,0,186
2026-06-02T14:25:07.592,864,3,0x3f2;0x3fd;0x410,1,316
2026-06-02T14:25:07.796,865,3,0x3fc;0x3f2;0x3fd,0,256
2026-06-02T14:25:07.796,866,3,0x3f2;0x3f3;0x3fd,0,187
2026-06-02T14:25:07.999,867,3,0x3fc;0x3f2;0x3fd,0,232
2026-06-02T14:25:07.999,868,4,0x3fc;0x3f2;0x3f3;0x3fd,0,244
2026-06-02T14:25:07.999,869,4,0x3fc;0x3f2;0x3f3;0x3fd,0,268
2026-06-02T14:25:08.202,870,4,0x3fc;0x3f2;0x3f3;0x3fd,0,247
2026-06-02T14:25:08.202,871,4,0x3fc;0x3f2;0x3f3;0x3fd,0,340
2026-06-02T14:25:08.402,872,4,0x3fc;0x3f2;0x3f3;0x3fd,0,248
2026-06-02T14:25:08.402,873,4,0x3fc;0x3f2;0x3f3;0x3fd,0,235
2026-06-02T14:25:08.605,874,4,0x3fc;0x3f2;0x3f3;0x3fd,0,339
2026-06-02T14:25:08.605,875,4,0x3fc;0x3f2;0x3f3;0x3fd,0,240
2026-06-02T14:25:08.808,876,4,0x3fc;0x3f2;0x3f3;0x3fd,0,250
2026-06-02T14:25:08.808,877,4,0x3fc;0x3f2;0x3f3;0x3fd,0,261
2026-06-02T14:25:08.808,878,4,0x3fc;0x3f2;0x3f3;0x3fd,0,278
2026-06-02T14:25:09.010,879,4,0x3fc;0x3f2;0x3f3;0x3fd,0,256
2026-06-02T14:25:09.213,880,5,0x3fc;0x3f2;0x3f3;0x3fd;0x410,1,397
2026-06-02T14:25:09.213,881,4,0x3fc;0x3f2;0x3f3;0x3fd,0,245
2026-06-02T14:25:09.213,882,4,0x3fc;0x3f2;0x3f3;0x3fd,0,252
2026-06-02T14:25:09.428,883,4,0x3fc;0x3f2;0x3f3;0x3fd,0,237
2026-06-02T14:25:09.428,884,4,0x3fc;0x3f2;0x3f3;0x3fd,0,243
2026-06-02T14:25:09.631,885,3,0x3f2;0x3f3;0x3fd,0,184
2026-06-02T14:25:09.631,886,3,0x3fc;0x3f2;0x3fd,0,232
2026-06-02T14:25:09.631,887,4,0x3fc;0x3f2;0x3f3;0x3fd,0,236
2026-06-02T14:25:09.832,888,4,0x3fc;0x3f2;0x3f3;0x3fd,0,395
2026-06-02T14:25:09.832,889,4,0x3fc;0x3f2;0x3f3;0x3fd,0,263
2026-06-02T14:25:10.034,890,3,0x3f2;0x3f3;0x3fd,0,184
2026-06-02T14:25:10.034,891,3,0x3fc;0x3f2;0x3fd,0,280
2026-06-02T14:25:10.237,892,4,0x3fc;0x3f2;0x3f3;0x3fd,0,258
2026-06-02T14:25:10.237,893,3,0x3f2;0x3f3;0x3fd,0,185
2026-06-02T14:25:10.437,894,3,0x3fc;0x3f2;0x3fd,0,224
2026-06-02T14:25:10.437,895,4,0x3fc;0x3f2;0x3f3;0x3fd,0,395
2026-06-02T14:25:10.638,896,5,0x3fc;0x3f2;0x3f3;0x3fd;0x410,1,559
2026-06-02T14:25:10.638,897,4,0x3fc;0x3f2;0x3f3;0x3fd,0,247
2026-06-02T14:25:10.638,898,4,0x3fc;0x3f2;0x3f3;0x3fd,0,234
2026-06-02T14:25:10.853,899,4,0x3fc;0x3f2;0x3f3;0x3fd,0,283
2026-06-02T14:25:10.853,900,4,0x3fc;0x3f2;0x3f3;0x3fd,0,257
2026-06-02T14:25:11.067,901,4,0x3fc;0x3f2;0x3f3;0x3fd,0,229
2026-06-02T14:25:11.067,902,4,0x3fc;0x3f2;0x3f3;0x3fd,0,250
2026-06-02T14:25:11.067,903,4,0x3fc;0x3f2;0x3f3;0x3fd,0,253
2026-06-02T14:25:11.270,904,4,0x3fc;0x3f2;0x3f3;0x3fd,0,245
2026-06-02T14:25:11.270,905,4,0x3fc;0x3f2;0x3f3;0x3fd,0,236
2026-06-02T14:25:11.471,906,4,0x3fc;0x3f2;0x3f3;0x3fd,0,419
2026-06-02T14:25:11.471,907,4,0x3fc;0x3f2;0x3f3;0x3fd,0,266
2026-06-02T14:25:11.676,908,4,0x3fc;0x3f2;0x3f3;0x3fd,0,220
2026-06-02T14:25:11.676,909,4,0x3fc;0x3f2;0x3f3;0x3fd,0,225
2026-06-02T14:25:11.879,910,4,0x3fc;0x3f2;0x3f3;0x3fd,0,226
2026-06-02T14:25:11.879,911,4,0x3fc;0x3f2;0x3f3;0x3fd,0,242
2026-06-02T14:25:12.082,912,5,0x3fc;0x3f2;0x3f3;0x3fd;0x410,1,388
2026-06-02T14:25:12.082,913,4,0x3fc;0x3f2;0x3f3;0x3fd,0,252
2026-06-02T14:25:12.082,914,4,0x3fc;0x3f2;0x3f3;0x3fd,0,517
2026-06-02T14:25:12.285,915,4,0x3fc;0x3f2;0x3f3;0x3fd,0,462
2026-06-02T14:25:12.285,916,4,0x3fc;0x3f2;0x3f3;0x3fd,0,395
2026-06-02T14:25:12.487,917,4,0x3fc;0x3f2;0x3f3;0x3fd,0,324
2026-06-02T14:25:12.487,918,4,0x3fc;0x3f2;0x3f3;0x3fd,0,276
2026-06-02T14:25:12.688,919,4,0x3fc;0x3f2;0x3f3;0x3fd,0,239
2026-06-02T14:25:12.688,920,4,0x3fc;0x3f2;0x3f3;0x3fd,0,251
2026-06-02T14:25:12.688,921,4,0x3fc;0x3f2;0x3f3;0x3fd,0,237
2026-06-02T14:25:12.891,922,4,0x3fc;0x3f2;0x3f3;0x3fd,0,243
2026-06-02T14:25:12.891,923,4,0x3fc;0x3f2;0x3f3;0x3fd,0,228
2026-06-02T14:25:13.092,924,4,0x3fc;0x3f2;0x3f3;0x3fd,0,234
2026-06-02T14:25:13.092,925,4,0x3fc;0x3f2;0x3f3;0x3fd,0,235
2026-06-02T14:25:13.295,926,4,0x3fc;0x3f2;0x3f3;0x3fd,0,219
2026-06-02T14:25:13.295,927,4,0x3fc;0x3f2;0x3f3;0x3fd,0,505
2026-06-02T14:25:13.499,928,5,0x3fc;0x3f2;0x3f3;0x3fd;0x410,1,685
2026-06-02T14:25:13.500,929,4,0x3fc;0x3f2;0x3f3;0x3fd,0,285
2026-06-02T14:25:13.500,930,4,0x3fc;0x3f2;0x3f3;0x3fd,0,285
2026-06-02T14:25:13.703,931,4,0x3fc;0x3f2;0x3f3;0x3fd,0,233
2026-06-02T14:25:13.703,932,3,0x3f2;0x3f3;0x3fd,0,182
2026-06-02T14:25:13.918,933,2,0x3f2;0x3fd,0,172
2026-06-02T14:25:13.918,934,2,0x3f2;0x3fd,0,172
2026-06-02T14:25:14.122,935,2,0x3f2;0x3fd,0,172
2026-06-02T14:25:14.122,936,3,0x3fc;0x3f2;0x3fd,0,280
2026-06-02T14:25:14.122,937,4,0x3fc;0x3f2;0x3f3;0x3fd,0,330
2026-06-02T14:25:14.326,938,4,0x3fc;0x3f2;0x3f3;0x3fd,0,238
2026-06-02T14:25:14.326,939,4,0x3fc;0x3f2;0x3f3;0x3fd,0,258
2026-06-02T14:25:14.539,940,4,0x3fc;0x3f2;0x3f3;0x3fd,0,254
2026-06-02T14:25:14.539,941,4,0x3fc;0x3f2;0x3f3;0x3fd,0,245
2026-06-02T14:25:14.740,942,4,0x3fc;0x3f2;0x3f3;0x3fd,0,220
2026-06-02T14:25:14.740,943,4,0x3fc;0x3f2;0x3f3;0x3fd,0,241
2026-06-02T14:25:14.942,944,5,0x3fc;0x3f2;0x3f3;0x3fd;0x410,1,388
2026-06-02T14:25:14.943,945,3,0x3f2;0x3f3;0x3fd,0,184
2026-06-02T14:25:14.943,946,3,0x3fc;0x3f2;0x3fd,0,224
2026-06-02T14:25:15.145,947,4,0x3fc;0x3f2;0x3f3;0x3fd,0,219
2026-06-02T14:25:15.145,948,4,0x3fc;0x3f2;0x3f3;0x3fd,0,249
2026-06-02T14:25:15.348,949,4,0x3fc;0x3f2;0x3f3;0x3fd,0,245
2026-06-02T14:25:15.348,950,4,0x3fc;0x3f2;0x3f3;0x3fd,0,220
2026-06-02T14:25:15.549,951,3,0x3f2;0x3f3;0x3fd,0,181
2026-06-02T14:25:15.549,952,2,0x3f2;0x3fd,0,172
2026-06-02T14:25:15.752,953,2,0x3f2;0x3fd,0,172
2026-06-02T14:25:15.752,954,2,0x3f2;0x3fd,0,172
2026-06-02T14:25:15.752,955,2,0x3f2;0x3fd,0,172
2026-06-02T14:25:15.956,956,3,0x3fc;0x3f2;0x3fd,0,216
2026-06-02T14:25:15.956,957,3,0x3f2;0x3f3;0x3fd,0,182
2026-06-02T14:25:16.159,958,3,0x3fc;0x3f2;0x3fd,0,216
2026-06-02T14:25:16.159,959,4,0x3fc;0x3f2;0x3f3;0x3fd,0,258
2026-06-02T14:25:16.362,960,5,0x3fc;0x3f2;0x3f3;0x3fd;0x410,1,406
2026-06-02T14:25:16.362,961,4,0x3fc;0x3f2;0x3f3;0x3fd,0,222
2026-06-02T14:25:16.564,962,4,0x3fc;0x3f2;0x3f3;0x3fd,0,225
2026-06-02T14:25:16.564,963,4,0x3fc;0x3f2;0x3f3;0x3fd,0,226
2026-06-02T14:25:16.564,964,3,0x3f2;0x3f3;0x3fd,0,182
2026-06-02T14:25:16.767,965,2,0x3f2;0x3fd,0,172
2026-06-02T14:25:16.767,966,3,0x3fc;0x3f2;0x3fd,0,224
2026-06-02T14:25:16.967,967,4,0x3fc;0x3f2;0x3f3;0x3fd,0,219
2026-06-02T14:25:16.967,968,4,0x3fc;0x3f2;0x3f3;0x3fd,0,217
2026-06-02T14:25:17.169,969,3,0x3f2;0x3f3;0x3fd,0,181
2026-06-02T14:25:17.169,970,3,0x3fc;0x3f2;0x3fd,0,232
2026-06-02T14:25:17.373,971,4,0x3fc;0x3f2;0x3f3;0x3fd,0,228
2026-06-02T14:25:17.373,972,4,0x3fc;0x3f2;0x3f3;0x3fd,0,226
2026-06-02T14:25:17.373,973,4,0x3fc;0x3f2;0x3f3;0x3fd,0,234
2026-06-02T14:25:17.575,974,4,0x3fc;0x3f2;0x3f3;0x3fd,0,219
2026-06-02T14:25:17.576,975,4,0x3fc;0x3f2;0x3f3;0x3fd,0,233
2026-06-02T14:25:17.778,976,5,0x3fc;0x3f2;0x3f3;0x3fd;0x410,1,379
2026-06-02T14:25:17.778,977,4,0x3fc;0x3f2;0x3f3;0x3fd,0,235
2026-06-02T14:25:17.979,978,4,0x3fc;0x3f2;0x3f3;0x3fd,0,243
2026-06-02T14:25:17.979,979,4,0x3fc;0x3f2;0x3f3;0x3fd,0,228
2026-06-02T14:25:18.180,980,4,0x3fc;0x3f2;0x3f3;0x3fd,0,234
2026-06-02T14:25:18.180,981,4,0x3fc;0x3f2;0x3f3;0x3fd,0,275
2026-06-02T14:25:18.180,982,4,0x3fc;0x3f2;0x3f3;0x3fd,0,240
2026-06-02T14:25:18.381,983,4,0x3fc;0x3f2;0x3f3;0x3fd,0,227
2026-06-02T14:25:18.381,984,4,0x3fc;0x3f2;0x3f3;0x3fd,0,226
2026-06-02T14:25:18.581,985,3,0x3f2;0x3f3;0x3fd,0,182
2026-06-02T14:25:18.581,986,3,0x3fc;0x3f2;0x3fd,0,208
2026-06-02T14:25:18.783,987,4,0x3fc;0x3f2;0x3f3;0x3fd,0,225
2026-06-02T14:25:18.783,988,4,0x3fc;0x3f2;0x3f3;0x3fd,0,226
2026-06-02T14:25:18.986,989,4,0x3fc;0x3f2;0x3f3;0x3fd,0,218
2026-06-02T14:25:18.986,990,4,0x3fc;0x3f2;0x3f3;0x3fd,0,321
2026-06-02T14:25:18.986,991,4,0x3fc;0x3f2;0x3f3;0x3fd,0,310
2026-06-02T14:25:19.189,992,5,0x3fc;0x3f2;0x3f3;0x3fd;0x410,1,451
2026-06-02T14:25:19.189,993,4,0x3fc;0x3f2;0x3f3;0x3fd,0,475
2026-06-02T14:25:19.404,994,4,0x3fc;0x3f2;0x3f3;0x3fd,0,264
2026-06-02T14:25:19.404,995,4,0x3fc;0x3f2;0x3f3;0x3fd,0,595
2026-06-02T14:25:19.605,996,4,0x3fc;0x3f2;0x3f3;0x3fd,0,720
2026-06-02T14:25:19.605,997,4,0x3fc;0x3f2;0x3f3;0x3fd,0,1162
2026-06-02T14:25:19.808,998,4,0x3fc;0x3f2;0x3f3;0x3fd,0,912
2026-06-02T14:25:19.808,999,4,0x3fc;0x3f2;0x3f3;0x3fd,0,898
2026-06-02T14:25:19.808,1000,4,0x3fc;0x3f2;0x3f3;0x3fd,0,877
2026-06-02T14:25:20.013,1001,4,0x3fc;0x3f2;0x3f3;0x3fd,0,1066
2026-06-02T14:25:20.013,1002,4,0x3fc;0x3f2;0x3f3;0x3fd,0,506
2026-06-02T14:25:20.216,1003,4,0x3fc;0x3f2;0x3f3;0x3fd,0,265
2026-06-02T14:25:20.216,1004,4,0x3fc;0x3f2;0x3f3;0x3fd,0,284
2026-06-02T14:25:20.420,1005,4,0x3fc;0x3f2;0x3f3;0x3fd,0,257
2026-06-02T14:25:20.420,1006,4,0x3fc;0x3f2;0x3f3;0x3fd,0,293
2026-06-02T14:25:20.420,1007,4,0x3fc;0x3f2;0x3f3;0x3fd,0,258
2026-06-02T14:25:20.620,1008,5,0x3fc;0x3f2;0x3f3;0x3fd;0x410,1,397
2026-06-02T14:25:20.620,1009,4,0x3fc;0x3f2;0x3f3;0x3fd,0,261
2026-06-02T14:25:20.822,1010,4,0x3fc;0x3f2;0x3f3;0x3fd,0,438
2026-06-02T14:25:20.822,1011,4,0x3fc;0x3f2;0x3f3;0x3fd,0,308
2026-06-02T14:25:21.025,1012,4,0x3fc;0x3f2;0x3f3;0x3fd,0,305
2026-06-02T14:25:21.025,1013,4,0x3fc;0x3f2;0x3f3;0x3fd,0,331
2026-06-02T14:25:21.227,1014,4,0x3fc;0x3f2;0x3f3;0x3fd,0,1022
2026-06-02T14:25:21.227,1015,4,0x3fc;0x3f2;0x3f3;0x3fd,0,1148
2026-06-02T14:25:21.430,1016,4,0x3fc;0x3f2;0x3f3;0x3fd,0,1193
2026-06-02T14:25:21.430,1017,4,0x3fc;0x3f2;0x3f3;0x3fd,0,958
2026-06-02T14:25:21.430,1018,4,0x3fc;0x3f2;0x3f3;0x3fd,0,1008
2026-06-02T14:25:21.632,1019,4,0x3fc;0x3f2;0x3f3;0x3fd,0,1298
2026-06-02T14:25:21.632,1020,4,0x3fc;0x3f2;0x3f3;0x3fd,0,1277
2026-06-02T14:25:21.833,1021,4,0x3fc;0x3f2;0x3f3;0x3fd,0,1518
2026-06-02T14:25:21.833,1022,4,0x3fc;0x3f2;0x3f3;0x3fd,0,1149
2026-06-02T14:25:22.034,1023,4,0x3fc;0x3f2;0x3f3;0x3fd,0,387
2026-06-02T14:25:22.034,1024,5,0x3fc;0x3f2;0x3f3;0x3fd;0x410,1,442
2026-06-02T14:25:22.235,1025,4,0x3fc;0x3f2;0x3f3;0x3fd,0,794
2026-06-02T14:25:22.236,1026,4,0x3fc;0x3f2;0x3f3;0x3fd,0,856
2026-06-02T14:25:22.236,1027,4,0x3fc;0x3f2;0x3f3;0x3fd,0,920
2026-06-02T14:25:22.437,1028,4,0x3fc;0x3f2;0x3f3;0x3fd,0,640
2026-06-02T14:25:22.437,1029,4,0x3fc;0x3f2;0x3f3;0x3fd,0,380
2026-06-02T14:25:22.639,1030,4,0x3fc;0x3f2;0x3f3;0x3fd,0,856
2026-06-02T14:25:22.639,1031,4,0x3fc;0x3f2;0x3f3;0x3fd,0,679
2026-06-02T14:25:22.840,1032,4,0x3fc;0x3f2;0x3f3;0x3fd,0,529
2026-06-02T14:25:22.840,1033,4,0x3fc;0x3f2;0x3f3;0x3fd,0,786
2026-06-02T14:25:23.044,1034,4,0x3fc;0x3f2;0x3f3;0x3fd,0,380
2026-06-02T14:25:23.044,1035,4,0x3fc;0x3f2;0x3f3;0x3fd,0,549
2026-06-02T14:25:23.044,1036,4,0x3fc;0x3f2;0x3f3;0x3fd,0,313
2026-06-02T14:25:23.245,1037,4,0x3fc;0x3f2;0x3f3;0x3fd,0,320
2026-06-02T14:25:23.246,1038,4,0x3fc;0x3f2;0x3f3;0x3fd,0,309
2026-06-02T14:25:23.448,1039,4,0x3fc;0x3f2;0x3f3;0x3fd,0,387
2026-06-02T14:25:23.448,1040,5,0x3fc;0x3f2;0x3f3;0x3fd;0x410,1,541
2026-06-02T14:25:23.649,1041,4,0x3fc;0x3f2;0x3f3;0x3fd,0,349
2026-06-02T14:25:23.649,1042,4,0x3fc;0x3f2;0x3f3;0x3fd,0,255
2026-06-02T14:25:23.853,1043,4,0x3fc;0x3f2;0x3f3;0x3fd,0,268
2026-06-02T14:25:23.853,1044,4,0x3fc;0x3f2;0x3f3;0x3fd,0,247
2026-06-02T14:25:23.853,1045,4,0x3fc;0x3f2;0x3f3;0x3fd,0,356
2026-06-02T14:25:24.053,1046,4,0x3fc;0x3f2;0x3f3;0x3fd,0,274
2026-06-02T14:25:24.053,1047,4,0x3fc;0x3f2;0x3f3;0x3fd,0,286
2026-06-02T14:25:24.255,1048,4,0x3fc;0x3f2;0x3f3;0x3fd,0,377
2026-06-02T14:25:24.255,1049,4,0x3fc;0x3f2;0x3f3;0x3fd,0,364
2026-06-02T14:25:24.458,1050,4,0x3fc;0x3f2;0x3f3;0x3fd,0,305
2026-06-02T14:25:24.458,1051,4,0x3fc;0x3f2;0x3f3;0x3fd,0,242
2026-06-02T14:25:24.661,1052,4,0x3fc;0x3f2;0x3f3;0x3fd,0,259
2026-06-02T14:25:24.661,1053,4,0x3fc;0x3f2;0x3f3;0x3fd,0,254
2026-06-02T14:25:24.661,1054,4,0x3fc;0x3f2;0x3f3;0x3fd,0,245
2026-06-02T14:25:24.862,1055,4,0x3fc;0x3f2;0x3f3;0x3fd,0,412
2026-06-02T14:25:25.062,1056,5,0x3fc;0x3f2;0x3f3;0x3fd;0x410,1,577
2026-06-02T14:25:25.062,1057,4,0x3fc;0x3f2;0x3f3;0x3fd,0,289
2026-06-02T14:25:25.062,1058,4,0x3fc;0x3f2;0x3f3;0x3fd,0,223
2026-06-02T14:25:25.263,1059,4,0x3fc;0x3f2;0x3f3;0x3fd,0,257
2026-06-02T14:25:25.263,1060,4,0x3fc;0x3f2;0x3f3;0x3fd,0,270
2026-06-02T14:25:25.465,1061,4,0x3fc;0x3f2;0x3f3;0x3fd,0,295
2026-06-02T14:25:25.465,1062,4,0x3fc;0x3f2;0x3f3;0x3fd,0,306
2026-06-02T14:25:25.465,1063,4,0x3fc;0x3f2;0x3f3;0x3fd,0,275
2026-06-02T14:25:25.666,1064,4,0x3fc;0x3f2;0x3f3;0x3fd,0,263
2026-06-02T14:25:25.666,1065,4,0x3fc;0x3f2;0x3f3;0x3fd,0,270
2026-06-02T14:25:25.867,1066,4,0x3fc;0x3f2;0x3f3;0x3fd,0,231
2026-06-02T14:25:25.867,1067,4,0x3fc;0x3f2;0x3f3;0x3fd,0,242
2026-06-02T14:25:26.070,1068,4,0x3fc;0x3f2;0x3f3;0x3fd,0,244
2026-06-02T14:25:26.070,1069,4,0x3fc;0x3f2;0x3f3;0x3fd,0,244
2026-06-02T14:25:26.273,1070,4,0x3fc;0x3f2;0x3f3;0x3fd,0,252
2026-06-02T14:25:26.274,1071,4,0x3fc;0x3f2;0x3f3;0x3fd,0,269
2026-06-02T14:25:26.475,1072,5,0x3fc;0x3f2;0x3f3;0x3fd;0x410,1,415
2026-06-02T14:25:26.476,1073,4,0x3fc;0x3f2;0x3f3;0x3fd,0,247
2026-06-02T14:25:26.476,1074,4,0x3fc;0x3f2;0x3f3;0x3fd,0,236
2026-06-02T14:25:26.678,1075,4,0x3fc;0x3f2;0x3f3;0x3fd,0,227
2026-06-02T14:25:26.678,1076,4,0x3fc;0x3f2;0x3f3;0x3fd,0,234
2026-06-02T14:25:26.880,1077,3,0x3f2;0x3f3;0x3fd,0,183
2026-06-02T14:25:26.880,1078,3,0x3fc;0x3f2;0x3fd,0,392
2026-06-02T14:25:27.082,1079,4,0x3fc;0x3f2;0x3f3;0x3fd,0,520
2026-06-02T14:25:27.082,1080,4,0x3fc;0x3f2;0x3f3;0x3fd,0,484
2026-06-02T14:25:27.082,1081,4,0x3fc;0x3f2;0x3f3;0x3fd,0,374
2026-06-02T14:25:27.298,1082,4,0x3fc;0x3f2;0x3f3;0x3fd,0,273
2026-06-02T14:25:27.298,1083,4,0x3fc;0x3f2;0x3f3;0x3fd,0,574
2026-06-02T14:25:27.501,1084,4,0x3fc;0x3f2;0x3f3;0x3fd,0,797
2026-06-02T14:25:27.501,1085,4,0x3fc;0x3f2;0x3f3;0x3fd,0,708
2026-06-02T14:25:27.703,1086,4,0x3fc;0x3f2;0x3f3;0x3fd,0,654
2026-06-02T14:25:27.703,1087,3,0x3f2;0x3f3;0x3fd,0,229
2026-06-02T14:25:27.904,1088,3,0x3f2;0x3fd;0x410,1,316
2026-06-02T14:25:27.904,1089,3,0x3fc;0x3f2;0x3fd,0,312
2026-06-02T14:25:27.904,1090,4,0x3fc;0x3f2;0x3f3;0x3fd,0,350
2026-06-02T14:25:28.107,1091,4,0x3fc;0x3f2;0x3f3;0x3fd,0,432
2026-06-02T14:25:28.107,1092,4,0x3fc;0x3f2;0x3f3;0x3fd,0,266
2026-06-02T14:25:28.307,1093,4,0x3fc;0x3f2;0x3f3;0x3fd,0,428
2026-06-02T14:25:28.307,1094,4,0x3fc;0x3f2;0x3f3;0x3fd,0,347
2026-06-02T14:25:28.510,1095,4,0x3fc;0x3f2;0x3f3;0x3fd,0,366
2026-06-02T14:25:28.510,1096,4,0x3fc;0x3f2;0x3f3;0x3fd,0,370
2026-06-02T14:25:28.711,1097,4,0x3fc;0x3f2;0x3f3;0x3fd,0,714
2026-06-02T14:25:28.711,1098,4,0x3fc;0x3f2;0x3f3;0x3fd,0,277
2026-06-02T14:25:28.912,1099,4,0x3fc;0x3f2;0x3f3;0x3fd,0,1369
2026-06-02T14:25:28.912,1100,2,0x3fc;0x3fd,0,1096
2026-06-02T14:25:28.912,1101,2,0x3fc;0x3fd,0,640
2026-06-02T14:25:29.114,1102,2,0x3fc;0x3fd,0,624
2026-06-02T14:25:29.114,1103,2,0x3fc;0x3fd,0,688
2026-06-02T14:25:29.317,1104,3,0x3fc;0x3fd;0x410,1,832
2026-06-02T14:25:29.317,1105,2,0x3fc;0x3fd,0,360
2026-06-02T14:25:29.521,1106,2,0x3fc;0x3fd,0,472
2026-06-02T14:25:29.521,1107,2,0x3fc;0x3fd,0,416
2026-06-02T14:25:29.521,1108,2,0x3fc;0x3fd,0,376
2026-06-02T14:25:29.721,1109,1,0x3fd,0,52
2026-06-02T14:25:29.721,1110,2,0x3fc;0x3fd,0,184
2026-06-02T14:25:29.922,1111,2,0x3fc;0x3fd,0,200
2026-06-02T14:25:29.922,1112,2,0x3fc;0x3fd,0,248
2026-06-02T14:25:30.138,1113,2,0x3fc;0x3fd,0,320
2026-06-02T14:25:30.138,1114,2,0x3fc;0x3fd,0,168
2026-06-02T14:25:30.138,1115,2,0x3fc;0x3fd,0,152
2026-06-02T14:25:30.340,1116,2,0x3fc;0x3fd,0,112
2026-06-02T14:25:30.340,1117,2,0x3fc;0x3fd,0,96
2026-06-02T14:25:30.554,1118,1,0x3fd,0,52
2026-06-02T14:25:30.554,1119,2,0x3fc;0x3fd,0,168
2026-06-02T14:25:30.755,1120,3,0x3fc;0x3fd;0x410,1,312
2026-06-02T14:25:30.756,1121,1,0x3fd,0,52
2026-06-02T14:25:30.957,1122,1,0x3fd,0,52
2026-06-02T14:25:30.957,1123,2,0x3fc;0x3fd,0,88
2026-06-02T14:25:30.957,1124,2,0x3fc;0x3fd,0,136
2026-06-02T14:25:31.160,1125,2,0x3fc;0x3fd,0,96
2026-06-02T14:25:31.160,1126,2,0x3fc;0x3fd,0,88
2026-06-02T14:25:31.362,1127,2,0x3fc;0x3fd,0,96
2026-06-02T14:25:31.362,1128,2,0x3fc;0x3fd,0,96
2026-06-02T14:25:31.565,1129,2,0x3fc;0x3fd,0,304
2026-06-02T14:25:31.565,1130,2,0x3fc;0x3fd,0,240
2026-06-02T14:25:31.779,1131,2,0x3fc;0x3fd,0,120
2026-06-02T14:25:31.779,1132,1,0x3fd,0,52
2026-06-02T14:25:31.779,1133,2,0x3fc;0x3fd,0,96
2026-06-02T14:25:31.982,1134,2,0x3fc;0x3fd,0,168
2026-06-02T14:25:31.982,1135,2,0x3fc;0x3fd,0,320
2026-06-02T14:25:32.186,1136,3,0x3fc;0x3fd;0x410,1,464
2026-06-02T14:25:32.186,1137,2,0x3fc;0x3fd,0,896
2026-06-02T14:25:32.387,1138,4,0x3fc;0x3f2;0x3f3;0x3fd,0,742
2026-06-02T14:25:32.387,1139,4,0x3fc;0x3f2;0x3f3;0x3fd,0,974
2026-06-02T14:25:32.589,1140,4,0x3fc;0x3f2;0x3f3;0x3fd,0,633
2026-06-02T14:25:32.589,1141,4,0x3fc;0x3f2;0x3f3;0x3fd,0,274
2026-06-02T14:25:32.589,1142,4,0x3fc;0x3f2;0x3f3;0x3fd,0,219
2026-06-02T14:25:32.791,1143,4,0x3fc;0x3f2;0x3f3;0x3fd,0,313
2026-06-02T14:25:32.791,1144,4,0x3fc;0x3f2;0x3f3;0x3fd,0,253
2026-06-02T14:25:32.994,1145,4,0x3fc;0x3f2;0x3f3;0x3fd,0,236
2026-06-02T14:25:32.994,1146,4,0x3fc;0x3f2;0x3f3;0x3fd,0,235
2026-06-02T14:25:33.196,1147,4,0x3fc;0x3f2;0x3f3;0x3fd,0,355
2026-06-02T14:25:33.196,1148,4,0x3fc;0x3f2;0x3f3;0x3fd,0,242
2026-06-02T14:25:33.196,1149,4,0x3fc;0x3f2;0x3f3;0x3fd,0,242
2026-06-02T14:25:33.399,1150,4,0x3fc;0x3f2;0x3f3;0x3fd,0,228
2026-06-02T14:25:33.399,1151,4,0x3fc;0x3f2;0x3f3;0x3fd,0,466
2026-06-02T14:25:33.601,1152,5,0x3fc;0x3f2;0x3f3;0x3fd;0x410,1,640
2026-06-02T14:25:33.601,1153,4,0x3fc;0x3f2;0x3f3;0x3fd,0,1072
2026-06-02T14:25:33.803,1154,4,0x3fc;0x3f2;0x3f3;0x3fd,0,328
2026-06-02T14:25:33.803,1155,4,0x3fc;0x3f2;0x3f3;0x3fd,0,250
2026-06-02T14:25:34.004,1156,4,0x3fc;0x3f2;0x3f3;0x3fd,0,261
2026-06-02T14:25:34.004,1157,4,0x3fc;0x3f2;0x3f3;0x3fd,0,574
2026-06-02T14:25:34.207,1158,4,0x3fc;0x3f2;0x3f3;0x3fd,0,349
2026-06-02T14:25:34.207,1159,4,0x3fc;0x3f2;0x3f3;0x3fd,0,740
2026-06-02T14:25:34.207,1160,4,0x3fc;0x3f2;0x3f3;0x3fd,0,305
2026-06-02T14:25:34.408,1161,4,0x3fc;0x3f2;0x3f3;0x3fd,0,268
2026-06-02T14:25:34.408,1162,3,0x3f2;0x3f3;0x3fd,0,187
2026-06-02T14:25:34.610,1163,3,0x3fc;0x3f2;0x3fd,0,208
2026-06-02T14:25:34.610,1164,4,0x3fc;0x3f2;0x3f3;0x3fd,0,377
2026-06-02T14:25:34.812,1165,4,0x3fc;0x3f2;0x3f3;0x3fd,0,357
2026-06-02T14:25:34.812,1166,4,0x3fc;0x3f2;0x3f3;0x3fd,0,768
2026-06-02T14:25:35.015,1167,4,0x3fc;0x3f2;0x3f3;0x3fd,0,892
2026-06-02T14:25:35.015,1168,5,0x3fc;0x3f2;0x3f3;0x3fd;0x410,1,1045
2026-06-02T14:25:35.015,1169,4,0x3fc;0x3f2;0x3f3;0x3fd,0,325
2026-06-02T14:25:35.217,1170,4,0x3fc;0x3f2;0x3f3;0x3fd,0,221
2026-06-02T14:25:35.217,1171,4,0x3fc;0x3f2;0x3f3;0x3fd,0,521
2026-06-02T14:25:35.418,1172,4,0x3fc;0x3f2;0x3f3;0x3fd,0,551
2026-06-02T14:25:35.418,1173,4,0x3fc;0x3f2;0x3f3;0x3fd,0,270
2026-06-02T14:25:35.622,1174,4,0x3fc;0x3f2;0x3f3;0x3fd,0,323
2026-06-02T14:25:35.622,1175,4,0x3fc;0x3f2;0x3f3;0x3fd,0,246
2026-06-02T14:25:35.826,1176,4,0x3fc;0x3f2;0x3f3;0x3fd,0,251
2026-06-02T14:25:35.826,1177,4,0x3fc;0x3f2;0x3f3;0x3fd,0,357
2026-06-02T14:25:35.826,1178,4,0x3fc;0x3f2;0x3f3;0x3fd,0,586
2026-06-02T14:25:36.029,1179,4,0x3fc;0x3f2;0x3f3;0x3fd,0,453
2026-06-02T14:25:36.029,1180,4,0x3fc;0x3f2;0x3f3;0x3fd,0,249
2026-06-02T14:25:36.231,1181,4,0x3fc;0x3f2;0x3f3;0x3fd,0,514
2026-06-02T14:25:36.231,1182,4,0x3fc;0x3f2;0x3f3;0x3fd,0,262
2026-06-02T14:25:36.433,1183,4,0x3fc;0x3f2;0x3f3;0x3fd,0,218
2026-06-02T14:25:36.433,1184,5,0x3fc;0x3f2;0x3f3;0x3fd;0x410,1,361
2026-06-02T14:25:36.637,1185,3,0x3f2;0x3f3;0x3fd,0,181
2026-06-02T14:25:36.637,1186,2,0x3f2;0x3fd,0,172
2026-06-02T14:25:36.637,1187,3,0x3fc;0x3f2;0x3fd,0,496
2026-06-02T14:25:36.837,1188,4,0x3fc;0x3f2;0x3f3;0x3fd,0,389
2026-06-02T14:25:36.837,1189,4,0x3fc;0x3f2;0x3f3;0x3fd,0,618
2026-06-02T14:25:37.042,1190,4,0x3fc;0x3f2;0x3f3;0x3fd,0,713
2026-06-02T14:25:37.042,1191,4,0x3fc;0x3f2;0x3f3;0x3fd,0,905
2026-06-02T14:25:37.243,1192,2,0x3fc;0x3fd,0,528
2026-06-02T14:25:37.243,1193,2,0x3fc;0x3fd,0,224
2026-06-02T14:25:37.445,1194,2,0x3fc;0x3fd,0,144
2026-06-02T14:25:37.445,1195,2,0x3fc;0x3fd,0,88
2026-06-02T14:25:37.445,1196,2,0x3fc;0x3fd,0,208
2026-06-02T14:25:37.649,1197,2,0x3fc;0x3fd,0,96
2026-06-02T14:25:37.649,1198,2,0x3fc;0x3fd,0,152
2026-06-02T14:25:37.852,1199,2,0x3fc;0x3fd,0,288
2026-06-02T14:25:37.852,1200,3,0x3fc;0x3fd;0x410,1,432
2026-06-02T14:25:38.055,1201,2,0x3fc;0x3fd,0,104
2026-06-02T14:25:38.055,1202,2,0x3fc;0x3fd,0,104
2026-06-02T14:25:38.055,1203,2,0x3fc;0x3fd,0,120
2026-06-02T14:25:38.256,1204,2,0x3fc;0x3fd,0,112
2026-06-02T14:25:38.256,1205,2,0x3fc;0x3fd,0,160
2026-06-02T14:25:38.458,1206,2,0x3fc;0x3fd,0,88
2026-06-02T14:25:38.458,1207,2,0x3fc;0x3fd,0,96
2026-06-02T14:25:38.662,1208,2,0x3fc;0x3fd,0,112
2026-06-02T14:25:38.662,1209,2,0x3fc;0x3fd,0,88
2026-06-02T14:25:38.865,1210,2,0x3fc;0x3fd,0,144
2026-06-02T14:25:38.865,1211,2,0x3fc;0x3fd,0,96
2026-06-02T14:25:38.865,1212,2,0x3fc;0x3fd,0,96
2026-06-02T14:25:39.067,1213,2,0x3fc;0x3fd,0,104
2026-06-02T14:25:39.067,1214,2,0x3fc;0x3fd,0,96
2026-06-02T14:25:39.270,1215,2,0x3fc;0x3fd,0,144
2026-06-02T14:25:39.270,1216,3,0x3fc;0x3fd;0x410,1,288
2026-06-02T14:25:39.474,1217,2,0x3fc;0x3fd,0,120
2026-06-02T14:25:39.474,1218,2,0x3fc;0x3fd,0,104
2026-06-02T14:25:39.674,1219,2,0x3fc;0x3fd,0,104
2026-06-02T14:25:39.674,1220,2,0x3fc;0x3fd,0,104
2026-06-02T14:25:39.890,1221,2,0x3fc;0x3fd,0,184
2026-06-02T14:25:39.890,1222,2,0x3fc;0x3fd,0,368
2026-06-02T14:25:39.890,1223,2,0x3fc;0x3fd,0,360
2026-06-02T14:25:40.093,1224,2,0x3fc;0x3fd,0,200
2026-06-02T14:25:40.093,1225,2,0x3fc;0x3fd,0,136
2026-06-02T14:25:40.309,1226,2,0x3fc;0x3fd,0,320
2026-06-02T14:25:40.309,1227,2,0x3fc;0x3fd,0,696
2026-06-02T14:25:40.509,1228,4,0x3fc;0x3f2;0x3f3;0x3fd,0,709
2026-06-02T14:25:40.509,1229,4,0x3fc;0x3f2;0x3f3;0x3fd,0,341
2026-06-02T14:25:40.509,1230,4,0x3fc;0x3f2;0x3f3;0x3fd,0,586
2026-06-02T14:25:40.712,1231,4,0x3fc;0x3f2;0x3f3;0x3fd,0,294
2026-06-02T14:25:40.712,1232,5,0x3fc;0x3f2;0x3f3;0x3fd;0x410,1,397
2026-06-02T14:25:40.913,1233,4,0x3fc;0x3f2;0x3f3;0x3fd,0,245
2026-06-02T14:25:40.913,1234,4,0x3fc;0x3f2;0x3f3;0x3fd,0,260
2026-06-02T14:25:41.128,1235,4,0x3fc;0x3f2;0x3f3;0x3fd,0,526
2026-06-02T14:25:41.128,1236,4,0x3fc;0x3f2;0x3f3;0x3fd,0,511
2026-06-02T14:25:41.128,1237,4,0x3fc;0x3f2;0x3f3;0x3fd,0,361
2026-06-02T14:25:41.331,1238,4,0x3fc;0x3f2;0x3f3;0x3fd,0,727
2026-06-02T14:25:41.331,1239,4,0x3fc;0x3f2;0x3f3;0x3fd,0,815
2026-06-02T14:25:41.533,1240,4,0x3fc;0x3f2;0x3f3;0x3fd,0,404
2026-06-02T14:25:41.533,1241,4,0x3fc;0x3f2;0x3f3;0x3fd,0,312
2026-06-02T14:25:41.738,1242,4,0x3fc;0x3f2;0x3f3;0x3fd,0,259
2026-06-02T14:25:41.738,1243,4,0x3fc;0x3f2;0x3f3;0x3fd,0,301
2026-06-02T14:25:41.941,1244,4,0x3fc;0x3f2;0x3f3;0x3fd,0,363
2026-06-02T14:25:41.941,1245,4,0x3fc;0x3f2;0x3f3;0x3fd,0,306
2026-06-02T14:25:41.941,1246,4,0x3fc;0x3f2;0x3f3;0x3fd,0,266
2026-06-02T14:25:42.143,1247,4,0x3fc;0x3f2;0x3f3;0x3fd,0,222
2026-06-02T14:25:42.359,1248,5,0x3fc;0x3f2;0x3f3;0x3fd;0x410,1,361
2026-06-02T14:25:42.359,1249,4,0x3fc;0x3f2;0x3f3;0x3fd,0,569
2026-06-02T14:25:42.359,1250,4,0x3fc;0x3f2;0x3f3;0x3fd,0,941
2026-06-02T14:25:42.561,1251,4,0x3fc;0x3f2;0x3f3;0x3fd,0,782
2026-06-02T14:25:42.561,1252,4,0x3fc;0x3f2;0x3f3;0x3fd,0,565
2026-06-02T14:25:42.762,1253,4,0x3fc;0x3f2;0x3f3;0x3fd,0,1197
2026-06-02T14:25:42.762,1254,4,0x3fc;0x3f2;0x3f3;0x3fd,0,887
2026-06-02T14:25:42.762,1255,4,0x3fc;0x3f2;0x3f3;0x3fd,0,1470
2026-06-02T14:25:42.966,1256,4,0x3fc;0x3f2;0x3f3;0x3fd,0,1029
2026-06-02T14:25:42.966,1257,4,0x3fc;0x3f2;0x3f3;0x3fd,0,844
2026-06-02T14:25:43.166,1258,3,0x3f2;0x3f3;0x3fd,0,249
2026-06-02T14:25:43.166,1259,3,0x3fc;0x3f2;0x3fd,0,256
2026-06-02T14:25:43.367,1260,4,0x3fc;0x3f2;0x3f3;0x3fd,0,263
2026-06-02T14:25:43.367,1261,4,0x3fc;0x3f2;0x3f3;0x3fd,0,270
2026-06-02T14:25:43.367,1262,3,0x3f2;0x3f3;0x3fd,0,187
2026-06-02T14:25:43.569,1263,2,0x3f2;0x3fd,0,172
2026-06-02T14:25:43.771,1264,3,0x3f2;0x3fd;0x410,1,316
2026-06-02T14:25:43.772,1265,3,0x3fc;0x3f2;0x3fd,0,208
2026-06-02T14:25:43.772,1266,4,0x3fc;0x3f2;0x3f3;0x3fd,0,313
2026-06-02T14:25:43.976,1267,3,0x3f2;0x3f3;0x3fd,0,193
2026-06-02T14:25:43.976,1268,3,0x3fc;0x3f2;0x3fd,0,216
2026-06-02T14:25:44.180,1269,4,0x3fc;0x3f2;0x3f3;0x3fd,0,298
2026-06-02T14:25:44.180,1270,4,0x3fc;0x3f2;0x3f3;0x3fd,0,243
2026-06-02T14:25:44.180,1271,4,0x3fc;0x3f2;0x3f3;0x3fd,0,235
2026-06-02T14:25:44.380,1272,3,0x3f2;0x3f3;0x3fd,0,183
2026-06-02T14:25:44.380,1273,3,0x3fc;0x3f2;0x3fd,0,368
2026-06-02T14:25:44.594,1274,4,0x3fc;0x3f2;0x3f3;0x3fd,0,245
2026-06-02T14:25:44.594,1275,4,0x3fc;0x3f2;0x3f3;0x3fd,0,250
2026-06-02T14:25:44.794,1276,4,0x3fc;0x3f2;0x3f3;0x3fd,0,229
2026-06-02T14:25:44.794,1277,4,0x3fc;0x3f2;0x3f3;0x3fd,0,234
2026-06-02T14:25:44.997,1278,4,0x3fc;0x3f2;0x3f3;0x3fd,0,243
2026-06-02T14:25:44.997,1279,4,0x3fc;0x3f2;0x3f3;0x3fd,0,388
2026-06-02T14:25:45.203,1280,5,0x3fc;0x3f2;0x3f3;0x3fd;0x410,1,550
2026-06-02T14:25:45.203,1281,4,0x3fc;0x3f2;0x3f3;0x3fd,0,238
2026-06-02T14:25:45.203,1282,4,0x3fc;0x3f2;0x3f3;0x3fd,0,217
2026-06-02T14:25:45.404,1283,4,0x3fc;0x3f2;0x3f3;0x3fd,0,233
2026-06-02T14:25:45.404,1284,4,0x3fc;0x3f2;0x3f3;0x3fd,0,307
2026-06-02T14:25:45.607,1285,4,0x3fc;0x3f2;0x3f3;0x3fd,0,228
2026-06-02T14:25:45.607,1286,4,0x3fc;0x3f2;0x3f3;0x3fd,0,265
2026-06-02T14:25:45.808,1287,4,0x3fc;0x3f2;0x3f3;0x3fd,0,287
2026-06-02T14:25:45.808,1288,4,0x3fc;0x3f2;0x3f3;0x3fd,0,273
2026-06-02T14:25:45.808,1289,4,0x3fc;0x3f2;0x3f3;0x3fd,0,383
2026-06-02T14:25:46.009,1290,4,0x3fc;0x3f2;0x3f3;0x3fd,0,277
2026-06-02T14:25:46.009,1291,4,0x3fc;0x3f2;0x3f3;0x3fd,0,382
2026-06-02T14:25:46.212,1292,4,0x3fc;0x3f2;0x3f3;0x3fd,0,245
2026-06-02T14:25:46.212,1293,4,0x3fc;0x3f2;0x3f3;0x3fd,0,242
2026-06-02T14:25:46.412,1294,4,0x3fc;0x3f2;0x3f3;0x3fd,0,364
2026-06-02T14:25:46.412,1295,4,0x3fc;0x3f2;0x3f3;0x3fd,0,435
2026-06-02T14:25:46.614,1296,5,0x3fc;0x3f2;0x3f3;0x3fd;0x410,1,586
2026-06-02T14:25:46.614,1297,4,0x3fc;0x3f2;0x3f3;0x3fd,0,1130
2026-06-02T14:25:46.614,1298,4,0x3fc;0x3f2;0x3f3;0x3fd,0,632
2026-06-02T14:25:46.817,1299,4,0x3fc;0x3f2;0x3f3;0x3fd,0,575
2026-06-02T14:25:46.817,1300,4,0x3fc;0x3f2;0x3f3;0x3fd,0,881
2026-06-02T14:25:47.020,1301,4,0x3fc;0x3f2;0x3f3;0x3fd,0,303
2026-06-02T14:25:47.020,1302,4,0x3fc;0x3f2;0x3f3;0x3fd,0,266
2026-06-02T14:25:47.221,1303,4,0x3fc;0x3f2;0x3f3;0x3fd,0,271
2026-06-02T14:25:47.221,1304,4,0x3fc;0x3f2;0x3f3;0x3fd,0,439
2026-06-02T14:25:47.423,1305,4,0x3fc;0x3f2;0x3f3;0x3fd,0,340
2026-06-02T14:25:47.423,1306,4,0x3fc;0x3f2;0x3f3;0x3fd,0,573
2026-06-02T14:25:47.423,1307,4,0x3fc;0x3f2;0x3f3;0x3fd,0,516
2026-06-02T14:25:47.623,1308,4,0x3fc;0x3f2;0x3f3;0x3fd,0,513
2026-06-02T14:25:47.623,1309,4,0x3fc;0x3f2;0x3f3;0x3fd,0,506
2026-06-02T14:25:47.824,1310,4,0x3fc;0x3f2;0x3f3;0x3fd,0,345
2026-06-02T14:25:47.824,1311,4,0x3fc;0x3f2;0x3f3;0x3fd,0,301
2026-06-02T14:25:48.029,1312,5,0x3fc;0x3f2;0x3f3;0x3fd;0x410,1,442
2026-06-02T14:25:48.029,1313,4,0x3fc;0x3f2;0x3f3;0x3fd,0,314
2026-06-02T14:25:48.232,1314,4,0x3fc;0x3f2;0x3f3;0x3fd,0,244
2026-06-02T14:25:48.232,1315,4,0x3fc;0x3f2;0x3f3;0x3fd,0,235
2026-06-02T14:25:48.232,1316,4,0x3fc;0x3f2;0x3f3;0x3fd,0,347
2026-06-02T14:25:48.435,1317,4,0x3fc;0x3f2;0x3f3;0x3fd,0,369
2026-06-02T14:25:48.435,1318,4,0x3fc;0x3f2;0x3f3;0x3fd,0,298
2026-06-02T14:25:48.638,1319,4,0x3fc;0x3f2;0x3f3;0x3fd,0,257
2026-06-02T14:25:48.638,1320,4,0x3fc;0x3f2;0x3f3;0x3fd,0,429
2026-06-02T14:25:48.841,1321,4,0x3fc;0x3f2;0x3f3;0x3fd,0,275
2026-06-02T14:25:48.841,1322,4,0x3fc;0x3f2;0x3f3;0x3fd,0,245
2026-06-02T14:25:49.044,1323,4,0x3fc;0x3f2;0x3f3;0x3fd,0,220
2026-06-02T14:25:49.044,1324,4,0x3fc;0x3f2;0x3f3;0x3fd,0,329
2026-06-02T14:25:49.044,1325,4,0x3fc;0x3f2;0x3f3;0x3fd,0,239
2026-06-02T14:25:49.245,1326,4,0x3fc;0x3f2;0x3f3;0x3fd,0,218
2026-06-02T14:25:49.245,1327,4,0x3fc;0x3f2;0x3f3;0x3fd,0,217
2026-06-02T14:25:49.446,1328,5,0x3fc;0x3f2;0x3f3;0x3fd;0x410,1,361
2026-06-02T14:25:49.446,1329,4,0x3fc;0x3f2;0x3f3;0x3fd,0,289
2026-06-02T14:25:49.647,1330,4,0x3fc;0x3f2;0x3f3;0x3fd,0,234
2026-06-02T14:25:49.647,1331,4,0x3fc;0x3f2;0x3f3;0x3fd,0,282
2026-06-02T14:25:49.851,1332,4,0x3fc;0x3f2;0x3f3;0x3fd,0,225
2026-06-02T14:25:49.851,1333,4,0x3fc;0x3f2;0x3f3;0x3fd,0,225
2026-06-02T14:25:50.053,1334,4,0x3fc;0x3f2;0x3f3;0x3fd,0,530
2026-06-02T14:25:50.053,1335,4,0x3fc;0x3f2;0x3f3;0x3fd,0,672
2026-06-02T14:25:50.053,1336,4,0x3fc;0x3f2;0x3f3;0x3fd,0,693
2026-06-02T14:25:50.255,1337,4,0x3fc;0x3f2;0x3f3;0x3fd,0,398
2026-06-02T14:25:50.255,1338,4,0x3fc;0x3f2;0x3f3;0x3fd,0,641
2026-06-02T14:25:50.458,1339,4,0x3fc;0x3f2;0x3f3;0x3fd,0,500
2026-06-02T14:25:50.458,1340,4,0x3fc;0x3f2;0x3f3;0x3fd,0,566
2026-06-02T14:25:50.674,1341,4,0x3fc;0x3f2;0x3f3;0x3fd,0,697
2026-06-02T14:25:50.674,1342,4,0x3fc;0x3f2;0x3f3;0x3fd,0,584
2026-06-02T14:25:50.674,1343,4,0x3fc;0x3f2;0x3f3;0x3fd,0,272
2026-06-02T14:25:50.874,1344,5,0x3fc;0x3f2;0x3f3;0x3fd;0x410,1,379
2026-06-02T14:25:50.874,1345,4,0x3fc;0x3f2;0x3f3;0x3fd,0,275
2026-06-02T14:25:51.076,1346,4,0x3fc;0x3f2;0x3f3;0x3fd,0,248
2026-06-02T14:25:51.076,1347,3,0x3f2;0x3f3;0x3fd,0,184
2026-06-02T14:25:51.278,1348,3,0x3fc;0x3f2;0x3fd,0,376
2026-06-02T14:25:51.278,1349,4,0x3fc;0x3f2;0x3f3;0x3fd,0,278
2026-06-02T14:25:51.481,1350,4,0x3fc;0x3f2;0x3f3;0x3fd,0,294
2026-06-02T14:25:51.481,1351,4,0x3fc;0x3f2;0x3f3;0x3fd,0,434
2026-06-02T14:25:51.481,1352,4,0x3fc;0x3f2;0x3f3;0x3fd,0,579
2026-06-02T14:25:51.681,1353,4,0x3fc;0x3f2;0x3f3;0x3fd,0,339
2026-06-02T14:25:51.681,1354,4,0x3fc;0x3f2;0x3f3;0x3fd,0,243
2026-06-02T14:25:51.884,1355,4,0x3fc;0x3f2;0x3f3;0x3fd,0,459
2026-06-02T14:25:51.884,1356,4,0x3fc;0x3f2;0x3f3;0x3fd,0,319
2026-06-02T14:25:52.085,1357,4,0x3fc;0x3f2;0x3f3;0x3fd,0,306
2026-06-02T14:25:52.085,1358,4,0x3fc;0x3f2;0x3f3;0x3fd,0,323
2026-06-02T14:25:52.287,1359,4,0x3fc;0x3f2;0x3f3;0x3fd,0,381
2026-06-02T14:25:52.287,1360,5,0x3fc;0x3f2;0x3f3;0x3fd;0x410,1,532
2026-06-02T14:25:52.287,1361,4,0x3fc;0x3f2;0x3f3;0x3fd,0,292
2026-06-02T14:25:52.490,1362,4,0x3fc;0x3f2;0x3f3;0x3fd,0,544
2026-06-02T14:25:52.490,1363,4,0x3fc;0x3f2;0x3f3;0x3fd,0,369
2026-06-02T14:25:52.691,1364,4,0x3fc;0x3f2;0x3f3;0x3fd,0,351
2026-06-02T14:25:52.691,1365,3,0x3f2;0x3f3;0x3fd,0,196
2026-06-02T14:25:52.893,1366,3,0x3fc;0x3f2;0x3fd,0,328
2026-06-02T14:25:52.893,1367,4,0x3fc;0x3f2;0x3f3;0x3fd,0,312
2026-06-02T14:25:53.094,1368,4,0x3fc;0x3f2;0x3f3;0x3fd,0,283
2026-06-02T14:25:53.094,1369,4,0x3fc;0x3f2;0x3f3;0x3fd,0,256
2026-06-02T14:25:53.094,1370,4,0x3fc;0x3f2;0x3f3;0x3fd,0,261
2026-06-02T14:25:53.310,1371,4,0x3fc;0x3f2;0x3f3;0x3fd,0,262
2026-06-02T14:25:53.310,1372,4,0x3fc;0x3f2;0x3f3;0x3fd,0,278
2026-06-02T14:25:53.513,1373,4,0x3fc;0x3f2;0x3f3;0x3fd,0,264
2026-06-02T14:25:53.513,1374,4,0x3fc;0x3f2;0x3f3;0x3fd,0,238
2026-06-02T14:25:53.714,1375,3,0x3f2;0x3f3;0x3fd,0,183
2026-06-02T14:25:53.714,1376,3,0x3f2;0x3fd;0x410,1,316
2026-06-02T14:25:53.917,1377,3,0x3fc;0x3f2;0x3fd,0,296
2026-06-02T14:25:53.917,1378,4,0x3fc;0x3f2;0x3f3;0x3fd,0,492
2026-06-02T14:25:53.917,1379,4,0x3fc;0x3f2;0x3f3;0x3fd,0,538
2026-06-02T14:25:54.118,1380,4,0x3fc;0x3f2;0x3f3;0x3fd,0,453
2026-06-02T14:25:54.118,1381,4,0x3fc;0x3f2;0x3f3;0x3fd,0,442
2026-06-02T14:25:54.319,1382,4,0x3fc;0x3f2;0x3f3;0x3fd,0,266
2026-06-02T14:25:54.319,1383,4,0x3fc;0x3f2;0x3f3;0x3fd,0,324
2026-06-02T14:25:54.521,1384,4,0x3fc;0x3f2;0x3f3;0x3fd,0,326
2026-06-02T14:25:54.521,1385,4,0x3fc;0x3f2;0x3f3;0x3fd,0,261
2026-06-02T14:25:54.723,1386,3,0x3f2;0x3f3;0x3fd,0,185
2026-06-02T14:25:54.723,1387,3,0x3fc;0x3f2;0x3fd,0,552
2026-06-02T14:25:54.723,1388,4,0x3fc;0x3f2;0x3f3;0x3fd,0,612
2026-06-02T14:25:54.926,1389,4,0x3fc;0x3f2;0x3f3;0x3fd,0,829
2026-06-02T14:25:54.926,1390,4,0x3fc;0x3f2;0x3f3;0x3fd,0,568
2026-06-02T14:25:55.128,1391,4,0x3fc;0x3f2;0x3f3;0x3fd,0,684
2026-06-02T14:25:55.128,1392,5,0x3fc;0x3f2;0x3f3;0x3fd;0x410,1,847
2026-06-02T14:25:55.330,1393,4,0x3fc;0x3f2;0x3f3;0x3fd,0,719
2026-06-02T14:25:55.330,1394,4,0x3fc;0x3f2;0x3f3;0x3fd,0,345
2026-06-02T14:25:55.532,1395,4,0x3fc;0x3f2;0x3f3;0x3fd,0,522
2026-06-02T14:25:55.532,1396,4,0x3fc;0x3f2;0x3f3;0x3fd,0,502
2026-06-02T14:25:55.532,1397,4,0x3fc;0x3f2;0x3f3;0x3fd,0,288
2026-06-02T14:25:55.735,1398,4,0x3fc;0x3f2;0x3f3;0x3fd,0,670
2026-06-02T14:25:55.735,1399,4,0x3fc;0x3f2;0x3f3;0x3fd,0,473
2026-06-02T14:25:55.935,1400,4,0x3fc;0x3f2;0x3f3;0x3fd,0,578
2026-06-02T14:25:55.935,1401,4,0x3fc;0x3f2;0x3f3;0x3fd,0,747
2026-06-02T14:25:56.151,1402,4,0x3fc;0x3f2;0x3f3;0x3fd,0,1070
2026-06-02T14:25:56.151,1403,4,0x3fc;0x3f2;0x3f3;0x3fd,0,596
2026-06-02T14:25:56.151,1404,4,0x3fc;0x3f2;0x3f3;0x3fd,0,452
2026-06-02T14:25:56.354,1405,4,0x3fc;0x3f2;0x3f3;0x3fd,0,826
2026-06-02T14:25:56.354,1406,4,0x3fc;0x3f2;0x3f3;0x3fd,0,602
2026-06-02T14:25:56.557,1407,4,0x3fc;0x3f2;0x3f3;0x3fd,0,280
2026-06-02T14:25:56.557,1408,5,0x3fc;0x3f2;0x3f3;0x3fd;0x410,1,388
2026-06-02T14:25:56.761,1409,4,0x3fc;0x3f2;0x3f3;0x3fd,0,668
2026-06-02T14:25:56.761,1410,4,0x3fc;0x3f2;0x3f3;0x3fd,0,649
2026-06-02T14:25:56.976,1411,4,0x3fc;0x3f2;0x3f3;0x3fd,0,792
2026-06-02T14:25:56.976,1412,4,0x3fc;0x3f2;0x3f3;0x3fd,0,331
2026-06-02T14:25:56.976,1413,4,0x3fc;0x3f2;0x3f3;0x3fd,0,431
2026-06-02T14:25:57.190,1414,4,0x3fc;0x3f2;0x3f3;0x3fd,0,347
2026-06-02T14:25:57.190,1415,4,0x3fc;0x3f2;0x3f3;0x3fd,0,598
2026-06-02T14:25:57.391,1416,4,0x3fc;0x3f2;0x3f3;0x3fd,0,551
2026-06-02T14:25:57.391,1417,4,0x3fc;0x3f2;0x3f3;0x3fd,0,285
2026-06-02T14:25:57.606,1418,4,0x3fc;0x3f2;0x3f3;0x3fd,0,317
2026-06-02T14:25:57.606,1419,4,0x3fc;0x3f2;0x3f3;0x3fd,0,381
2026-06-02T14:25:57.606,1420,4,0x3fc;0x3f2;0x3f3;0x3fd,0,652
2026-06-02T14:25:57.822,1421,4,0x3fc;0x3f2;0x3f3;0x3fd,0,301
2026-06-02T14:25:57.822,1422,4,0x3fc;0x3f2;0x3f3;0x3fd,0,309
2026-06-02T14:25:58.024,1423,4,0x3fc;0x3f2;0x3f3;0x3fd,0,276
2026-06-02T14:25:58.024,1424,5,0x3fc;0x3f2;0x3f3;0x3fd;0x410,1,415
2026-06-02T14:25:58.227,1425,4,0x3fc;0x3f2;0x3f3;0x3fd,0,343
2026-06-02T14:25:58.227,1426,4,0x3fc;0x3f2;0x3f3;0x3fd,0,520
2026-06-02T14:25:58.227,1427,4,0x3fc;0x3f2;0x3f3;0x3fd,0,285
2026-06-02T14:25:58.430,1428,4,0x3fc;0x3f2;0x3f3;0x3fd,0,421
2026-06-02T14:25:58.430,1429,4,0x3fc;0x3f2;0x3f3;0x3fd,0,426
2026-06-02T14:25:58.631,1430,4,0x3fc;0x3f2;0x3f3;0x3fd,0,304
2026-06-02T14:25:58.631,1431,4,0x3fc;0x3f2;0x3f3;0x3fd,0,297
2026-06-02T14:25:58.846,1432,4,0x3fc;0x3f2;0x3f3;0x3fd,0,282
2026-06-02T14:25:58.846,1433,4,0x3fc;0x3f2;0x3f3;0x3fd,0,312
2026-06-02T14:25:59.062,1434,4,0x3fc;0x3f2;0x3f3;0x3fd,0,412
2026-06-02T14:25:59.062,1435,4,0x3fc;0x3f2;0x3f3;0x3fd,0,336
2026-06-02T14:25:59.062,1436,4,0x3fc;0x3f2;0x3f3;0x3fd,0,365
2026-06-02T14:25:59.267,1437,4,0x3fc;0x3f2;0x3f3;0x3fd,0,522
2026-06-02T14:25:59.267,1438,4,0x3fc;0x3f2;0x3f3;0x3fd,0,573
2026-06-02T14:25:59.469,1439,3,0x3f2;0x3f3;0x3fd,0,221
2026-06-02T14:25:59.469,1440,3,0x3f2;0x3fd;0x410,1,316
2026-06-02T14:25:59.672,1441,3,0x3fc;0x3f2;0x3fd,0,240
2026-06-02T14:25:59.673,1442,4,0x3fc;0x3f2;0x3f3;0x3fd,0,253
2026-06-02T14:25:59.673,1443,4,0x3fc;0x3f2;0x3f3;0x3fd,0,269
2026-06-02T14:25:59.889,1444,4,0x3fc;0x3f2;0x3f3;0x3fd,0,263
2026-06-02T14:25:59.889,1445,4,0x3fc;0x3f2;0x3f3;0x3fd,0,230
2026-06-02T14:26:00.091,1446,4,0x3fc;0x3f2;0x3f3;0x3fd,0,370
2026-06-02T14:26:00.092,1447,4,0x3fc;0x3f2;0x3f3;0x3fd,0,268
2026-06-02T14:26:00.292,1448,4,0x3fc;0x3f2;0x3f3;0x3fd,0,349
2026-06-02T14:26:00.292,1449,4,0x3fc;0x3f2;0x3f3;0x3fd,0,409
2026-06-02T14:26:00.507,1450,4,0x3fc;0x3f2;0x3f3;0x3fd,0,335
2026-06-02T14:26:00.507,1451,4,0x3fc;0x3f2;0x3f3;0x3fd,0,573
2026-06-02T14:26:00.507,1452,4,0x3fc;0x3f2;0x3f3;0x3fd,0,276
2026-06-02T14:26:00.709,1453,4,0x3fc;0x3f2;0x3f3;0x3fd,0,283
2026-06-02T14:26:00.709,1454,4,0x3fc;0x3f2;0x3f3;0x3fd,0,489
2026-06-02T14:26:00.912,1455,4,0x3fc;0x3f2;0x3f3;0x3fd,0,482
2026-06-02T14:26:00.912,1456,5,0x3fc;0x3f2;0x3f3;0x3fd;0x410,1,622
2026-06-02T14:26:01.114,1457,4,0x3fc;0x3f2;0x3f3;0x3fd,0,318
2026-06-02T14:26:01.114,1458,4,0x3fc;0x3f2;0x3f3;0x3fd,0,410
2026-06-02T14:26:01.114,1459,4,0x3fc;0x3f2;0x3f3;0x3fd,0,264
2026-06-02T14:26:01.317,1460,4,0x3fc;0x3f2;0x3f3;0x3fd,0,260
2026-06-02T14:26:01.317,1461,4,0x3fc;0x3f2;0x3f3;0x3fd,0,238
2026-06-02T14:26:01.519,1462,4,0x3fc;0x3f2;0x3f3;0x3fd,0,219
2026-06-02T14:26:01.519,1463,4,0x3fc;0x3f2;0x3f3;0x3fd,0,233
2026-06-02T14:26:01.720,1464,4,0x3fc;0x3f2;0x3f3;0x3fd,0,323
2026-06-02T14:26:01.720,1465,4,0x3fc;0x3f2;0x3f3;0x3fd,0,246
2026-06-02T14:26:01.922,1466,4,0x3fc;0x3f2;0x3f3;0x3fd,0,315
2026-06-02T14:26:01.922,1467,4,0x3fc;0x3f2;0x3f3;0x3fd,0,405
2026-06-02T14:26:01.922,1468,4,0x3fc;0x3f2;0x3f3;0x3fd,0,439
2026-06-02T14:26:02.123,1469,4,0x3fc;0x3f2;0x3f3;0x3fd,0,282
2026-06-02T14:26:02.123,1470,4,0x3fc;0x3f2;0x3f3;0x3fd,0,238
2026-06-02T14:26:02.326,1471,4,0x3fc;0x3f2;0x3f3;0x3fd,0,259
2026-06-02T14:26:02.326,1472,5,0x3fc;0x3f2;0x3f3;0x3fd;0x410,1,406
2026-06-02T14:26:02.543,1473,4,0x3fc;0x3f2;0x3f3;0x3fd,0,534
2026-06-02T14:26:02.543,1474,4,0x3fc;0x3f2;0x3f3;0x3fd,0,384
2026-06-02T14:26:02.543,1475,4,0x3fc;0x3f2;0x3f3;0x3fd,0,249
2026-06-02T14:26:02.746,1476,4,0x3fc;0x3f2;0x3f3;0x3fd,0,219
2026-06-02T14:26:02.746,1477,4,0x3fc;0x3f2;0x3f3;0x3fd,0,337
2026-06-02T14:26:02.949,1478,4,0x3fc;0x3f2;0x3f3;0x3fd,0,448
2026-06-02T14:26:02.949,1479,4,0x3fc;0x3f2;0x3f3;0x3fd,0,252
2026-06-02T14:26:03.150,1480,4,0x3fc;0x3f2;0x3f3;0x3fd,0,258
2026-06-02T14:26:03.150,1481,4,0x3fc;0x3f2;0x3f3;0x3fd,0,222
2026-06-02T14:26:03.353,1482,4,0x3fc;0x3f2;0x3f3;0x3fd,0,297
2026-06-02T14:26:03.353,1483,4,0x3fc;0x3f2;0x3f3;0x3fd,0,379
2026-06-02T14:26:03.353,1484,4,0x3fc;0x3f2;0x3f3;0x3fd,0,564
2026-06-02T14:26:03.555,1485,4,0x3fc;0x3f2;0x3f3;0x3fd,0,274
2026-06-02T14:26:03.555,1486,4,0x3fc;0x3f2;0x3f3;0x3fd,0,371
2026-06-02T14:26:03.758,1487,4,0x3fc;0x3f2;0x3f3;0x3fd,0,236
2026-06-02T14:26:03.758,1488,5,0x3fc;0x3f2;0x3f3;0x3fd;0x410,1,361
2026-06-02T14:26:03.961,1489,4,0x3fc;0x3f2;0x3f3;0x3fd,0,545
2026-06-02T14:26:03.961,1490,4,0x3fc;0x3f2;0x3f3;0x3fd,0,482
2026-06-02T14:26:04.163,1491,4,0x3fc;0x3f2;0x3f3;0x3fd,0,317
2026-06-02T14:26:04.163,1492,4,0x3fc;0x3f2;0x3f3;0x3fd,0,338
2026-06-02T14:26:04.366,1493,3,0x3f2;0x3f3;0x3fd,0,195
2026-06-02T14:26:04.366,1494,3,0x3fc;0x3f2;0x3fd,0,464
2026-06-02T14:26:04.366,1495,4,0x3fc;0x3f2;0x3f3;0x3fd,0,657
2026-06-02T14:26:04.581,1496,4,0x3fc;0x3f2;0x3f3;0x3fd,0,340
2026-06-02T14:26:04.581,1497,4,0x3fc;0x3f2;0x3f3;0x3fd,0,330
2026-06-02T14:26:04.783,1498,4,0x3fc;0x3f2;0x3f3;0x3fd,0,390
2026-06-02T14:26:04.783,1499,4,0x3fc;0x3f2;0x3f3;0x3fd,0,701
2026-06-02T14:26:04.989,1500,4,0x3fc;0x3f2;0x3f3;0x3fd,0,675
2026-06-02T14:26:04.989,1501,4,0x3fc;0x3f2;0x3f3;0x3fd,0,491
2026-06-02T14:26:04.989,1502,4,0x3fc;0x3f2;0x3f3;0x3fd,0,269
2026-06-02T14:26:05.190,1503,4,0x3fc;0x3f2;0x3f3;0x3fd,0,228
2026-06-02T14:26:05.190,1504,5,0x3fc;0x3f2;0x3f3;0x3fd;0x410,1,370
2026-06-02T14:26:05.392,1505,4,0x3fc;0x3f2;0x3f3;0x3fd,0,242
2026-06-02T14:26:05.392,1506,4,0x3fc;0x3f2;0x3f3;0x3fd,0,268
2026-06-02T14:26:05.593,1507,4,0x3fc;0x3f2;0x3f3;0x3fd,0,311
2026-06-02T14:26:05.593,1508,4,0x3fc;0x3f2;0x3f3;0x3fd,0,236
2026-06-02T14:26:05.795,1509,4,0x3fc;0x3f2;0x3f3;0x3fd,0,258
2026-06-02T14:26:05.795,1510,4,0x3fc;0x3f2;0x3f3;0x3fd,0,238
2026-06-02T14:26:05.795,1511,4,0x3fc;0x3f2;0x3f3;0x3fd,0,219
2026-06-02T14:26:05.998,1512,4,0x3fc;0x3f2;0x3f3;0x3fd,0,249
2026-06-02T14:26:05.998,1513,4,0x3fc;0x3f2;0x3f3;0x3fd,0,477
2026-06-02T14:26:06.202,1514,4,0x3fc;0x3f2;0x3f3;0x3fd,0,305
2026-06-02T14:26:06.202,1515,4,0x3fc;0x3f2;0x3f3;0x3fd,0,800
2026-06-02T14:26:06.404,1516,4,0x3fc;0x3f2;0x3f3;0x3fd,0,457
2026-06-02T14:26:06.404,1517,4,0x3fc;0x3f2;0x3f3;0x3fd,0,1174
2026-06-02T14:26:06.605,1518,4,0x3fc;0x3f2;0x3f3;0x3fd,0,1430
2026-06-02T14:26:06.605,1519,4,0x3fc;0x3f2;0x3f3;0x3fd,0,1074
2026-06-02T14:26:06.806,1520,5,0x3fc;0x3f2;0x3f3;0x3fd;0x410,1,1171
2026-06-02T14:26:06.806,1521,4,0x3fc;0x3f2;0x3f3;0x3fd,0,1075
2026-06-02T14:26:06.806,1522,4,0x3fc;0x3f2;0x3f3;0x3fd,0,465
2026-06-02T14:26:07.009,1523,4,0x3fc;0x3f2;0x3f3;0x3fd,0,252
2026-06-02T14:26:07.009,1524,4,0x3fc;0x3f2;0x3f3;0x3fd,0,259
2026-06-02T14:26:07.213,1525,4,0x3fc;0x3f2;0x3f3;0x3fd,0,262
2026-06-02T14:26:07.213,1526,4,0x3fc;0x3f2;0x3f3;0x3fd,0,358
2026-06-02T14:26:07.427,1527,4,0x3fc;0x3f2;0x3f3;0x3fd,0,266
2026-06-02T14:26:07.427,1528,4,0x3fc;0x3f2;0x3f3;0x3fd,0,477
2026-06-02T14:26:07.427,1529,4,0x3fc;0x3f2;0x3f3;0x3fd,0,705
2026-06-02T14:26:07.628,1530,4,0x3fc;0x3f2;0x3f3;0x3fd,0,914
2026-06-02T14:26:07.628,1531,4,0x3fc;0x3f2;0x3f3;0x3fd,0,921
2026-06-02T14:26:07.844,1532,4,0x3fc;0x3f2;0x3f3;0x3fd,0,719
2026-06-02T14:26:07.844,1533,4,0x3fc;0x3f2;0x3f3;0x3fd,0,710
2026-06-02T14:26:08.047,1534,4,0x3fc;0x3f2;0x3f3;0x3fd,0,400
2026-06-02T14:26:08.047,1535,4,0x3fc;0x3f2;0x3f3;0x3fd,0,249
2026-06-02T14:26:08.250,1536,5,0x3fc;0x3f2;0x3f3;0x3fd;0x410,1,379
2026-06-02T14:26:08.250,1537,4,0x3fc;0x3f2;0x3f3;0x3fd,0,227
2026-06-02T14:26:08.250,1538,4,0x3fc;0x3f2;0x3f3;0x3fd,0,474
2026-06-02T14:26:08.454,1539,4,0x3fc;0x3f2;0x3f3;0x3fd,0,281
2026-06-02T14:26:08.454,1540,4,0x3fc;0x3f2;0x3f3;0x3fd,0,261
2026-06-02T14:26:08.655,1541,4,0x3fc;0x3f2;0x3f3;0x3fd,0,310
2026-06-02T14:26:08.655,1542,4,0x3fc;0x3f2;0x3f3;0x3fd,0,644
2026-06-02T14:26:08.858,1543,4,0x3fc;0x3f2;0x3f3;0x3fd,0,285
2026-06-02T14:26:08.858,1544,4,0x3fc;0x3f2;0x3f3;0x3fd,0,235
2026-06-02T14:26:08.858,1545,4,0x3fc;0x3f2;0x3f3;0x3fd,0,539
2026-06-02T14:26:09.073,1546,4,0x3fc;0x3f2;0x3f3;0x3fd,0,369
2026-06-02T14:26:09.073,1547,4,0x3fc;0x3f2;0x3f3;0x3fd,0,655
2026-06-02T14:26:09.288,1548,4,0x3fc;0x3f2;0x3f3;0x3fd,0,670
2026-06-02T14:26:09.288,1549,4,0x3fc;0x3f2;0x3f3;0x3fd,0,867
2026-06-02T14:26:09.489,1550,4,0x3fc;0x3f2;0x3f3;0x3fd,0,348
2026-06-02T14:26:09.490,1551,4,0x3fc;0x3f2;0x3f3;0x3fd,0,536
2026-06-02T14:26:09.705,1552,5,0x3fc;0x3f2;0x3f3;0x3fd;0x410,1,712
2026-06-02T14:26:09.705,1553,4,0x3fc;0x3f2;0x3f3;0x3fd,0,776
2026-06-02T14:26:09.705,1554,4,0x3fc;0x3f2;0x3f3;0x3fd,0,458
2026-06-02T14:26:09.906,1555,4,0x3fc;0x3f2;0x3f3;0x3fd,0,767
2026-06-02T14:26:09.906,1556,4,0x3fc;0x3f2;0x3f3;0x3fd,0,555
2026-06-02T14:26:10.110,1557,4,0x3fc;0x3f2;0x3f3;0x3fd,0,283
2026-06-02T14:26:10.110,1558,4,0x3fc;0x3f2;0x3f3;0x3fd,0,301
2026-06-02T14:26:10.110,1559,4,0x3fc;0x3f2;0x3f3;0x3fd,0,323
2026-06-02T14:26:10.310,1560,4,0x3fc;0x3f2;0x3f3;0x3fd,0,853
2026-06-02T14:26:10.310,1561,4,0x3fc;0x3f2;0x3f3;0x3fd,0,423
2026-06-02T14:26:10.514,1562,4,0x3fc;0x3f2;0x3f3;0x3fd,0,297
2026-06-02T14:26:10.514,1563,4,0x3fc;0x3f2;0x3f3;0x3fd,0,225
2026-06-02T14:26:10.717,1564,4,0x3fc;0x3f2;0x3f3;0x3fd,0,225
2026-06-02T14:26:10.717,1565,3,0x3f2;0x3f3;0x3fd,0,182
2026-06-02T14:26:10.918,1566,3,0x3fc;0x3f2;0x3fd,0,352
2026-06-02T14:26:10.918,1567,4,0x3fc;0x3f2;0x3f3;0x3fd,0,275
2026-06-02T14:26:11.122,1568,5,0x3fc;0x3f2;0x3f3;0x3fd;0x410,1,406
2026-06-02T14:26:11.122,1569,3,0x3f2;0x3f3;0x3fd,0,186
2026-06-02T14:26:11.122,1570,2,0x3f2;0x3fd,0,172
2026-06-02T14:26:11.337,1571,3,0x3fc;0x3f2;0x3fd,0,240
2026-06-02T14:26:11.337,1572,4,0x3fc;0x3f2;0x3f3;0x3fd,0,261
2026-06-02T14:26:11.541,1573,4,0x3fc;0x3f2;0x3f3;0x3fd,0,238
2026-06-02T14:26:11.541,1574,4,0x3fc;0x3f2;0x3f3;0x3fd,0,227
2026-06-02T14:26:11.541,1575,3,0x3f2;0x3f3;0x3fd,0,182
2026-06-02T14:26:11.742,1576,3,0x3fc;0x3f2;0x3fd,0,376
2026-06-02T14:26:11.742,1577,4,0x3fc;0x3f2;0x3f3;0x3fd,0,374
2026-06-02T14:26:11.944,1578,4,0x3fc;0x3f2;0x3f3;0x3fd,0,282
2026-06-02T14:26:11.944,1579,4,0x3fc;0x3f2;0x3f3;0x3fd,0,639
2026-06-02T14:26:12.145,1580,4,0x3fc;0x3f2;0x3f3;0x3fd,0,701
2026-06-02T14:26:12.145,1581,4,0x3fc;0x3f2;0x3f3;0x3fd,0,279
2026-06-02T14:26:12.361,1582,3,0x3f2;0x3f3;0x3fd,0,182
2026-06-02T14:26:12.361,1583,3,0x3fc;0x3f2;0x3fd,0,208
2026-06-02T14:26:12.567,1584,5,0x3fc;0x3f2;0x3f3;0x3fd;0x410,1,361
2026-06-02T14:26:12.567,1585,4,0x3fc;0x3f2;0x3f3;0x3fd,0,465
2026-06-02T14:26:12.567,1586,4,0x3fc;0x3f2;0x3f3;0x3fd,0,464
2026-06-02T14:26:12.773,1587,4,0x3fc;0x3f2;0x3f3;0x3fd,0,484
2026-06-02T14:26:12.773,1588,4,0x3fc;0x3f2;0x3f3;0x3fd,0,463
2026-06-02T14:26:12.975,1589,4,0x3fc;0x3f2;0x3f3;0x3fd,0,244
2026-06-02T14:26:12.975,1590,4,0x3fc;0x3f2;0x3f3;0x3fd,0,233
2026-06-02T14:26:12.975,1591,3,0x3f2;0x3f3;0x3fd,0,183
2026-06-02T14:26:13.191,1592,3,0x3fc;0x3f2;0x3fd,0,216
2026-06-02T14:26:13.191,1593,4,0x3fc;0x3f2;0x3f3;0x3fd,0,242
2026-06-02T14:26:13.406,1594,4,0x3fc;0x3f2;0x3f3;0x3fd,0,252
2026-06-02T14:26:13.406,1595,4,0x3fc;0x3f2;0x3f3;0x3fd,0,237
2026-06-02T14:26:13.607,1596,4,0x3fc;0x3f2;0x3f3;0x3fd,0,275
2026-06-02T14:26:13.607,1597,4,0x3fc;0x3f2;0x3f3;0x3fd,0,280
2026-06-02T14:26:13.607,1598,4,0x3fc;0x3f2;0x3f3;0x3fd,0,272
2026-06-02T14:26:13.809,1599,4,0x3fc;0x3f2;0x3f3;0x3fd,0,239
2026-06-02T14:26:14.012,1600,5,0x3fc;0x3f2;0x3f3;0x3fd;0x410,1,379
2026-06-02T14:26:14.012,1601,4,0x3fc;0x3f2;0x3f3;0x3fd,0,531
2026-06-02T14:26:14.012,1602,4,0x3fc;0x3f2;0x3f3;0x3fd,0,344
2026-06-02T14:26:14.216,1603,4,0x3fc;0x3f2;0x3f3;0x3fd,0,388
2026-06-02T14:26:14.216,1604,4,0x3fc;0x3f2;0x3f3;0x3fd,0,653
2026-06-02T14:26:14.417,1605,4,0x3fc;0x3f2;0x3f3;0x3fd,0,349
2026-06-02T14:26:14.417,1606,4,0x3fc;0x3f2;0x3f3;0x3fd,0,435
2026-06-02T14:26:14.617,1607,4,0x3fc;0x3f2;0x3f3;0x3fd,0,275
2026-06-02T14:26:14.617,1608,4,0x3fc;0x3f2;0x3f3;0x3fd,0,501
2026-06-02T14:26:14.617,1609,4,0x3fc;0x3f2;0x3f3;0x3fd,0,668
2026-06-02T14:26:14.820,1610,3,0x3f2;0x3f3;0x3fd,0,233
2026-06-02T14:26:14.820,1611,3,0x3fc;0x3f2;0x3fd,0,504
2026-06-02T14:26:15.022,1612,4,0x3fc;0x3f2;0x3f3;0x3fd,0,726
2026-06-02T14:26:15.022,1613,4,0x3fc;0x3f2;0x3f3;0x3fd,0,380
2026-06-02T14:26:15.224,1614,4,0x3fc;0x3f2;0x3f3;0x3fd,0,878
2026-06-02T14:26:15.224,1615,4,0x3fc;0x3f2;0x3f3;0x3fd,0,1130
2026-06-02T14:26:15.439,1616,5,0x3fc;0x3f2;0x3f3;0x3fd;0x410,1,1297
2026-06-02T14:26:15.439,1617,4,0x3fc;0x3f2;0x3f3;0x3fd,0,697
2026-06-02T14:26:15.440,1618,4,0x3fc;0x3f2;0x3f3;0x3fd,0,872
2026-06-02T14:26:15.642,1619,4,0x3fc;0x3f2;0x3f3;0x3fd,0,669
2026-06-02T14:26:15.642,1620,4,0x3fc;0x3f2;0x3f3;0x3fd,0,1032
2026-06-02T14:26:15.857,1621,4,0x3fc;0x3f2;0x3f3;0x3fd,0,465
2026-06-02T14:26:15.857,1622,4,0x3fc;0x3f2;0x3f3;0x3fd,0,1420
2026-06-02T14:26:16.060,1623,4,0x3fc;0x3f2;0x3f3;0x3fd,0,1029
2026-06-02T14:26:16.060,1624,4,0x3fc;0x3f2;0x3f3;0x3fd,0,404
2026-06-02T14:26:16.060,1625,4,0x3fc;0x3f2;0x3f3;0x3fd,0,590
2026-06-02T14:26:16.265,1626,4,0x3fc;0x3f2;0x3f3;0x3fd,0,670
2026-06-02T14:26:16.265,1627,4,0x3fc;0x3f2;0x3f3;0x3fd,0,588
2026-06-02T14:26:16.466,1628,4,0x3fc;0x3f2;0x3f3;0x3fd,0,705
2026-06-02T14:26:16.466,1629,4,0x3fc;0x3f2;0x3f3;0x3fd,0,289
2026-06-02T14:26:16.668,1630,4,0x3fc;0x3f2;0x3f3;0x3fd,0,219
2026-06-02T14:26:16.668,1631,4,0x3fc;0x3f2;0x3f3;0x3fd,0,321
2026-06-02T14:26:16.872,1632,5,0x3fc;0x3f2;0x3f3;0x3fd;0x410,1,478
2026-06-02T14:26:16.872,1633,4,0x3fc;0x3f2;0x3f3;0x3fd,0,270
2026-06-02T14:26:16.872,1634,4,0x3fc;0x3f2;0x3f3;0x3fd,0,342
2026-06-02T14:26:17.075,1635,4,0x3fc;0x3f2;0x3f3;0x3fd,0,960
2026-06-02T14:26:17.075,1636,4,0x3fc;0x3f2;0x3f3;0x3fd,0,796
2026-06-02T14:26:17.276,1637,4,0x3fc;0x3f2;0x3f3;0x3fd,0,1126
2026-06-02T14:26:17.276,1638,4,0x3fc;0x3f2;0x3f3;0x3fd,0,1427
2026-06-02T14:26:17.479,1639,4,0x3fc;0x3f2;0x3f3;0x3fd,0,1539
2026-06-02T14:26:17.479,1640,4,0x3fc;0x3f2;0x3f3;0x3fd,0,1549
2026-06-02T14:26:17.681,1641,4,0x3fc;0x3f2;0x3f3;0x3fd,0,1549
2026-06-02T14:26:17.681,1642,4,0x3fc;0x3f2;0x3f3;0x3fd,0,365
2026-06-02T14:26:17.681,1643,4,0x3fc;0x3f2;0x3f3;0x3fd,0,673
2026-06-02T14:26:17.884,1644,4,0x3fc;0x3f2;0x3f3;0x3fd,0,1130
2026-06-02T14:26:17.884,1645,4,0x3fc;0x3f2;0x3f3;0x3fd,0,1180
2026-06-02T14:26:18.087,1646,4,0x3fc;0x3f2;0x3f3;0x3fd,0,1268
2026-06-02T14:26:18.087,1647,4,0x3fc;0x3f2;0x3f3;0x3fd,0,1495
2026-06-02T14:26:18.291,1648,5,0x3fc;0x3f2;0x3f3;0x3fd;0x410,1,1666
2026-06-02T14:26:18.291,1649,4,0x3fc;0x3f2;0x3f3;0x3fd,0,954
2026-06-02T14:26:18.491,1650,4,0x3fc;0x3f2;0x3f3;0x3fd,0,1035
2026-06-02T14:26:18.491,1651,4,0x3fc;0x3f2;0x3f3;0x3fd,0,654
2026-06-02T14:26:18.491,1652,4,0x3fc;0x3f2;0x3f3;0x3fd,0,340
2026-06-02T14:26:18.692,1653,3,0x3f2;0x3f3;0x3fd,0,191
2026-06-02T14:26:18.692,1654,3,0x3fc;0x3f2;0x3fd,0,208
2026-06-02T14:26:18.908,1655,3,0x3f2;0x3f3;0x3fd,0,181
2026-06-02T14:26:18.908,1656,2,0x3f2;0x3fd,0,172
2026-06-02T14:26:19.110,1657,2,0x3f2;0x3fd,0,172
2026-06-02T14:26:19.110,1658,3,0x3fc;0x3f2;0x3fd,0,208
2026-06-02T14:26:19.110,1659,3,0x3f2;0x3f3;0x3fd,0,181
2026-06-02T14:26:19.311,1660,2,0x3f2;0x3fd,0,172
2026-06-02T14:26:19.311,1661,2,0x3f2;0x3fd,0,172
2026-06-02T14:26:19.514,1662,2,0x3f2;0x3fd,0,172
2026-06-02T14:26:19.514,1663,3,0x3fc;0x3f2;0x3fd,0,208
2026-06-02T14:26:19.717,1664,5,0x3fc;0x3f2;0x3f3;0x3fd;0x410,1,361
2026-06-02T14:26:19.717,1665,4,0x3fc;0x3f2;0x3f3;0x3fd,0,217
2026-06-02T14:26:19.921,1666,1,0x3fd,0,52
2026-06-02T14:26:19.921,1667,1,0x3fd,0,52
2026-06-02T14:26:19.921,1668,1,0x3fd,0,52
2026-06-02T14:26:20.124,1669,2,0x3fc;0x3fd,0,88
2026-06-02T14:26:20.124,1670,1,0x3fd,0,52
2026-06-02T14:26:20.328,1671,1,0x3fd,0,52
2026-06-02T14:26:20.328,1672,2,0x3fc;0x3fd,0,96
2026-06-02T14:26:20.545,1673,1,0x3fd,0,52
2026-06-02T14:26:20.545,1674,2,0x3fc;0x3fd,0,192
2026-06-02T14:26:20.545,1675,1,0x3fd,0,52
2026-06-02T14:26:20.751,1676,1,0x3fd,0,52
2026-06-02T14:26:20.751,1677,1,0x3fd,0,52
2026-06-02T14:26:20.952,1678,1,0x3fd,0,52
2026-06-02T14:26:20.952,1679,1,0x3fd,0,52
2026-06-02T14:26:21.166,1680,2,0x3fd;0x410,1,196
2026-06-02T14:26:21.166,1681,1,0x3fd,0,52
2026-06-02T14:26:21.166,1682,2,0x3fc;0x3fd,0,96
2026-06-02T14:26:21.367,1683,1,0x3fd,0,52
2026-06-02T14:26:21.367,1684,1,0x3fd,0,52
2026-06-02T14:26:21.570,1685,2,0x3fc;0x3fd,0,88
2026-06-02T14:26:21.570,1686,1,0x3fd,0,52
2026-06-02T14:26:21.776,1687,1,0x3fd,0,52
2026-06-02T14:26:21.776,1688,1,0x3fd,0,52
2026-06-02T14:26:21.978,1689,2,0x3fc;0x3fd,0,88
2026-06-02T14:26:21.978,1690,1,0x3fd,0,52
2026-06-02T14:26:21.978,1691,2,0x3fc;0x3fd,0,96
2026-06-02T14:26:22.178,1692,1,0x3fd,0,52
2026-06-02T14:26:22.178,1693,1,0x3fd,0,52
2026-06-02T14:26:22.383,1694,1,0x3fd,0,52
2026-06-02T14:26:22.383,1695,2,0x3fc;0x3fd,0,144
2026-06-02T14:26:22.584,1696,3,0x3fc;0x3fd;0x410,1,288
2026-06-02T14:26:22.585,1697,2,0x3fc;0x3fd,0,104
2026-06-02T14:26:22.787,1698,1,0x3fd,0,52
2026-06-02T14:26:22.787,1699,2,0x3fc;0x3fd,0,104
2026-06-02T14:26:22.787,1700,1,0x3fd,0,52
2026-06-02T14:26:22.989,1701,2,0x3fc;0x3fd,0,88
2026-06-02T14:26:22.989,1702,1,0x3fd,0,52
2026-06-02T14:26:23.192,1703,1,0x3fd,0,52
2026-06-02T14:26:23.192,1704,1,0x3fd,0,52
2026-06-02T14:26:23.392,1705,1,0x3fd,0,52
2026-06-02T14:26:23.392,1706,2,0x3fc;0x3fd,0,200
2026-06-02T14:26:23.595,1707,1,0x3fd,0,52
2026-06-02T14:26:23.596,1708,2,0x3fc;0x3fd,0,88
2026-06-02T14:26:23.596,1709,1,0x3fd,0,52
2026-06-02T14:26:23.796,1710,1,0x3fd,0,52
2026-06-02T14:26:23.796,1711,1,0x3fd,0,52
2026-06-02T14:26:23.998,1712,2,0x3fd;0x410,1,196
2026-06-02T14:26:23.998,1713,2,0x3fc;0x3fd,0,88
2026-06-02T14:26:24.200,1714,2,0x3fc;0x3fd,0,176
2026-06-02T14:26:24.200,1715,1,0x3fd,0,52
2026-06-02T14:26:24.406,1716,2,0x3fc;0x3fd,0,88
2026-06-02T14:26:24.406,1717,2,0x3fc;0x3fd,0,152
2026-06-02T14:26:24.610,1718,2,0x3fc;0x3fd,0,336
2026-06-02T14:26:24.610,1719,4,0x3fc;0x3f2;0x3f3;0x3fd,0,728
2026-06-02T14:26:24.610,1720,4,0x3fc;0x3f2;0x3f3;0x3fd,0,925
2026-06-02T14:26:24.824,1721,4,0x3fc;0x3f2;0x3f3;0x3fd,0,1018
2026-06-02T14:26:24.824,1722,4,0x3fc;0x3f2;0x3f3;0x3fd,0,315
2026-06-02T14:26:25.026,1723,4,0x3fc;0x3f2;0x3f3;0x3fd,0,762
2026-06-02T14:26:25.026,1724,4,0x3fc;0x3f2;0x3f3;0x3fd,0,1021
2026-06-02T14:26:25.229,1725,4,0x3fc;0x3f2;0x3f3;0x3fd,0,669
2026-06-02T14:26:25.229,1726,4,0x3fc;0x3f2;0x3f3;0x3fd,0,478
2026-06-02T14:26:25.229,1727,4,0x3fc;0x3f2;0x3f3;0x3fd,0,308
2026-06-02T14:26:25.432,1728,5,0x3fc;0x3f2;0x3f3;0x3fd;0x410,1,433
2026-06-02T14:26:25.432,1729,3,0x3f2;0x3f3;0x3fd,0,189
2026-06-02T14:26:25.634,1730,3,0x3fc;0x3f2;0x3fd,0,232
2026-06-02T14:26:25.634,1731,4,0x3fc;0x3f2;0x3f3;0x3fd,0,228
2026-06-02T14:26:25.836,1732,3,0x3f2;0x3f3;0x3fd,0,182
2026-06-02T14:26:25.836,1733,3,0x3fc;0x3f2;0x3fd,0,224
2026-06-02T14:26:26.050,1734,4,0x3fc;0x3f2;0x3f3;0x3fd,0,243
2026-06-02T14:26:26.050,1735,4,0x3fc;0x3f2;0x3f3;0x3fd,0,452
2026-06-02T14:26:26.050,1736,4,0x3fc;0x3f2;0x3f3;0x3fd,0,342
2026-06-02T14:26:26.252,1737,3,0x3f2;0x3f3;0x3fd,0,193
2026-06-02T14:26:26.252,1738,3,0x3fc;0x3f2;0x3fd,0,208
2026-06-02T14:26:26.452,1739,4,0x3fc;0x3f2;0x3f3;0x3fd,0,865
2026-06-02T14:26:26.452,1740,4,0x3fc;0x3f2;0x3f3;0x3fd,0,850
2026-06-02T14:26:26.654,1741,4,0x3fc;0x3f2;0x3f3;0x3fd,0,734
2026-06-02T14:26:26.654,1742,4,0x3fc;0x3f2;0x3f3;0x3fd,0,529
2026-06-02T14:26:26.856,1743,3,0x3f2;0x3f3;0x3fd,0,213
2026-06-02T14:26:26.856,1744,3,0x3f2;0x3fd;0x410,1,316
2026-06-02T14:26:26.857,1745,3,0x3fc;0x3f2;0x3fd,0,280
2026-06-02T14:26:27.059,1746,4,0x3fc;0x3f2;0x3f3;0x3fd,0,586
2026-06-02T14:26:27.059,1747,4,0x3fc;0x3f2;0x3f3;0x3fd,0,790
2026-06-02T14:26:27.262,1748,4,0x3fc;0x3f2;0x3f3;0x3fd,0,875
2026-06-02T14:26:27.262,1749,4,0x3fc;0x3f2;0x3f3;0x3fd,0,347
2026-06-02T14:26:27.464,1750,4,0x3fc;0x3f2;0x3f3;0x3fd,0,400
2026-06-02T14:26:27.464,1751,4,0x3fc;0x3f2;0x3f3;0x3fd,0,367
2026-06-02T14:26:27.667,1752,4,0x3fc;0x3f2;0x3f3;0x3fd,0,273
2026-06-02T14:26:27.667,1753,4,0x3fc;0x3f2;0x3f3;0x3fd,0,246
2026-06-02T14:26:27.667,1754,4,0x3fc;0x3f2;0x3f3;0x3fd,0,236
2026-06-02T14:26:27.869,1755,4,0x3fc;0x3f2;0x3f3;0x3fd,0,235
2026-06-02T14:26:27.869,1756,4,0x3fc;0x3f2;0x3f3;0x3fd,0,235
2026-06-02T14:26:28.072,1757,4,0x3fc;0x3f2;0x3f3;0x3fd,0,395
2026-06-02T14:26:28.072,1758,4,0x3fc;0x3f2;0x3f3;0x3fd,0,247
2026-06-02T14:26:28.275,1759,4,0x3fc;0x3f2;0x3f3;0x3fd,0,274
2026-06-02T14:26:28.275,1760,5,0x3fc;0x3f2;0x3f3;0x3fd;0x410,1,424
2026-06-02T14:26:28.479,1761,4,0x3fc;0x3f2;0x3f3;0x3fd,0,248
2026-06-02T14:26:28.479,1762,4,0x3fc;0x3f2;0x3f3;0x3fd,0,412
2026-06-02T14:26:28.479,1763,4,0x3fc;0x3f2;0x3f3;0x3fd,0,241
2026-06-02T14:26:28.694,1764,4,0x3fc;0x3f2;0x3f3;0x3fd,0,361
2026-06-02T14:26:28.694,1765,4,0x3fc;0x3f2;0x3f3;0x3fd,0,331
2026-06-02T14:26:28.895,1766,4,0x3fc;0x3f2;0x3f3;0x3fd,0,429
2026-06-02T14:26:28.895,1767,4,0x3fc;0x3f2;0x3f3;0x3fd,0,466
2026-06-02T14:26:29.096,1768,4,0x3fc;0x3f2;0x3f3;0x3fd,0,325
2026-06-02T14:26:29.096,1769,4,0x3fc;0x3f2;0x3f3;0x3fd,0,579
2026-06-02T14:26:29.311,1770,4,0x3fc;0x3f2;0x3f3;0x3fd,0,293
2026-06-02T14:26:29.311,1771,4,0x3fc;0x3f2;0x3f3;0x3fd,0,237
2026-06-02T14:26:29.311,1772,4,0x3fc;0x3f2;0x3f3;0x3fd,0,291
2026-06-02T14:26:29.514,1773,4,0x3fc;0x3f2;0x3f3;0x3fd,0,226
2026-06-02T14:26:29.514,1774,4,0x3fc;0x3f2;0x3f3;0x3fd,0,225
2026-06-02T14:26:29.717,1775,4,0x3fc;0x3f2;0x3f3;0x3fd,0,234
2026-06-02T14:26:29.717,1776,5,0x3fc;0x3f2;0x3f3;0x3fd;0x410,1,379
2026-06-02T14:26:29.920,1777,4,0x3fc;0x3f2;0x3f3;0x3fd,0,603
2026-06-02T14:26:29.920,1778,4,0x3fc;0x3f2;0x3f3;0x3fd,0,313
2026-06-02T14:26:29.920,1779,4,0x3fc;0x3f2;0x3f3;0x3fd,0,223
2026-06-02T14:26:30.123,1780,3,0x3f2;0x3f3;0x3fd,0,181
2026-06-02T14:26:30.123,1781,3,0x3fc;0x3f2;0x3fd,0,400
2026-06-02T14:26:30.325,1782,4,0x3fc;0x3f2;0x3f3;0x3fd,0,241
2026-06-02T14:26:30.325,1783,4,0x3fc;0x3f2;0x3f3;0x3fd,0,241
2026-06-02T14:26:30.528,1784,4,0x3fc;0x3f2;0x3f3;0x3fd,0,340
2026-06-02T14:26:30.528,1785,4,0x3fc;0x3f2;0x3f3;0x3fd,0,264
2026-06-02T14:26:30.528,1786,4,0x3fc;0x3f2;0x3f3;0x3fd,0,277
2026-06-02T14:26:30.730,1787,4,0x3fc;0x3f2;0x3f3;0x3fd,0,264
2026-06-02T14:26:30.730,1788,4,0x3fc;0x3f2;0x3f3;0x3fd,0,310
2026-06-02T14:26:30.935,1789,4,0x3fc;0x3f2;0x3f3;0x3fd,0,252
2026-06-02T14:26:30.935,1790,4,0x3fc;0x3f2;0x3f3;0x3fd,0,340
2026-06-02T14:26:31.137,1791,4,0x3fc;0x3f2;0x3f3;0x3fd,0,368
2026-06-02T14:26:31.137,1792,5,0x3fc;0x3f2;0x3f3;0x3fd;0x410,1,514
2026-06-02T14:26:31.342,1793,4,0x3fc;0x3f2;0x3f3;0x3fd,0,242
2026-06-02T14:26:31.342,1794,4,0x3fc;0x3f2;0x3f3;0x3fd,0,434
2026-06-02T14:26:31.342,1795,4,0x3fc;0x3f2;0x3f3;0x3fd,0,396
2026-06-02T14:26:31.545,1796,4,0x3fc;0x3f2;0x3f3;0x3fd,0,404
2026-06-02T14:26:31.545,1797,4,0x3fc;0x3f2;0x3f3;0x3fd,0,246
2026-06-02T14:26:31.749,1798,3,0x3f2;0x3f3;0x3fd,0,182
2026-06-02T14:26:31.749,1799,3,0x3fc;0x3f2;0x3fd,0,208
2026-06-02T14:26:31.950,1800,4,0x3fc;0x3f2;0x3f3;0x3fd,0,217
2026-06-02T14:26:31.950,1801,4,0x3fc;0x3f2;0x3f3;0x3fd,0,241
2026-06-02T14:26:32.152,1802,4,0x3fc;0x3f2;0x3f3;0x3fd,0,236
2026-06-02T14:26:32.152,1803,3,0x3f2;0x3f3;0x3fd,0,183
2026-06-02T14:26:32.152,1804,3,0x3fc;0x3f2;0x3fd,0,376
2026-06-02T14:26:32.357,1805,4,0x3fc;0x3f2;0x3f3;0x3fd,0,254
2026-06-02T14:26:32.357,1806,3,0x3f2;0x3f3;0x3fd,0,183
2026-06-02T14:26:32.558,1807,3,0x3fc;0x3f2;0x3fd,0,216
2026-06-02T14:26:32.558,1808,5,0x3fc;0x3f2;0x3f3;0x3fd;0x410,1,370
2026-06-02T14:26:32.760,1809,3,0x3f2;0x3f3;0x3fd,0,182
2026-06-02T14:26:32.760,1810,3,0x3fc;0x3f2;0x3fd,0,208
2026-06-02T14:26:32.964,1811,4,0x3fc;0x3f2;0x3f3;0x3fd,0,217
2026-06-02T14:26:32.964,1812,3,0x3f2;0x3f3;0x3fd,0,181
2026-06-02T14:26:33.168,1813,2,0x3f2;0x3fd,0,172
2026-06-02T14:26:33.168,1814,3,0x3fc;0x3f2;0x3fd,0,208
2026-06-02T14:26:33.168,1815,4,0x3fc;0x3f2;0x3f3;0x3fd,0,225
2026-06-02T14:26:33.371,1816,3,0x3f2;0x3f3;0x3fd,0,182
2026-06-02T14:26:33.371,1817,3,0x3fc;0x3f2;0x3fd,0,208
2026-06-02T14:26:33.573,1818,4,0x3fc;0x3f2;0x3f3;0x3fd,0,265
2026-06-02T14:26:33.573,1819,4,0x3fc;0x3f2;0x3f3;0x3fd,0,311
2026-06-02T14:26:33.774,1820,4,0x3fc;0x3f2;0x3f3;0x3fd,0,420
2026-06-02T14:26:33.774,1821,4,0x3fc;0x3f2;0x3f3;0x3fd,0,505
2026-06-02T14:26:33.774,1822,4,0x3fc;0x3f2;0x3f3;0x3fd,0,250
2026-06-02T14:26:33.975,1823,4,0x3fc;0x3f2;0x3f3;0x3fd,0,489
2026-06-02T14:26:34.179,1824,5,0x3fc;0x3f2;0x3f3;0x3fd;0x410,1,667
2026-06-02T14:26:34.179,1825,4,0x3fc;0x3f2;0x3f3;0x3fd,0,371
2026-06-02T14:26:34.179,1826,4,0x3fc;0x3f2;0x3f3;0x3fd,0,624
2026-06-02T14:26:34.380,1827,4,0x3fc;0x3f2;0x3f3;0x3fd,0,282
2026-06-02T14:26:34.380,1828,4,0x3fc;0x3f2;0x3f3;0x3fd,0,243
2026-06-02T14:26:34.583,1829,4,0x3fc;0x3f2;0x3f3;0x3fd,0,372
2026-06-02T14:26:34.584,1830,4,0x3fc;0x3f2;0x3f3;0x3fd,0,244
2026-06-02T14:26:34.584,1831,4,0x3fc;0x3f2;0x3f3;0x3fd,0,242
2026-06-02T14:26:34.787,1832,4,0x3fc;0x3f2;0x3f3;0x3fd,0,380
2026-06-02T14:26:34.787,1833,4,0x3fc;0x3f2;0x3f3;0x3fd,0,293
2026-06-02T14:26:35.001,1834,4,0x3fc;0x3f2;0x3f3;0x3fd,0,248
2026-06-02T14:26:35.001,1835,4,0x3fc;0x3f2;0x3f3;0x3fd,0,244
2026-06-02T14:26:35.204,1836,3,0x3f2;0x3f3;0x3fd,0,184
2026-06-02T14:26:35.204,1837,3,0x3fc;0x3f2;0x3fd,0,224
2026-06-02T14:26:35.405,1838,4,0x3fc;0x3f2;0x3f3;0x3fd,0,299
2026-06-02T14:26:35.405,1839,4,0x3fc;0x3f2;0x3f3;0x3fd,0,283
2026-06-02T14:26:35.605,1840,5,0x3fc;0x3f2;0x3f3;0x3fd;0x410,1,424
2026-06-02T14:26:35.605,1841,4,0x3fc;0x3f2;0x3f3;0x3fd,0,344
2026-06-02T14:26:35.605,1842,4,0x3fc;0x3f2;0x3f3;0x3fd,0,288
2026-06-02T14:26:35.808,1843,3,0x3f2;0x3f3;0x3fd,0,188
2026-06-02T14:26:35.808,1844,3,0x3fc;0x3f2;0x3fd,0,240
2026-06-02T14:26:36.010,1845,4,0x3fc;0x3f2;0x3f3;0x3fd,0,237
2026-06-02T14:26:36.010,1846,4,0x3fc;0x3f2;0x3f3;0x3fd,0,235
2026-06-02T14:26:36.213,1847,4,0x3fc;0x3f2;0x3f3;0x3fd,0,243
2026-06-02T14:26:36.213,1848,3,0x3f2;0x3f3;0x3fd,0,184
2026-06-02T14:26:36.213,1849,2,0x3f2;0x3fd,0,172
2026-06-02T14:26:36.414,1850,3,0x3fc;0x3f2;0x3fd,0,304
2026-06-02T14:26:36.414,1851,4,0x3fc;0x3f2;0x3f3;0x3fd,0,357
2026-06-02T14:26:36.617,1852,4,0x3fc;0x3f2;0x3f3;0x3fd,0,249
2026-06-02T14:26:36.617,1853,4,0x3fc;0x3f2;0x3f3;0x3fd,0,627
2026-06-02T14:26:36.821,1854,4,0x3fc;0x3f2;0x3f3;0x3fd,0,388
2026-06-02T14:26:36.821,1855,4,0x3fc;0x3f2;0x3f3;0x3fd,0,272
2026-06-02T14:26:37.021,1856,5,0x3fc;0x3f2;0x3f3;0x3fd;0x410,1,406
2026-06-02T14:26:37.021,1857,4,0x3fc;0x3f2;0x3f3;0x3fd,0,286
2026-06-02T14:26:37.021,1858,4,0x3fc;0x3f2;0x3f3;0x3fd,0,489
2026-06-02T14:26:37.222,1859,4,0x3fc;0x3f2;0x3f3;0x3fd,0,498
2026-06-02T14:26:37.222,1860,4,0x3fc;0x3f2;0x3f3;0x3fd,0,352
2026-06-02T14:26:37.423,1861,4,0x3fc;0x3f2;0x3f3;0x3fd,0,270
2026-06-02T14:26:37.423,1862,3,0x3f2;0x3f3;0x3fd,0,186
2026-06-02T14:26:37.625,1863,2,0x3f2;0x3fd,0,172
2026-06-02T14:26:37.625,1864,3,0x3fc;0x3f2;0x3fd,0,272
2026-06-02T14:26:37.827,1865,4,0x3fc;0x3f2;0x3f3;0x3fd,0,265
2026-06-02T14:26:37.827,1866,3,0x3f2;0x3f3;0x3fd,0,186
2026-06-02T14:26:37.827,1867,3,0x3fc;0x3f2;0x3fd,0,336
2026-06-02T14:26:38.029,1868,4,0x3fc;0x3f2;0x3f3;0x3fd,0,825
2026-06-02T14:26:38.029,1869,4,0x3fc;0x3f2;0x3f3;0x3fd,0,843
2026-06-02T14:26:38.229,1870,4,0x3fc;0x3f2;0x3f3;0x3fd,0,1134
2026-06-02T14:26:38.229,1871,4,0x3fc;0x3f2;0x3f3;0x3fd,0,963
2026-06-02T14:26:38.433,1872,5,0x3fc;0x3f2;0x3f3;0x3fd;0x410,1,1081
2026-06-02T14:26:38.433,1873,4,0x3fc;0x3f2;0x3f3;0x3fd,0,905
2026-06-02T14:26:38.637,1874,4,0x3fc;0x3f2;0x3f3;0x3fd,0,789
2026-06-02T14:26:38.637,1875,4,0x3fc;0x3f2;0x3f3;0x3fd,0,575
2026-06-02T14:26:38.839,1876,4,0x3fc;0x3f2;0x3f3;0x3fd,0,1262
2026-06-02T14:26:38.839,1877,4,0x3fc;0x3f2;0x3f3;0x3fd,0,455
2026-06-02T14:26:38.839,1878,4,0x3fc;0x3f2;0x3f3;0x3fd,0,1151
2026-06-02T14:26:39.041,1879,4,0x3fc;0x3f2;0x3f3;0x3fd,0,1476
2026-06-02T14:26:39.041,1880,4,0x3fc;0x3f2;0x3f3;0x3fd,0,1088
2026-06-02T14:26:39.241,1881,4,0x3fc;0x3f2;0x3f3;0x3fd,0,876
2026-06-02T14:26:39.241,1882,4,0x3fc;0x3f2;0x3f3;0x3fd,0,824
2026-06-02T14:26:39.445,1883,4,0x3fc;0x3f2;0x3f3;0x3fd,0,1468
2026-06-02T14:26:39.445,1884,4,0x3fc;0x3f2;0x3f3;0x3fd,0,1517
2026-06-02T14:26:39.649,1885,4,0x3fc;0x3f2;0x3f3;0x3fd,0,1169
2026-06-02T14:26:39.649,1886,4,0x3fc;0x3f2;0x3f3;0x3fd,0,1438
2026-06-02T14:26:39.649,1887,3,0x3f2;0x3f3;0x3fd,0,321
2026-06-02T14:26:39.850,1888,3,0x3f2;0x3fd;0x410,1,316
2026-06-02T14:26:39.850,1889,3,0x3fc;0x3f2;0x3fd,0,1152
2026-06-02T14:26:40.064,1890,4,0x3fc;0x3f2;0x3f3;0x3fd,0,1351
2026-06-02T14:26:40.064,1891,4,0x3fc;0x3f2;0x3f3;0x3fd,0,992
2026-06-02T14:26:40.264,1892,4,0x3fc;0x3f2;0x3f3;0x3fd,0,1482
2026-06-02T14:26:40.265,1893,4,0x3fc;0x3f2;0x3f3;0x3fd,0,1293
2026-06-02T14:26:40.467,1894,4,0x3fc;0x3f2;0x3f3;0x3fd,0,1517
2026-06-02T14:26:40.467,1895,4,0x3fc;0x3f2;0x3f3;0x3fd,0,837
2026-06-02T14:26:40.467,1896,4,0x3fc;0x3f2;0x3f3;0x3fd,0,1460
2026-06-02T14:26:40.671,1897,4,0x3fc;0x3f2;0x3f3;0x3fd,0,1229
2026-06-02T14:26:40.671,1898,3,0x3f2;0x3f3;0x3fd,0,289
2026-06-02T14:26:40.872,1899,3,0x3fc;0x3f2;0x3fd,0,1080
2026-06-02T14:26:40.872,1900,4,0x3fc;0x3f2;0x3f3;0x3fd,0,814
2026-06-02T14:26:41.073,1901,4,0x3fc;0x3f2;0x3f3;0x3fd,0,318
2026-06-02T14:26:41.073,1902,4,0x3fc;0x3f2;0x3f3;0x3fd,0,942
2026-06-02T14:26:41.073,1903,4,0x3fc;0x3f2;0x3f3;0x3fd,0,971
2026-06-02T14:26:41.275,1904,5,0x3fc;0x3f2;0x3f3;0x3fd;0x410,1,1108
2026-06-02T14:26:41.275,1905,4,0x3fc;0x3f2;0x3f3;0x3fd,0,508
2026-06-02T14:26:41.491,1906,4,0x3fc;0x3f2;0x3f3;0x3fd,0,731
2026-06-02T14:26:41.491,1907,4,0x3fc;0x3f2;0x3f3;0x3fd,0,278
2026-06-02T14:26:41.691,1908,4,0x3fc;0x3f2;0x3f3;0x3fd,0,217
2026-06-02T14:26:41.691,1909,4,0x3fc;0x3f2;0x3f3;0x3fd,0,225
2026-06-02T14:26:41.892,1910,4,0x3fc;0x3f2;0x3f3;0x3fd,0,746
2026-06-02T14:26:41.892,1911,4,0x3fc;0x3f2;0x3f3;0x3fd,0,691
2026-06-02T14:26:41.892,1912,4,0x3fc;0x3f2;0x3f3;0x3fd,0,1028
2026-06-02T14:26:42.094,1913,4,0x3fc;0x3f2;0x3f3;0x3fd,0,1080
2026-06-02T14:26:42.094,1914,4,0x3fc;0x3f2;0x3f3;0x3fd,0,1273
2026-06-02T14:26:42.296,1915,4,0x3fc;0x3f2;0x3f3;0x3fd,0,1025
2026-06-02T14:26:42.296,1916,4,0x3fc;0x3f2;0x3f3;0x3fd,0,575
2026-06-02T14:26:42.498,1917,4,0x3fc;0x3f2;0x3f3;0x3fd,0,1299
2026-06-02T14:26:42.498,1918,4,0x3fc;0x3f2;0x3f3;0x3fd,0,700
2026-06-02T14:26:42.699,1919,3,0x3f2;0x3f3;0x3fd,0,225
2026-06-02T14:26:42.699,1920,3,0x3f2;0x3fd;0x410,1,316
2026-06-02T14:26:42.699,1921,3,0x3fc;0x3f2;0x3fd,0,880
2026-06-02T14:26:42.915,1922,4,0x3fc;0x3f2;0x3f3;0x3fd,0,1133
2026-06-02T14:26:42.915,1923,4,0x3fc;0x3f2;0x3f3;0x3fd,0,1225
2026-06-02T14:26:43.118,1924,4,0x3fc;0x3f2;0x3f3;0x3fd,0,1170
2026-06-02T14:26:43.118,1925,4,0x3fc;0x3f2;0x3f3;0x3fd,0,1178
2026-06-02T14:26:43.321,1926,4,0x3fc;0x3f2;0x3f3;0x3fd,0,1108
2026-06-02T14:26:43.321,1927,4,0x3fc;0x3f2;0x3f3;0x3fd,0,1259
2026-06-02T14:26:43.524,1928,4,0x3fc;0x3f2;0x3f3;0x3fd,0,1415
2026-06-02T14:26:43.524,1929,4,0x3fc;0x3f2;0x3f3;0x3fd,0,1424
2026-06-02T14:26:43.524,1930,4,0x3fc;0x3f2;0x3f3;0x3fd,0,407
2026-06-02T14:26:43.740,1931,4,0x3fc;0x3f2;0x3f3;0x3fd,0,440
2026-06-02T14:26:43.740,1932,4,0x3fc;0x3f2;0x3f3;0x3fd,0,556
2026-06-02T14:26:43.944,1933,4,0x3fc;0x3f2;0x3f3;0x3fd,0,256
2026-06-02T14:26:43.944,1934,3,0x3f2;0x3f3;0x3fd,0,181
2026-06-02T14:26:43.944,1935,2,0x3f2;0x3fd,0,172
2026-06-02T14:26:44.147,1936,3,0x3f2;0x3fd;0x410,1,316
2026-06-02T14:26:44.147,1937,3,0x3fc;0x3f2;0x3fd,0,216
2026-06-02T14:26:44.362,1938,4,0x3fc;0x3f2;0x3f3;0x3fd,0,266
2026-06-02T14:26:44.362,1939,3,0x3f2;0x3f3;0x3fd,0,187
2026-06-02T14:26:44.565,1940,2,0x3f2;0x3fd,0,172
2026-06-02T14:26:44.565,1941,3,0x3fc;0x3f2;0x3fd,0,216
2026-06-02T14:26:44.766,1942,4,0x3fc;0x3f2;0x3f3;0x3fd,0,322
2026-06-02T14:26:44.766,1943,3,0x3f2;0x3f3;0x3fd,0,194
2026-06-02T14:26:44.766,1944,2,0x3f2;0x3fd,0,172
2026-06-02T14:26:44.968,1945,3,0x3fc;0x3f2;0x3fd,0,288
2026-06-02T14:26:44.968,1946,4,0x3fc;0x3f2;0x3f3;0x3fd,0,243
2026-06-02T14:26:45.183,1947,4,0x3fc;0x3f2;0x3f3;0x3fd,0,219
2026-06-02T14:26:45.183,1948,3,0x3f2;0x3f3;0x3fd,0,181
2026-06-02T14:26:45.384,1949,3,0x3fc;0x3f2;0x3fd,0,296
2026-06-02T14:26:45.384,1950,3,0x3f2;0x3f3;0x3fd,0,192
2026-06-02T14:26:45.384,1951,3,0x3fc;0x3f2;0x3fd,0,232
2026-06-02T14:26:45.587,1952,5,0x3fc;0x3f2;0x3f3;0x3fd;0x410,1,388
2026-06-02T14:26:45.587,1953,4,0x3fc;0x3f2;0x3f3;0x3fd,0,284
2026-06-02T14:26:45.790,1954,3,0x3f2;0x3f3;0x3fd,0,189
2026-06-02T14:26:45.790,1955,2,0x3f2;0x3fd,0,172
2026-06-02T14:26:45.994,1956,3,0x3fc;0x3f2;0x3fd,0,224
2026-06-02T14:26:45.994,1957,4,0x3fc;0x3f2;0x3f3;0x3fd,0,395
2026-06-02T14:26:46.198,1958,4,0x3fc;0x3f2;0x3f3;0x3fd,0,335
2026-06-02T14:26:46.198,1959,4,0x3fc;0x3f2;0x3f3;0x3fd,0,269
2026-06-02T14:26:46.198,1960,4,0x3fc;0x3f2;0x3f3;0x3fd,0,454
2026-06-02T14:26:46.402,1961,4,0x3fc;0x3f2;0x3f3;0x3fd,0,278
2026-06-02T14:26:46.402,1962,4,0x3fc;0x3f2;0x3f3;0x3fd,0,301
2026-06-02T14:26:46.604,1963,4,0x3fc;0x3f2;0x3f3;0x3fd,0,267
2026-06-02T14:26:46.604,1964,4,0x3fc;0x3f2;0x3f3;0x3fd,0,270
2026-06-02T14:26:46.804,1965,4,0x3fc;0x3f2;0x3f3;0x3fd,0,239
2026-06-02T14:26:46.804,1966,4,0x3fc;0x3f2;0x3f3;0x3fd,0,227
2026-06-02T14:26:47.005,1967,4,0x3fc;0x3f2;0x3f3;0x3fd,0,354
2026-06-02T14:26:47.005,1968,5,0x3fc;0x3f2;0x3f3;0x3fd;0x410,1,514
2026-06-02T14:26:47.005,1969,4,0x3fc;0x3f2;0x3f3;0x3fd,0,266
2026-06-02T14:26:47.209,1970,4,0x3fc;0x3f2;0x3f3;0x3fd,0,397
2026-06-02T14:26:47.209,1971,4,0x3fc;0x3f2;0x3f3;0x3fd,0,431
2026-06-02T14:26:47.411,1972,4,0x3fc;0x3f2;0x3f3;0x3fd,0,393
2026-06-02T14:26:47.411,1973,4,0x3fc;0x3f2;0x3f3;0x3fd,0,268
2026-06-02T14:26:47.612,1974,4,0x3fc;0x3f2;0x3f3;0x3fd,0,413
2026-06-02T14:26:47.612,1975,4,0x3fc;0x3f2;0x3f3;0x3fd,0,337
2026-06-02T14:26:47.815,1976,3,0x3f2;0x3f3;0x3fd,0,193
2026-06-02T14:26:47.815,1977,2,0x3f2;0x3fd,0,172
2026-06-02T14:26:47.815,1978,2,0x3f2;0x3fd,0,172
2026-06-02T14:26:48.017,1979,3,0x3fc;0x3f2;0x3fd,0,216
2026-06-02T14:26:48.017,1980,4,0x3fc;0x3f2;0x3f3;0x3fd,0,226
2026-06-02T14:26:48.219,1981,4,0x3fc;0x3f2;0x3f3;0x3fd,0,370
2026-06-02T14:26:48.219,1982,4,0x3fc;0x3f2;0x3f3;0x3fd,0,396
2026-06-02T14:26:48.419,1983,4,0x3fc;0x3f2;0x3f3;0x3fd,0,285
2026-06-02T14:26:48.419,1984,5,0x3fc;0x3f2;0x3f3;0x3fd;0x410,1,415
2026-06-02T14:26:48.622,1985,4,0x3fc;0x3f2;0x3f3;0x3fd,0,263
2026-06-02T14:26:48.622,1986,4,0x3fc;0x3f2;0x3f3;0x3fd,0,230
2026-06-02T14:26:48.622,1987,4,0x3fc;0x3f2;0x3f3;0x3fd,0,218
2026-06-02T14:26:48.825,1988,4,0x3fc;0x3f2;0x3f3;0x3fd,0,321
2026-06-02T14:26:48.825,1989,3,0x3f2;0x3f3;0x3fd,0,194
2026-06-02T14:26:49.026,1990,3,0x3fc;0x3f2;0x3fd,0,224
2026-06-02T14:26:49.026,1991,4,0x3fc;0x3f2;0x3f3;0x3fd,0,267
2026-06-02T14:26:49.227,1992,4,0x3fc;0x3f2;0x3f3;0x3fd,0,223
2026-06-02T14:26:49.227,1993,3,0x3f2;0x3f3;0x3fd,0,181
2026-06-02T14:26:49.428,1994,3,0x3fc;0x3f2;0x3fd,0,296
2026-06-02T14:26:49.428,1995,3,0x3f2;0x3f3;0x3fd,0,192
2026-06-02T14:26:49.428,1996,3,0x3fc;0x3f2;0x3fd,0,232
2026-06-02T14:26:49.632,1997,4,0x3fc;0x3f2;0x3f3;0x3fd,0,228
2026-06-02T14:26:49.632,1998,3,0x3f2;0x3f3;0x3fd,0,182
2026-06-02T14:26:49.846,1999,3,0x3fc;0x3f2;0x3fd,0,208
2026-06-02T14:26:49.846,2000,5,0x3fc;0x3f2;0x3f3;0x3fd;0x410,1,361
2026-06-02T14:26:50.062,2001,3,0x3f2;0x3f3;0x3fd,0,181
2026-06-02T14:26:50.062,2002,3,0x3fc;0x3f2;0x3fd,0,224
2026-06-02T14:26:50.062,2003,4,0x3fc;0x3f2;0x3f3;0x3fd,0,227
2026-06-02T14:26:50.277,2004,3,0x3f2;0x3f3;0x3fd,0,182
