system_time_iso,elapsed_s,frame_number,target_id,range_bin,breathing_deviation,heart_rate_raw_bpm,breathing_rate_raw_bpm,heart_rate_filtered_bpm,breathing_rate_filtered_bpm,filter_valid,filter_reason,parser_variant,tlv_length,heart_circular_buffer_json,breath_circular_buffer_json
2026-06-02T14:48:59.136,1.240,32,0,35,0.001695,61.942,21.763,61.942,21.763,1,ok,u16_id_range_primary,136,"[0.029764460027217866,0.029764460027217866,0.029764460027217866,0.029764460027217866,0.029764460027217866,0.04287973940372467,0.1394607588648796,-0.12916795760393143,-0.2965384855866432,0.2733232244849205,0.4686551555991173,0.1530977353453636,-0.3063040807843208,-0.47792346626520155,-0.016304923593997954]","[-0.030372185508410136,-0.030372185508410136,-0.030372185508410136,-0.030372185508410136,-0.030372185508410136,0.005147071679433186,0.11556036969025929,0.13658361335595448,0.11149664421876271,0.015393154819806416,-0.05545256833235423,-0.047875327865282695,-0.03499881724516551,-0.03621224860350291,-0.05778096417586009]"
2026-06-02T14:49:00.583,2.687,48,0,35,0.001760,60.268,13.393,61.084,17.476,1,ok,u16_id_range_primary,136,"[0.007043148949742317,0.09784258771687745,-0.15107286851853133,-0.312273764424026,0.22064868230372667,0.4064891399815679,0.12306613344699144,-0.319818907789886,-0.5047868428751826,-0.05541163068264723,0.43997598309069874,0.2770741941407323,-0.15969040375202895,-0.0604393495246768,-0.00864610206335783]","[0.018521306415398918,0.1225262147684892,0.1412342203160127,0.11749303465088208,0.024677456667025886,-0.0424174057940642,-0.03084570045272509,-0.013982235143582026,-0.012282549093166987,-0.03283554191390673,-0.01777821655074755,-0.05038303012649218,-0.07004219169418018,-0.07646235699454944,-0.07742300505439441]"
2026-06-02T14:49:02.006,4.110,64,0,35,0.003468,65.290,11.719,62.598,15.404,1,ok,u16_id_range_primary,136,"[0.3894206121563911,0.10594098120927811,-0.33844889849424364,-0.5270847842097283,-0.07663948982954025,0.42505882531404493,0.2642559245228767,-0.17814849466085433,-0.08361548334360122,-0.029721924662590028,-0.1840663120150566,-0.20248735100030898,0.16305912882089615,0.3269976511597633,-0.05452038496732712]","[0.02462967534859975,0.036785565813382465,0.05444731613000234,0.05655714174111684,0.035812996824582416,0.050298654039700824,0.017505191763242084,-0.0021716723839441954,-0.008716232577959698,-0.009892023603121441,-0.02645973066488902,-0.08339112202326457,-0.10117376546065013,-0.06751141647497813,0.02327942152818044]"
2026-06-02T14:49:03.420,5.524,80,0,35,0.003632,65.290,10.045,63.380,13.846,1,ok,u16_id_range_primary,136,"[0.3906067743897438,0.23476888090372086,-0.22174154371023178,-0.1292301431298256,-0.06905456781387329,-0.22410698384046554,-0.2453061506152153,0.14153869301080704,0.2984623149037361,-0.10978077501058578,-0.41534908264875414,-0.3580396041274071,0.14575622826814652,0.5245205596089363,0.03695539981126785]","[0.04833082954088847,0.014491365353266401,-0.0058192749818166065,-0.013037606080373125,-0.01491139729817708,-0.03602696855862935,-0.09706146915753683,-0.11530689795811971,-0.07936103542645773,0.02157612244288127,0.09932316939036051,0.07451985875765482,0.033739254872004194,0.0163396159807841,0.053204433123270674]"
2026-06-02T14:49:04.836,6.940,96,0,35,0.004473,63.616,10.045,63.440,12.880,1,ok,u16_id_range_primary,136,"[-0.15488033493359885,-0.15572730203469595,0.10067945222059886,0.3773440072933833,0.08328431348005931,-0.4220569183429082,-0.42511684199174243,0.2242626796166102,0.6094310233990351,0.0728071282307307,-0.5017745544513067,-0.43410379191239673,0.2881665776173274,0.44259964923063916,-0.10491508742173512]","[-0.03188249866167704,-0.10152689019838969,-0.13341391483942666,-0.10140470067660014,-0.002516065041224161,0.07229622801144918,0.05559795697530111,0.0196678896745046,0.007341678937276205,0.04446211059888204,0.018505539496739706,-0.04200694362322489,-0.03263137141863505,0.011704232295354208,0.21580674846967063]"
2026-06-02T14:49:06.279,8.383,112,0,35,0.015956,61.942,10.045,63.091,12.219,1,ok,u16_id_range_primary,136,"[-0.453200368086497,-0.5117640773455302,0.24354657729466755,0.682680340607961,0.09440294106801352,-0.511575190226237,-0.4378602186838786,0.29292446573575337,0.4525247534116109,-0.09806942741076151,-0.32550236384073894,-0.35692596236864726,0.1943850537141164,0.5976101477940877,0.1368233283360799]","[-0.07018760045369467,-0.08482435544331869,-0.1203642209370931,-0.13156259258588154,-0.0923224707444509,-0.11730450590451559,-0.1789688487847646,-0.16991645296414692,-0.12542569835980732,0.07889073888460794,0.20583322445551555,0.2727794925371806,0.2550097088019053,0.2024647573630015,0.07589882413546244]"
2026-06-02T14:49:07.699,9.803,128,0,35,0.009707,63.616,8.370,63.207,11.369,1,ok,u16_id_range_primary,136,"[-0.4851600895325343,-0.410898960630099,0.3300286163886388,0.4900557627280553,-0.2297337124745051,-0.19951977531115214,0.29993154903252917,0.0955412616332372,-0.2065069446961085,0.013834722836812335,0.16965109904607137,0.18094719250996907,-0.023810617129007977,0.17387782831986745,-0.19823793272177379]","[-0.10266263087590535,-0.16549498637517293,-0.157045312722524,-0.13552428086598714,-0.12782556613286336,-0.09034056266148885,-0.011671729882558185,0.04435264269510905,0.09652977387110392,0.0756790558497111,0.051957301298777264,-0.005995683868726093,0.00895155171553294,0.211771688858668,0.3073187390963237]"
2026-06-02T14:49:09.134,11.238,144,0,35,0.015080,61.942,8.370,62.937,10.731,1,ok,u16_id_range_primary,136,"[-0.2515036771694819,0.2551055540641149,0.04545941849549612,-0.2592518041531245,-0.03580325941244761,0.11835440893967947,0.13901938398679098,-0.08057418564955393,0.11773547430833181,-0.2338524470726649,-0.8419538150231044,0.16606956621011099,1.2167289843161901,0.5059273829062779,-0.8614609847466151]","[-0.12193710009256999,-0.041560653845469156,0.014370795090993246,0.06810307105382284,0.04479211171468099,0.020888279875119528,-0.03806470731894175,-0.025827829043070474,0.17811795671780906,0.2744467814763387,0.21054946978886924,0.034536596139272055,-0.13050890366236367,-0.20572948853174844,-0.2821763793627421]"
2026-06-02T14:49:10.578,12.682,160,0,32,0.021406,61.942,6.696,62.937,10.731,0,transient_bin_jump_gating,u16_id_range_primary,136,"[-0.6533233155806859,-0.03348776002724965,0.37981290320555366,0.23296295801798503,-0.10152555306752523,-0.2020659973224004,-0.04035743375619252,0.2262213150660197,0.3249090681473414,-0.23816113968690236,-0.5595177640517552,0.05526027778784434,0.5716297994057338,0.25298140148321785,-0.2153387596209844]","[-0.01382186114788056,0.017921903729438776,0.08782873451709747,0.15781388580799102,0.20317704379558563,0.16903551816940307,0.06126789152622222,-0.023343643546104437,-0.019419214129447943,-0.03456850945949555,-0.07826759517192841,-0.13835754096508027,-0.16985418498516083,-0.13421549499034882,-0.08519693315029145]"
2026-06-02T14:49:12.011,14.114,176,0,32,0.013863,63.616,6.696,62.937,10.731,0,transient_bin_jump_gating,u16_id_range_primary,136,"[-0.24679799179236095,-0.07295927206675212,0.1926928182442983,0.31766316493352253,-0.21611928741137187,-0.5978358666102092,-0.022179631392161052,0.5433406551678975,0.24728951056798298,-0.2752343992392222,-0.3036199490229289,-0.12790860037008922,0.004318149884541829,0.3134495933850606,0.24390110572179158]","[0.19774557190636793,0.09763697820405165,0.012627343709270163,0.021116438383857412,0.009870338315765066,-0.03272128564616044,-0.09480034274359544,-0.125716728096207,-0.09179165301223596,-0.04674830188353856,0.015770617003242178,0.025331567103664084,-0.016389285152157144,0.004500846440593405,0.023567895467082663]"
2026-06-02T14:49:13.428,15.531,192,0,32,0.018110,61.942,13.393,62.937,10.731,0,transient_bin_jump_gating,u16_id_range_primary,136,"[-0.6456583390633265,-0.07156797746817271,0.5794031967719396,0.32097703715165454,-0.37984847525755566,-0.4060426304737727,0.39590564866860706,0.12718558808167776,-0.4823772559563319,-0.1819340536991755,0.06461197634538014,0.020507459839185078,0.12748955686887106,0.18501481910546622,0.34633344908555347]","[0.022098431984583534,-0.027874608834584556,-0.04795085390408834,-0.008177896340688072,-0.12343802054723105,-0.17532302935918173,-0.17493321498235068,-0.15391399463017783,-0.03049351771672567,0.10231826702753702,0.20655677715937296,0.2542966405550639,0.12569687763849893,0.01537750164667765,0.01576064030329386]"
2026-06-02T14:49:14.859,16.963,208,0,32,0.082830,61.942,13.393,62.730,11.285,1,ok,u16_id_range_primary,136,"[0.0889628807703654,0.2589976022640864,-0.6499588360389074,-0.4636404981215795,0.4465121159950892,0.30601908067862194,-0.10200573702653248,0.014026505748430888,-0.003531443079312642,0.09861649374167125,-0.133984970053037,-0.8064802159865697,-0.8368791808684667,0.5812388191620509,1.2021073828140894]","[-0.7632756253083547,-0.7149760146935781,-0.5944499393304189,-0.3501431365807851,-0.09861892660458882,0.103975115219752,0.22104602853457134,0.14042550126711528,0.04938941995302836,0.05082231561342875,0.25229650537172954,0.385969219605128,0.4544324258963267,0.45763855973879497,0.40546855131785076]"
2026-06-02T14:49:16.489,18.592,224,0,32,0.078131,63.616,16.741,62.912,12.405,1,ok,u16_id_range_primary,136,"[0.3805810240407785,0.06591828813155493,0.20776701246698698,0.17148706590135893,0.21060282265146574,-0.07185965503255526,-0.7605547281603019,-0.7855672212938468,0.6541575816770394,1.3115696338315805,0.32459003006418546,-0.5172617408136527,-0.2084170254568259,-0.08945482696096102,-0.893558261046807]","[-0.012408300240834558,0.07533736626307169,-0.02975802024205526,-0.1443713148434957,-0.1614628275235494,0.025260047117869056,0.14951653877894083,0.2119017998377482,0.2110926071802775,0.15613974730173746,0.06951899925867716,-0.08419613440831503,-0.035182996590932214,-0.1084237535794576,-0.3229637583096822]"
2026-06-02T14:49:17.738,19.842,240,0,32,0.086241,50.223,6.696,62.912,12.405,0,br_jump_16.74_to_6.70,u16_id_range_primary,136,"[0.6873940666516621,-0.8762865821520488,-1.2901283065478006,0.475079341729482,1.3327584703763327,0.3914725621541341,-0.335833744208018,-0.02297295729319255,-0.050122157732645674,-0.9631266156832378,0.09707693656285604,1.563322110970815,0.3128802021344503,-1.1419238607088724,-0.17958946625391642]","[0.3561293601989746,0.37613837122917176,0.35302786231040956,0.29206029772758485,0.2035277307033539,0.10781506896018982,-0.038670974969863894,0.030299943685531613,-0.014821249246597293,-0.2052089750766754,-0.34474321007728576,-0.3452041923999786,-0.3290023386478424,-0.2710473120212555,-0.17030038237571715]"
2026-06-02T14:49:19.374,21.478,256,0,32,0.053904,50.223,15.067,60.332,12.946,1,ok,u16_id_range_primary,136,"[0.296442075073719,-0.354126350581646,0.010748369991779326,-0.015309648215770723,-0.9660028383135796,0.07094333916902543,1.5018237665295602,0.209253890812397,-1.2068367168307303,-0.18009551018476486,0.5312125518918037,-0.026145854592323305,0.20564810782670975,0.42683435827493665,-0.5043895408511162]","[0.17094953854878744,0.04109295209248861,0.12256368001302084,0.08616693814595541,-0.10174957911173502,-0.23233608404795328,-0.22786323229471842,-0.2087023357550303,-0.1487082044283549,-0.04413713018099467,-0.01305002967516581,0.005548467238744102,0.10632099707921347,0.2193473925193151,0.22455662985642752]"
2026-06-02T14:49:20.790,22.894,272,0,32,0.073418,53.571,6.696,58.965,11.683,1,ok,u16_id_range_primary,136,"[0.077532825867335,1.5042563060919443,0.1531236747900645,-1.3024438043435416,-0.27983659704526265,0.39140790502230327,-0.18258296151955922,0.11228619317213694,0.3745958189169566,-0.5929481407006582,-0.6435520072778066,0.42838507692019145,0.45621853868166606,-0.21980834205945332,-0.2766344865163167]","[-0.11280477494001388,-0.13068366497755052,-0.13301632255315782,-0.0911253735423088,0.0026276327669620507,0.020988471060991287,0.028848226368427276,0.12609546929597854,0.2354436472058296,0.23663210421800612,0.18861746340990065,0.06870042830705643,-0.060520653426647184,-0.17377824038267137,-0.20602441281080247]"
2026-06-02T14:49:22.213,24.317,288,0,32,0.082438,55.245,6.696,58.216,10.679,1,ok,u16_id_range_primary,136,"[0.6023020250101884,-0.706682791064183,-0.1916279690961043,0.9903768402834733,-0.1641553538540999,-0.9367925422887008,0.14867324655254682,0.5186181170245011,-0.0785952108601729,-0.1395453485349814,-0.014047623674074809,-0.12931465084354082,-0.11520733411113421,0.01603738491733869,0.1999612105389436]","[0.4224526435136795,0.46854449808597565,0.5125476270914078,0.5115643292665482,0.3834269791841507,0.2122795134782791,-0.016293808817863464,-0.2258325070142746,-0.3874111622571945,-0.44159798324108124,-0.44116775691509247,-0.35106615722179413,-0.2629541605710983,-0.22294868528842926,-0.1615433692932129]"
2026-06-02T14:49:23.660,25.764,304,0,32,0.098021,56.919,18.415,58.216,10.679,0,br_jump_6.70_to_18.42,u16_id_range_primary,136,"[-0.9000153914093971,0.22495438903570175,0.599952720105648,0.008212082087993622,-0.061757706105709076,0.03289520740509033,-0.08425462990999222,-0.04798256605863571,0.090687595307827,0.26456930488348007,0.28612304478883743,0.0055490657687187195,-0.2842162624001503,-0.1160442903637886,-0.018672563135623932]","[0.4136462425192197,0.17782881011565527,-0.039340713123480475,-0.20453069458405176,-0.26106117020050684,-0.2598258043328921,-0.16881189594666163,-0.07749328861633936,-0.03298721561829249,0.03173253585894903,0.09251098980506262,0.132656200726827,0.17240988363822302,0.09885986795028051,-0.07559374819199244]"
2026-06-02T14:49:25.076,27.180,320,0,32,0.134541,68.638,15.067,60.310,11.560,1,ok,u16_id_range_primary,136,"[-0.007555327316125234,-0.11634916340311369,-0.037004458655913675,0.09787919844190279,0.22358028317491213,0.23737616563836733,-0.01783503865202268,-0.2994885024925073,-0.14160810684164366,-0.04511057113607725,0.4698355915645758,0.596312743673722,-0.5674872574706872,-0.7489832816024621,0.3564377250770728]","[-0.23451643486817678,-0.14666169186433156,-0.054302268226941425,-0.006780140598615009,0.0592121551434199,0.11988846162954966,0.15993580917517344,0.1983161489168803,0.12641093830267588,-0.04813974400361379,-0.06992702980836232,-0.04167299767335256,-0.0010963012774785341,-0.013183884819348651,-0.047483020027478534]"
2026-06-02T14:49:27.910,30.014,352,0,32,0.192890,50.223,8.370,58.287,10.920,1,ok,u16_id_range_primary,136,"[0.5835608065128326,-0.3316294729709625,-0.7176162779331208,0.4340107262134552,0.9874314486980438,0.1147023856639862,-0.4871969997882843,-0.9803540885448456,-0.4212269365787506,1.0360023200511932,0.6632176458835601,-0.5420563399791718,-0.5093580961227417,-0.023398536443710326,0.19391141533851625]","[-0.3669918457667033,0.034276159604390455,0.27995744546254475,0.399993093808492,0.38072720368703206,0.4197161515553792,0.4055728038152059,0.14913049538930256,-0.07204851309458415,-0.2397107760111491,-0.3025811592737834,-0.28096028963724773,-0.23475393454233806,-0.278168527285258,-0.2941583077112834]"
2026-06-02T14:49:29.383,31.487,368,0,32,0.165781,55.245,8.370,57.677,10.410,1,ok,u16_id_range_primary,136,"[0.10145567754904429,-0.5093411912520727,-0.3580555429061254,-0.09748668571313222,0.37476750115553537,0.2558525244394938,-0.07668383022149404,0.014852229754130045,0.14267993370691934,0.25483514765898385,0.4143021593491236,0.00624536375204722,-0.5507028212149938,-0.4636746754248937,0.49095420936743417]","[0.4085662990808487,0.263791087269783,-0.012479212880134594,-0.17765272855758668,-0.24888636618852616,-0.2044780895113945,-0.08476668298244477,0.040199312567710865,0.04686898291110991,0.05738455355167388,0.05541390478610991,0.11787265837192534,0.06173807680606841,-0.07975095212459565,-0.2438208431005478]"
2026-06-02T14:49:30.812,32.916,384,0,32,0.120033,53.571,8.370,56.855,10.001,1,ok,u16_id_range_primary,136,"[0.21833047568798064,-0.12847704887390138,-0.03543519675731659,0.10144284665584564,0.21057969629764556,0.37318973541259765,-0.01733331084251404,-0.5878882825374603,-0.5239547312259674,0.44402416348457335,0.7901034533977509,0.12470986247062683,-0.22331674098968507,-0.34993250370025636,-0.39604241847991944]","[-0.09325470129648844,0.028507544596989953,0.15543718536694845,0.16590793331464132,0.17560149629910787,0.17386187513669332,0.23805571993192037,0.18353129824002584,0.042215599616368615,-0.12097190419832865,-0.2787406305472056,-0.3285407880942027,-0.23284839193026224,-0.11431931058565775,0.00555707414944967]"
2026-06-02T14:49:32.226,34.330,400,0,32,0.106680,50.223,8.370,55.528,9.675,1,ok,u16_id_range_primary,136,"[0.7450125177701314,-1.0032216350237528,-1.3217639962832133,0.0025293787320454916,1.0456010063489278,0.8063306172688802,-0.012459043661753336,-0.3803415338198344,-0.60136825243632,-0.5369412938753764,0.0927567442258199,0.6841111739476522,0.338782544930776,-0.03369677464167277,0.17466854651769]","[-0.12394047578175862,0.05785361627737681,0.12098670701185862,0.0772446463505427,-0.012335651119550067,-0.12244283457597097,-0.15071963568528493,-0.061061136921246845,0.03887141446272532,0.13614023427168528,0.16952026585737864,0.1619309256474177,0.00645054082075755,-0.11480986376603444,-0.18368875284989675]"
2026-06-02T14:49:33.641,35.745,416,0,32,0.135146,50.223,6.696,54.466,9.079,1,ok,u16_id_range_primary,136,"[0.5470280925432841,-0.04779198964436849,-0.3005632778008779,-0.4449181874593099,-0.42572173674901326,0.09047362009684246,0.5708325187365214,0.20952409307161968,-0.1483466645081838,0.07581424514452617,-0.3081182559331258,-0.7679336984952291,-0.06112286647160848,0.6072177569071452,0.40362635056177776]","[-0.15607513586680094,-0.1887133280436198,-0.08305324713389078,0.044639929135640466,0.1754796346028646,0.24243698914845785,0.26296804745992025,0.14289937814076742,0.04439531167348226,-0.006046191851298011,-0.04681862990061442,-0.10040809313456217,-0.16057528654734293,-0.1614121953646342,-0.009717182318369544]"
2026-06-02T14:49:35.075,37.179,432,0,32,0.125695,50.223,10.045,53.617,9.272,1,ok,u16_id_range_primary,136,"[0.15837688048680623,0.4316565175851186,0.09993199308713277,-0.20914857784907023,0.008593507607777912,-0.3183687547842662,-0.7100670556227366,0.011499621470769245,0.637502767642339,0.38165179689725237,-0.19400986234347026,-0.6423945049444835,-0.35257109204928083,0.32276911338170367,0.3745776494344075]","[0.0075637171665827434,0.05923867921034495,-0.02986847658952077,-0.10125427742799123,-0.1265989770491918,-0.148610853155454,-0.1890779068072637,-0.23793063362439473,-0.22958570023377736,-0.06826864977677663,0.11151636342207591,0.25349540213743843,0.28347519735495247,0.27869103054205574,0.1372150848309199]"
2026-06-02T14:49:36.506,38.610,448,0,32,0.076599,68.638,8.370,56.622,9.092,1,ok,u16_id_range_primary,136,"[-0.2497143271068732,-0.6563801291088264,0.07775901531179746,0.7172537324329217,0.4594516632457574,-0.09986938262979189,-0.5473002913097541,-0.2759626033405463,0.3980576572318872,0.45223273610075315,-0.02653149987260501,-0.07205263997117678,-0.09813424671689669,0.029919198652108507,-0.10872888291875521]","[-0.08506365517775218,-0.12890090445677438,-0.17819236616293588,-0.17351226905981698,-0.01543781558672587,0.1616461088260015,0.2996192385752996,0.32658303876717887,0.32014338274796805,0.17923919459184012,0.07358692189057668,-0.1173131654659907,-0.2164519021908442,-0.21392964224020639,-0.23201616505781808]"
2026-06-02T14:49:37.924,40.028,464,0,32,0.068696,68.638,11.719,59.026,9.617,1,ok,u16_id_range_primary,136,"[-0.08863208778202533,-0.5268803644925356,-0.26518766172230246,0.4064595889300108,0.4556018006056547,-0.03436912186443806,-0.07520876415073871,-0.08902181275188922,0.03643365427851677,-0.1036506850272417,-0.20852417834103107,0.3629833053797483,0.47989409081637857,-0.2199633229523897,-0.12993444092571735]","[0.16026318271954854,0.2952929159005483,0.3198599835236867,0.3128886838754018,0.17204755743344624,0.06659311254819235,-0.12276571790377298,-0.21984642545382183,-0.2173333744208018,-0.23439162770907085,-0.21273746887842815,-0.13831096688906352,-0.08482712308565775,-0.08432537118593851,-0.012407360474268589]"
2026-06-02T14:49:39.340,41.444,480,0,32,0.046395,50.223,8.370,57.265,9.368,1,ok,u16_id_range_primary,136,"[-0.03035853256781896,-0.07892764558394749,-0.11357688357432683,-0.002936827143033345,-0.1284862404068311,-0.20934901585181553,0.3596136475602786,0.47196706185738246,-0.21533308376868565,-0.134053269525369,0.18467970738808315,-0.20256731857856114,0.08419932971398036,0.2895798588792483,-0.2744507883985837]","[0.19632033507029215,0.002537886301676423,-0.09901722272237143,-0.10240437587102255,-0.12360318501790366,-0.10533763964970908,-0.03463443120320639,0.015472690264383943,0.014564077059427888,0.08357624212900797,-0.0029189189275105887,-0.036399324735005706,-0.014800031979878753,0.052030245463053376,0.15461365381876627]"
2026-06-02T14:49:40.779,42.883,496,0,32,0.056129,50.223,13.393,55.856,10.173,1,ok,u16_id_range_primary,136,"[0.5865242650111516,0.4684941341479619,-0.09510986308256786,-0.5620152185360591,-0.19545770982901256,0.15028664668401082,-0.12884656886259716,0.2401209642489751,0.3110074867804845,-0.3979599306980769,-0.4033569524685542,0.2270982136329015,0.3185278942187627,-0.5185502598683039,-0.0007631013790766403]","[-0.013217433293660485,-0.05091021855672201,-0.09544132550557455,-0.1653697927792867,-0.14098428090413412,-0.2478433092435201,-0.28145395119984945,-0.24457882245381674,-0.15428601106007894,-0.024679764111836755,0.08181609312693278,0.2939444939295451,0.405126945177714,0.34026075998942057,0.29761661688486735]"
2026-06-02T14:49:42.413,44.517,512,0,32,0.049123,51.897,6.696,55.065,9.478,1,ok,u16_id_range_primary,136,"[0.16012540956338248,-0.10768101612726848,0.2821180572112401,0.33840284248193103,-0.38666656116644543,-0.3786472628513972,0.26113376518090564,0.3442739595969518,-0.501840258638064,0.03753304978211721,0.8711487998565038,-0.10629322628180186,-0.8025127897659937,-0.0697318563858668,0.05863708754380544]","[-0.438652503490448,-0.47287829518318175,-0.4352265179157257,-0.3443052351474762,-0.21382279992103576,-0.10554428696632386,0.11019496321678161,0.22176007628440858,0.15728430151939393,0.11644558310508728,0.09806637167930603,0.10513917803764343,0.22377215027809144,0.45402358174324037,0.5237434327602386]"
2026-06-02T14:49:43.833,45.937,528,0,32,0.062131,68.638,11.719,57.779,9.926,1,ok,u16_id_range_primary,136,"[-0.2766936759154002,0.3306088705857595,0.3870659132798513,-0.5020001868406931,-0.02781215707461039,0.8020489474137624,-0.11618313590685526,-0.7770740727583567,-0.03952238361040751,0.08705389102300008,-0.28697941104571023,0.5252408047517141,0.9804695506890615,-0.07426700393358866,-1.0119559506575266]","[-0.20026527841885886,-0.012305845816930144,0.07842696706453958,-0.00014125307401022247,-0.05317162473996481,-0.07982521255811056,-0.08004777630170187,0.03358683983484903,0.2607874969641367,0.32865489522616065,0.2785242895285288,0.1212450365225474,-0.03726541002591452,-0.18807755907376608,-0.45012556513150537]"
2026-06-02T14:49:45.257,47.361,544,0,32,0.090092,56.919,11.719,57.607,10.284,1,ok,u16_id_range_primary,136,"[0.8147117455800374,-0.09235698382059733,-0.7589054743448893,-0.020136181513468424,0.10762253006299337,-0.2743487993876139,0.5354964097340902,0.9943220575650533,-0.050150219599405924,-0.9890634457270304,-0.5813719073931376,0.553699787457784,0.637244995435079,-0.42805076042811074,-0.4487137536207835]","[0.1841039737065633,0.18150163491566976,0.2923052986462911,0.5175414164861043,0.5835973103841146,0.5346222003300984,0.376786478360494,0.21904111703236898,0.06922627290089925,-0.1912932316462199,-0.4611222664515177,-0.5711709181467692,-0.5556440869967143,-0.604457966486613,-0.5750372330347697]"
2026-06-02T14:49:46.704,48.808,560,0,32,0.095766,61.942,10.045,58.474,10.236,1,ok,u16_id_range_primary,136,"[-0.28742748697598774,0.5218608955542247,0.9800689200560252,-0.06478655536969502,-0.9979399462540944,-0.5895181914170583,0.5356898287932078,0.6224633435408274,-0.4337565024693807,-0.4605394621690114,0.769386766354243,0.5121864060560862,-0.6304730196793874,-0.6143435855706533,0.1371285895506541]","[0.6673313657442729,0.5092147866884867,0.3513740579287211,0.200964359442393,-0.05822643836339314,-0.32787785132726033,-0.438315482934316,-0.42340895732243855,-0.471775742371877,-0.4423605521519979,-0.3025665005048116,-0.07997688849767048,0.15606847206751506,0.2919863740603129,0.3675689975420634]"
2026-06-02T14:49:48.124,50.228,576,0,32,0.164153,63.616,10.045,59.503,10.198,1,ok,u16_id_range_primary,136,"[0.18134224812189736,0.23239924410978952,-0.03726084132989248,-0.6968839873870214,-0.5373683085044225,0.7515185366074244,0.6853213200966517,-0.4305257906516393,-0.6062644233306249,0.007852930823961893,0.41444625357786813,0.22992580036322274,-0.7080867995818456,-0.5285401453574499,1.0421239624420802]","[-0.2553236564000448,-0.4430403788884481,-0.4892621119817098,-0.571060307820638,-0.5536407311757405,-0.40577448209126793,-0.16235757668813072,0.10158681074778236,0.2704577366511027,0.3784654060999552,0.52271675268809,0.6352958599726359,0.4753868500391642,0.27201008001963295,0.22453974882761635]"
2026-06-02T14:49:49.544,51.648,592,0,32,0.128187,51.897,11.719,57.981,10.502,1,ok,u16_id_range_primary,136,"[0.6455534756183624,0.479570335149765,-0.5566512286663056,-0.5755744516849518,0.09537310004234315,0.4857898414134979,0.27921161651611326,-0.697871857881546,-0.5793070137500763,0.9635621964931488,0.6164379775524139,-1.1411719858646392,-0.8317563474178314,0.4244546353816986,0.3923797070980072]","[-0.5952386736869812,-0.3638079047203064,-0.12359856367111206,0.01700259447097778,0.09565974473953247,0.20949698686599733,0.29671372175216676,0.11874772310256958,-0.09881924390792847,-0.15535567998886107,-0.10560129880905152,-0.005748736858367923,0.17539496421813966,0.27330840826034547,0.26184595823287965]"
2026-06-02T14:49:50.981,53.085,608,0,32,0.081530,58.593,11.719,58.104,10.745,1,ok,u16_id_range_primary,136,"[0.5169468243916829,0.26539716323216755,-0.7043496648470561,-0.5541894714037577,1.0167805870374045,0.6922000964482625,-1.0602613965670267,-0.7686158696810405,0.46775368054707844,0.42476791342099507,0.2245323081811269,0.4233163317044576,-0.16451027790705364,-0.6801108400026957,-0.09965738455454508]","[0.1960799753665924,0.2697740852832794,0.0818250834941864,-0.14335744976997375,-0.20601051449775695,-0.16101651787757873,-0.06598287224769592,0.11001536846160889,0.2029053032398224,0.18623626828193665,0.12056613564491273,0.05317164063453675,-0.10350345969200134,-0.21163963675498962,-0.3290634095668793]"
2026-06-02T14:49:52.399,54.503,624,0,32,0.086519,60.268,16.741,58.537,11.945,1,ok,u16_id_range_primary,136,"[0.6993248234192531,-1.052587412794431,-0.7631508340438207,0.4752529035011927,0.4354251096645991,0.23119459251562754,0.42722008327643074,-0.15783252616723378,-0.6731999744971593,-0.09167947669823964,0.09825695256392161,0.06461540559927623,0.23627022604147593,0.1421223948399226,-0.07123226722081502]","[0.015301231543223064,0.11088610092798869,0.2866634468237559,0.37957111398379006,0.36283082167307534,0.29714608589808145,0.2301090995470683,0.07327294747034709,-0.03502249320348104,-0.15282046397527058,-0.2172236402829488,-0.2809945305188497,-0.2865392525990804,-0.35172545512517295,-0.43145501216252646]"
2026-06-02T14:49:53.817,55.921,640,0,32,0.068755,60.268,10.045,58.883,11.565,1,ok,u16_id_range_primary,136,"[0.27185474932193754,0.4579417914152145,-0.1181633859872818,-0.6311962991952896,-0.04674459397792816,0.14977850615978242,0.2785524636507034,0.18192002773284913,-0.4360810905694962,0.10794200599193574,1.043822428584099,0.29729809463024137,-0.660796383023262,-0.6078065425157547,-0.28832177221775057]","[0.3745840643843015,0.3071200703581174,0.14833723058303197,0.0384172057112058,-0.08158148775498072,-0.12416101942459742,0.007484183212121326,0.09098540296157201,0.016321763892968494,-0.13697852144638697,-0.25720120916763944,-0.312648310760657,-0.18481175551811854,-0.03616078893343608,0.1502931719024976]"
2026-06-02T14:49:55.237,57.341,656,0,32,0.119149,65.290,8.370,60.164,10.926,1,ok,u16_id_range_primary,136,"[0.06989251474539439,0.2152239123980204,0.11031170586744944,-0.5114615072806676,0.03943114380041758,0.9720913658539454,0.21388619045416513,-0.7351839651664098,-0.6771068086226781,-0.37039877076943717,0.26693539718786874,0.7004819403092066,0.37374999026457467,-0.34093923469384513,-0.3269138743480047]","[-0.22700979908307395,-0.09352120359738668,-0.007719959815343222,-0.08084895809491476,-0.23175766666730246,-0.35091796120007834,-0.40628996094067893,-0.27734776933987937,-0.12927266558011374,0.055903289715449014,0.21971083084742227,0.4111543039480845,0.4995216468969981,0.4078892211119334,0.21050665179888406]"
2026-06-02T14:49:56.677,58.781,672,0,32,0.056029,55.245,8.370,59.180,10.415,1,ok,u16_id_range_primary,136,"[1.0411855975786846,0.29839859406153363,-1.2904334266980488,-0.9279723962148031,0.34652135769526166,0.5554018417994181,0.3848590950171153,0.5255785981814066,-0.5870036085446676,-1.1727850635846455,0.1645344297091166,0.6380225817362467,-0.01690413554509481,0.11300374070803323,-0.07240720589955649]","[-0.06574641664822896,0.010296533505121871,0.16039932767550152,0.25380755464235943,0.31836743156115216,0.1787099341551463,0.1813950041929881,0.2039716939131419,0.13527936736742657,0.015440295139948532,-0.11259894569714864,-0.3327843447526296,-0.4096588393052419,-0.35795556505521137,-0.17892303069432575]"
2026-06-02T14:49:58.106,60.210,688,0,32,0.048490,55.245,11.719,58.393,10.676,1,ok,u16_id_range_primary,136,"[0.5355703930060068,0.37367431322733563,0.5057875017325083,-0.6105885406335195,-1.1936857004960377,0.15076310435930887,0.626583049694697,-0.04363920291264852,0.08541391293207803,-0.08722432454427084,-0.7080284853776296,-0.3744158049424489,0.5615165928999583,0.24177608887354532,-0.06350289781888327]","[0.1777830143769582,0.18008673389752705,0.20314502914746602,0.134294988711675,0.012902023394902554,-0.11381673614184061,-0.3321936110655467,-0.40729117194811504,-0.3548364321390788,-0.17685758868853252,-0.023050544659296665,0.1422312875588735,0.22695350845654805,0.1824861188729604,0.14816338022549946]"
2026-06-02T14:49:59.539,61.642,704,0,32,0.042623,55.245,11.719,57.764,10.884,1,ok,u16_id_range_primary,136,"[0.20223918755849202,0.6779004057248433,-0.012667385737101237,0.11288508971532185,-0.04362147847811381,-0.6505242864290873,-0.32061829964319866,0.5922810753186544,0.2648809274037679,-0.014978317419687907,0.18083909352620442,-0.2983263115088145,-0.4795840660730998,-0.1915966550509135,-0.019108978907267253]","[-0.04035318493843079,-0.2574672758579254,-0.33075094819068906,-0.27888179421424864,-0.10284218788146973,0.04934250712394714,0.2168925940990448,0.2998927175998688,0.255428159236908,0.22033714652061462,0.15384971499443054,0.09236877560615539,0.07226868867874145,-0.06729925274848939,-0.2827856600284576]"
2026-06-02T14:50:00.980,63.083,720,0,32,0.045716,65.290,16.741,59.269,12.056,1,ok,u16_id_range_primary,136,"[-0.5337317228317261,-0.215068781375885,0.6775288343429565,0.32498852014541624,0.07498935461044312,0.33163336515426634,-0.21266731023788452,-0.4403563976287842,-0.08597340583801269,0.11966100931167603,0.7773779988288879,0.8044812440872192,-0.6063563466072083,-0.9182557106018067,-0.0982506513595581]","[-0.04504748980204264,0.12543818553288777,0.2078106125195821,0.1534254272778829,0.12014520366986593,0.05794498523076376,-0.0006332973639170264,-0.018965450922648106,-0.15687700907389324,-0.3730624596277873,-0.3693295399347941,-0.23993047873179119,0.008426817258199062,0.2605704387029012,0.27008405526479085]"
2026-06-02T14:50:02.411,64.514,736,0,32,0.058011,55.245,8.370,58.464,11.319,1,ok,u16_id_range_primary,136,"[0.5327679296334584,0.38030714591344195,-0.694087020556132,-0.8622537771860759,0.2636528094609578,1.2134026368459065,0.45953203042348223,-0.45561610857645674,-0.09548015097777049,-0.045681602756182355,-0.10238128105799357,0.7880445798238118,0.7478289087613423,-0.8146469513575236,-1.3153891483942668]","[-0.3906164308389028,-0.4295442243417104,-0.3690910478432973,-0.37910999258359274,-0.2919327159722646,-0.1039284606774648,0.08533345262209574,0.3007653812567393,0.46616683999697367,0.3649738887945811,0.1688575009504954,0.08011870185534159,0.17771332065264384,0.19650362531344095,0.12379016081492106]"
2026-06-02T14:50:03.827,65.931,752,0,32,0.098060,55.245,16.741,57.820,12.403,1,ok,u16_id_range_primary,136,"[1.077926084647576,0.26492725337545076,-0.7767053989072641,-0.3340701309343179,0.04434038723508517,-0.48432774816950164,0.20847646916906037,1.1643702241281668,-0.16175301348169646,-1.4558490065236886,-0.3213778284688791,0.8201903554300467,0.37539391244451203,-0.42834006225069365,0.006798502306143442]","[-0.1996211647987366,-0.009122574329376243,0.18845502138137815,0.413082218170166,0.45581737756729124,0.2795780062675476,0.12610379457473753,0.11193469762802122,0.0905242323875427,0.0734188914299011,0.011311805248260476,-0.03090401887893679,-0.19363280534744265,-0.5092870831489563,-0.8076583981513977]"
2026-06-02T14:50:05.461,67.564,768,0,32,0.168895,55.245,8.370,57.305,11.597,1,ok,u16_id_range_primary,136,"[-0.4605724088847637,0.24218837693333625,1.1983074970543384,-0.1335696153342724,-1.426069038361311,-0.29244782254099844,0.8455710239708424,0.4072252042591572,-0.3971985451877117,0.034338028728961946,0.665234250575304,-0.3437872104346752,-1.174503105133772,0.008604270964860916,0.8266790933907032]","[0.7046373089154562,0.5515594681104025,0.537869950135549,0.5171046455701193,0.5012393196423849,0.4390642841657003,0.3971955974896749,0.23424365123112997,-0.08097384373346964,-0.37931893269220984,-0.5175771514574686,-0.6529602805773417,-0.7555280725161234,-0.7544654409090678,-0.7420905033747355]"
2026-06-02T14:50:06.888,68.992,784,0,32,0.096891,56.919,11.719,57.228,11.621,1,ok,u16_id_range_primary,136,"[0.28047737181186677,1.4018155008554458,-0.07208851277828217,-1.1604147285223008,-0.06022480428218842,0.7226076990365982,0.003235903382301328,-0.7713994711637497,-0.6079355210065842,-0.12224760949611664,0.07955720722675323,0.40455153286457063,-0.046429726481437686,-0.34127371311187743,0.2897688716650009]","[0.5140371461709341,0.5626184781392416,0.5040704747041067,0.28756664594014486,-0.02185429732004801,-0.2876469651858012,-0.45594032208124796,-0.5267642895380655,-0.4628102938334147,-0.3780605951944987,-0.2301561991373698,-0.02471520105997721,0.011674626668294275,0.1487619717915853,0.35921881993611654]"
2026-06-02T14:50:08.322,70.426,800,0,32,0.169255,56.919,10.045,57.166,11.306,1,ok,u16_id_range_primary,136,"[0.31069868405659995,0.1057601531346639,-1.0125294963518778,-0.9940583745638529,0.6335782368977865,1.0453177054723104,0.14740830262502036,-0.23015749851862588,-0.010120217005411783,-0.1848512331644694,-0.9309783617655436,-0.6397571007410685,0.6409336884816488,0.9820244868596395,0.13673102458318076]","[-0.2855729818344116,-0.3364649772644043,-0.3875794768333435,-0.36903599500656126,-0.35958108901977537,-0.38551769256591795,-0.4318691253662109,-0.5050166606903076,-0.36673245429992674,-0.07900271415710447,0.22797455787658694,0.5141836643218994,0.7567402362823487,0.9600812435150147,1.0473934650421142]"
2026-06-02T14:50:09.740,71.844,816,0,32,0.275836,56.919,8.370,57.117,10.719,1,ok,u16_id_range_primary,136,"[1.0632216850916545,0.14242904583613078,-0.22261966069539388,0.010447911421457925,-0.17362672885258992,-0.9236461599667867,-0.6301831086476644,0.649746052424113,0.9954993645350139,0.14804839293162028,-0.30252230962117516,-0.08139628966649373,-0.7030310114224751,-0.6634286125500997,0.6910614291826884]","[-0.8692339817682901,-0.9155970970789591,-0.9891644875208536,-0.8519827286402384,-0.5644222656885782,-0.25728906790415446,0.02949605782826742,0.27194772561391195,0.47846113046010336,0.565397604306539,0.7072220881779989,0.8016490777333578,0.7274745543797811,0.5412977774937948,0.32474361260732015]"
2026-06-02T14:50:11.183,73.286,832,0,32,0.172391,56.919,10.045,57.078,10.584,1,ok,u16_id_range_primary,136,"[0.03289358218510945,-0.5497037629286449,0.21483190258344015,0.7948855300744374,0.13724405964215597,-0.25158302585283915,0.11297432978947958,-0.45323951641718546,-0.5145417312781017,0.7295385142167409,0.6945392628510793,-0.2854539612929026,0.058858855565388994,-0.0013135234514872265,-0.719930515686671]","[-0.38742618560791015,-0.18170385360717772,0.0038458824157714955,0.17981929779052735,0.26329846382141114,0.4244675159454346,0.550507378578186,0.5154534101486206,0.3718581318855286,0.19710071086883546,-0.12800519466400145,-0.3529835224151611,-0.44818596839904784,-0.4656571626663208,-0.5423889040946961]"
2026-06-02T14:50:12.596,74.700,848,0,32,0.223560,56.919,8.370,57.046,10.141,1,ok,u16_id_range_primary,136,"[-0.15630773107210794,0.18786850174268088,-0.41669166485468545,-0.533677730957667,0.6798019667466482,0.6584334035714468,-0.2900683025519053,0.08218323787053426,0.037826176484425864,-0.6823269466559092,-0.30439761678377786,1.0098274012406667,0.9414500256379446,-0.563436899582545,-0.6504838208357493]","[0.6792085548241933,0.7783716102441152,0.7209566016991933,0.5594903608163198,0.3706796546777089,0.03442005117734273,-0.19960018197695414,-0.30245491067568464,-0.32685276071230573,-0.4095017532507579,-0.5475968937079112,-0.5354396323362987,-0.47141521374384565,-0.31167020599047346,-0.03859528104464213]"
2026-06-02T14:50:14.007,76.110,864,0,32,0.224464,56.919,6.696,57.021,9.452,1,ok,u16_id_range_primary,136,"[0.5395569682121277,-0.4118898928165436,-0.03936271071434021,-0.08747268915176391,-0.8067569851875305,-0.4251110076904297,0.8866355895996094,0.8251659750938416,-0.673368227481842,-0.7737890601158142,-0.051814687252044675,-0.34273232221603395,-0.016203236579895017,1.0471296191215516,0.33001266717910765]","[0.18058587114016214,-0.05293392141660055,-0.15571283300717673,-0.18051361044247946,-0.26253854235013324,-0.40103041132291156,-0.3907083173592885,-0.32698201139767963,-0.1688303848107656,0.10378528634707132,0.3401248554388682,0.3589416841665904,0.3332528571287791,0.3201882640520732,0.302371213833491]"
2026-06-02T14:50:15.425,77.529,880,0,32,0.250365,55.245,8.370,56.666,9.236,1,ok,u16_id_range_primary,136,"[-0.37150325377782184,0.9374244014422098,0.874259332815806,-0.6294272740681967,-0.7290852268536886,-0.0038168330987294503,-0.289329727490743,0.04070136944452922,1.0984915892283122,0.3780926863352458,-1.0638416608174641,-0.6687004168828329,0.3535899917284648,0.12700937191645303,-0.05386434992154439]","[-0.45683335661888125,-0.44773089289665224,-0.3852554202079773,-0.2279905915260315,0.0444313645362854,0.2793643832206726,0.29783896207809446,0.2713007092475891,0.2570489406585693,0.23814526796340943,0.18397877216339112,0.1253843665122986,0.0780767560005188,-0.10232361555099487,-0.15543564558029174]"
2026-06-02T14:50:16.851,78.954,896,0,32,0.182013,51.897,8.370,55.712,9.063,1,ok,u16_id_range_primary,136,"[-0.003035902976989746,-0.2874244451522827,0.04038253426551819,1.1029078662395477,0.3845812976360321,-1.0649403631687164,-0.6692332923412323,0.35838761925697327,0.12963178753852844,-0.051624417304992676,0.7613840997219086,0.03291866183280945,-1.3770731985569,-0.4050739109516144,1.0482116639614105]","[0.10779005289077759,0.1257588267326355,0.09868675470352173,0.08454012870788574,0.06566095352172852,0.011742949485778809,-0.04653233289718628,-0.09354358911514282,-0.27377456426620483,-0.3268900513648987,-0.15706580877304077,0.04076594114303589,0.15660732984542847,0.1699926257133484,0.036260783672332764]"
2026-06-02T14:50:18.263,80.367,912,0,32,0.119248,51.897,10.045,54.949,9.259,1,ok,u16_id_range_primary,136,"[-0.9751095672448477,-0.5802284379800161,0.44401199618975323,0.21660348276297253,0.03625390926996867,0.8485409716765085,0.12018645803133647,-1.289782037337621,-0.31978582342465717,1.1389350990454357,0.6782029370466868,-0.0034681459267934117,-0.3262494107087453,-0.2760712405045827,0.28795980910460156]","[0.18253649870554606,0.12453176180521647,0.0771666924158732,-0.10333286126454672,-0.15619109471638998,0.014206663767496748,0.21375955740610758,0.3304391066233317,0.34383012453715006,0.21114851633707682,0.028696076075236006,-0.14997337659200033,-0.42573331197102865,-0.4110758145650228,-0.2800085385640462]"
2026-06-02T14:50:19.679,81.783,928,0,32,0.120831,55.245,10.045,55.008,9.416,1,ok,u16_id_range_primary,136,"[0.008264802893002826,0.16964095880587896,-0.8765487665931384,-0.2452320451537768,1.0241171722610791,0.5257200603683789,-0.2731156940261523,-0.6006414289275805,-0.4011452789107959,0.26146248032649355,-0.46934515188137693,-0.47282218883434934,0.8387161498268445,0.7382591967781384,-0.22733026693264644]","[-0.1321050703525543,0.17250023484230043,0.376530122756958,0.45156304240226747,0.3532268226146698,0.1807933270931244,-0.006186681985855105,-0.3022360384464264,-0.31444652676582335,-0.21237595677375792,-0.14081187844276427,-0.050801712274551394,-0.04458566308021546,-0.10661395192146302,-0.2244500696659088]"
2026-06-02T14:50:21.098,83.201,944,0,32,0.070220,58.593,6.696,55.725,8.872,1,ok,u16_id_range_primary,136,"[0.6930846333503723,0.015585935115814208,-0.3778493642807007,-0.3507772028446198,0.24815570414066315,-0.4623286366462708,-0.43520530462265017,0.921387231349945,0.8753180265426636,-0.07950415611267089,-0.3319505095481873,-0.0048972159624099745,-0.1742696702480316,-0.7610832691192627,0.22433379888534546]","[0.2770538727442423,0.10189751784006754,-0.17022081216176352,-0.15295620759328207,-0.02111991246541342,0.078248659769694,0.19098548094431558,0.21536211172739664,0.16641072432200113,0.057892719904581696,-0.11203171809514365,-0.10198067625363669,-0.14016841848691305,-0.20801838239034018,-0.1813549598058065]"
2026-06-02T14:50:22.713,84.817,960,0,32,0.065706,55.245,10.045,55.629,9.107,1,ok,u16_id_range_primary,136,"[-0.5300291438897451,-0.5014229675134023,0.8493687252203623,0.8019399384657542,-0.14953121145566306,-0.3971732517083486,-0.07830336292584737,-0.2527900298436483,-0.8255687018235525,0.159332666794459,1.1467479805151621,0.14269957343737283,-0.872729088862737,-0.3000108857949575,0.807469759384791]","[0.04803832570711772,0.1613721470038096,0.18590148488680522,0.13650234738985698,0.027576170365015668,-0.14140639503796895,-0.13246763547261556,-0.17092094620068868,-0.23910889824231465,-0.21240607698758443,-0.05929342706998189,0.09690769712130229,0.11855443517367045,0.061108432213465375,0.11964233915011088]"
2026-06-02T14:50:24.129,86.232,976,0,32,0.053092,55.245,11.719,55.552,9.629,1,ok,u16_id_range_primary,136,"[-0.34301764567693077,-0.03859565456708272,-0.23143056829770406,-0.7900030096371968,0.21856360832850139,1.186899475256602,0.16160046259562175,-0.8389151175816854,-0.25761718352635704,0.844263247648875,0.43866681257883705,-0.9581788261731465,-0.7157554109891255,0.8119997302691142,0.5115200797716777]","[-0.1987958788871765,-0.18804388642311096,-0.22897081971168518,-0.29967316389083865,-0.27456053495407107,-0.12282665967941284,0.033420598506927496,0.05712250471115113,-9.97781753539484e-06,0.06021002531051636,0.16814569234848023,0.19256714582443238,0.22136620283126832,0.3018846869468689,0.27816406488418577]"
2026-06-02T14:50:25.541,87.645,992,0,32,0.046551,55.245,11.719,55.491,10.047,1,ok,u16_id_range_primary,136,"[1.1443639109532038,0.13293340901533762,-0.8820331384738286,-0.31009125610192617,0.7936489293972652,0.39021858672300974,-1.0077666928370794,-0.7614464451869328,0.7691349695126216,0.46667531232039133,-0.3952485909064611,0.137637064854304,-0.010586528976758318,-0.4909131815036138,0.023473651210467024]","[-0.2523764769236247,-0.0970380703608195,-0.07464222113291423,-0.13302306334177652,-0.0743782917658488,0.033795317014058426,0.057769735654195145,0.08743115266164143,0.16763373215993246,0.14516027768452963,0.18317623933156332,0.17978556950887045,0.10216315587361653,-0.060337046782175704,-0.265120009581248]"
2026-06-02T14:50:26.958,89.061,1008,0,32,0.046301,53.571,6.696,55.107,9.377,1,ok,u16_id_range_primary,136,"[0.5072081953287124,-0.894370648264885,-0.6663168996572495,0.8768809109926223,0.5717518597841262,-0.30470782816410064,0.2464390814304352,0.10205274522304535,-0.3900820940732956,0.12706532776355745,0.6165004044771194,0.29783907234668733,-0.5884340733289719,-0.810521873831749,0.30869581997394563]","[-0.013248733679453534,0.010629363854726154,0.04044551452000936,0.12242598136266072,0.09840197165807088,0.13644105990727742,0.13317734797795613,0.05587417682011922,-0.10542451540629069,-0.30916004578272505,-0.3365337173144023,-0.15702908436457316,0.04846412738164266,0.1298609455426534,0.1456756075223287]"
2026-06-02T14:50:28.376,90.480,1024,0,32,0.039624,53.571,11.719,54.800,9.845,1,ok,u16_id_range_primary,136,"[-0.3509765277306239,0.21346492966016134,0.0715982606013616,-0.4292621026436488,0.09033998747666677,0.5835353126128514,0.2624350180228551,-0.623471141854922,-0.8472715626160304,0.2696321000655492,1.2963112582763037,0.5736013640960057,-0.6892216215531032,-0.5858142385880153,0.16509896417458853]","[0.14391797383626304,0.14010315736134848,0.06245684226353963,-0.09824580351511637,-0.30158764521280923,-0.3288200537363688,-0.14873058001200357,0.05721586545308431,0.13825469811757407,0.1534712870915731,0.1539820988972982,0.12956845362981162,0.02030860980351766,-0.04201180140177409,-0.0798831025759379]"
2026-06-02T14:50:29.793,91.897,1040,0,32,0.027720,71.986,11.719,58.237,10.220,1,ok,u16_id_range_primary,136,"[0.5838396996259689,0.1653621643781662,-0.7428570538759232,-0.9724128991365433,0.14128689467906952,1.2167549580335617,0.542462632060051,-0.7204924374818802,-0.639252558350563,0.09964622557163239,0.013509660959243774,-0.20926646888256073,-0.07504968345165253,0.3128759115934372,0.28359295427799225]","[-0.49840107758839924,-0.2831558307011922,-0.044060619672139485,0.06362756888071697,0.10105070273081462,0.1201823631922404,0.11203941504160564,0.016032783190409343,-0.03604021867116292,-0.06652072270711262,0.00946637789408366,0.060495583216349284,0.11442681948343914,0.15362366835276287,0.17723318735758464]"
2026-06-02T14:50:31.210,93.314,1056,0,32,0.031593,53.571,15.067,57.304,11.189,1,ok,u16_id_range_primary,136,"[1.2006076594193777,0.5293640514214834,-0.7350223044554393,-0.6557855586210887,0.08521172602971394,0.002785312136014302,-0.22274076739947002,-0.09538864890734355,0.2986941357453664,0.2729651351769765,-0.04374843637148539,-0.3182930330435435,-0.339517472187678,-0.060250906149546306,0.08111910720666249]","[0.019850250085194907,0.01176368792851766,-0.08400905529658,-0.13607621590296426,-0.16700172821680703,-0.08994281689325968,-0.039424184958140054,0.014186855157216391,0.0531519611676534,0.07657908995946248,0.12790596087773642,0.10428365667661031,0.09656771620114644,0.0202629824479421,-0.008098159233729044]"
2026-06-02T14:50:32.639,94.743,1072,0,32,0.029387,71.986,15.067,60.240,11.965,1,ok,u16_id_range_primary,136,"[0.06084923247496287,-0.1664593090613683,-0.04088993569215139,0.35603423217932384,0.33263976673285167,0.01459623674551646,-0.262687819202741,-0.2830126752456029,-0.0019003619750340775,0.13879795173803966,0.13758261303106945,-0.14973700245221455,0.4094880054394404,0.23010797599951427,-0.7754089107116063]","[-0.08111825486024221,-0.030634908874829614,0.022983045379320777,0.06198045710722605,0.08550742367903391,0.13726338843504587,0.11330282787481943,0.10563947359720866,0.028325677911440528,0.0001580129067103031,-0.1335293342669805,-0.24144750734170278,-0.14489194651444753,-0.03181892534097036,0.10828057030836741]"
2026-06-02T14:50:34.072,96.176,1088,0,32,0.052193,50.223,11.719,58.237,11.916,1,ok,u16_id_range_primary,136,"[0.024397977193196616,-0.25739165345827736,-0.27037831346193947,0.01132167180379232,0.15330409308274587,0.1568304975827535,-0.14535389045874278,0.4076681216557821,0.15023631652196248,-0.8497897307078044,0.22266329129536946,0.956028946240743,-0.7664234558741252,-0.9585915128389995,1.1654776414235433]","[0.040970114866892504,0.01733830372492473,0.010495332876841235,-0.06870538194974263,-0.09548190434773762,-0.22773537238438923,-0.3339446802934011,-0.2383117397626241,-0.28539374669392903,-0.2751934399207433,-0.07002856036027272,0.25624242226282756,0.36996868054072063,0.4722883979479472,0.42749157349268596]"
2026-06-02T14:50:35.693,97.797,1104,0,32,0.042704,55.245,11.719,57.639,11.876,1,ok,u16_id_range_primary,136,"[0.1081692119439443,-0.190985635916392,0.35466219385464987,0.09773407777150472,-0.8787575523058574,0.14684860308965048,0.6984681924184163,-0.4809150258700053,-0.4809689382712046,0.6241827448209126,-0.07629098097483317,-0.3626753846804301,0.3517006476720174,0.06747294863065084,0.02135489781697591]","[-0.10188398758570354,-0.20567108194033307,-0.11236689488093059,-0.15875543157259625,-0.1469885806242625,-0.028783584634462997,0.12089542051156361,0.17922790845235187,0.3165171941121419,0.35889073212941486,0.24722071488698322,0.1455506881078084,-0.129108468691508,-0.25599388281504315,-0.228750745455424]"
2026-06-02T14:50:37.109,99.212,1120,0,32,0.109900,61.942,10.045,58.499,11.510,1,ok,u16_id_range_primary,136,"[0.3212736477454503,0.4100364675124486,0.02548416753609975,-0.544376469651858,-0.4088731775681178,-0.1559669444958369,0.2986385454734166,0.2994969417651494,-0.3736096988121669,-0.05982357958952586,-0.34876095453898115,-0.8302470217148463,-0.11671433548132579,0.5318871368964513,0.9515552749236424]","[0.4148499051729838,0.49723544518152873,0.5629517118136088,0.6121174375216166,0.516781477133433,0.2608591596285502,0.033136514822642016,-0.33124003012975056,-0.5049055536588033,-0.4849804361661275,-0.37503299315770466,-0.23084935744603474,-0.2578981836636861,-0.4011757691701253,-0.31184932788213093]"
2026-06-02T14:50:38.530,100.633,1136,0,32,0.146568,56.919,15.067,58.183,12.221,1,ok,u16_id_range_primary,136,"[-0.12962520321210225,0.32667073408762615,0.3453919271628062,-0.3277204652627309,-0.02484065492947897,-0.31764155824979146,-0.8309305926163991,-0.26944339474042256,0.9097798446814219,1.4968435744444528,-0.08675182064374289,-2.17228663166364,-1.333182336886724,0.900540707508723,1.5131958703200021]","[0.5079745809237162,0.28035064140955607,-0.08427052100499471,-0.25819353659947714,-0.23784117301305135,-0.12808637221654257,-0.07103697856267294,-0.2737198313077291,-0.4694930156071981,-0.3442441662152608,-0.10286717017491659,0.15537829796473185,0.24846001068751017,0.32826037804285685,0.4493288556734721]"
2026-06-02T14:50:39.947,102.051,1152,0,32,0.073344,66.964,18.415,59.939,13.460,1,ok,u16_id_range_primary,136,"[-0.2515658179918925,-0.7731876413027445,-0.18109316031138104,0.46530311902364097,1.0358486731847127,0.5584676822026571,-1.2890475432078043,-1.355166498819987,0.48130553563435874,1.3735507090886434,0.2892829736073812,-0.8811783234278361,-0.3833968679110209,0.7756162842114767,0.13526087601979572]","[-0.1347241461277008,0.019680494070053095,-0.015440291166305548,-0.17918423414230347,-0.11668372750282288,0.009416753053665156,0.1317189872264862,0.09568309187889099,0.06868755221366882,0.11508476138114929,0.14838659167289733,0.02986335158348083,-0.07126331925392151,-0.05186415314674378,-0.04936171174049378]"
2026-06-02T14:50:41.371,103.475,1168,0,32,0.110186,51.897,15.067,58.331,13.781,1,ok,u16_id_range_primary,136,"[0.5370384166638057,-1.3142080595095953,-1.374650984009107,0.49469134310881296,1.4634961793820063,0.412809223930041,-0.7858914424975713,-0.32311239739259084,0.8187639425198238,0.16098013619581858,-0.8045907308657964,-0.00946536560853322,0.45205932954947153,-0.08426760037740072,0.3563480089108149]","[-0.1974772532780965,-0.044616969426472974,-0.05695620377858479,-0.06410470803578694,-0.002604873975117994,0.04231342474619548,-0.06738916238149006,-0.1621975024541219,-0.13756194909413655,-0.1321205218633016,-0.0375174601872762,0.1183806339899699,0.2159162441889445,0.2057829777399699,0.32015332380930583]"
2026-06-02T14:50:42.788,104.891,1184,0,32,0.123363,70.312,15.067,60.727,14.039,1,ok,u16_id_range_primary,136,"[0.4015913854042689,-0.9423058380683264,-0.4630885471900304,0.8443210969368616,0.26396646598974866,-0.6917159905036291,0.10169305900732677,0.5104031811157862,-0.10695286591847737,0.15717455248037976,0.7685736070076624,0.13046881059805554,-0.6363981117804846,-0.28359592457612354,-0.05413488050301869]","[0.043715906143188474,-0.07633047103881836,-0.1911623954772949,-0.19573454856872557,-0.2214646816253662,-0.1558056354522705,-0.024791288375854495,0.052654695510864255,-0.00010185241699219028,-0.09190230369567871,-0.14006762504577636,-0.10354428291320801,0.07170004844665527,0.41223759651184083,0.6205968379974365]"
2026-06-02T14:50:44.245,106.348,1200,0,32,0.066985,51.897,10.045,58.961,13.240,1,ok,u16_id_range_primary,136,"[-0.7596585084994634,0.0331569383541743,0.4151653120915095,-0.213978045185407,0.08731242219607036,0.7207031319538753,0.06180799702803294,-0.7077234317859014,-0.35134952565034233,-0.13641428252061208,-0.3677689959605535,0.822547800342242,1.3804458449284236,-0.2925640275080999,-0.6916826297839482]","[-0.2664437969525655,-0.14163500865300496,-0.07087189753850301,-0.13248140414555867,-0.22952134211858113,-0.28422505458196,-0.25205142100652056,-0.07882864077885945,0.2600554744402568,0.4663836280504863,0.4362297574679057,0.36454503933588667,0.13648062149683635,-0.10890985329945882,-0.09872610171635945]"
2026-06-02T14:50:45.658,107.761,1216,0,32,0.075529,70.312,13.393,61.231,13.270,1,ok,u16_id_range_primary,136,"[0.6533261795838674,-0.023143563667933145,-0.7919643263022105,-0.42499366799990335,-0.21642592946688333,-0.4452809433142344,0.7426387329896291,1.2953165431817373,-0.36994627515474954,-0.7674421409765879,-0.2302664558092753,-1.067210469643275,-0.6313921550909678,1.2969336171944936,0.9798508544762929]","[-0.39033911625544226,-0.3560006419817606,-0.18004033962885538,0.16089560588200888,0.36920585234959924,0.34090759356816613,0.2705174287160238,0.04357256491978964,-0.20007745424906412,-0.18901483217875162,-0.06402836243311563,-0.01757703224817911,0.07812418540318808,0.09995975097020468,0.03389479716618857]"
2026-06-02T14:50:47.075,109.179,1232,0,32,0.070993,58.593,15.067,60.704,13.630,1,ok,u16_id_range_primary,136,"[-0.3641970127820969,0.8238115936517716,1.3787486582994462,-0.2893710106611252,-0.6869198650121688,-0.1469297230243683,-0.9853138893842697,-0.550552961230278,1.3765391141176224,1.0590863257646561,-0.29629206359386445,-0.23593502938747407,0.07611757814884186,-0.5180360049009323,-0.6407557100057601]","[0.4468223015467326,0.3748465339342753,0.14642025629679362,-0.09896401961644491,-0.08906827767690023,0.03426374594370524,0.07983900705973307,0.17542030016581217,0.19692756334940592,0.1306080977121989,-0.05444787343343099,-0.220327361424764,-0.33790276845296224,-0.3913504918416341,-0.39308701356252035]"
2026-06-02T14:50:48.495,110.598,1248,0,32,0.058562,60.268,15.067,60.617,13.917,1,ok,u16_id_range_primary,136,"[-0.1783495267232259,-1.0167956819136938,-0.582108544309934,1.3444222937027612,1.0267836580673853,-0.3277812470992406,-0.2671057452758153,0.04519595007101695,-0.5496305694182714,-0.6734474172194799,0.08907682995001476,0.509370161096255,0.3234154413143794,0.2145390639702479,0.0424153337876002]","[0.18973581393559774,0.23526655038197836,0.33089528878529867,0.3523623784383138,0.2859570821126302,0.10054395993550619,-0.06574227015177408,-0.1836500326792399,-0.23738433519999186,-0.23935009638468424,-0.20633532206217448,-0.17794789473215739,-0.1627217690149943,-0.13221503893534342,-0.08941431442896525]"
2026-06-02T14:50:49.909,112.013,1264,0,32,0.050962,53.571,15.067,59.207,14.147,1,ok,u16_id_range_primary,136,"[-0.24572568386793137,-0.18293409794569016,0.12989670783281326,-0.4738770052790642,-0.5993551537394524,0.17257875949144363,0.5960802510380745,0.40557316690683365,0.29323313385248184,0.12159288674592972,-0.292128287255764,-0.4004063233733177,0.04432601481676102,0.28867343813180923,0.14247219264507294]","[0.1854681392510732,0.019775571425755825,-0.09727960626284281,-0.15053325692812602,-0.15237921277681987,-0.11940747300783792,-0.09082156221071878,-0.07508986989657083,-0.044539688030878696,-0.0021576265494028662,0.01648256381352743,0.05126625498135885,0.08083474834760031,0.16328096588452656,0.21510005195935566]"
2026-06-02T14:50:51.530,113.633,1280,0,32,0.048299,66.964,15.067,60.759,14.331,1,ok,u16_id_range_primary,136,"[0.07963556498289108,0.49274409264326097,0.302010153234005,0.1858657941222191,0.014127497375011441,-0.38933330327272414,-0.4918824091553688,-0.05310838967561722,0.18424648493528367,0.03932128548622131,-0.18062775880098342,0.14589702039957048,0.4155910357832909,-0.26122489124536513,-0.4832621768116951]","[-0.1379241595665614,-0.10798570017019908,-0.09045823911825816,-0.05882599453131358,-0.015799785653750106,0.0026982774337132726,0.03754240771134694,0.06764747699101765,0.15064162512620288,0.20489496489365894,0.12696776290734607,0.11011592050393422,0.01851133008797963,-0.11112835506598155,-0.19689753154913586]"
2026-06-02T14:50:52.945,115.049,1296,0,32,0.049586,60.268,11.719,60.661,13.809,1,ok,u16_id_range_primary,136,"[-0.3228160118063291,-0.418940303226312,0.014660986761252087,0.2427584851781527,0.0989020864168803,-0.11771292736132939,0.20391991982857385,0.4784673477212588,-0.18852793922026953,-0.41692596425612766,0.29580259571472806,0.12934851894776025,-0.6737298046549162,-0.009819356103738148,0.6846123660604159]","[-0.09514446804920833,-0.06017543623844782,-0.029279048244158428,0.05384389807780584,0.11112732936938603,0.034773302574952446,0.01923353721698125,-0.07144780705372493,-0.19903521488110223,-0.2831943506995837,-0.1926685149470965,-0.029322999219099682,0.1045896237095197,0.33170301963885623,0.3049971287449201]"
2026-06-02T14:50:54.379,116.483,1312,0,32,0.054742,71.986,11.719,62.926,13.391,1,ok,u16_id_range_primary,136,"[-0.10853031675020854,0.20902242859204612,0.477894659837087,-0.1795801560084025,-0.40708443919817605,0.30323326190312705,0.13549118836720786,-0.6708097199598948,-0.006421599785486856,0.6889869232972463,0.08767115672429403,0.4361142178376516,-0.02797922889391581,-0.8628493289152781,-0.07515904704729716]","[-0.029926311969757077,-0.04590792655944824,-0.13570679426193238,-0.26333959102630616,-0.3479097902774811,-0.25744418501853944,-0.09479827880859375,0.03919302225112915,0.26511846780776976,0.2391382336616516,0.26075838804244994,0.2726256728172302,0.18297528028488158,0.026157724857330325,-0.11093391180038452]"
2026-06-02T14:50:55.808,117.912,1328,0,32,0.030991,55.245,13.393,61.390,13.391,1,ok,u16_id_range_primary,136,"[0.22563491960366566,0.059502707918485005,-0.7442385683457057,-0.08306361536184947,0.6084939708312352,-0.0019841919342676803,0.18724721868832905,0.23213081260522206,-0.42643995384375255,-0.6318176517883937,-0.18172354797522228,0.11019514699776967,0.1968209316333135,0.3095792402823766,0.13966258068879445]","[-0.14207669297854106,0.01972392996152242,0.1548744817574819,0.375919916232427,0.34924448331197105,0.2818399449189504,0.11609254082043965,-0.02880265514055888,-0.15669508973757426,-0.21126367847124736,-0.2061472604672114,-0.19781104425589244,-0.15696861545244853,-0.12375768224398295,-0.07417257825533549]"
2026-06-02T14:50:57.223,119.326,1344,0,32,0.036760,66.964,15.067,62.504,13.726,1,ok,u16_id_range_primary,136,"[0.7170415570338567,-0.09686463574568431,-0.4612351010243098,-0.3260245273510615,-0.16059708098570505,-0.1388110468784968,-0.017193431655565895,0.7444238116343816,0.46495777865250904,-0.7105900595585505,-0.5870098421971003,0.10186875363190968,0.320071076353391,0.21588792403539023,-0.0659251759449641]","[-0.09373536805311838,-0.15431338648001353,-0.16711063782374064,-0.16657365957895914,-0.10991634527842203,-0.1832072893778483,-0.25302149454752604,-0.20534159342447916,-0.11318971316019694,0.020584328969319665,0.14971826871236166,0.22203253110249838,0.31370328267415365,0.3557600816090902,0.3846109946568807]"
2026-06-02T14:50:58.649,120.753,1360,0,32,0.043622,55.245,16.741,61.053,14.329,1,ok,u16_id_range_primary,136,"[-0.144596795241038,-0.03000603119532267,0.7399207552274069,0.4684727390607198,-0.7088180581728617,-0.5885799924532572,0.09356268246968587,0.3164997895558675,0.2168992062409719,-0.0709598461786906,-0.05662585298220316,-0.1151192585627238,-0.09622999529043834,0.03308790673812231,-0.057507249216238655]","[-0.354554545879364,-0.42452932596206666,-0.37613309621810914,-0.28392447233200074,-0.14900363683700563,-0.0194395899772644,0.05252443552017212,0.1444095253944397,0.18611036539077758,0.216087806224823,0.23434971570968627,0.2014015793800354,0.21577100753784179,0.1686109185218811,0.18831931352615355]"
2026-06-02T14:51:00.076,122.179,1376,0,32,0.050863,60.268,10.045,60.896,13.472,1,ok,u16_id_range_primary,136,"[-0.5933862348397573,0.08526205817858379,0.3071260730425517,0.20691518286863964,-0.1207086016734441,-0.2563606967528661,0.21878117124239604,0.4036901871363322,-0.4786100407441457,-0.8090578337510427,0.3491545895735423,0.4783245901266734,-0.2911283989747365,0.029679460326830547,0.4703184942404429]","[-0.1398428479830424,-0.06805000702540079,0.02552117904027304,0.06780685981114706,0.011189838250478118,-0.14516423145929971,-0.23062417904535928,-0.1786381999651591,-0.13933668533960977,-0.014091471831003816,0.16865386565526327,0.28383966286977136,0.2696243723233541,0.16008557875951132,-0.07097373406092325]"
2026-06-02T14:51:01.494,123.598,1392,0,32,0.069023,60.268,10.045,60.770,12.787,1,ok,u16_id_range_primary,136,"[-0.004567965865135193,-0.05639948695898056,-0.046872638165950775,0.07527878880500793,-0.007992222905158997,0.25414809584617615,0.013096049427986145,-0.41041499376296997,0.10413262248039246,0.5793951153755188,0.21932125091552734,-0.1412414312362671,-0.21875542402267456,-0.23366022109985352,-0.12546753883361816]","[0.27411850690841677,0.24090656042098998,0.25461831092834475,0.20678632855415344,0.22463115453720092,0.3039074778556824,0.3331374764442444,0.25763710737228396,0.11261185407638549,-0.12988070249557496,-0.3360177636146545,-0.4805492520332336,-0.5144094586372375,-0.4496565222740173,-0.297841078042984]"
2026-06-02T14:51:02.913,125.016,1408,0,32,0.060994,60.268,11.719,60.670,12.573,1,ok,u16_id_range_primary,136,"[0.19281356235345204,-0.04377147356669108,-0.4732303152481715,0.0355054905017217,0.5174566974242528,0.16094066401322682,-0.20483831862608592,-0.2785295675198237,-0.2926533947388331,-0.1916010210911433,0.11387439270814259,0.2903655042250951,0.11328977545102437,-0.049871055285135905,0.11024905939896901]","[0.3732219894727071,0.40288498600323996,0.32761922081311545,0.18292572697003684,-0.058436487118403116,-0.2645723561445872,-0.40889856616655984,-0.44219419757525125,-0.3772385756174723,-0.22603187362353006,-0.05067798892656962,0.12059297760327657,0.18509026964505515,0.13472318251927695,0.10099169214566549]"
2026-06-02T14:51:04.329,126.433,1424,0,32,0.047202,65.290,11.719,61.594,12.402,1,ok,u16_id_range_primary,136,"[0.04689967433611552,-0.3346778174241384,-0.24940410455067952,-0.156191082795461,-0.061735989650090535,0.2215920368830363,0.36959004203478496,0.1292293796936671,-0.06954860885938008,0.11623529891173046,0.15237691799799602,-0.5397887249787648,-0.3239880820115407,0.7198564986387889,-0.020445438226064046]","[-0.060932707786560056,-0.22654659748077394,-0.2872318148612976,-0.2513442158699036,-0.12840132117271424,0.02302883863449097,0.17570786476135253,0.2248390793800354,0.16440634727478026,0.12292076945304871,0.07341866493225098,-0.09456462860107422,-0.048730087280273435,0.09590761661529541,0.21752219200134276]"
2026-06-02T14:51:05.746,127.849,1440,0,32,0.047400,78.683,16.741,65.011,13.270,1,ok,u16_id_range_primary,136,"[0.15243815879027048,0.2951826403538386,0.056646461288134255,-0.13888820012410483,0.043367053071657814,0.08105560640494028,-0.6110049237807592,-0.39798036714394885,0.6455600510040919,-0.08957902093728384,-0.925449346502622,0.23235484460989633,1.286388302842776,0.41077032188574475,-1.0408615817626317]","[-0.00042270123958587646,0.15202052891254425,0.20131255686283112,0.14008638262748718,0.09833042323589325,0.04861728847026825,-0.11875544488430023,-0.07255522906780243,0.07250405848026276,0.194447860121727,0.09034062922000885,-0.1198827475309372,-0.27228061854839325,-0.28612808883190155,-0.1276348978281021]"
2026-06-02T14:51:07.363,129.467,1456,0,32,0.051188,60.268,11.719,64.063,12.960,1,ok,u16_id_range_primary,136,"[0.10901630520820618,-0.6151505053043366,-0.42057269215583803,0.6286071598529815,-0.08785154819488525,-0.9038874447345734,0.26360941529273985,1.3160922586917878,0.4304120600223541,-1.0339108645915984,-1.3111101329326629,-0.5078419387340546,0.962512856721878,1.2296003162860871,-0.05952524542808533]","[0.07866623451312382,-0.08438662240902584,-0.03375104616085688,0.11497198988993962,0.24096756627162297,0.14095325221618016,-0.0653720776240031,-0.21359855482975643,-0.22408450196186702,-0.06305897782246273,-0.008208876351515453,-0.008751278618971507,-0.010969882706801097,0.06461572100718815,0.07200705458720524]"
2026-06-02T14:51:08.784,130.888,1472,0,32,0.058183,65.290,16.741,64.308,13.716,1,ok,u16_id_range_primary,136,"[-0.8625446200370789,0.3209280729293823,1.389250433444977,0.5163581728935241,-0.9418656468391419,-1.2252025246620177,-0.43487306833267214,1.0308635592460633,1.3025766968727113,0.002495920658111571,-0.878233277797699,-0.005893030762672426,0.25752579271793363,-0.5555588245391846,0.08417234420776368]","[0.11443715244531631,-0.09218855500221253,-0.240426267683506,-0.25052630454301833,-0.08865469247102738,-0.033454115688800815,-0.03578799515962601,-0.03701895028352738,0.03941661566495895,0.050229494273662564,0.017266695201396943,0.12493366450071335,0.12975889891386033,0.13521010130643846,0.16680425852537156]"
2026-06-02T14:51:10.219,132.323,1488,0,32,0.063921,65.290,16.741,64.504,14.321,1,ok,u16_id_range_primary,136,"[-1.220152822136879,-0.4310532480478287,1.0394776195287705,1.3105820745229722,0.00628832280635834,-0.8741476207971572,0.002651366591453555,0.2651722013950348,-0.5526740819215774,0.09116682708263397,0.7802098125219346,0.22228530347347258,-0.5464021831750869,-0.6767507463693618,0.583347174525261]","[-0.16952613790829976,-0.1717535634835561,-0.17245820959409078,-0.09594932993253072,-0.08498588999112447,-0.11872843702634175,-0.010852493842442829,-0.0069315810998280825,-0.002135195334752399,0.029029391209284466,0.13263835708300273,0.35601174036661787,0.3766979197661082,0.12796815435091655,-0.18902472456296285]"
2026-06-02T14:51:11.637,133.741,1504,0,32,0.049722,65.290,16.741,64.662,14.805,1,ok,u16_id_range_primary,136,"[-0.8291690448919932,0.06702986856301625,0.34861073394616443,-0.48931140700976056,0.15105127294858295,0.8484207292397817,0.27739255626996356,-0.4959256748358409,-0.6100834111372629,0.6577972074349722,1.4651005764802296,0.16129069526990253,-1.329521010319392,-0.7673595647017161,0.5446764727433523]","[-0.04401283860206604,0.06566340327262879,0.06786996722221375,0.07050496935844422,0.10056472420692444,0.20417404770851136,0.42769465446472166,0.4484317660331726,0.19938713908195496,-0.11380284428596496,-0.31020146012306216,-0.3577113687992096,-0.33106648325920107,-0.2615264892578125,-0.1659691870212555]"
2026-06-02T14:51:13.067,135.171,1520,0,32,0.033779,60.268,16.741,63.783,15.192,1,ok,u16_id_range_primary,136,"[0.7128182609875997,0.13238358100255332,-0.6464976708094279,-0.7492708603541056,0.5237016042073568,1.3208215196927389,0.016268487771352133,-1.4688801805178324,-0.910896364847819,0.39964723189671836,0.7230836113293966,0.2629958947499593,0.16336607535680137,0.01832782824834188,-0.4978690187136332]","[0.2227141886949539,0.44686201512813567,0.4687668114900589,0.22015285789966582,-0.0920699805021286,-0.28924643695354463,-0.3363884657621384,-0.31021240055561067,-0.24083493351936341,-0.14426338374614717,-0.07464813888072967,-0.053709682822227475,-0.01575159728527069,0.04895961582660675,0.14966953098773955]"
2026-06-02T14:51:14.482,136.586,1536,0,32,0.037062,65.290,13.393,64.084,14.832,1,ok,u16_id_range_primary,136,"[1.3193471709887186,0.01212695042292277,-1.4690339287122092,-0.9099222143491109,0.39659550587336223,0.7204395810763041,0.26100560824076335,0.1590554396311442,0.019743589560190837,-0.4927750547726949,-0.6445806940396627,-0.20733455022176106,0.3657531420389811,0.4026637355486552,0.06691571871439617]","[-0.278352814912796,-0.32572181820869445,-0.29994540214538573,-0.23089908361434935,-0.13421912789344786,-0.06327988505363465,-0.04201139807701111,-0.004236656427383423,0.06058023571968078,0.16130064129829408,0.21539987325668336,0.256481271982193,0.2553422272205353,0.2536586344242096,0.17590330243110658]"
2026-06-02T14:51:15.903,138.007,1552,0,32,0.037467,61.942,13.393,63.656,14.544,1,ok,u16_id_range_primary,136,"[0.7335245172182719,0.29963080684343973,0.20661749045054117,0.0354220430056254,-0.47424726088841757,-0.5850158770879109,-0.1471568783124288,0.3840124169985453,0.4131516973177592,0.0978271226088206,-0.2149376412232717,0.00440825621287028,0.2739205221335093,-0.38342480262120565,-0.6437324126561482]","[-0.14489250977834067,-0.11954789956410726,-0.07809799512227376,-0.010592814286549887,0.08822441498438517,0.1423995832602183,0.18224370876948037,0.1814814547697703,0.17539418141047158,0.10011065403620402,-0.049165364106496176,-0.12459826072057088,-0.1255614717801412,-0.11472653945287069,-0.10267114241917928]"
2026-06-02T14:51:17.320,139.424,1568,0,32,0.076122,61.942,13.393,63.313,14.314,1,ok,u16_id_range_primary,136,"[-0.5098395466804504,-0.06233299970626831,0.4118756532669067,0.3954671800136566,0.0696828842163086,-0.233456951379776,-0.021903660893440247,0.2752053618431091,-0.3639181077480316,-0.6298868179321289,0.24916749000549315,0.6182048797607422,0.12142657041549683,-0.1755358099937439,-0.14415612518787385]","[0.1077535460392634,0.15643814305464426,0.1626881072918574,0.1583408127228419,0.0888130525747935,-0.05865436693032583,-0.12833979626496633,-0.12282234330972036,-0.10823070903619131,-0.09422475000222524,-0.07037275930245718,-0.04858949681123098,-0.021957843502362573,-0.007297961910565698,-0.013543634613355005]"
2026-06-02T14:51:18.734,140.838,1584,0,32,0.056781,60.268,13.393,62.704,14.130,1,ok,u16_id_range_primary,136,"[-0.19982398798068365,0.045588704446951546,0.33835181842247647,-0.42875155558188754,-0.6918528353174528,0.3181236113111178,0.6864216054479281,0.10914197812477748,-0.19581502427657446,-0.1368099277218183,-0.06276932855447133,-0.05303258945544561,-0.03219493975241979,0.13370114813248316,0.16972132275501886]","[-0.0014474024375279726,-0.05941904385884603,-0.041744716962178546,-0.021535754700501758,-0.006986819704373676,0.014767884711424512,0.033559508124987286,0.058034248153368634,0.0691497395435969,0.05803910593191783,0.055640674630800885,0.018069304029146832,-0.03081699510415395,-0.06547018190224965,-0.07983955045541127]"
2026-06-02T14:51:20.156,142.260,1600,0,32,0.067183,50.223,15.067,60.208,14.317,1,ok,u16_id_range_primary,136,"[0.6210897629459698,0.32208976795276006,-0.35560002277294794,-0.33780484745899836,-0.11993227253357569,0.008873677750428514,0.06858341296513876,0.010280921061833696,0.0292519470055898,0.007269612451394396,-0.12414547155300776,-0.2965099150935809,-0.13113471219937006,0.2863758270939191,0.011312312384446459]","[0.12632736464341482,0.06954833765824636,0.03533646365006765,0.008820383747418725,-0.018296034137407935,-0.01719811658064524,-0.036617429057757056,-0.057817728320757544,-0.059426606694857276,-0.03993827203909556,0.02110430498917898,-0.014785260955492652,0.01594029267628988,0.005933104952176416,-0.03893080453077952]"
2026-06-02T14:51:21.576,143.680,1616,0,32,0.048113,56.919,15.067,59.550,14.467,1,ok,u16_id_range_primary,136,"[0.057299220065275824,0.14804004977146784,0.10597538302342097,0.13627694646517435,0.10910972307125727,-0.04449508239825567,-0.23316279699405035,-0.07824686815341314,0.3514564568797747,0.09524954209725062,-0.2565866177280744,0.23330613325039545,0.5787771577636401,-0.43656489898761114,-0.7664343481262524]","[0.041845395167668664,0.016499235232671106,-0.00994043151537577,-0.01577250758806864,-0.0010064105192820194,0.05819733341534933,0.017996325095494592,0.044888331492741906,0.027946992715199792,-0.017944202820459998,-0.17664758960405985,-0.1793163279692332,-0.07695655624071757,0.055390789111455285,0.21481962402661642]"
2026-06-02T14:51:23.194,145.298,1632,0,32,0.018013,63.616,16.741,60.363,14.922,1,ok,u16_id_range_primary,136,"[-0.10638341903686524,-0.2972008496522903,-0.14659207165241242,0.2976016491651535,0.05107874572277069,-0.32201471030712125,0.18881730139255523,0.5472803801298142,-0.49980281889438627,-0.8460068613290787,0.1317030280828476,0.3665932208299637,0.4547619313001633,0.5430173963308335,-0.3628529220819473]","[0.029399332404136655,-0.00671401917934418,0.019830909371376035,0.009803903102874753,-0.037246021628379825,-0.1979615420103073,-0.20314964950084685,-0.10158405005931855,0.03114691078662872,0.19134130775928498,0.20446374714374543,0.08193602859973907,-0.020814630389213565,-0.024881097674369815,0.024428871273994443]"
2026-06-02T14:51:24.649,146.753,1648,0,32,0.010557,63.616,15.067,61.014,14.951,1,ok,u16_id_range_primary,136,"[-0.41063893139362334,0.14437536597251893,0.5563389629125595,-0.4931505352258682,-0.8648262053728104,0.10317122638225555,0.3377876847982407,0.420063790678978,0.5004824370145797,-0.392577651143074,-1.156778934597969,-0.4288183480501175,0.3553974598646164,0.6821081608533859,0.6470655173063278]","[-0.18321792483329774,-0.19800363183021547,-0.10191459655761718,0.02826778888702393,0.1869814872741699,0.19750510454177855,0.07306675910949707,-0.0357660174369812,-0.04495007991790771,-0.0009827136993408175,0.06393342018127442,0.06781916618347168,-0.04537827968597412,-0.04244728088378906,0.03508679866790772]"
2026-06-02T14:51:26.069,148.172,1664,0,32,0.015300,60.268,15.067,60.864,14.974,1,ok,u16_id_range_primary,136,"[0.0839674433072408,0.338474835952123,0.43428247769673667,0.5094090064366659,-0.38085771004358926,-1.1584960261980692,-0.43891770044962564,0.35095959504445395,0.6645325382550558,0.6543446143468221,-0.37109065453211465,-0.9946607987085978,-0.35952157179514566,0.3246906956036886,0.3428832550843557]","[0.09045527776082357,-0.03311397234598795,-0.14603270689646403,-0.15819491545359293,-0.11786474386850992,-0.055784360567728675,-0.04920591513315836,-0.1631102720896403,-0.16206671396891276,-0.08556331793467203,0.0394724448521932,0.18919061024983724,0.23052297433217367,0.2767120440800985,0.14458356698354086]"
2026-06-02T14:51:27.494,149.598,1680,0,32,0.018176,60.268,15.067,60.745,14.993,1,ok,u16_id_range_primary,136,"[-1.0077451318502426,-0.2877381891012192,0.500331774353981,0.8169625550508499,0.8019531518220901,-0.22875700891017914,-0.8467350453138351,-0.20614264905452728,0.4761379510164261,0.4895927459001541,0.09129711985588074,0.35042543709278107,0.4405866414308548,-0.6458242982625961,-0.7443450540304184]","[-0.012052400906880697,-0.0073076327641805015,-0.12214217980702718,-0.12156937917073568,-0.04544149239857992,0.07915057341257731,0.22822178999582926,0.2695405642191569,0.3154159347216288,0.18278326193491617,-0.030402167638142904,-0.1441429098447164,-0.15824268658955892,-0.21921823819478353,-0.21459303696950277]"
2026-06-02T14:51:28.914,151.018,1696,0,32,0.041658,56.919,16.741,59.980,15.342,1,ok,u16_id_range_primary,136,"[-0.22506961822509766,-0.8571737766265869,-0.2300620436668396,0.4573599934577942,0.48240684866905215,0.07938347160816192,0.33393595516681673,0.4297096967697144,-0.6552021265029907,-0.7580500602722168,0.6108983993530274,0.9803806185722351,-0.18114814758300782,-0.5720190167427063,0.10464980602264404]","[-0.09640489816665648,0.0537232279777527,0.09468044042587281,0.1410514235496521,0.0094923496246338,-0.2034573435783386,-0.3168665647506714,-0.33106576204299926,-0.3946642756462097,-0.39084361791610717,-0.2658610224723816,0.024954450130462658,0.34855438470840455,0.6321210384368896,0.694586169719696]"
2026-06-02T14:51:30.334,152.438,1712,0,32,0.086946,58.593,8.370,59.703,13.948,1,ok,u16_id_range_primary,136,"[0.030825275182724002,0.29388422071933745,0.39161342680454253,-0.6956365674734115,-0.8038645356893539,0.5421827465295792,0.9522062569856644,-0.17538815438747407,-0.6188562482595443,0.027066054940223697,0.3573988705873489,0.5932486683130265,0.25510341227054595,-0.5020142763853073,-0.6477691501379013]","[-0.3177105784416199,-0.43328940868377686,-0.44695478677749634,-0.5036610960960388,-0.4963698983192444,-0.372972309589386,-0.08274167776107788,0.24219900369644165,0.525177538394928,0.5870261788368225,0.5082454085350037,0.37908488512039185,0.2623136639595032,0.14367419481277466,0.005978882312774658]"
2026-06-02T14:51:31.758,153.861,1728,0,32,0.086941,61.942,16.741,60.150,14.507,1,ok,u16_id_range_primary,136,"[0.34627786378065745,0.6107986281315485,0.019231231013933814,-0.27737787266572317,-0.6501826932032904,-0.5323596288760504,0.5898810933033625,0.6118152449528376,-0.4672763635714849,-0.8125198175509771,-0.2570988227923711,0.23914614419142405,-0.235910697778066,0.017661334077517188,0.7979143569866816]","[-0.44748918612798055,-0.3318940838177999,-0.057903452714284265,0.25884278217951456,0.40729417006174723,0.436289385954539,0.40953059593836466,0.3796786824862162,0.3214422027269999,0.21610553661982218,0.12692459026972452,-0.013294144471486413,-0.3668269356091817,-0.5976990898450216,-0.741001053651174]"
2026-06-02T14:51:33.178,155.282,1744,0,32,0.080977,61.942,6.696,60.150,14.507,0,br_jump_16.74_to_6.70,u16_id_range_primary,136,"[-0.17701422770818073,-0.05854720969994863,0.2374272684256236,0.047729034225145975,-0.26066022713979087,-0.06893261869748434,0.3408892790476481,-0.19438176949818928,-0.06011825402577718,0.7834911982218424,-0.1435670216878255,-0.9550142248471578,-0.27168386777242026,0.3971423546473185,0.38324028650919595]","[0.2770740151405334,0.34734842777252195,0.42730346918106077,0.4699548840522766,0.4441842198371887,0.4073157668113708,0.29379371404647825,-0.05590554475784301,-0.2990820050239563,-0.4663288235664368,-0.5044009327888489,-0.4541103482246399,-0.3570308327674866,-0.293466055393219,-0.23664995431900024]"
2026-06-02T14:51:34.611,156.715,1760,0,32,0.079834,58.593,6.696,60.150,14.507,0,br_jump_16.74_to_6.70,u16_id_range_primary,136,"[-0.07121197084585826,0.3427096833785375,-0.1980431894461314,-0.06909771958986918,0.7801090707381566,-0.1429962287346522,-0.9511199365059535,-0.27725300888220467,0.38672687908013664,0.386314802368482,0.3052677740653356,0.12261381049950917,-0.2596113751331965,-0.18221696416536967,-0.1721916268269221]","[0.6107244571050008,0.49619198640187584,0.14524675210316976,-0.09885286490122477,-0.26821183363596596,-0.3065924564997355,-0.25582122008005775,-0.15962695280710856,-0.09702037970225016,-0.041418782869974774,-0.039157382647196454,-0.0660045067469279,-0.08201717535654704,0.026364215215047202,0.13619614442189534]"
2026-06-02T14:51:36.031,158.135,1776,0,32,0.077102,61.942,15.067,60.509,14.619,1,ok,u16_id_range_primary,136,"[-0.11043019096056621,-0.9135068158308665,-0.25458110372225445,0.40095173319180805,0.4209488828976949,0.34429295857747394,0.14194719990094504,-0.24310589830080667,-0.15491483608881632,-0.14199362198511759,-0.3768670956293742,-0.00900287429491679,0.6907430787881216,0.5279761453469595,-0.32245756189028424]","[-0.3089203198750814,-0.2568301518758138,-0.1617662270863851,-0.10035961469014486,-0.04640692075093587,-0.04438489278157552,-0.07206910451253255,-0.08761661847432455,0.01833039919535319,0.1275890509287516,0.20163351694742837,0.22470146814982095,0.25176960627237954,0.20481998125712075,0.04950982729593913]"
2026-06-02T14:51:37.464,159.568,1792,0,32,0.075467,65.290,16.741,61.465,15.043,1,ok,u16_id_range_primary,136,"[0.33870584865411124,0.16149730583031974,-0.21998720268408456,-0.14569169680277505,-0.1364222357670466,-0.37946342329184213,0.0033245195945103972,0.7217379321654638,0.5256431510051092,-0.3312681804100672,-0.21657823423544564,0.3960092773040136,-0.3109449336926142,-0.7305978427330653,0.324035715063413]","[-0.08030649820963542,-0.10662814776102703,-0.12258216540018718,-0.013400522867838542,0.09662655194600422,0.16805294354756672,0.19322231610616047,0.22255876859029133,0.17565515836079915,0.02067139943440755,-0.06218430201212565,-0.054347721735636394,-0.0823623816172282,-0.13144776026407878,-0.22352763811747234]"
2026-06-02T14:51:38.881,160.985,1808,0,32,0.089254,68.638,15.067,62.900,15.048,1,ok,u16_id_range_primary,136,"[-0.3900489072004954,-0.013066397110621134,0.7020489712556203,0.5137796839078267,-0.3477404574553172,-0.23592685262362162,0.38564605911572775,-0.32187803188959757,-0.7475638846556346,0.3072237511475881,0.810395195086797,0.2521738549073537,-0.19004218379656473,-0.37217177549997965,-0.3528290251890818]","[0.28684935967127484,0.3109975854555766,0.34083733956019086,0.2943173448244731,0.13899026314417523,0.056418518225351974,0.06416616837183635,0.036461691061655685,-0.012225766976674393,-0.10375585158665974,-0.18016447623570758,-0.22839977343877155,-0.23432364066441852,-0.33589555819829303,-0.4342732032140096]"
2026-06-02T14:51:40.499,162.603,1824,0,32,0.112369,60.268,15.067,62.373,15.052,1,ok,u16_id_range_primary,136,"[-0.2520538091659546,0.37477474212646483,-0.33358017802238465,-0.7628077983856201,0.2922618865966797,0.7966532588005066,0.23785876035690307,-0.20386321544647218,-0.3840438544750214,-0.3666680872440338,0.4253527998924255,0.44277201890945433,-0.5612633347511291,-0.21042610406875611,0.5050329148769379]","[0.23242451349894205,0.24009396235148112,0.21254254976908366,0.16405989329020182,0.07280399004618326,-0.003430827458699548,-0.051698668797810876,-0.057626469930013025,-0.15868990023930868,-0.2568414648373922,-0.23230276902516683,-0.17933891614278158,-0.12494359811147054,0.008806244532267249,0.13414146105448405]"
2026-06-02T14:51:41.918,164.022,1840,0,32,0.057882,56.919,13.393,61.282,14.720,1,ok,u16_id_range_primary,136,"[0.74424254099528,0.18455540339152018,-0.2526508053143819,-0.3925564368565877,-0.22698877056439717,0.0258084903160731,-0.12268068691094716,-0.11289692719777425,0.48690652052561445,0.30442588726679487,-0.44560260375340777,-0.35004002650578814,-0.4252454121907552,-0.16891283591588338,0.7516356627146403]","[-0.1609376013278961,-0.20971649289131164,-0.21577208638191223,-0.2283098042011261,-0.14874383211135864,-0.06945402324199676,-0.05280114114284515,-0.08670025467872619,-0.06280481219291686,-0.04284363389015197,0.12278205752372742,0.28501171469688413,0.3218980491161346,0.30105543732643125,0.24733642339706421]"
2026-06-02T14:51:43.353,165.457,1856,0,32,0.024972,55.245,13.393,60.075,14.454,1,ok,u16_id_range_primary,136,"[0.09669249852498372,0.010980929931004843,0.009017940362294516,0.6105725427468618,0.37776150902112327,-0.43532678882280984,-0.38372618357340493,-0.4338770548502604,-0.09193966190020243,0.8358584304650625,0.43075409134229026,-0.399032328526179,0.14777904351552326,0.016105796893437704,-0.7916207651297251]","[0.028232346971829733,0.015554014345010123,-0.044467967251936594,-0.047947552303473154,-0.04582762370506922,0.1091437374552091,0.25637495865424476,0.2877759670217832,0.2639909123380979,0.2080340271194776,-0.03830635199944178,-0.22422214994827905,-0.29383223901192346,-0.2864272559682528,-0.18807482371727624]"
2026-06-02T14:51:44.771,166.875,1872,0,32,0.022308,55.245,6.696,59.109,12.903,1,ok,u16_id_range_primary,136,"[-0.42707263429959613,-0.3626152177651723,-0.39689802130063373,-0.06617384155591328,0.8571323255697886,0.45312727491060895,-0.37803547581036884,0.16888282696406046,0.04319847623507182,-0.7644055386384329,-0.2996022601922353,0.5089777807394663,0.6520889500776926,0.1738052467505137,-0.16240989168485007]","[0.10427078107992808,0.25098105768362683,0.28104081253210705,0.2569242815176646,0.20149623850981396,-0.04415178795655568,-0.22933346529801685,-0.29862535496552783,-0.29110447069009143,-0.19383261104424793,-0.1190438022216161,-0.0483336200316747,0.03619077304999034,0.035843397180239364,0.05767777065436046]"
2026-06-02T14:51:46.191,168.295,1888,0,32,0.028101,55.245,15.067,58.336,13.336,1,ok,u16_id_range_primary,136,"[0.41945317188898723,-0.4237748106320699,0.11538120905558269,0.0011270324389139816,-0.802686067422231,-0.34319082101186116,0.46678468386332195,0.6069984714190165,0.12578591505686443,-0.20971569617589314,0.07486146489779155,-0.22125137050946553,-0.9489087184270223,-0.26531073649724324,1.404446272055308]","[-0.031228407224019372,-0.21599890192349752,-0.28490312298138937,-0.27672515710194906,-0.17956910928090414,-0.1040236790974935,-0.0324151357014974,0.05282141367594401,0.0515694777170817,0.07167817751566569,0.22673155466715494,0.36366905371348063,0.28876771132151285,0.10779978434244791,-0.03817365964253744]"
2026-06-02T14:51:47.623,169.727,1904,0,32,0.052020,55.245,11.719,57.718,13.012,1,ok,u16_id_range_primary,136,"[-0.2461345632870992,0.373216704527537,0.4639789621035258,0.14869643847147623,0.07807676593462626,0.0020641247431437137,-0.28681708772977194,-0.1224519153436025,0.3339132527510325,0.5333774248758951,-0.09791029890378317,-0.036001904805501306,0.8325144509474436,-0.3602804680665334,-1.616241886218389]","[-0.038138904670874274,0.01422234525283178,0.07142897595961889,0.0575141524275144,0.15000899781783422,0.1867340420683225,0.23249306430419286,0.18283664335807165,0.14171831955512365,0.03720452537139257,-0.22650871525208155,-0.31397859106461207,-0.14753387967745463,-0.1271639699737231,-0.22083700547615687]"
2026-06-02T14:51:49.054,171.158,1920,0,32,0.054050,55.245,10.045,57.224,12.419,1,ok,u16_id_range_primary,136,"[-0.01926966408888499,-0.30735104183355966,-0.14601074556509652,0.3094948341449102,0.512291889389356,-0.1190870592991511,-0.060029242436091104,0.8111013283332189,-0.38159214357535043,-1.639277089635531,0.6143872847159704,1.8931716789801916,0.1914961447318395,-1.0276148209969203,-0.6317113528649012]","[0.31373889446258546,0.35953850746154786,0.30990747809410096,0.2689539909362793,0.16507561206817628,-0.09856213927268982,-0.18563933968544005,-0.01905655413866043,0.0013786301016807554,-0.09241932928562165,-0.1898678421974182,-0.2662591516971588,-0.1790397047996521,-0.1872779607772827,-0.20047109127044677]"
2026-06-02T14:51:50.475,172.578,1936,0,32,0.019803,55.245,11.719,56.828,12.279,1,ok,u16_id_range_primary,136,"[0.3349818021059036,0.19009982347488402,0.7731714874505997,-0.4613673657178879,-1.8265967339277267,0.3546099692583084,1.760712030529976,0.19797551929950713,-0.9979444712400436,-0.6151331037282943,0.35725397169589995,0.5979862242937088,-0.051518109440803525,-0.6672691076993942,0.05303806364536286]","[-0.03605843583742777,-0.053477476040522255,0.15715538462003073,0.19651036461194357,0.10151957472165425,-0.011905888716379803,-0.11213929454485576,-0.05240953962008158,-0.08656514684359233,-0.12379706899325053,-0.12219972411791484,0.0016214152177174883,0.08822410305341084,0.0432868500550588,0.010234882434209187]"
2026-06-02T14:51:51.898,174.002,1952,0,32,0.037310,65.290,11.719,58.520,12.167,1,ok,u16_id_range_primary,136,"[0.496260271469752,1.23144780198733,-0.1241139312585195,-1.031886233886083,-0.605848624308904,0.4639710048834483,0.7807118753592174,0.01130806008974711,-0.7562355538209279,-0.056956245501836145,0.6585500101248424,0.07643155852953593,-0.23344136675198873,-0.2202747901280721,-0.6899238367875417]","[0.04989935954411825,-0.14377460877100626,-0.1536682645479838,-0.23002479473749796,-0.2849554518858592,-0.2818211416403453,-0.13942215840021768,-0.026423792044321694,-0.041690329710642494,-0.045712451140085854,-0.131399134794871,-0.079991082350413,0.1610515316327413,0.5496963461240133,0.7982359727223715]"
2026-06-02T14:51:53.317,175.421,1968,0,32,0.079421,78.683,15.067,62.553,12.747,1,ok,u16_id_range_primary,136,"[0.4245576590299606,0.7526659697294236,-0.011922028660774228,-0.8048024445772171,-0.09852286875247955,0.637127909064293,0.04839584529399872,-0.2697074383497238,-0.25328041315078736,-0.726601031422615,-0.5374980241060257,0.9179357022047043,1.4201595515012742,-0.15932455360889436,-1.339183834195137]","[-0.5208417455355326,-0.3762528876463572,-0.26220452586809795,-0.2765805701414744,-0.28006315032641094,-0.3665580729643504,-0.316319344441096,-0.07573044101397197,0.31419933040936787,0.5624398012955983,0.5897405167420705,0.5070253630479177,0.4039863367875417,0.16020739277203877,-0.06304800311724346]"
2026-06-02T14:51:54.737,176.841,1984,0,32,0.037760,65.290,15.067,63.100,13.211,1,ok,u16_id_range_primary,136,"[0.6408743580182393,-0.3395855704943339,-0.392031459013621,-0.23318016330401103,-0.6566187421480815,-0.33177056709925334,1.168047042687734,1.5525886734326682,-0.14034536282221477,-1.330916670958201,-0.41067758003870647,0.28079787095387776,-0.0738198737303416,-0.100414244333903,0.3670522888501485]","[-0.25124167998631797,-0.3085168560345968,-0.14590346415837607,0.19994813601175943,0.4290615359942118,0.45717788139979043,0.39213061730066934,0.3092207948366801,0.08848357597986857,-0.11204695304234823,-0.2674040754636129,-0.2781455477078756,-0.23141908248265586,-0.14534401496251426,-0.13600086768468223]"
2026-06-02T14:51:56.183,178.287,2000,0,32,0.060418,56.919,8.370,61.864,12.243,1,ok,u16_id_range_primary,136,"[-0.44573678175608317,1.0534179051717123,1.4437776645024618,-0.25319923559824625,-1.4464483420054117,-0.5231828252474466,0.1726925512154897,-0.1880782703558604,-0.22038699785868326,0.25635085900624593,0.4202540953954061,0.08382426102956136,-0.3165938119093577,-0.11336313287417094,0.07667206128438314]","[0.6276506900787353,0.5627281188964843,0.4793738842010498,0.257919979095459,0.05667967796325683,-0.09940056800842285,-0.10921769142150879,-0.06204061508178711,0.02470893859863281,0.03446955680847168,0.010683965682983396,-0.17029409408569335,-0.46891217231750487,-0.5842570543289185,-0.5600926160812378]"
2026-06-02T14:51:57.603,179.707,2016,0,32,0.051511,51.897,8.370,59.871,11.468,1,ok,u16_id_range_primary,136,"[0.014639062682787578,0.4016840289036433,-0.17364195187886555,-0.2637958695491155,0.13612760404745738,0.31100986699263256,0.08759729365507762,-0.22782753606637318,0.006485117475191753,0.18969844082991283,-0.7342511584361394,-0.8388571908076604,0.2968759367863337,0.5981596539417903,0.19609670142332714]","[0.0037943134705225624,0.06016302208105723,0.14364266494909922,0.24196565250555674,0.24524021248022715,0.2044901857773463,-0.0029311170180638633,-0.33151125808556875,-0.479917644460996,-0.4810148467620214,-0.3575164665778478,-0.12256668408711752,0.1373485634724299,0.3240349898735682,0.41477841238180796]"
2026-06-02T14:51:59.039,181.143,2032,0,32,0.096613,60.268,8.370,59.950,10.849,1,ok,u16_id_range_primary,136,"[0.30361082156499225,0.1035537322362264,-0.16145857671896616,0.14563397069772085,0.3300646444161733,-0.6579116682211558,-0.8119727472464243,0.30493127306302387,0.6060781379540762,0.24444525440533957,0.39692824085553485,-0.006017933289210002,-0.9089971880118052,-0.3452261785666148,0.45633821686108905]","[0.026385676860809323,-0.15941845178604125,-0.47349272966384887,-0.6119513392448426,-0.607705581188202,-0.4819222569465637,-0.2450232982635498,0.014337193965911862,0.19994111061096193,0.3144578456878662,0.5073375821113586,0.5175635933876037,0.48271621465682985,0.35768355131149293,0.15909088850021363]"
2026-06-02T14:52:00.460,182.564,2048,0,32,0.064332,50.223,8.370,58.005,10.353,1,ok,u16_id_range_primary,136,"[-0.6783322135607401,-0.7755211035410563,0.36317002375920615,0.6497136314709981,0.2329111357529958,0.2027296980222066,0.07913279136021932,-0.30002439419428506,-0.5090144912401835,-0.39689350525538125,0.04514187177022298,0.5808404644330343,0.36294212539990744,-0.03614604870478312,0.17935001452763874]","[-0.407128927608331,-0.1727693056066831,0.08867439130942027,0.2763187314073245,0.3676757241288821,0.36370635281006497,0.2875809694329898,0.26891005287567776,0.22000992546478906,0.1256550575296084,0.01663100967804591,-0.1071349357565244,-0.3341726039846738,-0.4777425502737363,-0.516213891406854]"
2026-06-02T14:52:02.083,184.187,2064,0,32,0.075466,55.245,15.067,57.453,11.296,1,ok,u16_id_range_primary,136,"[0.2299133539199829,0.09757339954376221,-0.2611907720565796,-0.47800445556640625,-0.3608282506465912,0.07985484600067139,0.6120070219039917,0.407492995262146,0.015538066625595093,0.22071683406829834,-0.16659587621688843,-0.7258225679397583,-0.1475358009338379,0.38522130250930786,0.09165990352630615]","[0.447611403465271,0.368290376663208,0.34465439319610597,0.2935546159744263,0.19932801723480226,0.08931047916412353,-0.03542153835296631,-0.26622169017791747,-0.412453818321228,-0.45257608890533446,-0.4077761650085449,-0.27932028770446776,-0.04953985214233399,0.05180646181106567,0.10875369310379028]"
2026-06-02T14:52:03.509,185.613,2080,0,32,0.078442,55.245,13.393,57.011,11.715,1,ok,u16_id_range_primary,136,"[0.010786354541778564,0.5434463620185852,0.3440464437007904,-0.04650646448135376,0.15598678588867188,-0.2347082495689392,-0.7941062450408936,-0.21315109729766846,0.3206251263618469,0.02115193009376526,0.5224891304969788,0.5870084762573242,-0.8321436047554016,-0.9099856019020081,0.5250606536865234]","[0.11502362489700317,-0.009633529186248782,-0.24084423780441283,-0.3872485041618347,-0.42746137380599974,-0.3827946662902832,-0.2543049335479736,-0.02363674640655518,0.07895864248275757,0.13554821610450746,0.2610553324222565,0.3844061017036438,0.3275845766067505,0.24803287982940675,0.17531461715698243]"
2026-06-02T14:52:04.931,187.035,2096,0,32,0.069396,50.223,18.415,55.654,13.055,1,ok,u16_id_range_primary,136,"[-0.1623890981078148,-0.7213264092803001,-0.14794212430715561,0.3833621755242348,0.0986951008439064,0.5907061114907265,0.6295828834176064,-0.7734059676527977,-0.8222163304686546,0.601016940176487,0.6121835127472878,-0.3629730924963951,-0.22033756822347642,0.16736599951982498,0.12767786681652069]","[-0.45544643998146056,-0.3271732211112976,-0.09871293902397156,0.0007543981075286872,0.05838770866394043,0.18558479547500611,0.30880017280578614,0.25298787355422975,0.17348818182945253,0.10062054991722107,0.02881191372871399,0.009709578752517701,-0.010569709539413451,-0.06982524991035462,-0.15741761326789855]"
2026-06-02T14:52:06.353,188.457,2112,0,32,0.072699,56.919,18.415,55.907,14.127,1,ok,u16_id_range_primary,136,"[0.5583776498834292,0.6434679294625918,-0.7868914936979612,-0.8804318641622861,0.5640519524614016,0.6020260120431582,-0.39504006852706275,-0.26439890613158545,0.15696541617314022,0.12361759344736735,0.11810332189003626,0.28106501350800195,-0.08292946567138036,-0.6328903173406919,-0.0050927733381589246]","[0.20650010307629904,0.3295869727929433,0.2710688014825185,0.1910464664300283,0.11856471498807272,0.050374497969945274,0.03284661968549093,0.013016571601231895,-0.044746468464533486,-0.12989343206087747,-0.23336810866991678,-0.2055643896261851,-0.22238645950953165,-0.21153647700945535,-0.16550941268603006]"
2026-06-02T14:52:07.772,189.876,2128,0,32,0.126136,75.335,8.370,55.907,14.127,0,br_jump_18.42_to_8.37,u16_id_range_primary,136,"[0.5797790870070457,-0.4418934002518654,-0.3244186952710152,0.0817497655749321,0.07085945308208466,0.09198659509420395,0.09805427342653275,0.0020076021552085863,-0.04031697064638138,-0.1834966406226158,-0.500119985640049,-0.05488091856241226,0.4589789196848869,0.14656251519918442,0.015148399770259856]","[0.14689507434765497,0.1369544910887877,0.12349208171168963,0.07027642900745074,-0.008223379900058114,-0.13310604815681776,-0.29752099042137464,-0.4002476287384828,-0.3749718022843202,-0.2503077340622743,-0.11215871100624403,0.09163433785239855,0.24504143471519152,0.36061889405051867,0.40162355179588]"
2026-06-02T14:52:09.190,191.294,2144,0,32,0.148880,58.593,8.370,55.907,14.127,0,br_jump_18.42_to_8.37,u16_id_range_primary,136,"[0.17163413465023042,0.03759449422359466,-0.08141872584819794,-0.11633274257183075,-0.2374394416809082,-0.4927078515291214,0.0034464567899703986,0.5148175328969955,0.16870069205760957,0.010278311371803284,0.0005155473947525031,-0.3017140954732895,-0.22289121448993682,0.35883062779903413,0.18668627440929414]","[-0.29601426124572755,-0.4334118187427521,-0.5095992505550384,-0.46038119196891786,-0.31517903208732606,-0.16139976382255555,0.05483158230781554,0.21689279675483703,0.33809764981269835,0.38251741528511046,0.3485072433948517,0.19567711949348449,0.056494075059890736,0.16511161923408507,0.41785581707954406]"
2026-06-02T14:52:10.605,192.708,2160,0,32,0.142506,50.223,20.089,54.770,15.320,1,ok,u16_id_range_primary,136,"[-0.5728359838326772,-0.06136220892270407,0.4465662221113841,0.09791812101999918,-0.05211883982022604,-0.06391880114873251,-0.37836352189381917,-0.20451718767484028,0.38396647373835247,-0.4232315142949422,-1.2717446704705557,-0.07961207826932272,1.406899748245875,1.1377449611822763,-0.36539071997006733]","[-0.5094292442003886,-0.29312971035639446,-0.13213756481806438,-0.01254680554072063,0.02972766955693562,-0.0065286437670389885,-0.15888145367304485,-0.1386552135149638,0.100235911210378,0.3732802589734395,0.4517709930737813,0.3104872425397237,0.038414122660954786,-0.0355890969435374,-0.017018465201059985]"
2026-06-02T14:52:12.026,194.130,2176,0,32,0.128916,70.312,20.089,57.878,16.274,1,ok,u16_id_range_primary,136,"[0.016695672273635866,-0.29799399375915525,-0.14611939191818238,0.43801295161247256,-0.3489131689071655,-1.188882714509964,-0.0213203489780426,1.4767452418804168,1.2224296271800994,-0.29902303814888,-1.793148285150528,-1.1773425400257111,0.6036891877651215,1.0073438823223113,0.5078269183635712]","[-0.03982132375240327,-0.1920637458562851,-0.17255395352840425,0.06647688448429107,0.3416934639215469,0.4216823011636734,0.28105598986148833,0.008501264452934254,-0.06554022133350373,-0.04885731339454652,-0.04589974582195283,-0.044512447714805614,-0.10123717486858369,-0.18272202908992768,-0.22620194852352143]"
2026-06-02T14:52:13.444,195.548,2192,0,32,0.087523,50.223,20.089,56.347,17.037,1,ok,u16_id_range_primary,136,"[-0.6106586953004202,0.2227493623892466,0.7358257869879404,0.7667807439963022,0.11069847146670024,-1.3400953908761342,-1.085787405570348,0.5959912637869517,0.9524964193503062,0.34914399186770123,-0.06937174995740254,-0.3598122497399648,-0.4685829182465871,-0.08857529362042744,0.2891976634661357]","[0.16470853288968404,0.0807644506295522,-0.09455486337343852,-0.06045945684115092,0.05585519274075826,0.1397021194299062,0.19322422941525777,0.16101080973943074,0.08171621759732564,0.024909474452336627,-0.02827777663866679,-0.08857294122378032,-0.1732335905234019,-0.21106346646944682,-0.24572893182436625]"
2026-06-02T14:52:14.863,196.967,2208,0,32,0.143664,56.919,8.370,56.347,17.037,0,br_jump_20.09_to_8.37,u16_id_range_primary,136,"[0.1775082141160965,-0.44879808127880094,-0.93030866086483,-0.5306999891996383,0.9571012049913407,0.6175721675157547,-0.11149708032608033,0.743741312623024,0.210818150639534,-1.1252323597669602,-0.4494824022054672,0.6374400645494461,-0.019574692845344542,-0.32878865897655485,0.6002008110284806]","[-0.3372268915176392,-0.2301171064376831,-0.131842041015625,0.12815580368041993,0.37600157260894773,0.3514008283615112,0.2621490120887756,0.15123049020767212,-0.014944994449615478,-0.21683331727981567,-0.2270355463027954,-0.13178672790527343,0.0023910760879516605,0.005781745910644532,0.012676095962524414]"
2026-06-02T14:52:16.481,198.585,2224,0,28,0.130376,56.919,18.415,56.347,17.037,0,transient_bin_jump_gating,u16_id_range_primary,136,"[1.1223060707251231,0.10810371438662211,-0.021249868472417197,-0.297034897406896,-0.6122355838616689,-0.13675508697827657,0.09854491750399272,0.0889370063940684,0.3863116423288981,0.5174173037211101,0.2546338657538096,-0.21319852073987325,-0.3112838943799337,-0.5147319217522939,-0.46976474722226463]","[-0.08022844294706981,-0.11415898303190868,-0.12688338259855908,-0.15902745227018994,-0.06531226138273875,0.08922875424226125,0.2259793331225713,0.3151710083087285,0.21903598805268604,0.10350034137566884,-0.1227830598751704,-0.20718906323115033,-0.14838525156180066,-0.048159564534823104,0.11921203633149464]"
2026-06-02T14:52:17.900,200.004,2240,0,40,0.087610,63.616,18.415,56.347,17.037,0,range_out_of_bounds_1.60m,u16_id_range_primary,136,"[-0.08787744045257569,0.6517121911048889,-0.3258106291294098,-0.761026668548584,0.3153273582458496,0.8543940305709838,-0.03295295238494873,-0.7814617037773133,-0.47786478996276854,0.45075948238372804,0.5113203644752502,-0.6982110619544983,-0.4244120895862579,0.7465070605278015,0.059596848487854]","[-0.4300681591033936,-0.25750174522399905,-0.09478058815002441,-0.03987326622009277,0.011453485488891607,0.09147081375122071,0.1743556022644043,0.15153948068618775,0.04338363409042359,0.06373778581619263,0.08101043701171876,0.007272100448608404,0.01931599378585816,0.08395538330078126,0.09472904205322266]"
2026-06-02T14:52:19.336,201.440,2256,0,40,0.049442,63.616,15.067,56.347,17.037,0,range_out_of_bounds_1.60m,u16_id_range_primary,136,"[0.4866798321406047,0.11596349875132243,-0.6195366581281027,-0.4226873715718587,0.5980419317881266,0.6473577419916788,-0.7348461349805196,-0.48993440469106037,0.7332523862520853,0.084560493628184,-0.6388899882634481,0.16182304422060648,0.4384172360102336,-0.21836101015408835,-0.14184059699376425]","[-0.127890079220136,-0.07877112825711569,-0.09414330025513967,-0.17953947087128957,-0.112789719303449,-0.04380035301049551,-0.06187617679437002,0.004587740699450171,0.10764059523741404,0.15030369261900584,0.17660090426603953,0.17857000331083933,0.11736068228880564,0.02587518195311228,-0.06212857266267141]"
2026-06-02T14:52:20.752,202.856,2272,0,40,0.101890,78.683,15.067,56.347,17.037,0,range_out_of_bounds_1.60m,u16_id_range_primary,136,"[0.5234860057632128,0.3285906786719958,-0.3871472006042798,-0.16252293189366657,-0.18487450232108432,-0.3238305275638898,0.19728340456883114,0.2908479745189349,-0.27211011697848636,-0.24160904934008914,0.012777241567770645,-0.28235143174727756,-0.39775459220012027,0.5070869798461596,0.3921280677119891]","[-0.41553210020065307,-0.33155750036239623,-0.12179230451583863,0.12432767152786255,0.2901690125465393,0.4070305943489075,0.4642173171043396,0.4212401032447815,0.3186537742614746,0.20030845403671266,0.08262075185775757,-0.16072868108749389,-0.3856874585151672,-0.45684300661087035,-0.4364266276359558]"
2026-06-02T14:52:22.163,204.267,2288,0,40,0.053282,70.312,15.067,56.347,17.037,0,range_out_of_bounds_1.60m,u16_id_range_primary,136,"[-0.07203284402688344,0.4097437808911006,0.34203579525152844,-0.292897825439771,-0.2222288598616918,0.07463299731413524,-0.18786834677060446,-0.25987190504868823,0.658755416671435,0.5144510219494501,-0.6912712504466375,-0.43402746816476184,0.36711787680784863,-0.14577734967072806,-0.06076103945573171]","[0.2616753399372101,0.3291719377040863,0.30591822862625123,0.22638122439384462,0.13131300806999208,0.03380267024040222,-0.19344313740730285,-0.40740140080451964,-0.4709661781787872,-0.44651396870613097,-0.35145880579948424,-0.08033101558685303,0.14069498777389527,0.25335065722465516,0.2678064525127411]"
2026-06-02T14:52:23.576,205.680,2304,0,40,0.066467,80.357,10.045,56.347,17.037,0,range_out_of_bounds_1.60m,u16_id_range_primary,136,"[0.09467503229777018,-0.17940814991792042,-0.2730586101611455,0.6334416995445887,0.4908239672581355,-0.7102863659461339,-0.44367213745911915,0.3623437414566676,-0.14437796374162037,-0.059230761726697286,0.6517032514015834,0.14691085914770763,-0.26276390453179677,0.04645813802878062,-0.35355879565080006]","[0.15397544503211974,-0.07089785933494568,-0.28306679129600526,-0.3441578567028046,-0.31749449372291566,-0.21982662081718446,0.05316223502159119,0.2753279387950897,0.3899798274040222,0.40661181807518004,0.28639389872550963,0.03676028847694397,-0.124081951379776,-0.17840216755867006,-0.0642837107181549]"
2026-06-02T14:52:25.020,207.124,2320,0,40,0.054385,70.312,10.045,56.347,17.037,0,range_out_of_bounds_1.60m,u16_id_range_primary,136,"[-0.7183695058027904,-0.44724952379862465,0.356857575972875,-0.1499677817026774,-0.0641499678293864,0.639443971713384,0.13500187595685323,-0.2674853126207987,0.045308687289555866,-0.36043214003245033,-0.6251553515593211,-0.13246633807818095,0.5350914975007375,0.7971772332986196,0.2563950796922048]","[-0.33587804436683655,-0.0634615421295166,0.1579744815826416,0.27296754717826843,0.2903851270675659,0.17077994346618652,-0.07816094160079956,-0.239091694355011,-0.29253602027893066,-0.18234023451805115,-0.02366366982460022,0.06785053014755249,0.1119002103805542,0.09494179487228394,0.04833251237869263]"
2026-06-02T14:52:26.442,208.546,2336,0,40,0.059758,70.312,8.370,56.347,17.037,0,range_out_of_bounds_1.60m,u16_id_range_primary,136,"[0.7116645733515422,0.21855540672938029,-0.18790359695752462,0.08679966727892557,-0.39060999353726705,-0.6894051273663838,-0.16752307017644247,0.517106846968333,0.7970774332682292,0.28243799606959025,-0.35746960242589315,-0.4618446966012319,-0.28481791814168295,-0.23395471175511678,0.1598867932955424]","[0.3392558534940084,0.06418205698331197,-0.12050663034121195,-0.19277112285296122,-0.10159061948458353,0.0449152131875356,0.12758751114209493,0.1661138673623403,0.14452864130338033,0.09191264112790426,0.0001968284447987842,-0.0484915832678477,-0.11361418763796488,-0.19420217076937357,-0.20751629869143168]"
2026-06-02T14:52:27.864,209.968,2352,0,40,0.051670,70.312,8.370,56.347,17.037,0,range_out_of_bounds_1.60m,u16_id_range_primary,136,"[-0.713619073232015,-0.1844638188680013,0.5019237796465555,0.7732551495234171,0.2554960648218791,-0.3689302404721578,-0.46510647734006244,-0.30087776978810626,-0.26572593053181964,0.14405719439188638,0.5230148235956827,0.049766580263773605,-0.2738347103198369,0.09351387123266856,0.23153055707613626]","[0.06171992222468058,0.14559635321299236,0.18687113920847576,0.1672397534052531,0.11633416811625164,0.025255886713663737,-0.020441325505574544,-0.0843011458714803,-0.16465154488881428,-0.17488017876942952,-0.14320400555928547,-0.12739733060201008,-0.12623819907506306,-0.028800042470296223,0.1668965498606364]"
2026-06-02T14:52:29.284,211.387,2368,0,40,0.057304,70.312,8.370,56.347,17.037,0,range_out_of_bounds_1.60m,u16_id_range_primary,136,"[-0.34448856115341187,-0.4321281611919403,-0.26316747069358826,-0.23048442602157593,0.18253391981124878,0.5605494379997253,0.08133673667907715,-0.2399241030216217,0.12774023413658142,0.2620662450790405,-0.4518590569496155,-0.6836956739425659,0.30301207304000854,0.9150169491767883,0.21349185705184937]","[-0.0032051761945088714,-0.048478599389394125,-0.11241995890935262,-0.19324743350346885,-0.20287119944890342,-0.1722071131070455,-0.1571728547414144,-0.15721582969029746,-0.06106316645940145,0.13328242699305215,0.2847434322039286,0.2810542623202006,0.22795927921930947,0.13025534550348916,0.05058658520380656]"
2026-06-02T14:52:30.715,212.818,2384,0,34,0.047956,73.660,6.696,73.660,6.696,1,filter_lockout_recovery_reset,u16_id_range_primary,136,"[0.49504164755344393,0.1917364090681076,-0.6844164937734604,-0.4038806766271591,0.7937772065401077,0.25228879749774935,-0.8630516141653061,-0.2208905428647995,0.6491588741540909,0.12438244521617889,-0.39557980597019193,-0.32830502688884733,-0.035324296355247496,0.2087775409221649,0.21628553569316863]","[-0.01896457672119141,0.1707581400871277,0.22295929193496705,0.29885746240615846,0.4049599289894104,0.44249619245529176,0.32881416082382203,0.17456759214401246,0.0017894625663757296,-0.11765061616897583,-0.219316828250885,-0.31586872339248656,-0.40633665323257445,-0.4727803349494934,-0.4942844986915588]"
2026-06-02T14:52:32.145,214.249,2400,0,34,0.019624,70.312,13.393,73.660,6.696,0,transient_bin_jump_gating,u16_id_range_primary,136,"[0.9968307334929705,-0.3949825447052717,-1.1952827852219343,-0.100492088124156,0.6632026750594378,0.23833552189171314,-0.034567324444651604,-0.17565306834876537,-0.1456472110003233,0.17298311181366444,0.1245128083974123,-0.17189056985080242,-0.07101510278880596,0.0783787239342928,0.015287119895219803]","[0.29559114972750344,0.2542193273703257,0.1977775434652964,0.12868598500887551,0.04170087377230326,0.03310802976290385,0.02127340833346049,-0.022727813323338827,-0.07597204645474752,-0.1059670110543569,-0.14897414644559226,-0.1728697677453359,-0.17548110683759055,-0.15049352844556174,-0.1198708971341451]"
2026-06-02T14:52:33.765,215.868,2416,0,16,0.012976,61.942,13.393,73.660,6.696,0,transient_bin_jump_gating,u16_id_range_primary,136,"[0.059720516204833984,0.4617466926574707,0.11439268290996552,-0.14391636848449707,0.13485339283943176,-0.01554185152053833,-0.3828754425048828,-0.15864598751068115,0.1251669079065323,0.0867537260055542,-0.03159289062023163,0.148086816072464,0.15138664841651917,-0.30705153942108154,-0.24248330295085907]","[-0.0374555175503095,0.044476878146330515,0.0706384594241778,0.06076956937710444,0.049326341847578684,0.0038310701648394258,-0.03693928172190984,-0.06498636653025945,-0.06864644934733709,-0.06617564310630163,-0.07452970345815023,-0.008025485773881277,0.03515059898296992,0.04513306568066279,0.04743246386448542]"
2026-06-02T14:52:35.194,217.298,2432,0,23,0.017961,73.660,13.393,73.660,6.696,0,transient_bin_jump_gating,u16_id_range_primary,136,"[-0.008668496708075206,-0.3760419930020968,-0.15179441819588343,0.13189177264769872,0.09341315974791845,-0.024960986773173016,0.15490734626849492,0.1584012066324552,-0.3005155468980471,-0.23597852836052577,0.4142333125074705,0.10727290858825048,-0.8050606990853946,-0.06770159254471461,0.9106025551756223]","[-0.0627115766207377,-0.10357813040415445,-0.13172231117884317,-0.1354718009630839,-0.1330880324045817,-0.14155800143877664,-0.07508478562037149,-0.03194714585940043,-0.022058824698130287,-0.019934872786204018,0.1545091470082601,0.24647887547810873,0.2382096846898397,0.16078021128972372,0.057177563508351646]"
2026-06-02T14:52:36.613,218.717,2448,0,38,0.020628,61.942,13.393,73.660,6.696,0,range_out_of_bounds_1.52m,u16_id_range_primary,136,"[0.014493848383426666,0.15252841934561728,0.11523161754012108,-0.24702502861618997,-0.19762128666043283,0.18871441408991813,0.37421961054205893,-0.23277376666665078,-0.4634704150259495,0.15250642523169516,0.3905269645154476,0.0601507268846035,-0.17548321262001992,-0.18472124710679055,0.05272293016314507]","[-0.1542606751124064,-0.07277027765909831,-0.019865910212198894,0.0024369557698567705,-0.06003288427988688,-0.0529174009958903,-0.015109221140543621,0.012090643246968586,0.024635990460713703,0.03326030572255453,0.04821880658467611,0.08550294240315755,0.0952914555867513,0.046646316846211754,0.026872952779134113]"
2026-06-02T14:52:38.031,220.135,2464,0,42,0.008490,63.616,13.393,73.660,6.696,0,range_out_of_bounds_1.68m,u16_id_range_primary,136,"[0.18843057354291282,0.38634371360143027,-0.2381865123907725,-0.4934396187464396,0.1131688912709554,0.3503161629041036,0.020551170905431113,-0.20499240259329476,-0.203119088212649,0.034763928254445395,0.247445281346639,-0.15213819245497384,-0.25023545722166696,0.2153454383214315,-0.014253888527552286]","[-0.039908591906229654,-0.006924573580423991,0.01597255071004232,0.02389365037282308,0.02817165454228719,0.038286622365315756,0.07097947200139364,0.0768331249554952,0.0254512091477712,0.003058310349782308,-0.005837384859720866,-0.06410220662752787,-0.06273019711176554,-0.05333030621210734,-0.049813334147135416]"
2026-06-02T14:52:39.446,221.550,2480,0,51,0.004773,63.616,10.045,73.660,6.696,0,range_out_of_bounds_2.04m,u16_id_range_primary,136,"[0.3681569516658783,0.029601168632507325,-0.19722262322902678,-0.19175319671630858,0.038805094361305234,0.24588809609413148,-0.13897140622138976,-0.23098926544189452,0.22202722430229188,-0.010095316171646117,-0.20211766958236693,0.12130616307258606,0.01783464550971985,-0.1747020363807678,0.10223217010498047]","[0.030870860815048216,0.062417393922805785,0.06801790595054627,0.017921990156173705,-0.003868305683135986,-0.012841516733169555,-0.07037215828895568,-0.06869786381721496,-0.05935119986534119,-0.05562340617179871,-0.015255504846572876,0.027314668893814086,0.03623659014701843,0.02101779580116272,0.02221274971961975]"
2026-06-02T14:52:40.864,222.968,2496,0,51,0.009848,71.986,6.696,73.660,6.696,0,range_out_of_bounds_2.04m,u16_id_range_primary,136,"[0.27531791577736536,-0.10874047031005224,-0.20094055583079656,0.2512190575400988,0.020394035677115122,-0.17181812872489294,0.15018830547730128,0.047856451074282325,-0.14430861820777258,0.13142807135979334,0.24185953388611475,-0.05826010455687841,-0.2428929125269254,-0.35765900363524755,0.16635642300049464]","[-0.08726582924524943,-0.14464662472407025,-0.14311550060908002,-0.13387028376261395,-0.13018004099527997,-0.09006539980570476,-0.047675589720408126,-0.038782576719919845,-0.054008523623148605,-0.05258665482203166,-0.009336392084757492,0.13760610421498615,0.2556554873784383,0.2788185675938924,0.2594532569249471]"
2026-06-02T14:52:42.278,224.381,2512,0,51,0.014914,71.986,6.696,73.660,6.696,0,range_out_of_bounds_2.04m,u16_id_range_primary,136,"[-0.1789894034465154,0.13972159425417582,0.04006628642479579,-0.1512445439894994,0.1216644490758578,0.23158215681711833,-0.06932512720425923,-0.23800472219785054,-0.3605422159036001,0.13108941117922465,0.6037908414999644,0.1617328147093455,-0.22467622955640157,-0.1321718325217565,-0.07469347914059957]","[-0.09954444567362468,-0.05742911497751872,-0.04846177498499553,-0.06357137362162273,-0.06149570147196452,-0.019701878229777023,0.12524913748105365,0.24634935458501178,0.27037959297498065,0.2499218185742696,0.16223790248235065,0.0028283794720967564,-0.1400862733523051,-0.28503380219141644,-0.2816418210665385]"
2026-06-02T14:52:43.696,225.800,2528,0,51,0.017919,71.986,6.696,73.660,6.696,0,range_out_of_bounds_2.04m,u16_id_range_primary,136,"[0.19338661134243013,-0.11681843101978302,-0.23964459002017974,-0.38094801008701323,0.025482383370399476,0.5537009507417678,0.1936208873987198,-0.24513876736164092,-0.20763930976390838,-0.11687586009502411,-0.09092136025428772,-0.40151226818561553,0.07712152302265167,0.6897141605615615,0.06647208034992218]","[0.03801422715187073,0.17660492062568664,0.30572389960289004,0.3340671002864838,0.31407480835914614,0.22658645510673522,0.06838106513023376,-0.07469356656074524,-0.22136855721473694,-0.22009230256080628,-0.19819987416267396,-0.22321493029594422,-0.1836510956287384,-0.16649702787399293,-0.17573512196540833]"
2026-06-02T14:52:45.117,227.221,2544,0,51,0.017408,73.660,6.696,73.660,6.696,0,range_out_of_bounds_2.04m,u16_id_range_primary,136,"[0.07400227710604668,-0.3698246367275715,-0.0196085162460804,0.2730786018073559,0.07495922967791557,-0.053811077028512955,-0.40963606908917427,-0.07133876159787178,0.5321406833827496,0.09328014776110649,-0.2859075553715229,0.05333198979496956,-0.010949268937110901,-0.1628023125231266,0.28308526799082756]","[0.08478844960530599,0.040959544976552326,0.007564373811086019,-0.04864501158396403,0.0116583784421285,0.06662208636601766,0.054733463128407794,0.08544010718663533,0.08358792265256246,0.04971248706181844,0.018892892201741535,-0.03422098557154338,-0.12671252290407817,-0.18291681210199992,-0.11146437327067057]"
2026-06-02T14:52:46.749,228.852,2560,0,51,0.011443,63.616,11.719,73.660,6.696,0,range_out_of_bounds_2.04m,u16_id_range_primary,136,"[-0.15019351864854494,-0.1664456489185492,0.0929992285867532,0.3009992328782876,-0.06798758233586948,-0.2020403357843558,0.0973952201505502,-0.05647952357927958,-0.026207483063141506,0.3070639756818612,-0.14993812764684358,-0.4573231252531211,0.10563746963938077,0.2805990067621072,0.09192121153076489]","[0.05686407287915547,0.039604415496190384,0.06778429945309956,0.07188855608304341,0.04723023374875386,0.028356393178304035,-0.0382897953192393,-0.1453018287817637,-0.18718327085177103,-0.15152157346407572,-0.11344398061434428,-0.00738311807314555,0.05381761988004048,0.10749160250027974,0.17008637388547262]"
2026-06-02T14:52:48.169,230.273,2576,0,51,0.020971,63.616,8.370,73.660,6.696,0,range_out_of_bounds_2.04m,u16_id_range_primary,136,"[-0.7288093437751134,0.046904308597246806,0.10070213476816814,-0.5023444165786107,0.23176397184530895,0.8124948273102442,0.11545081237951915,-0.29799549480279286,-0.18712273438771565,-0.06541234453519185,-0.012356775005658467,-0.0021098126967748,0.23408867220083873,0.3129077086846034,-0.05816151400407155]","[0.00101790328820546,0.02840844293435414,0.029425417383511857,0.004228686292966202,-0.0006140122810999599,-0.040191734830538436,-0.024496311942736312,-0.03952025870482127,-0.031134794155756637,0.00030199189980824326,0.00837329526742299,-0.0047033081452051845,0.004853104551633194,0.02786365648110707,0.036187921961148575]"
2026-06-02T14:52:49.586,231.689,2592,0,51,0.010946,77.009,8.370,73.660,6.696,0,range_out_of_bounds_2.04m,u16_id_range_primary,136,"[0.5594538186987241,0.03946122874816259,-0.31208493957916894,-0.14076777199904122,-0.00834644983212153,-0.06844311604897181,-0.06003307948509852,0.2011731748779615,0.20756847014029822,-0.18215313206116357,-0.29615351210037866,0.07746596982081731,0.07266175349553426,-0.1497283841172854,0.05992596944173177]","[-0.023031354943911238,-0.017041021088759108,-0.042873092989126844,-0.03569748351971309,-0.01959974418083827,-0.027254649500052137,-0.05364043364922206,-0.0529406155149142,-0.03248686442772548,-0.024711021284262343,-0.002377697328726454,0.037005773683389025,0.06541275133689245,0.08609043707450231,0.1431450163324674]"
2026-06-02T14:52:51.018,233.122,2608,0,51,0.010052,70.312,8.370,73.660,6.696,0,range_out_of_bounds_2.04m,u16_id_range_primary,136,"[-0.009846001863479614,-0.05587630718946457,0.15750765055418015,0.15993056446313858,-0.193520687520504,-0.30976150184869766,0.09200962632894516,0.14787312597036362,-0.13618868589401245,0.0013696253299713135,0.15207690745592117,-0.151018925011158,-0.18125737458467484,0.22303765267133713,0.103664331138134]","[-0.020756244411071142,-0.06078240250547727,-0.07103726615508398,-0.056718736638625464,-0.05068893705805143,-0.039260670294364294,-0.00520373856027921,0.025676355014244714,0.039455160746971765,0.08744821722308795,0.10921911175052325,0.07053923631707827,0.03549513245622317,-0.017031639566024145,-0.0463535783191522]"
2026-06-02T14:52:52.438,234.542,2624,0,51,0.045312,68.638,8.370,73.660,6.696,0,range_out_of_bounds_2.04m,u16_id_range_primary,136,"[-0.32911466602236034,0.0510856157168746,0.15619882401078938,-0.13272162321954967,-0.014802520908415318,0.20003164764493703,-0.07807611469179392,-0.15285920146852733,0.20277942176908254,0.08395602758973837,-0.18154933098703624,-0.006079210713505745,-0.29056753758341075,-0.2467574680224061,0.7384761368855834]","[-0.0028956890106201175,0.017523789405822755,0.04352357387542725,0.045907998085021974,0.0831223964691162,0.09238519668579101,0.04683067798614502,0.007907652854919433,-0.04605159759521484,-0.07798287868499756,-0.02893552780151367,0.06425764560699462,0.022159361839294435,-0.11088404655456544,-0.1568685531616211]"
2026-06-02T14:52:53.859,235.963,2640,0,51,0.065075,68.638,8.370,73.660,6.696,0,range_out_of_bounds_2.04m,u16_id_range_primary,136,"[0.3469256550073624,-0.5149271100759506,-0.40258907377719877,0.176436910033226,0.12702030837535858,-0.011208346486091612,0.2265555053949356,-0.1548710972070694,-0.2435341387987137,0.645428815484047,0.3810534864664078,-0.5719958156347275,-0.3972261160612106,0.22236377894878387,0.17056723833084106]","[0.262099434932073,0.1268369456132253,0.021805455287297576,-0.06747562686602274,-0.11189777652422586,-0.06568724910418192,0.03986196716626486,0.02285902698834738,-0.025467822949091584,-0.051636884609858186,-0.05800748864809671,-0.06722743312517801,-0.04210410515467325,-0.02108422915140787,0.03712578614552817]"
2026-06-02T14:52:55.280,237.384,2656,0,51,0.063267,75.335,6.696,73.660,6.696,0,range_out_of_bounds_2.04m,u16_id_range_primary,136,"[-0.021674210329850514,0.18730886826912563,-0.1827709769209226,-0.2868881916006406,0.5396923328439395,0.3188193942109744,-0.5970549081762632,-0.42983824958403904,0.2072030211488406,0.1438005323211352,0.06439394305149715,0.06313530157009761,-0.17087777902682622,-0.021700145800908406,0.1864510680238406]","[-0.09270094620684782,0.0021638990690310833,-0.018876540536681807,-0.07236789452532927,-0.0928567527482907,-0.09411786782244841,-0.0992290853212277,-0.07175074803332487,-0.05161099421481291,0.0006354571630557415,0.09046666783591112,0.1310835247238477,0.14925670710702738,0.10229480726023515,0.11760976624985536]"
2026-06-02T14:52:56.698,238.802,2672,0,51,0.058126,68.638,6.696,73.660,6.696,0,range_out_of_bounds_2.04m,u16_id_range_primary,136,"[-0.5116255889336269,-0.6819617162148158,0.1702167977889379,0.590224861105283,0.13475769658883413,0.05789750715096792,0.09923463960488638,-0.302704186240832,-0.1631216118733088,0.2667133500178655,0.23358248074849447,-0.2825202653805415,-0.07362923125425974,0.4571865787108739,0.005748688181241354]","[-0.3525153304139773,-0.24742387781540554,-0.11801134596268337,-0.018947472671667735,0.05984974851210912,0.1532635783155759,0.1854206417997678,0.1800016259153684,0.11058146705230076,0.09672344674666722,0.05957380880912145,-0.004025196532408397,-0.025619735817114513,-0.030987499157587688,-0.04788385878006617]"
2026-06-02T14:52:58.123,240.227,2688,0,51,0.053145,66.964,8.370,73.660,6.696,0,range_out_of_bounds_2.04m,u16_id_range_primary,136,"[0.036349709083636605,0.058633382370074594,-0.3354643928507964,-0.18957923824588457,0.24487871949871381,0.20222627644737562,-0.2929388629893462,-0.087465916822354,0.4027662528057893,-0.012014453361431757,-0.2443475472430388,0.05348502372701963,-0.006184061119953791,0.023629753788312276,0.14602535491188368]","[0.10993894239266713,0.14128550191720327,0.13184102674325307,0.06602310438950856,0.05161636372407277,0.017426841457684833,-0.04223527709643046,-0.06322243014971415,-0.0719532440106074,-0.08478213051954905,-0.055816925565401715,-0.06230045060316722,-0.07623337904612223,-0.05009285310904185,-0.011495090524355572]"
2026-06-02T14:52:59.553,241.657,2704,0,51,0.159948,66.964,18.415,73.660,6.696,0,range_out_of_bounds_2.04m,u16_id_range_primary,136,"[-0.06244698365529378,-0.5533128996690114,0.28529181877772014,0.7886168340841929,-0.31161701877911885,-0.6787657757600148,0.547287521759669,0.21296313206354778,-1.1280785222848257,0.18682509462038677,1.5368079523245493,0.052966533104578654,-0.959302427371343,-0.03742620547612508,0.12019094626108806]","[0.22001694838205973,0.19566845099131266,0.16579460302988688,0.0555754820505778,-0.17788601716359456,-0.3547184546788534,-0.2770731528600057,-0.2478375514348348,-0.29880452950795494,-0.24711633523305257,-0.1419119914372762,-0.024853237469991046,0.17222975889841716,0.4113180557886759,0.549597970644633]"
2026-06-02T14:53:00.976,243.080,2720,0,51,0.035751,66.964,6.696,73.660,6.696,0,range_out_of_bounds_2.04m,u16_id_range_primary,136,"[-0.23441922167936963,-0.04149752358595531,0.25865600009759265,0.34760147829850513,0.386802410085996,-0.5447129557530085,-0.7960821936527888,0.586841826637586,1.0815206815799077,-0.010253543655077621,-0.24849473933378857,0.24868034323056537,0.09794319172700246,-0.8584040949741999,-0.27418165902296704]","[-0.11767174998919169,-0.21257426540056865,-0.36126586000124616,-0.34081842700640363,-0.16931166450182597,-0.035817883412043255,0.04877976377805074,0.1424882193406423,0.1404737909634908,0.08191872437795003,0.0019209464391072573,0.08468309839566548,0.22984419067700704,0.22941670616467794,0.2779344101746877]"
2026-06-02T14:53:02.398,244.502,2736,0,51,0.034390,75.335,13.393,73.660,6.696,0,range_out_of_bounds_2.04m,u16_id_range_primary,136,"[-0.6058713098367056,-0.869838704665502,0.5428130129973093,1.0231992701689403,-0.07206921776135762,-0.3230775197347005,0.16741805771986643,0.04544378320376079,-0.8477197190125784,-0.29152147968610126,1.1676504115263622,0.4741944173971812,-0.4575815101464589,0.040269340078035995,0.00669116775194804]","[-0.12346130212148029,-0.03486710389455158,0.05584234396616619,0.055443886915842705,0.0010386149088541796,-0.07135921319325764,0.009423021475474053,0.15273446242014568,0.15775245825449627,0.2164340655008952,0.22813421885172527,0.12088221708933514,-0.013184603055318184,-0.21955710252126057,-0.5352559645970663]"
2026-06-02T14:53:03.823,245.927,2752,0,51,0.070966,61.942,6.696,73.660,6.696,0,range_out_of_bounds_2.04m,u16_id_range_primary,136,"[-0.28370863993962603,0.20241328279177348,0.07331933776537577,-0.8369817813237508,-0.2810452063878377,1.2039670864741008,0.5192313710848491,-0.43922466834386187,0.04884131948153178,0.03747273186842601,-0.23497153123219808,0.3242646972338359,0.07931298712889354,-0.5849223812421163,0.17203139464060466]","[0.16536955535411835,0.24700084328651428,0.3917805999517441,0.39622755348682404,0.4514710456132889,0.46319182217121124,0.3559238463640213,0.2230217009782791,0.015769198536872864,-0.29768066108226776,-0.5051675289869308,-0.547452375292778,-0.5497278422117233,-0.4647829383611679,-0.3449448198080063]"
2026-06-02T14:53:05.472,247.576,2768,0,51,0.142424,73.660,10.045,73.660,6.696,0,range_out_of_bounds_2.04m,u16_id_range_primary,136,"[0.7244852383931478,0.7502142985661825,-0.8677975932757059,-0.4909842113653819,0.5910712679227194,0.29243897398312885,-0.10253227750460307,0.027502407630284626,-0.13856292764345804,-0.5474295417467753,-0.0770553747812907,0.5826015075047811,0.11073451240857442,-0.8036337892214457,-0.05105249087015788]","[0.6085167467594147,0.6060746252536774,0.5485914289951325,0.45639639496803286,0.23380547165870666,-0.013683503866195684,-0.28356713652610777,-0.441317743062973,-0.5642890393733978,-0.6257836282253265,-0.5601505696773529,-0.26652095317840574,0.015952193737030024,0.13102042078971862,0.15495529174804687]"
2026-06-02T14:53:06.893,248.997,2784,0,51,0.124464,87.053,16.741,73.660,6.696,0,range_out_of_bounds_2.04m,u16_id_range_primary,136,"[0.34656951725482943,-0.1706448405981064,-0.13125865757465363,-0.1631791353225708,-0.4324969261884689,0.03234753906726837,0.6718240767717362,0.2108597546815872,-0.7557957977056503,-0.0731581062078476,0.9538015514612198,0.1927923947572708,-0.3449171394109726,-0.07127078473567963,-0.26547344624996183]","[0.3406362106402715,0.07477088471253712,-0.09666876296202342,-0.24001173476378124,-0.32650677661101024,-0.2909606526295344,-0.02526764372984569,0.23139570852120717,0.32833869953950245,0.3385553826888402,0.19335633714993794,-0.040096027652422594,-0.19341622094313304,-0.222991747657458,-0.07113365630308788]"
2026-06-02T14:53:08.310,250.414,2800,0,51,0.123865,71.986,16.741,73.660,6.696,0,range_out_of_bounds_2.04m,u16_id_range_primary,136,"[0.7259284352262815,-0.3199843669931094,-0.9135805870095889,0.0463731383283933,0.4481791352232297,-0.1480858529607455,0.05432643194993337,0.22327474703391392,-0.46955715666214626,-0.2657780552903811,0.6223304366072019,0.31352270593245823,-0.3299139047662417,0.2515582834680875,-0.23859339008728664]","[0.03950745264689126,-0.09785860379536948,-0.26652401288350425,-0.32110982735951743,-0.3782421906789144,-0.2971374352773031,-0.05273252328236899,0.22111398379007974,0.40373522440592446,0.4870800415674845,0.4521340767542521,0.20527941385904946,-0.019236739476521825,-0.10861008961995444,-0.2673987706502279]"
2026-06-02T14:53:09.730,251.834,2816,0,51,0.067930,71.986,16.741,73.660,6.696,0,range_out_of_bounds_2.04m,u16_id_range_primary,136,"[-0.21604557981093725,-0.03350053628285726,0.28446837613979975,-0.2964583252867063,-0.08702006091674169,0.770419397453467,0.46138701687256495,-0.06027247657378515,-0.045253894229729974,-0.7044198130567869,-0.3623084639509519,1.314586558441321,0.5133062983552614,-1.2860955809553465,-0.2527929161985715]","[-0.44393159945805866,-0.21795274813969928,0.03020642201105754,0.1858534614245097,0.24294588963190716,0.1801558534304301,-0.002617140611012772,-0.070285697778066,-0.11495043834050496,-0.31370951731999713,-0.30633904536565143,-0.07090010245641072,0.23628077904383343,0.3383314410845439,0.3269124428431193]"
2026-06-02T14:53:11.155,253.259,2832,0,51,0.101994,68.638,8.370,73.660,6.696,0,range_out_of_bounds_2.04m,u16_id_range_primary,136,"[0.7564371834198634,0.6199498186508815,-0.3817486157019933,-0.6345400800307591,-0.24352681537469228,0.2610545168320338,0.4113880107800166,-0.4199229468901952,-0.36145019431908926,0.6240789900223415,0.44262066582838694,-0.3035529245932897,-0.20457699795564016,-0.23545376857121786,-0.33075684209664663]","[0.334859965244929,0.32557618419329326,0.3022221306959788,0.22651469508806865,0.11472421685854593,0.14404797355333965,0.19793331424395244,0.1818118969599406,0.07546651164690653,-0.0388910194238027,-0.24942392309506733,-0.3632150908311208,-0.43501657446225483,-0.4311162849267324,-0.38549399574597676]"
2026-06-02T14:53:12.571,254.674,2848,0,51,0.081188,68.638,16.741,73.660,6.696,0,range_out_of_bounds_2.04m,u16_id_range_primary,136,"[0.13135680804649988,0.24898731956879297,0.11707866440216701,-0.06977024426062901,-0.12387385716040929,-0.09438864638408025,0.057457859317461654,0.22677541027466455,-0.16813443352778754,-0.356513408323129,-0.015651849408944447,0.24284541855255762,-0.01498721291621526,-0.1983696793516477,0.017187851170698803]","[0.09042816658814748,0.005153842767079673,-0.03610274891058604,-0.08721419374148051,-0.10714157621065776,-0.21146451632181804,-0.2264891783396403,-0.22405581871668498,-0.1692333738009135,-0.09650903145472209,0.02388531764348348,0.18377501567204793,0.29501742919286095,0.30832118590672813,0.2516294797261556]"
2026-06-02T14:53:13.988,256.092,2864,0,51,0.068549,70.312,16.741,73.660,6.696,0,range_out_of_bounds_2.04m,u16_id_range_primary,136,"[-0.02827474077542623,0.13208006719748178,0.311008487145106,-0.09211109181245168,-0.28568318088849387,0.025561992327372232,0.12748718659083047,0.39669081966082254,0.38534528414408364,-0.5000555177529653,-0.3648895879586538,0.812013957897822,0.37843719522158303,-0.7183442374070486,-0.5792666335900625]","[-0.19271825154622396,-0.2066188891728719,-0.20317910512288412,-0.14660261472066244,-0.07155214150746664,-0.03511701424916586,-0.04813443024953207,0.012804881731669104,0.06258024374643961,-0.0666473944981893,-0.11198054154713949,-0.07266436417897543,0.136356250445048,0.37198771635691324,0.5714856545130411]"
2026-06-02T14:53:15.404,257.508,2880,0,51,0.110826,51.897,8.370,73.660,6.696,0,range_out_of_bounds_2.04m,u16_id_range_primary,136,"[-0.05292700330416361,0.04919643600781759,0.3191655417283376,0.3068826635678609,-0.5801248411337535,-0.44545783201853434,0.735809697707494,0.30236263473828634,-0.7974701980749767,-0.6630315641562144,0.32639838655789694,0.6227580447991689,0.3111406703790029,-0.05545179645220438,-0.37925084034601847]","[-0.27888423601786294,-0.2919357458750407,-0.23079616228739422,-0.18058091799418133,-0.3098545710245768,-0.35481435457865396,-0.3154352347056071,-0.10502535502115887,0.13069694836934406,0.3295976479848226,0.41756933530171714,0.42749791940053306,0.3665465076764425,0.26497196753819785,0.13044625123341877]"
2026-06-02T14:53:16.823,258.927,2896,0,51,0.040407,60.268,16.741,73.660,6.696,0,range_out_of_bounds_2.04m,u16_id_range_primary,136,"[-1.0763116175929706,0.890302807589372,1.188691467543443,-0.5796237880984942,-1.1233883197108905,0.06352374007304509,0.6298441593845685,0.3454052512844404,0.08225509574015935,-0.1595093900958697,-0.24200506458679835,0.07606188257535298,-0.46268966744343437,-0.650876014928023,1.0183194582660993]","[-0.11002703309059142,-0.15184291005134581,-0.050041812658309925,0.07301889061927797,0.17454518079757692,0.1889112412929535,0.15234140753746034,0.0692971169948578,-0.033152776956558216,-0.15556164383888244,-0.12043376564979552,0.06242803931236268,0.059417766332626354,-0.0560843527317047,-0.10281534790992736]"
2026-06-02T14:53:18.243,260.346,2912,0,51,0.034973,68.638,16.741,73.660,6.696,0,range_out_of_bounds_2.04m,u16_id_range_primary,136,"[-0.34305242300033567,0.1776813805103302,0.2366003632545471,0.07233946919441223,-0.09583749473094941,-0.07710369527339936,0.18027719259262084,-0.516607916355133,-0.7426492035388946,0.910772854089737,1.2277682960033416,-0.6959223806858063,-1.2049248278141023,0.1218315303325653,0.7488268554210663]","[0.35535179773966474,0.2418831507364909,0.10700928370157878,-0.019836076100667316,-0.14783585866292318,-0.10254109700520833,0.09844361941019694,0.11826192537943522,0.036172739664713544,0.021193854014078778,0.05243384043375651,-0.004410870869954425,-0.12109673817952474,-0.2634474118550618,-0.3715821584065755]"
2026-06-02T14:53:19.662,261.765,2928,0,51,0.056031,60.268,16.741,73.660,6.696,0,range_out_of_bounds_2.04m,u16_id_range_primary,136,"[-0.2337951531012853,0.08631159911553066,-0.45269470115502675,-0.6404634883006414,1.0295084546009698,1.3621712754170099,-0.6527363230784734,-1.2544869353373846,0.08608452777067821,0.7625679800907771,-0.019823150833447774,-0.27516742249329884,0.15991683105627696,0.10605632315079372,-0.06344981690247853]","[0.23725751241048176,0.4193890412648519,0.41514137585957844,0.30036881764729817,0.2562613805135091,0.2638278325398763,0.18827489217122395,0.058138879140218105,-0.09362456003824869,-0.20849701563517253,-0.3033582846323649,-0.37126228014628093,-0.4086548964182536,-0.37115248839060466,-0.3821102062861125]"
2026-06-02T14:53:21.278,263.382,2944,0,51,0.127300,77.009,15.067,73.660,6.696,0,range_out_of_bounds_2.04m,u16_id_range_primary,136,"[1.4063312043746312,-0.7141167889038722,-1.3660982618729274,0.04338505168755849,0.7846375336249669,0.011653565367062886,-0.24275273780028025,0.1810023268063863,0.09535082479317983,-0.0955552230278651,-0.19946137766043345,0.12399757703145345,0.27459242244561516,-0.0739802638689677,-0.22898585299650828]","[0.5848228454589843,0.4946767807006836,0.3547532081604004,0.19664640426635743,0.07654113769531251,-0.021718311309814442,-0.09239726066589354,-0.1327507972717285,-0.09837894439697265,-0.1149592876434326,-0.14200388193130492,-0.19224666357040404,-0.2413696527481079,-0.3147475004196167,-0.3568680763244629]"
2026-06-02T14:53:22.699,264.802,2960,0,51,0.113513,77.009,16.741,73.660,6.696,0,range_out_of_bounds_2.04m,u16_id_range_primary,136,"[-0.0036603418489297226,-0.345038911451896,0.012848811099926631,0.03477741579214732,-0.037090620150168736,-0.09084652935465176,0.2577844354013602,0.3475625606874625,-0.12410547410448391,-0.2762710062166055,0.23427633369962375,0.11847806895772617,-0.4097011295457681,-0.15743865643938382,0.4384250434736411]","[0.18344165086746217,0.10848904848098756,0.051391375064849865,0.05987561941146852,0.007114899158477794,-0.056155788898468006,-0.13135986328125,-0.20429157018661498,-0.2923771023750305,-0.3452274680137634,-0.2526180624961853,-0.0888626456260681,0.11735583543777467,0.32532979249954225,0.5178942799568176]"
2026-06-02T14:53:24.114,266.218,2976,0,51,0.151807,68.638,6.696,73.660,6.696,0,range_out_of_bounds_2.04m,u16_id_range_primary,136,"[0.321125586827596,0.08010437091191609,0.10157846411069234,-0.2837562958399455,-0.4456217090288798,0.18908812602361044,0.24996629854043326,-0.2660365204016368,-0.1070759395758311,0.4121195872624715,0.27301069100697833,-0.13156903783480325,-0.09479617575804393,0.04757322867711385,-0.34571067492167157]","[-0.29834407567977905,-0.3054271340370178,-0.34704846143722534,-0.43180960416793823,-0.5028881430625916,-0.4424237608909607,-0.3176252245903015,-0.1499149203300476,0.024180233478546143,0.18885594606399536,0.3181200623512268,0.4039307236671448,0.5261710286140442,0.6507582068443298,0.6834651231765747]"
2026-06-02T14:53:25.556,267.660,2992,0,51,0.174830,66.964,6.696,73.660,6.696,0,range_out_of_bounds_2.04m,u16_id_range_primary,136,"[0.14115445017814637,0.2061415582895279,-0.3039798021316528,-0.14740936756134032,0.3689055562019348,0.2299588441848755,-0.1755975067615509,-0.13879600465297698,0.005794358253479005,-0.385700660943985,-0.41974215507507323,0.3776866316795349,0.7604078769683837,-0.13701634407043456,-0.3818074345588684]","[-0.6480178833007812,-0.521730899810791,-0.3528628349304199,-0.1777505874633789,-0.012001514434814453,0.11833071708679199,0.20496463775634766,0.3277285099029541,0.45268261432647705,0.4862421154975891,0.36405402421951294,0.2228233814239502,0.0028760433197021484,-0.1869983673095703,-0.28033995628356934]"
2026-06-02T14:53:26.978,269.082,3008,0,51,0.119648,61.942,16.741,73.660,6.696,0,range_out_of_bounds_2.04m,u16_id_range_primary,136,"[0.25389474630355835,-0.13357701897621155,-0.10211978852748871,0.015474602580070496,-0.37797826528549194,-0.410793274641037,0.35714685916900635,0.7560113072395325,-0.11111283302307129,-0.35066214203834534,-0.15051797032356262,-0.3536638915538788,-0.1522822380065918,0.47657349705696106,0.2836064100265503]","[0.1556765794754028,0.23856756687164304,0.3564359903335571,0.47211787700653074,0.5020426869392395,0.3743719220161438,0.22855732440948484,0.0038342237472533958,-0.19247939586639407,-0.2897870779037476,-0.35689070224761965,-0.3873074293136597,-0.40590503215789797,-0.34625270366668703,-0.35298182964324953]"
2026-06-02T14:53:28.397,270.501,3024,0,51,0.119285,51.897,16.741,73.660,6.696,0,range_out_of_bounds_2.04m,u16_id_range_primary,136,"[-0.36003249486287436,0.4109196404616038,0.8154187540213267,-0.04868968923886617,-0.2846426626046499,-0.09576060970624288,-0.30932735999425254,-0.0997150202592214,0.5433134774367014,0.3488917092482249,-0.24290436108907065,0.16060382525126138,0.2222027818361918,-0.6934437414010366,-0.3668342490990957]","[0.5850763479868571,0.44030030171076456,0.21489174763361613,0.018293217817942305,-0.07813589175542196,-0.14444701274236044,-0.1747771938641866,-0.1944138248761495,-0.13460557063420614,-0.1407195766766866,-0.11579064925511678,-0.020686908562978105,0.06802995602289835,-0.05431668361028035,-0.268698259194692]"
2026-06-02T14:53:29.817,271.921,3040,0,51,0.077089,70.312,10.045,73.660,6.696,0,range_out_of_bounds_2.04m,u16_id_range_primary,136,"[-0.05713290770848592,-0.2507555117209752,-0.09295561214288076,0.37145537833372755,0.6760213146607081,0.23393271068731944,-0.3523972858985265,-0.5205557574828465,-0.5392947425444921,0.16837916473547618,1.3348244200150172,0.8472003708283107,-1.0588251580794652,-0.9491023649772008,0.18920598129431407]","[-0.010939689477284756,-0.02944609721501669,-0.1270686109860738,-0.2355748136838277,-0.29175278743108113,-0.22806444962819417,-0.042307498057683315,0.15679460565249126,0.1433851997057597,0.01770978967348734,0.022115616003672275,0.04300293127695719,0.1295827309290568,0.21702232758204143,0.2355407456556956]"
2026-06-02T14:53:31.241,273.345,3056,0,51,0.111357,70.312,10.045,73.660,6.696,0,range_out_of_bounds_2.04m,u16_id_range_primary,136,"[0.3688529868920644,-0.3642462948958079,-0.615123854080836,-0.6335369805494945,0.1088720699151357,1.3345101018746695,0.8986905952294667,-0.9945527176062267,-0.9160944084326427,0.18913079698880514,0.2971592982610067,0.25643922289212545,0.7998239537080128,0.28955389459927877,-1.0194786647955576]","[-0.4131028413772583,-0.19677943587303162,0.03323608040809631,0.04873343706130981,-0.05295476913452149,-0.030456519126892095,0.00510027408599853,0.1016158103942871,0.19716229438781738,0.222465181350708,0.09726824760437011,-0.04827663898468018,-0.07500860691070557,0.0026594638824462835,0.10833802223205566]"
2026-06-02T14:53:32.661,274.764,3072,0,51,0.153155,70.312,10.045,73.660,6.696,0,range_out_of_bounds_2.04m,u16_id_range_primary,136,"[1.2210945586363475,0.7946981887022654,-1.0972223778565724,-1.0193117161591847,0.09060085813204447,0.2333023945490519,0.3515474299589793,0.35476089517275494,-0.3366104265054067,-0.6312842269738516,-0.11818142731984457,0.13772584001223245,0.18347949783007303,0.021010423700014748,-0.18560991187890372]","[-0.20284530222415925,-0.17092734277248384,-0.07818555533885956,0.014945986866950988,0.03673184216022492,-0.0034193962812423713,0.02687418758869171,0.05344653427600861,0.09693621397018433,0.1164992481470108,0.07966631948947907,0.045030328631401065,0.007795217633247375,-0.004994270205497742,-0.017554011940956116]"
2026-06-02T14:53:34.077,276.181,3088,0,51,0.108258,70.312,6.696,73.660,6.696,0,range_out_of_bounds_2.04m,u16_id_range_primary,136,"[-0.24039149147768815,0.22063201802472274,0.41760960357884563,-0.22702813011904557,-0.4029791937520107,0.10585490005711715,0.19769516723851363,0.1454600258419911,-0.012905566518505414,-0.20272023839255174,-0.20481112462778886,0.033958034093181294,0.11674362557629744,-0.009708699335654577,0.06259106981257598]","[-0.019625712434450784,-0.04818500975767771,-0.05423118571440379,-0.02091072897116343,0.006940182050069174,-0.009814787904421488,-0.018668886522452036,-0.027899991969267526,-0.012854490677515665,-0.002683911720911661,0.016981970270474753,0.054295997818311056,0.0651506890853246,0.05061027010281881,0.020895596345265707]"
2026-06-02T14:53:35.700,277.803,3104,0,51,0.116862,70.312,6.696,73.660,6.696,0,range_out_of_bounds_2.04m,u16_id_range_primary,136,"[0.10293076150119304,0.20216596834361553,0.14620346538722515,-0.021254502609372138,-0.21144606955349446,-0.21137126572430134,0.02203331105411053,0.1104323636740446,-0.009259218722581862,0.05406437031924725,0.012337796017527582,-0.1640461314469576,0.23866889588534831,0.24744919650256633,-0.518908940628171]","[0.07453195800383886,0.06742821683486303,0.05905619313319524,0.07507261683543523,0.08708145519097646,0.10700485159953435,0.1441577230890592,0.15563695182402928,0.142611995836099,0.11460930158694585,-0.039425596098105115,-0.21326069484154384,-0.3041889513532321,-0.2648304546872775,-0.205485566953818]"
2026-06-02T14:53:37.120,279.224,3120,0,51,0.058011,68.638,10.045,73.660,6.696,0,range_out_of_bounds_2.04m,u16_id_range_primary,136,"[-0.2441138486067454,0.03760172327359518,0.2403059740861257,0.18270580371220907,0.10912690957387289,-0.07034181157747904,-0.2605032036701838,0.1625437726577123,0.18828184803326925,-0.5194788138071696,-0.5775951604048412,0.383822633822759,0.5399453183015187,-0.12255461613337199,-0.049746529261271155]","[-0.024332197507222486,-0.006419332822163892,0.006720093886057543,0.010666755835215258,0.00842007795969646,-0.11845675309499104,-0.2629161198933919,-0.32887736161549885,-0.2678813060124715,-0.19318166573842366,-0.06841507752736409,0.10716280142466228,0.25637301603953044,0.3646739403406779,0.5164631287256877]"
2026-06-02T14:53:38.540,280.643,3136,0,51,0.083377,53.571,6.696,73.660,6.696,0,range_out_of_bounds_2.04m,u16_id_range_primary,136,"[-0.0003647804260253906,-0.150660440325737,0.2599935531616211,0.23501908779144287,-0.5425302088260651,-0.6432634890079498,0.3221677243709564,0.5095049440860748,-0.1078333854675293,-0.006027653813362122,0.2830236852169037,-0.3797735571861267,-0.916533499956131,0.21255585551261902,0.9247221648693085]","[-0.2913356423377991,-0.46213197708129883,-0.5530924797058105,-0.5106971263885498,-0.44976258277893066,-0.3326280117034912,-0.162672758102417,-0.017799854278564453,0.0895378589630127,0.2418069839477539,0.5038042068481445,0.619452953338623,0.6033846735954285,0.47303152084350586,0.24910223484039307]"
2026-06-02T14:53:39.959,282.063,3152,0,51,0.067188,53.571,8.370,73.660,6.696,0,range_out_of_bounds_2.04m,u16_id_range_primary,136,"[-0.5754262328147888,0.39303897619247435,0.5778865098953248,-0.044532608985900876,0.04102014303207398,0.31938316226005553,-0.3342025399208069,-0.8635005474090576,0.26729177236557006,0.9859843134880066,0.25466327667236327,-0.2178133249282837,-0.3460762321949005,-0.4397032976150513,-0.018013370037078858]","[-0.4353803316752116,-0.2700518290201823,-0.12859188715616862,-0.023073069254557294,0.1272550900777181,0.3890274842580159,0.5050895889600118,0.4902843912442525,0.3600266059239705,0.1383400042851766,-0.047551504770914715,-0.1661418596903483,-0.255034081141154,-0.30466984907786054,-0.37952875296274824]"
2026-06-02T14:53:41.376,283.480,3168,0,51,0.030750,53.571,10.045,73.660,6.696,0,range_out_of_bounds_2.04m,u16_id_range_primary,136,"[0.3402521193027496,-0.22205497026443483,-0.7958830416202545,0.19576807618141173,0.8172269642353058,0.07644118666648865,-0.3186870634555817,-0.3933980882167816,-0.4856540083885193,0.053713399171829226,0.5745431363582612,-0.0876517117023468,-0.45174257159233094,0.3399542152881622,0.35717235803604125]","[0.2531221548716227,0.381462816397349,0.3889501134554545,0.29002774159113565,0.09044951597849529,-0.07490473588307697,-0.17364352544148762,-0.24617188771565754,-0.2831709941228231,-0.18837660153706867,-0.032973285516103096,0.02840549151102703,0.006528083483378105,-0.08975034554799396,-0.3499545415242513]"
2026-06-02T14:53:42.792,284.896,3184,0,51,0.061853,50.223,10.045,73.660,6.696,0,range_out_of_bounds_2.04m,u16_id_range_primary,136,"[0.18626575569311776,-0.15289984246095023,-0.22923151751359305,-0.37804181476434073,0.14884858230749765,0.6859331021706263,0.02193658451239268,-0.34646091957887015,0.4563804457585017,0.486001122991244,-0.18142716189225516,0.0746469388405482,-0.025637205441792807,-0.6493508925040563,-0.09696317811806997]","[0.22289103070894878,0.11561578313509624,0.035761056343714404,-0.007559361060460401,0.08095377484957378,0.23071592847506206,0.28698915044466655,0.2599617818991343,0.15800493756930034,-0.10680729349454243,-0.2888825555642446,-0.336557807524999,-0.2952444573243459,-0.20890358289082844,-0.14693838556607564]"
2026-06-02T14:53:44.208,286.312,3200,0,51,0.094827,82.031,6.696,73.660,6.696,0,range_out_of_bounds_2.04m,u16_id_range_primary,136,"[0.15173455874125164,-0.1858009417851766,-0.40183055599530537,0.435514239470164,0.570960787932078,-0.10862866242726643,-0.0064598043759663895,-0.1781550367673238,-0.7943832000096639,-0.23370143969853718,0.7623208443323771,0.7061302940050761,-0.07270226081212361,-0.36481589277585347,-0.28018292983373005]","[0.2467095116774241,0.247441695133845,0.19189159671465555,0.08275954524676005,-0.16917307575543722,-0.3257300396760305,-0.34253199299176534,-0.26609606941541036,-0.1517330845197042,-0.06585807998975118,0.0436518649260203,0.13951914111773173,0.20015995303789774,0.1349064568678538,0.03408257762591044]"
2026-06-02T14:53:45.639,287.743,3216,0,51,0.094018,65.290,11.719,73.660,6.696,0,range_out_of_bounds_2.04m,u16_id_range_primary,136,"[-0.06644530594348907,0.025978490710258484,-0.14905209839344025,-0.7555709630250931,-0.19771094620227814,0.79716657102108,0.7374654859304428,-0.0408756285905838,-0.323686882853508,-0.2423178106546402,0.28878486156463623,0.23410587012767792,-0.5322065502405167,-0.3487056642770767,0.5730705708265305]","[-0.35827112595240274,-0.3766769210497538,-0.30062342087427774,-0.1872647444407145,-0.10153413216272988,0.007967348893483495,0.10206091006596885,0.16113960345586142,0.09510576327641806,-0.00576317707697549,0.01019894679387412,0.11968791087468467,0.19396411975224814,0.29313432772954306,0.34687459071477256]"
2026-06-02T14:53:47.055,289.159,3232,0,51,0.083084,63.616,16.741,73.660,6.696,0,range_out_of_bounds_2.04m,u16_id_range_primary,136,"[0.7240092198053996,0.6556252876917521,-0.12389117081960042,-0.28851872285207114,-0.20783768196900687,-0.35265159209569297,-0.09004860719045003,0.15364224116007485,0.06799887518088023,0.10941142241160075,0.042079214255015054,0.008521918455759683,-0.07939424713452657,-0.47523474295934043,-0.14371141393979392]","[-0.22879980405171713,-0.13917349179585775,-0.08429621060689291,0.008399264017740885,0.03752471605936686,0.07222320238749186,0.12585033575693766,0.10255326430002848,0.09305979410807291,0.04602421919504801,-0.03396652539571127,-0.01740585168202718,-0.022191150983174642,0.0026705423990885414,0.03752769629160563]"
2026-06-02T14:53:48.476,290.580,3248,0,51,0.061978,63.616,16.741,73.660,6.696,0,range_out_of_bounds_2.04m,u16_id_range_primary,136,"[-0.3290197228391965,-0.07446691145499547,0.18603945026795068,0.1002240056792895,0.15015176186958948,0.08732265482346217,0.062088760236899056,-0.02392387141784032,-0.45619070281585056,-0.12526422490676245,0.3721955443422,0.13876050959030786,-0.04576002558072408,0.2062931681672732,-0.24845039596160254]","[-0.043197339773178106,0.01302927136421203,-0.010515516996383673,-0.019550210237503057,-0.06765378117561341,-0.15217495560646058,-0.1336565673351288,-0.13582510352134705,-0.10947198271751404,-0.07287937998771668,-0.023809140920639044,0.00812655091285705,0.12801682353019714,0.2848916590213776,0.3346696734428406]"
2026-06-02T14:53:50.099,292.202,3264,0,51,0.072820,63.616,6.696,73.660,6.696,0,range_out_of_bounds_2.04m,u16_id_range_primary,136,"[0.09854408254226049,0.0677353655298551,-0.023651399711767832,-0.46059457312027613,-0.1157896007100741,0.4032559608419736,0.16412693907817205,-0.03743170301119486,0.21182512392600378,-0.23442200670639673,-0.5047286237279575,0.3149675046404203,0.7015415345629056,-0.09277130017677943,-0.4926073039571444]","[-0.18877180616060893,-0.16808422605196635,-0.16812201539675395,-0.14119633237520854,-0.1042953352133433,-0.0549479345480601,-0.02321549455324809,0.0954744001229604,0.2504879613717397,0.29924688537915545,0.2527258475621541,0.14706615408261617,0.05623570879300435,-0.080460391441981,-0.17214342157046]"
2026-06-02T14:53:51.527,293.631,3280,0,51,0.074833,63.616,16.741,73.660,6.696,0,range_out_of_bounds_2.04m,u16_id_range_primary,136,"[0.23852909232179323,0.150722316155831,0.0018248135844866446,0.24595180774728456,-0.21318095301588377,-0.5394886968036493,0.21369183684388796,0.5935224654773871,-0.1673246261974176,-0.5416354772945245,-0.04692649220426877,0.08896202469865482,0.07653669143716495,-0.09179940198858579,-0.009385400762160618]","[0.11221493085225423,0.11769748528798421,0.20923513968785604,0.3390399893124898,0.36747206052144366,0.30533707936604815,0.18722618420918782,0.0889031966527303,-0.054102889696757,-0.14840721289316813,-0.2642242829004924,-0.28404354254404707,-0.3078396240870158,-0.3287683645884196,-0.33974014918009443]"
2026-06-02T14:53:52.944,295.048,3296,0,51,0.071964,63.616,10.045,73.660,6.696,0,range_out_of_bounds_2.04m,u16_id_range_primary,136,"[-0.5351850226521492,0.19865305870771408,0.5730206534266472,-0.1732792690396309,-0.5270908311009407,-0.019250614941120146,0.11550332754850387,0.0997193619608879,-0.07954036295413972,-0.008235304057598113,0.1738572433590889,-0.02734456807374954,-0.4031721785664558,0.1709592506289482,0.441385255753994]","[0.5033130755027135,0.38834000726540885,0.29351462026437125,0.15297223230202994,0.0625981201728185,-0.05014346937338511,-0.06630503038565318,-0.08675168852011363,-0.10517113308111826,-0.11417971948782603,-0.08885525564352671,-0.15451997915903726,-0.25967248181502023,-0.2733340750137965,-0.20180522302786508]"
2026-06-02T14:53:54.362,296.466,3312,0,51,0.139023,60.268,8.370,73.660,6.696,0,range_out_of_bounds_2.04m,u16_id_range_primary,136,"[-0.09859736611445745,0.03396339366833369,0.07054315904776255,-0.05899937798579534,0.04595045397679011,0.24491719553867977,0.028887193898359934,-0.39442070176204047,0.14082692215840023,0.423320364455382,-0.31440799285968146,-0.51361586501201,0.07532076189915339,0.05449150154987971,0.2618203575412432]","[0.0264522021015485,-0.014047961930433922,-0.0531676823894183,-0.08683953831593197,-0.10926900456349056,-0.09379182408253353,-0.16587863514820736,-0.27666054318348565,-0.29762611935536065,-0.23190657446781796,-0.08697622666756313,0.17060617705186207,0.3608912562330564,0.41841318060954413,0.4398012941082319]"
2026-06-02T14:53:55.781,297.884,3328,0,51,0.101062,65.290,8.370,73.660,6.696,0,range_out_of_bounds_2.04m,u16_id_range_primary,136,"[0.2331374724706014,0.0039454241593678795,-0.4356314698855082,0.1304070939620336,0.4661476453145345,-0.2604998211065928,-0.4855502704779307,0.09210781653722128,0.08522544701894125,0.2673601051171621,0.5356928547223408,-0.17458166281382242,-0.29348750511805216,0.2048183967669805,-0.369091526667277]","[-0.16780702769756317,-0.2305080145597458,-0.33436064422130585,-0.3462923914194107,-0.2708512395620346,-0.11452619731426239,0.1479770690202713,0.34488262236118317,0.4087460786104202,0.4380144327878952,0.322250097990036,0.0779266208410263,-0.059627458453178406,-0.0997558981180191,-0.1160680502653122]"
2026-06-02T14:53:57.200,299.304,3344,0,51,0.049159,65.290,8.370,73.660,6.696,0,range_out_of_bounds_2.04m,u16_id_range_primary,136,"[-0.08759919504324595,-0.5077733168999354,-0.12500099043051402,0.0030626883109410603,0.3297497560580572,0.5769532551368077,-0.14860454897085826,-0.23479364017645518,0.2204565187295278,-0.4179154405991236,-0.7156924376885097,0.3783704866965612,0.7997210850318273,0.1890253057082494,-0.25995952586332954]","[-0.16111651957035064,0.08170767724514008,0.26681908071041105,0.3226379960775375,0.3514842003583908,0.23231022655963898,-0.013043680787086486,-0.15197242200374603,-0.19685454070568084,-0.2215551972389221,-0.21265123188495635,-0.18750307857990264,-0.11567662060260772,-0.044697681069374086,0.05011179149150848]"
2026-06-02T14:53:58.616,300.720,3360,0,51,0.030836,53.571,8.370,73.660,6.696,0,range_out_of_bounds_2.04m,u16_id_range_primary,136,"[0.5347844064235687,-0.19806250929832458,-0.2580821216106415,0.19448646903038025,-0.4649636149406433,-0.7543692886829376,0.35318121314048767,0.7613178789615631,0.14587560296058655,-0.2987702190876007,-0.1763077974319458,-0.2372642457485199,-0.21641629934310913,0.2824419438838959,0.33214858174324036]","[0.2573055247465769,0.014820001522699992,-0.12111077507336934,-0.16507563789685567,-0.19083152016003926,-0.1836747904618581,-0.16101969083150228,-0.0899296482404073,-0.018707700570424396,0.07861428658167521,0.15230130354563395,0.14775764147440593,0.0799025813738505,0.09778692523638408,0.10186149875322978]"
2026-06-02T14:54:00.034,302.138,3376,0,51,0.025788,68.638,6.696,73.660,6.696,0,range_out_of_bounds_2.04m,u16_id_range_primary,136,"[-0.7572792083024978,0.3646529406309128,0.7577343076467514,0.1435239404439926,-0.29467701017856596,-0.1718938559293747,-0.2339612901210785,-0.20622207820415497,0.2980638533830643,0.3280690997838974,-0.4112579435110092,-0.43793158829212187,0.5134928911924362,0.5817058771848679,-0.4740199357271194]","[-0.16492514610290526,-0.1459179401397705,-0.07612823247909546,-0.0044428586959838895,0.09496636390686035,0.1704742431640625,0.1651046395301819,0.09755153656005859,0.1156012237071991,0.11944804787635803,0.03664634823799133,-0.1009917438030243,-0.16782288551330565,-0.11379085779190064,-0.025772738456726077]"
2026-06-02T14:54:01.463,303.567,3392,0,51,0.061055,55.245,6.696,73.660,6.696,0,range_out_of_bounds_2.04m,u16_id_range_primary,136,"[-0.14605142474174498,-0.2094877690076828,-0.18488875329494475,0.3072475761175156,0.3117067784070969,-0.4238080710172653,-0.43199980556964873,0.5168737143278122,0.5997130841016769,-0.44667339622974395,-0.6675085455179215,0.08578926026821136,-0.027204546332359313,0.041030523180961606,0.6752613753080368]","[-0.00021021962165831964,-0.001779013872146601,-0.06371169686317443,-0.042177134752273554,-0.03525059819221496,-0.11310755610466003,-0.2484785258769989,-0.3148404896259308,-0.25837855935096743,-0.17021291851997375,0.06466359496116639,0.264551705121994,0.33586294054985044,0.3188470363616943,0.26422143578529356]"
2026-06-02T14:54:02.887,304.991,3408,0,51,0.063514,55.245,6.696,73.660,6.696,0,range_out_of_bounds_2.04m,u16_id_range_primary,136,"[-0.39728113015492755,-0.3923359413941701,0.5653665761152903,0.6583848694960276,-0.39106010397275287,-0.6253372927506765,0.14408368865648905,0.029025236765543617,0.06693191329638162,0.7109470466772715,0.3581649164358775,-0.5562363763650259,-0.4405283232529958,0.16774029533068338,0.10213462511698404]","[-0.07564874490102132,-0.2081265052159627,-0.27275391419728595,-0.21148093541463214,-0.12355514367421468,0.1092904011408488,0.31103287140528363,0.3825264672438304,0.3670690755049388,0.3132907549540202,0.18350414435068768,0.027907292048136398,-0.14258344968159992,-0.2632041772206624,-0.3972681363423665]"
2026-06-02T14:54:04.510,306.614,3424,0,51,0.070466,68.638,10.045,73.660,6.696,0,range_out_of_bounds_2.04m,u16_id_range_primary,136,"[-0.4709749758243561,0.11894243061542512,-0.07278243601322174,-0.04827653765678406,0.6303252041339874,0.3642206251621246,-0.47680174708366396,-0.3542829990386963,0.2220051944255829,0.11509378850460053,-0.17514170110225677,0.30461487770080564,0.4653411269187927,-0.030913287401199342,-0.5913695633411408]","[-2.4556305643019038e+23,-2.4556305643019038e+23,-2.4556305643019038e+23,-2.4556305643019038e+23,-2.4556305643019038e+23,-2.4556305643019038e+23,-2.4556305643019038e+23,-2.4556305643019038e+23,-2.4556306661565807e+23,-2.4556305643019038e+23,-2.4556305643019038e+23,-2.4556305643019038e+23,-2.4556305643019038e+23,3.437882800208133e+24,-2.4556305643019038e+23]"
2026-06-02T14:54:05.742,307.846,3440,0,51,0.074041,68.638,10.045,73.660,6.696,0,range_out_of_bounds_2.04m,u16_id_range_primary,136,"[0.6982871572176615,-0.40855297644933064,-0.34190687735875447,0.13198431382576625,-0.04654129793246588,-0.23678907950719197,0.36980876127878826,0.5796780268351237,0.07746299902598063,-0.5148642977078756,-0.3817152698834737,0.7997561971346537,0.7514360825220744,-0.4719298799832662,-1.0061138590176901]","[0.37704133888085684,0.27842910488446554,0.13437065382798513,0.02073812385400136,-0.1192887137333552,-0.2707436392704646,-0.35496983031431834,-0.32351711491743723,-0.1742060492436091,-0.1611832688252131,-0.1767549822727839,-0.09046700696150461,0.1109368493159612,0.37158152361710867,0.3780330111583074]"
2026-06-02T14:54:07.364,309.468,3456,0,51,0.077545,56.919,16.741,73.660,6.696,0,range_out_of_bounds_2.04m,u16_id_range_primary,136,"[-0.2980430841445923,0.30209316611289977,0.5200668752193451,0.035479801893234256,-0.5630586564540863,-0.44927547574043275,0.7368527829647065,0.7038155376911164,-0.5285426199436187,-1.0717732727527618,-0.04499910473823547,1.2356858432292939,0.6020094335079194,-0.5141414821147918,-0.6661697447299957]","[-0.3441665212313334,-0.4278818110624949,-0.39592442313830056,-0.2446431855360667,-0.22948596278826397,-0.24511334697405499,-0.15871093074480694,0.04373529156049093,0.30408146580060325,0.31138363083203635,0.2850975056489309,0.21289649208386738,0.21101024349530537,0.28344359596570334,0.394277956088384]"
2026-06-02T14:54:08.786,310.889,3472,0,51,0.092639,66.964,16.741,73.660,6.696,0,range_out_of_bounds_2.04m,u16_id_range_primary,136,"[-0.49358258843421937,0.6938485085964203,0.6700635731220246,-0.5669973909854888,-1.117594164609909,-0.08419815897941589,1.1994024097919465,0.5670599520206452,-0.5506402671337127,-0.7126479566097259,-0.43245540261268617,0.006847161054611209,0.6802270591259003,0.39297823905944823,-0.252310973405838]","[-0.4503995339075724,-0.36439289251963297,-0.1612111488978068,0.09864793618520101,0.10613690217336019,0.078817351659139,0.005347832043965661,0.003735526402791345,0.0763902505238851,0.1865833838780721,0.18502031167348226,0.1699355681737264,0.12752185662587484,0.02003107865651449,-0.08216442267100016]"
2026-06-02T14:54:10.208,312.311,3488,0,51,0.058893,55.245,15.067,73.660,6.696,0,range_out_of_bounds_2.04m,u16_id_range_primary,136,"[-0.042089511950810746,1.182318280140559,0.6360011200110117,-0.5201474924882253,-0.8351592322190603,-0.5716957946618398,-0.063567449649175,0.6196785072485606,0.341906080643336,-0.26674025257428485,-0.21207748850186664,-0.2027437885602315,-0.47536592682202655,-0.12991582353909809,0.5395987729231516]","[-0.08851343045632044,-0.14458334098259606,-0.10733671883742014,0.013028148313363394,0.17066410531600318,0.2136122321089109,0.23590740909179053,0.22433349837859473,0.13940248241027198,0.0523565744360288,0.010779831310113272,-0.0631984735528628,-0.17633035431305566,-0.26402702579895654,-0.21609493742386499]"
2026-06-02T14:54:11.638,313.742,3504,0,51,0.067702,82.031,10.045,73.660,6.696,0,range_out_of_bounds_2.04m,u16_id_range_primary,136,"[-0.5897432575623195,-0.1736902008454005,0.4972405423720678,0.35779800911744436,-0.14816299180189768,-0.07852095464865366,-0.08632917801539103,-0.415726305047671,-0.1264293203751246,0.530490576227506,0.10386410256226858,-0.6304730782906215,-0.26943260530630747,0.5671626915534337,0.4619519700606664]","[0.3463342209657033,0.3604990263779958,0.3297184427579244,0.21802076896031697,0.10089823802312216,0.033362480004628506,-0.06426134506861368,-0.19791641632715862,-0.30249813000361125,-0.26446738640467327,-0.22869935433069866,-0.18017831246058147,-0.2192908803621928,-0.04458620945612589,0.11306485732396444]"
2026-06-02T14:54:13.057,315.161,3520,0,51,0.054326,58.593,10.045,73.660,6.696,0,range_out_of_bounds_2.04m,u16_id_range_primary,136,"[-0.04295678635438283,-0.05027194519837697,-0.37244409521420796,-0.08338883717854818,0.566703854004542,0.14009573856989543,-0.5864977260430654,-0.22588676412900288,0.6018098572889964,0.4945919493834178,-0.7846034189065297,-0.6039075275262197,0.6674945930639903,0.3342535177866618,-0.05499240954717]","[0.14338363806406657,0.0457323948542277,-0.08742390473683676,-0.19110213120778402,-0.15370391209920248,-0.11861668427785238,-0.07067142327626547,-0.10940061410268148,0.06561912695566813,0.22309126059214274,0.28917099634806315,0.29522456328074137,0.16897071997324625,-0.14935408433278402,-0.35091994603474935]"
2026-06-02T14:54:14.497,316.600,3536,0,51,0.077711,71.986,10.045,73.660,6.696,0,range_out_of_bounds_2.04m,u16_id_range_primary,136,"[0.17157381176948547,-0.5683479964733124,-0.2147870123386383,0.6253828346729279,0.5379858553409577,-0.7422472298145294,-0.5851612746715545,0.6777838408946991,0.36216318011283877,-0.00778452157974243,0.45702546238899233,-0.34915143847465513,-0.9214430510997772,-0.04990250468254089,0.6069100439548493]","[-0.012637760241826362,0.037677500645319634,-0.0028207560380299757,0.1704328993956248,0.32701072494188943,0.39466962615648904,0.4028632382551829,0.27617738048235574,-0.04147699077924091,-0.2411663790543874,-0.35506370266278586,-0.35533764561017356,-0.30022555192311606,-0.19744726618131,-0.1026553173859914]"
2026-06-02T14:54:15.914,318.018,3552,0,51,0.038060,56.919,10.045,73.660,6.696,0,range_out_of_bounds_2.04m,u16_id_range_primary,136,"[-0.7032926301161448,-0.5406369785467784,0.7247299333413442,0.4161505778630574,0.04737887581189473,0.49487040241559344,-0.329706750313441,-0.8917854646841685,-0.009106240669886273,0.6382286926110585,0.4610872646172841,0.29466927846272783,0.11636541088422139,-0.42118375698725385,-0.2977686146895091]","[0.3747221807638804,0.3890746812025706,0.2673426846663157,-0.045719387133916226,-0.2400149126847585,-0.3508734126885732,-0.3484191020329793,-0.29010790785153706,-0.18408429821332295,-0.08733689983685812,-0.023878933986028042,0.0944446305433909,0.15469276706377666,0.14744746486345928,0.14271044532457988]"
2026-06-02T14:54:17.329,319.433,3568,0,51,0.037211,56.919,10.045,73.660,6.696,0,range_out_of_bounds_2.04m,u16_id_range_primary,136,"[0.4020053282380104,-0.42072741836309435,-0.9831818208098412,-0.10186122506856918,0.5468794241547584,0.369950695335865,0.2017940416932106,0.02323879152536392,-0.5121247038245201,-0.38839312046766283,0.2552511230111122,0.006445369124412535,-0.3056985005736351,0.40432189255952833,0.5021001234650612]","[-0.3124031662940979,-0.30972656011581423,-0.2513011932373047,-0.14523812532424926,-0.04832955598831176,0.01543275117874146,0.1338762402534485,0.194188392162323,0.18719760179519654,0.18261030912399293,0.18861368894577027,0.10451833009719849,-0.01956340074539184,-0.021415197849273676,0.10153988599777222]"
2026-06-02T14:54:18.748,320.851,3584,0,51,0.049530,55.245,10.045,73.660,6.696,0,range_out_of_bounds_2.04m,u16_id_range_primary,136,"[0.15569515228271485,0.1753829687833786,0.042440053820610044,-0.35559100210666655,-0.22453707754611968,0.2588648170232773,-0.0948901504278183,-0.41074666678905486,0.31447985470294954,0.4429884523153305,-0.40906924307346343,-0.9151914149522782,0.08449101150035858,1.0727093189954757,-0.13702607452869414]","[-0.24132752815882363,-0.15576443473498025,-0.10445854465166728,-0.10229036609331767,-0.08517310420672099,-0.050999377171198526,-0.10589191714922587,-0.20072529117266336,-0.1769907216231028,-0.03538725177447001,0.15087917049725852,0.15074541767438254,0.2850737830003103,0.3153932352860769,0.3569169302781423]"
2026-06-02T14:54:20.165,322.269,3600,0,51,0.056556,58.593,10.045,73.660,6.696,0,range_out_of_bounds_2.04m,u16_id_range_primary,136,"[0.2721809764703115,0.021629398812850316,-0.29202502767244976,0.4172334392865499,0.5129879136880239,-0.40417641202608745,-0.953053472439448,0.07162469824155171,1.1005020757516226,-0.09280973474184673,-0.45869046250979106,0.011864347507556279,-0.09383488992849986,-0.1607242504755656,0.04729140003522237]","[-0.13715293407440185,-0.22051694393157958,-0.34331300258636477,-0.3436957836151123,-0.21975269317626953,-0.0477971076965332,-0.058906698226928705,0.06870565414428711,0.09442553520202637,0.1325918197631836,0.20123306512832642,0.24054715633392335,0.2532779335975647,0.25549492835998533,0.12485907077789307]"
2026-06-02T14:54:21.586,323.690,3616,0,51,0.056670,68.638,10.045,73.660,6.696,0,range_out_of_bounds_2.04m,u16_id_range_primary,136,"[-0.3405381582677364,-0.8953102372586728,0.1315578080713749,1.164484367519617,-0.033008172363042834,-0.40024037584662436,0.07464386969804764,-0.030208542197942737,-0.1001108281314373,0.1070809818804264,0.22979255095124246,0.4032676376402378,-0.05390925630927086,-0.2854668639600277,0.027965218573808667]","[-0.05873810450236003,-0.07156860033671061,0.05481100877126058,0.07907856305440267,0.11583233674367269,0.18277920087178548,0.2206640621026357,0.23203442295392354,0.2331607421239217,0.10115815003712972,-0.011268488566080731,-0.13670360247294108,-0.26271664301554365,-0.32588051954905195,-0.35264252821604414]"
2026-06-02T14:54:23.207,325.310,3632,0,51,0.058698,63.616,10.045,73.660,6.696,0,range_out_of_bounds_2.04m,u16_id_range_primary,136,"[-0.4464561067521572,0.03741988688707352,-0.06589120849967003,-0.1428362600505352,0.062069503217935564,0.1887355275452137,0.37024411335587504,-0.09260249361395836,-0.32518568858504293,-0.008899080008268357,-0.04134702906012535,-0.0794914685189724,0.18136779740452766,0.28440829887986185,0.07846420779824256]","[0.2808560351530711,0.31939648787180586,0.3313932041327159,0.33413358728090925,0.20232935945192973,0.09070511857668559,-0.03454987009366353,-0.161072172721227,-0.22333566149075826,-0.24929324587186177,-0.24219433267911275,-0.23510996301968892,-0.21504584749539693,-0.13599238594373067,-0.06222031315167745]"
2026-06-02T14:54:24.623,326.727,3648,0,51,0.076496,65.290,8.370,73.660,6.696,0,range_out_of_bounds_2.04m,u16_id_range_primary,136,"[-0.02866805096467336,0.15488203118244806,-0.1367770110567411,-0.2791493957241376,0.037190409998099014,-9.7145636876423e-05,-0.08636680742104848,0.10132944832245509,0.18151173243920007,0.011052327851454418,-0.4626867299278577,-0.3558468942840894,0.617853748301665,0.6161788577834765,-0.37040652086337406]","[0.4370326260725657,0.2933572987715403,0.1412691334883372,0.05054764548937479,-0.001993968089421594,-0.017923905452092492,-0.029422118266423547,-0.025558425982793176,0.042803929249445594,0.11155907909075419,0.0022947053114573124,-0.17729701002438863,-0.34028316934903463,-0.3231277902921041,-0.163258030017217]"
2026-06-02T14:54:26.038,328.142,3664,0,51,0.062239,63.616,10.045,73.660,6.696,0,range_out_of_bounds_2.04m,u16_id_range_primary,136,"[-0.028941796223322554,-0.11560224095980326,0.08040098746617635,0.16190384229024252,-0.011194483439127607,-0.49297250906626383,-0.38251097599665324,0.597517176469167,0.5967687805493672,-0.3908309499422709,-1.0945932428042093,-0.510900096098582,0.7664024670918782,0.7670257528622945,0.05752728780110677]","[0.10054484804471334,0.08850709398587545,0.0909876008828481,0.160245813926061,0.22905150850613912,0.11902359922726949,-0.061634860436121625,-0.2274081329504649,-0.21066563526789348,-0.04966296950976054,0.02415929039319356,0.07533601721127828,0.0046639819939931215,-0.10847230950991313,-0.23467584649721782]"
2026-06-02T14:54:27.468,329.571,3680,0,51,0.044053,63.616,10.045,73.660,6.696,0,range_out_of_bounds_2.04m,u16_id_range_primary,136,"[-0.32911638418833417,-0.2085708181063334,0.7602340777715048,0.7180701096852621,-0.33002297083536786,-1.0785410801569622,-0.4857035080591838,0.8538176616032919,0.9168754418691,0.15694417556126913,-0.18642954031626383,-0.09387664000193277,-0.7716939846674601,-0.8321472803751627,0.9101607402165731]","[0.19419346749782562,-0.014810219407081604,-0.2078731209039688,-0.21060676872730255,-0.06284680962562561,0.0005441159009933472,0.03513406217098236,-0.0375300794839859,-0.15115691721439362,-0.27862490713596344,-0.23761285841464996,0.016518577933311462,0.16442416608333588,0.33483217656612396,0.45541511476039886]"
2026-06-02T14:54:28.890,330.993,3696,0,51,0.088496,56.919,10.045,73.660,6.696,0,range_out_of_bounds_2.04m,u16_id_range_primary,136,"[-1.0237339834372203,-0.44100988904635113,0.8690919776757559,0.8841872115929922,0.12963872154553732,-0.19114519158999124,-0.09979737798372904,-0.7793567279974619,-0.8313635687033335,0.9434916873772939,1.2882531781991322,-0.09222830335299173,-0.5049553016821543,0.07103471954663595,-0.22210715214411417]","[-0.23394323388735452,-0.18801779548327127,-0.2551012734572093,-0.36422617236773175,-0.48849446574846905,-0.4448140362898509,-0.18267161647478738,-0.03339869777361552,0.1414996882279714,0.26502769192059833,0.37358062465985614,0.3979661961396535,0.3819910188515981,0.35898377497990924,0.2716182967027028]"
2026-06-02T14:54:30.324,332.428,3712,0,51,0.082498,68.638,20.089,73.660,6.696,0,range_out_of_bounds_2.04m,u16_id_range_primary,136,"[-0.21433246781428655,-0.1186558668812116,-0.8042218153675397,-0.8685190146168073,0.9199876124660175,1.2666281993190447,-0.12157351424296697,-0.5670095150669415,-0.14578611304362615,0.103239373366038,0.11886978993813196,-0.3977366750439008,-0.2231029932697614,0.7056984240810077,0.3465145761768023]","[-0.4434157808621724,-0.17936768134435016,-0.03170909484227498,0.1439293424288432,0.26623735825220746,0.3744786779085795,0.39924726883570355,0.2933444182078044,0.09332797924677531,-0.04507954915364583,-0.15268566211064655,-0.27970804770787555,-0.33630367120107013,-0.1438671549161275,0.04157159725824992]"
2026-06-02T14:54:31.761,333.864,3728,0,51,0.071901,58.593,11.719,73.660,6.696,0,range_out_of_bounds_2.04m,u16_id_range_primary,136,"[1.2165076653162639,-0.17529369195302327,-0.5869267066319783,0.0046278307835261046,-0.3033806761105855,-0.448536076148351,0.08493327299753825,0.4627960244814555,0.30556594530741377,-0.1343567450841268,-0.36003959973653155,-0.2694185008605321,-0.4107678910096486,-0.11452335913976033,0.7288125077883403]","[0.3113114153345426,0.3349353586634,0.32107161631186804,0.29972480883200964,0.21155058493216833,0.06830101360877355,-0.14634383569161097,-0.33391577849785486,-0.44115293870369593,-0.43039134989182154,-0.25488329778114954,-0.02233821998039881,0.09897162665923437,0.03811990370353063,-0.05496090749899546]"
2026-06-02T14:54:33.185,335.289,3744,0,51,0.032197,85.379,6.696,73.660,6.696,0,range_out_of_bounds_2.04m,u16_id_range_primary,136,"[-0.6479167858759562,0.5746769388516744,0.7500827391942342,0.31122804482777916,-0.09761863152186076,-0.379598460594813,-0.37485178510348,-0.4110904852549235,0.0007146676381429035,0.8309618910153707,0.9547184785207112,-0.22373234430948893,-1.081948749224345,-0.3483518282572428,0.1427263100941976]","[-0.0568252459168434,-0.1507743254303932,-0.24566599279642104,-0.2891369715332985,-0.24482747465372084,-0.062318529188632954,0.15846363157033921,0.2570276603102684,0.17128012031316758,0.05240968316793443,-0.0038268223404884227,-0.03491851985454558,0.010851089656353008,0.171097432076931,0.26716426461935044]"
2026-06-02T14:54:34.603,336.706,3760,0,51,0.043741,71.986,11.719,73.660,6.696,0,range_out_of_bounds_2.04m,u16_id_range_primary,136,"[-0.3406565765539805,-0.34864631096522014,-0.3707934598128001,0.04810917576154073,0.867354812224706,0.9826046248277028,-0.18623876372973125,-1.0377786139647165,-0.30986261169115703,0.18270212610562642,-0.0449359397093455,0.5161017795403798,0.9267635365327199,0.16039025982220967,-1.0451140383879343]","[-0.21758673985799154,0.0017334381739298466,0.09783889452616373,0.012010292212168372,-0.10706879099210104,-0.16323440422614416,-0.19435573269923528,-0.14924140175183614,0.009184048573176062,0.10580028692881266,0.11036147276560465,0.06873871485392252,0.12654616038004557,0.1839103857676188,0.11536337534586588]"
2026-06-02T14:54:36.034,338.138,3776,0,51,0.043428,71.986,15.067,73.660,6.696,0,range_out_of_bounds_2.04m,u16_id_range_primary,136,"[1.029641995827357,-0.2704626222451528,-1.1694552799065907,-0.4425298472245534,0.05698431531588237,-0.12327032287915547,0.4895960787932078,0.9100022415320078,0.12901676694552103,-1.0978773732980092,-0.7512103219827017,0.6061571935812632,0.3599007229010264,-0.257180114587148,0.5306865672270457]","[-0.14816764121254283,-0.14891278122862178,-0.07298425336678822,0.11311533922950427,0.23356194670001668,0.2583269017438094,0.23207385713855427,0.3015288847188155,0.3671599167088668,0.30455238992969197,0.18236978227893513,0.03305299455920856,-0.32789342229564983,-0.6036509734888872,-0.7241329414149126]"
2026-06-02T14:54:37.456,339.560,3792,0,51,0.046036,71.986,11.719,73.660,6.696,0,range_out_of_bounds_2.04m,u16_id_range_primary,136,"[-0.1198690488934517,0.45473713129758836,0.876348976790905,0.12179649323225021,-1.0724551633000374,-0.7029066041111947,0.6590805098414421,0.4947744652628899,-0.14003961831331252,-0.011294613778591155,-0.017815883457660674,-0.22428287118673323,0.018906374275684357,0.03670276403427124,-0.3736829116940498]","[0.31396600405375164,0.27493056456247966,0.33500084082285564,0.39350303808848064,0.3253692070643107,0.19801911513010662,0.04537638823191324,-0.1575893481572469,-0.30647507508595784,-0.41154566605885823,-0.43971792062123616,-0.38471189339955647,-0.18445292313893635,0.000988094011942539,-0.002660425504048672]"
2026-06-02T14:54:38.890,340.994,3808,0,51,0.052794,71.986,11.719,73.660,6.696,0,range_out_of_bounds_2.04m,u16_id_range_primary,136,"[-0.5281953456501166,0.6622081158061822,0.4683811125655969,-0.29585140372316043,-0.1824251654247443,-0.03928878704706828,-0.15197526837388675,0.09667115484674772,0.10310500686367353,-0.3517909886936347,-0.03342434192697207,0.8253661749263604,0.3130577561755975,-0.39506837154428165,-0.4907696488002936]","[0.49947880903879804,0.3851196686426799,0.19703673521677653,0.04372524420420329,-0.07803703149159749,-0.131063707669576,-0.10325599511464437,0.07194756666819255,0.23796128431955973,0.21330451170603434,0.087580672899882,-0.14289308389027913,-0.3645119746526082,-0.4522373755772908,-0.4641553243001302]"
2026-06-02T14:54:40.312,342.416,3824,0,51,0.067575,63.616,11.719,73.660,6.696,0,range_out_of_bounds_2.04m,u16_id_range_primary,136,"[-0.05438228994607926,-0.1657112680375576,0.08453998044133186,-0.006856202334165572,-0.47908042296767234,0.4883553542196751,1.0569337762892246,-0.4519635282456875,-0.9011040769517422,-0.11834542378783226,-0.12493733987212181,0.08803238049149513,0.43484239354729654,0.06526842787861824,0.08440823927521705]","[-0.0013750155766804883,0.02625364462534588,0.20219940344492596,0.20961875120798748,0.0525171200434367,-0.09271007378896076,-0.26797216733296714,-0.3933007081349691,-0.37203025420506797,-0.2844021280606588,-0.13795822461446125,0.13031238714853924,0.2607842127482096,0.34403485457102456,0.32402819792429605]"
2026-06-02T14:54:41.932,344.036,3840,0,51,0.085529,65.290,8.370,73.660,6.696,0,range_out_of_bounds_2.04m,u16_id_range_primary,136,"[-0.035536734263102214,0.83949187596639,0.31554678281148274,-0.4082613269488017,-0.527433721224467,-0.6035360376040141,-0.0443960706392924,0.41519275506337483,0.14229598840077717,0.2792288382848104,0.3657397945721944,-0.2331526557604472,-0.9368095676104228,-0.30300041834513347,0.7346304972966512]","[0.23864959478378295,0.020084846019744862,-0.1930427670478821,-0.2747533440589905,-0.2811571478843689,-0.20871080160140992,0.009995985031127919,0.11776708364486693,0.2029765725135803,0.20340930223464965,0.23641895055770873,0.19135283231735228,0.011008369922637928,-0.11881901025772096,-0.15518046617507936]"
2026-06-02T14:54:43.347,345.451,3856,0,51,0.092886,65.290,18.415,73.660,6.696,0,range_out_of_bounds_2.04m,u16_id_range_primary,136,"[-0.5567272981007894,0.0465614120165507,0.5067221442858378,0.23198445836702983,0.31837939421335854,0.32725291649500526,-0.27279985745747887,-0.9474366386731465,-0.29987580378850304,0.7990732709566752,0.3010241309801737,-0.4916110416253408,-0.18617511590321859,0.05524649421374003,0.168381534020106]","[-0.21029365460077923,-0.022414807478586846,0.05556946595509846,0.118519123395284,0.10235857566197712,0.12273436387379963,0.0779486854871114,-0.11289239327112835,-0.24877548615137737,-0.29307198921839395,-0.24314213196436565,-0.060619835058848076,0.11871671279271442,0.23096394141515095,0.36439942916234336]"
2026-06-02T14:54:44.761,346.865,3872,0,51,0.103923,65.290,10.045,73.660,6.696,0,range_out_of_bounds_2.04m,u16_id_range_primary,136,"[0.36804027259349825,-0.23339771330356598,-0.8996217161417007,-0.25732713043689726,0.8467338174581528,0.34316701591014864,-0.44185002744197843,-0.12682311832904816,0.08477766215801238,0.1932915687561035,0.4251617580652237,-0.05751143991947174,-0.4099831789731979,-0.03092881143093109,0.19627104103565216]","[-0.0006329456965128571,-0.04063171545664469,-0.22942859331766763,-0.36079532305399575,-0.4045329729715983,-0.3564398924509684,-0.17277270952860513,0.008545811971028647,0.11912434895833333,0.2525576909383138,0.34057396252950034,0.3449129422505697,0.3043310006459554,0.16035681565602622,0.03483157952626546]"
2026-06-02T14:54:46.180,348.284,3888,0,51,0.072695,63.616,8.370,73.660,6.696,0,range_out_of_bounds_2.04m,u16_id_range_primary,136,"[0.35693468153476715,-0.42407672107219696,-0.10453534126281738,0.09706635773181915,0.20160572230815887,0.44413675367832184,-0.03595365583896637,-0.39710764586925507,-0.01765631139278412,0.2186575084924698,0.21499694883823395,0.029979199171066284,0.07840460538864136,-0.40282396972179413,-0.25962813198566437]","[-0.4279861370722453,-0.24437474409739177,-0.06271146933237712,0.04718328317006429,0.18011713822682698,0.2679061969121297,0.2723321994145711,0.23095954259236653,0.08732212384541829,-0.03696917692820231,-0.15162645975748698,-0.10686158339182536,0.0003033955891927065,0.010822900136311847,-0.0664172093073527]"
2026-06-02T14:54:47.604,349.708,3904,0,51,0.056007,68.638,8.370,73.660,6.696,0,range_out_of_bounds_2.04m,u16_id_range_primary,136,"[0.45877253512541455,-0.04300362368424734,-0.4317568590243657,-0.017771278818448387,0.21738092104593912,0.1659060666958491,0.008180836836496987,0.10756627718607584,-0.4249997486670812,-0.30416620274384815,0.7526140163342158,0.8671854684750239,-0.4471128036578496,-0.8964485575755438,-0.012347047527631126]","[0.22242454687754315,0.2231486241022746,0.17859164873758954,0.0384058157602946,-0.08495755990346272,-0.20074363549550372,-0.15589841206868488,-0.044628818829854325,-0.039590557416280106,-0.11887176831563313,-0.13662024339040119,-0.08137830098470052,-0.014345844586690262,0.0871341625849406,0.12733034292856854]"
2026-06-02T14:54:49.021,351.125,3920,0,51,0.045651,65.290,6.696,73.660,6.696,0,range_out_of_bounds_2.04m,u16_id_range_primary,136,"[0.09828989853461584,-0.029785015682379404,0.11684608360131582,-0.46854943136374155,-0.36671274999777476,0.7506972541411717,0.8490211953719456,-0.5143558392922084,-0.94078815082709,-0.025159836808840434,0.336001514395078,0.33047613402207693,0.11581417818864187,-0.11032417515913645,-0.14147105912367502]","[-0.22757349809010824,-0.18338845570882162,-0.0691362460454305,-0.07051299413045248,-0.15324960549672445,-0.17330358823140463,-0.11966453393300375,-0.05367849667867025,0.047795073191324866,0.08763565222422282,0.14587207237879435,0.19932971994082133,0.21355687181154887,0.22424019972483317,0.13207782904307047]"
2026-06-02T14:54:50.441,352.544,3936,0,51,0.053974,73.660,5.022,73.660,6.696,0,range_out_of_bounds_2.04m,u16_id_range_primary,136,"[0.9244133512179057,0.30499061743418376,-0.8776970823605855,-0.26101184089978535,0.4643821398417155,-0.06434104045232136,-0.11309647758801777,0.0455765704313914,-0.10332589050134022,-0.0972028096516927,0.048822088042895,0.3391542712847392,-0.0669560154279073,-0.47617632349332173,-0.06753155787785847]","[0.09051384528477988,0.16148181756337485,0.16885950167973837,0.1714253028233846,0.10099043448766074,0.057645400365193694,0.030916233857472747,-0.009823660055796296,-0.026102642218271882,-0.12702999512354532,-0.18775997559229532,-0.18723330895105997,-0.16368470589319864,-0.11579952637354532,0.035601278146108]"
2026-06-02T14:54:51.857,353.961,3952,0,51,0.067383,65.290,18.415,73.660,6.696,0,range_out_of_bounds_2.04m,u16_id_range_primary,136,"[-0.2339939440290133,-0.05588233123222987,0.13999984016021094,0.08267356057961782,0.0593981330593427,0.026083666582902273,0.2206942473848661,-0.17331736932198205,-0.5498783851663271,-0.09569713125626246,0.23430595149596534,-0.1940474177400271,0.12333327879508336,0.7057395910223325,-0.289411690334479]","[0.027643171946207683,-0.019341500600179036,-0.06067362626393636,-0.06044140656789144,-0.1363932212193807,-0.1660274585088094,-0.13309183915456135,-0.07713285287221273,0.0007607618967692053,0.1740432659784953,0.2595367113749186,0.20813318888346355,0.14784249464670818,0.034443465868632,-0.19930115540822346]"
2026-06-02T14:54:53.293,355.397,3968,0,51,0.076524,61.942,15.067,73.660,6.696,0,range_out_of_bounds_2.04m,u16_id_range_primary,136,"[0.08697766959667205,0.27936738878488543,-0.11482649892568589,-0.4902139589190483,-0.03412631005048752,0.29474532753229143,-0.13865130990743638,0.1810286059975624,0.7675208166241646,-0.2276877447962761,-0.5233150407671928,0.3697782471776009,-0.1192132517695427,-0.7260381862521171,0.39465424567461016]","[-0.09356709718704223,-0.06010171175003051,-0.00403293371200561,0.07367733716964722,0.24768844842910767,0.3337446808815002,0.28307739496231077,0.2231563687324524,0.10989371538162232,-0.12357147932052612,-0.24797316789627075,-0.23308368921279907,-0.24275120496749877,-0.19234647750854492,-0.0738101840019226]"
2026-06-02T14:54:54.711,356.815,3984,0,51,0.061417,73.660,20.089,73.660,6.696,0,range_out_of_bounds_2.04m,u16_id_range_primary,136,"[0.19226214587688445,-0.24276114702224733,0.056801590323448184,0.654860469698906,-0.3356076151132584,-0.6513842612504959,0.25019300282001494,-0.21811422407627107,-0.8391502171754837,0.2677804559469223,0.8735385864973069,-0.22195699512958528,-1.0383770138025283,0.05077877938747406,1.2011364430189133]","[0.2967535694440206,0.2450652559598287,0.184510870774587,0.07230989535649618,-0.16195805470148722,-0.28662176529566447,-0.27152092854181925,-0.2793774167696635,-0.22750683228174845,-0.10687416891256968,0.136366738875707,0.26050194998582205,0.1615218957265218,-0.04397563735644022,0.020804627736409505]"
2026-06-02T14:54:56.329,358.432,4000,0,51,0.035904,75.335,5.022,73.660,6.696,0,range_out_of_bounds_2.04m,u16_id_range_primary,136,"[-0.5853316376606623,0.31473378439744315,-0.15685192147890725,-0.775543529788653,0.3334815909465154,0.9363024046023687,-0.15932645301024118,-0.9734407256046931,0.11492417355378469,1.2637676407893499,0.13592187662919364,-1.81723137597243,-0.6497213433186213,1.2356181552012762,0.7826973607142766]","[-0.22225219706694285,-0.20686871508757274,-0.21472520331541697,-0.1628263662258784,-0.042283273736635846,0.20082677205403646,0.3249265780051549,0.22603326340516408,0.020848803718884784,0.08582558532555898,0.11867546339829763,0.09074493547280629,0.030984901388486225,-0.09715536932150523,-0.15275517801443736]"
2026-06-02T14:54:57.747,359.851,4016,0,51,0.049096,66.964,16.741,73.660,6.696,0,range_out_of_bounds_2.04m,u16_id_range_primary,136,"[0.9519603143135706,-0.14378799100716907,-0.9506322850783666,0.13382737735907238,1.2783502827088038,0.15395860771338146,-1.7936602344115575,-0.6346369494994482,1.2516860256592433,0.8103282938400904,-0.17769838472207386,-0.3577678312857946,-0.11221913595994314,-0.205807622273763,-0.20390046735604603]","[0.22652931312719982,0.3498050923148791,0.25042307923237483,0.04617769072453182,0.1117239053050677,0.1468535120288531,0.11978257248799007,0.05987084458271663,-0.07028880168994267,-0.1262305920322736,-0.23320629646380742,-0.2738892381389936,-0.26073550631602604,-0.2123570387562116,-0.13445853640635808]"
2026-06-02T14:54:59.193,361.297,4032,0,51,0.031386,66.964,10.045,73.660,6.696,0,range_out_of_bounds_2.04m,u16_id_range_primary,136,"[0.21613873839378356,-1.7343615114688873,-0.5698998987674713,1.3163188874721528,0.8686387717723847,-0.11860225796699524,-0.2920786261558533,-0.046305534243583676,-0.14422425329685212,-0.14405415654182435,0.1364301323890686,0.27352147102355956,0.5313449680805207,0.09608306288719178,-0.3889497935771942]","[0.20611285169919333,0.1784036656220754,0.118027796347936,-0.011947105328241975,-0.06837804118792215,-0.17609960834185281,-0.2178457776705424,-0.20553574959437051,-0.15783594051996866,-0.08020065228144327,-0.07488177220026651,-0.03469584385553995,0.06504489978154501,0.12982608874638876,0.3300051887830099]"
2026-06-02T14:55:00.624,362.728,4048,0,51,0.098179,56.919,15.067,73.660,6.696,0,range_out_of_bounds_2.04m,u16_id_range_primary,136,"[0.1722268854578336,0.06858770002921422,-0.047202875713507335,-0.24699874768654506,-0.30301304707924526,-0.14029618153969448,0.0437224601705869,0.46563265671332676,0.10486740817626317,-0.3870268071691195,0.022694664200146993,-0.22188239345947902,-0.3647360111276309,0.4761807714899381,0.3572435175379117]","[-0.517810579140981,-0.4801968296368917,-0.41569101413091025,-0.3416498859723409,-0.25801908572514853,-0.2614055832227071,-0.2416170795758565,-0.166756268342336,-0.12865912516911823,0.04872787396113079,0.2695435325304667,0.4184664527575175,0.5706346074740092,0.7188906113306681,0.785542372862498]"
2026-06-02T14:55:02.045,364.149,4064,0,51,0.160733,53.571,15.067,73.660,6.696,0,range_out_of_bounds_2.04m,u16_id_range_primary,136,"[-0.05914702713489532,0.09487667977809906,0.4971975117921829,0.14767191112041472,-0.308269140124321,0.10709415674209595,-0.15897363126277925,-0.3124008148908615,0.5440133541822434,0.3716838091611862,-0.5256445676088333,0.011466386914253238,0.8787759274244309,-0.26858940422534944,-1.0197551518678665]","[-0.531468935807546,-0.5058832844098409,-0.42847687800725304,-0.3911939342816671,-0.2142215450604757,0.0038844863573709865,0.15565722386042274,0.3098110477129618,0.4917806307474772,0.5389140168825786,0.407005242506663,0.2797166625658671,0.18832652966181435,-0.023855992158254014,-0.27999527057011925]"
2026-06-02T14:55:03.468,365.572,4080,0,51,0.179816,53.571,16.741,73.660,6.696,0,range_out_of_bounds_2.04m,u16_id_range_primary,136,"[0.11540047625700633,-0.16730368336041768,-0.30281894107659657,0.5275668034950892,0.31494982341925304,-0.551810430486997,0.06344915727774303,0.8952756653229396,-0.3339943160613378,-1.0647923221190772,0.3417346606651942,0.884858978788058,0.009616030255953471,-0.455591814716657,-0.2765400876601537]","[0.0684870958328247,0.22514359951019286,0.3880218744277954,0.5857650518417359,0.6317394256591797,0.4980878114700317,0.3705031156539917,0.27833144664764403,0.06516997814178466,-0.19072611331939698,-0.4428642511367798,-0.6062610864639282,-0.6313331842422485,-0.6207202196121215,-0.6193445444107055]"
2026-06-02T14:55:04.888,366.991,4096,0,51,0.107271,63.616,8.370,73.660,6.696,0,range_out_of_bounds_2.04m,u16_id_range_primary,136,"[-0.5696130613485972,0.08045489390691121,0.899784900744756,-0.34969790975252785,-1.058102689186732,0.36807695825894676,0.8967998405297597,0.014557995398839316,-0.46413161555926,-0.28640537659327187,0.1522661526997884,0.3520037909348806,0.19833133419354756,0.05652407606442769,-0.2908492902914683]","[0.7473490158716838,0.6468751351038615,0.5753643433252971,0.37757920424143476,0.1345639149347941,-0.10781956513722737,-0.26060391267140703,-0.2745630820592244,-0.26364136536916094,-0.25348020394643145,-0.23443842728932698,-0.26623702843983965,-0.2554611047108968,-0.2604261716206868,-0.30506075223286944]"
2026-06-02T14:55:06.309,368.413,4112,0,51,0.107761,65.290,16.741,73.660,6.696,0,range_out_of_bounds_2.04m,u16_id_range_primary,136,"[0.25850719809532163,0.7862153112888336,-0.0962035596370697,-0.5741989552974701,-0.3974060952663422,0.044361686706542974,0.24231345057487488,0.08359704017639161,0.04015339016914368,-0.29589017629623415,-0.8653585851192475,-0.07144462466239929,0.7229243576526642,0.3661234438419342,-0.24369388222694396]","[0.09486854672431946,-0.057963484525680536,-0.07162391543388366,-0.061330670118331904,-0.05154334902763366,-0.03255330920219421,-0.06430136561393737,-0.05319666266441345,0.10299742817878724,0.1890527069568634,0.18420374989509583,0.09706646800041199,-0.05805396437644958,-0.08967160582542419,-0.1279505729675293]"
2026-06-02T14:55:07.728,369.832,4128,0,51,0.117772,53.571,8.370,73.660,6.696,0,range_out_of_bounds_2.04m,u16_id_range_primary,136,"[0.10447055995464324,0.3031220227479935,0.14450081586837768,0.10024020969867706,-0.23585148751735688,-0.8045986503362655,-0.010760030150413512,0.7831889182329178,0.4264953225851059,-0.18316253125667573,-0.7824204176664352,-0.33822657763957975,0.48902330696582796,0.2858166188001633,-0.28183808028697965]","[-0.014937382936477672,-0.046543461084365856,-0.03532848954200746,0.120998877286911,0.20716239809989928,0.20248402953147887,0.11551888585090636,-0.039408963918685924,-0.07094491720199586,-0.10914127230644227,-0.16248516440391542,-0.16812763810157777,-0.1153670370578766,0.014044302701950062,0.10207583308219909]"
2026-06-02T14:55:09.147,371.251,4144,0,51,0.128629,53.571,6.696,73.660,6.696,0,range_out_of_bounds_2.04m,u16_id_range_primary,136,"[-0.761218919356664,0.03208612004915873,0.8226867775122325,0.46724920074145,-0.14067859848340353,-0.7370500703652699,-0.29712523420651754,0.5256733755270641,0.326505974928538,-0.23808051546414694,-0.12432153423627218,0.4118915061155955,-0.06709749897321066,-0.40404085715611776,0.18352027336756388]","[0.031708196798960364,-0.05451874335606893,-0.20853100617726644,-0.2400191863377889,-0.2780852754910787,-0.33111069997151693,-0.336909814675649,-0.28437714179356893,-0.15566043456395467,-0.06788734992345175,0.08351273934046427,0.2840656797091166,0.410115913550059,0.5394469062487284,0.6082502166430155]"
2026-06-02T14:55:10.567,372.670,4160,0,51,0.177769,75.335,8.370,73.660,6.696,0,range_out_of_bounds_2.04m,u16_id_range_primary,136,"[-0.3292689174413681,-0.24815897643566132,0.48617057502269745,0.2261369377374649,-0.45253898203372955,-0.27459587156772614,0.42106597125530243,0.005675524473190308,-0.34974561631679535,0.21664530038833618,0.1518024206161499,-0.2519048601388931,0.1246889978647232,0.36743052303791046,-0.09340302646160126]","[-0.4307952582836151,-0.3844954431056976,-0.3055006921291351,-0.17218679785728455,-0.09590262770652772,0.032239252328872675,0.2061634600162506,0.3049724638462067,0.40763800740242007,0.457249516248703,0.3725525975227356,0.19099854826927185,-0.05105776190757752,-0.2346324384212494,-0.2972428262233734]"
2026-06-02T14:55:11.983,374.087,4176,0,51,0.130161,51.897,6.696,73.660,6.696,0,range_out_of_bounds_2.04m,u16_id_range_primary,136,"[-0.6639608283837636,1.497666041056292e-05,-0.05513229866822561,-0.3212003250916799,0.29732377926508585,0.35360400478045145,-0.10446657141049703,0.10284552077452341,0.27699111501375834,-0.15913559397061666,-0.5074261566003163,-0.4681753953297933,0.22121118108431498,0.7346490482489269,0.29285754362742106]","[0.1061547080675761,0.20279934803644817,0.25242820183436077,0.33005797664324443,0.37638044158617656,0.3047355095545451,0.1486354152361552,-0.06546256144841511,-0.21968433459599812,-0.2532995065053304,-0.25704404910405476,-0.2722054441769918,-0.2562544067700704,-0.22239527304967244,-0.17484602530797322]"
2026-06-02T14:55:13.608,375.712,4192,0,51,0.054144,75.335,10.045,73.660,6.696,0,range_out_of_bounds_2.04m,u16_id_range_primary,136,"[0.33909590865174927,-0.07441785608728727,0.2753997924427191,-0.09598754023512204,-0.6840577540298303,-0.011763673772414525,0.23805646921197574,0.04197265530625979,0.2179515096048514,0.10300283456842105,-0.32274074529608093,-0.18094901417692502,0.06663990343610446,0.11659233594934146,-0.028794825573762256]","[0.4019749244054158,0.3329912503560384,0.29305566151936846,0.19077194531758626,0.12388218243916829,0.03584612210591634,-0.08600269953409831,-0.1730747143427531,-0.22357099453608195,-0.23453526894251506,-0.23309176365534465,-0.21223705212275187,-0.1626604715983073,-0.06864880720774333,0.015299685796101886]"
2026-06-02T14:55:15.028,377.131,4208,0,51,0.043444,65.290,10.045,73.660,6.696,0,range_out_of_bounds_2.04m,u16_id_range_primary,136,"[-0.0012578807771205895,0.23212979808449746,0.0388158418238163,0.22960537746548654,0.10792271867394447,-0.32842163667082785,-0.181539236754179,0.06937865987420082,0.12319116368889808,-0.028722013533115386,-0.14950928017497062,0.06424793675541877,0.20758254900574685,-0.07519707009196282,-0.308226927369833]","[0.09178467194239298,-0.0303590734799703,-0.11759965022404989,-0.16814486583073934,-0.1790976067384084,-0.1769829531510671,-0.15677849849065145,-0.10645763476689657,-0.011815234025319421,0.07275100151697794,0.12170334259668986,0.16281242767969767,0.21778555313746134,0.14883633057276408,0.13156218926111857]"
2026-06-02T14:55:16.449,378.552,4224,0,51,0.024891,75.335,10.045,73.660,6.696,0,range_out_of_bounds_2.04m,u16_id_range_primary,136,"[-0.2840244501829147,-0.1992352932691574,-0.07750280499458313,0.060199928283691403,0.04171889722347259,-0.047549846768379214,0.16799308061599733,0.301359024643898,-0.03524217307567597,-0.323959144949913,0.32809069454669954,0.13379764258861543,-0.6253070563077927,-0.21040067374706267,0.7700621753931045]","[0.006077090899149577,-0.013110836346944172,-0.010504563649495442,0.032279411951700844,0.06601838270823161,0.06797568003336589,0.06897274653116862,0.09209875265757243,-0.005522688229878743,-0.04974158604939779,0.0023690859476725263,0.042522827784220375,0.012844125429789226,-0.12170883019765218,-0.19056959946950278]"
2026-06-02T14:55:17.868,379.972,4240,0,51,0.042268,65.290,10.045,73.660,6.696,0,range_out_of_bounds_2.04m,u16_id_range_primary,136,"[-0.020119384924570723,0.7271287282307942,0.10191689332326254,-0.9460902372996013,-0.5546056787172954,0.7969313104947408,0.41360528667767843,-0.6673861900965373,-0.28421942989031473,0.7651361068089803,0.1775179942448934,-1.0483458201090494,-0.2531221667925517,0.7408816655476888,0.050770922501881914]","[-0.35525726278622943,-0.34071706732114154,-0.23912261923154193,-0.23239993055661518,-0.17264698942502338,-0.027540673812230423,0.08221722642580669,0.09739900628725688,0.06926919023195903,0.1736466983954112,0.2218290666739146,0.21475816766421002,0.21936214963595074,0.1815214554468791,0.10768158237139384]"
2026-06-02T14:55:19.290,381.394,4256,0,51,0.057577,75.335,10.045,73.660,6.696,0,range_out_of_bounds_2.04m,u16_id_range_primary,136,"[0.20510693589846293,0.18153517643610637,0.10712077418963115,0.23679917256037394,0.4195937136809031,-0.18820653160413106,-1.064685442050298,-0.22951564987500508,0.7898861388365428,0.22753738562266032,-0.14922327597935994,0.21901827255884807,-0.09244991143544515,-0.49563730557759605,-0.16687945326169332]","[0.18029427031675974,0.2536904762188593,0.1923875759045283,0.07169162730375925,0.08475261429945627,0.061191017429033906,0.009349967042605073,-0.005184998114903777,-0.043992442389329284,-0.10316882034142813,-0.13951633622248968,-0.1417249341805776,-0.1238864560921987,-0.14372525860865912,-0.1521583025654157]"
2026-06-02T14:55:20.704,382.808,4272,0,51,0.042836,70.312,10.045,73.660,6.696,0,range_out_of_bounds_2.04m,u16_id_range_primary,136,"[-0.16072190701961517,-1.0292922347784041,-0.203428515791893,0.8081015259027481,0.24931659400463105,-0.119200000166893,0.24804825186729432,-0.07420215904712676,-0.476158419251442,-0.1377137392759323,0.36700921356678007,0.13559845685958863,-0.09634005427360534,0.16313584744930268,0.32584713995456693]","[0.2229076735675335,0.17146284505724907,0.1574673168361187,0.11820149794220924,0.05818610265851021,0.022192303091287613,0.020674441009759903,0.03883276507258415,0.01876930519938469,0.009999319911003113,-0.009196225553750992,-0.09033842012286186,-0.20357908681035042,-0.28687577322125435,-0.24870406463742256]"
2026-06-02T14:55:22.123,384.227,4288,0,51,0.049171,71.986,13.393,73.660,6.696,0,range_out_of_bounds_2.04m,u16_id_range_primary,136,"[-0.12709653228521348,0.2463568016886711,-0.06947229653596879,-0.4795671537518501,-0.14589206725358964,0.3652216359972954,0.13441111296415328,-0.09698393046855927,0.16711665838956832,0.32059826105833056,-0.3484212890267372,-0.528108312189579,0.20779805034399032,0.46865306943655016,-0.11461400836706162]","[0.09949168960253398,0.09574743757645289,0.11205177406469981,0.08999342123667399,0.07980306098858515,0.05875402341286341,-0.024654809137185416,-0.1386922558148702,-0.22216531236966452,-0.1845124622186025,-0.18522378404935202,-0.13504752119382224,-0.015462483962376913,0.13200775186220803,0.23790947000185647]"
2026-06-02T14:55:23.543,385.647,4304,0,51,0.054538,71.986,11.719,73.660,6.696,0,range_out_of_bounds_2.04m,u16_id_range_primary,136,"[0.35979214012622834,0.10037079155445099,-0.13074323832988738,0.14696174561977388,0.3243283599615097,-0.3295255333185196,-0.5211505919694901,0.20405879318714143,0.4697984427213669,-0.11097699701786042,-0.21778722405433654,0.3882173866033554,0.15312251150608064,-0.5925606518983841,-0.24390593469142913]","[-0.18227774699529012,-0.2595338900883992,-0.36786133845647173,-0.446816869576772,-0.40243405898412066,-0.39475280841191607,-0.33876831134160357,-0.2169714649518331,-0.06798178752263387,0.04092471996943156,0.1403409759203593,0.35769312779108686,0.5561795751253764,0.7349157253901164,0.8473441521326701]"
2026-06-02T14:55:24.962,387.066,4320,0,51,0.105100,71.986,13.393,73.660,6.696,0,range_out_of_bounds_2.04m,u16_id_range_primary,136,"[-0.38919043590625124,-0.5720802848537763,0.1557605857650439,0.4107950920859973,-0.16957971503337224,-0.26850119282801943,0.33821418831745786,0.09665128539005916,-0.6527273957928021,-0.29731312443812685,0.297766416768233,0.05419556001822154,-0.11866030146678289,0.738129764298598,0.3765395576755206]","[-0.5498140970865886,-0.49319731394449867,-0.37101685206095375,-0.2219446818033854,-0.11318480173746742,-0.013799778620401992,0.20451010068257652,0.40405870278676354,0.5822731335957845,0.6941897948582967,0.6694394429524739,0.36459387143452965,-0.10610329310099281,-0.4140046755472819,-0.6359995524088542]"
2026-06-02T14:55:26.379,388.482,4336,0,51,0.156358,63.616,10.045,73.660,6.696,0,range_out_of_bounds_2.04m,u16_id_range_primary,136,"[-0.2586369837323825,0.338146132727464,0.10297845055659612,-0.6256735498706499,-0.26971711466709775,0.3145365243156751,0.06880283852418263,-0.1014992321530978,0.7418752138813337,0.38036130120356876,-1.3062889749805133,-1.1016128237048786,0.624566895266374,0.9474044864376386,0.1447568361957868]","[0.15768394867579144,0.37680421272913617,0.5771467487017313,0.7558789054552714,0.8681028882662455,0.842413047949473,0.5392037431399027,0.0711165467898051,-0.2353877027829488,-0.4555438955624898,-0.6395093401273092,-0.7813786466916403,-0.8136334617932638,-0.7254327138264974,-0.5374642809232076]"
2026-06-02T14:55:28.021,390.125,4352,0,51,0.156325,51.897,13.393,73.660,6.696,0,range_out_of_bounds_2.04m,u16_id_range_primary,136,"[0.31155035965299854,0.06657897256469975,-0.10053185053014507,0.7393838273749377,0.3763475524649645,-1.3048658264412856,-1.1007645023598647,0.6201031314597155,0.946867715047362,0.14756239526129017,-0.45573153026246777,-0.2695955825581526,0.0627045514450098,-0.008973544983503716,-0.030635668135558562]","[1.0733264724413554,0.7702506820360819,0.3026262561480204,-0.004066820939381904,-0.22410952647527058,-0.40743362506230674,-0.5494826992352804,-0.5819319446881612,-0.493875261147817,-0.30575674374898276,-0.14451539119084675,0.025255564848581963,0.12469721237818401,0.1834127942721049,0.23160303036371868]"
2026-06-02T14:55:29.436,391.540,4368,0,51,0.219467,50.223,13.393,73.660,6.696,0,range_out_of_bounds_2.04m,u16_id_range_primary,136,"[-1.1653781374295553,-1.0226033171017965,0.6422225991884868,0.9823580543200175,0.22002978722254435,-0.36739437182744344,-0.1609893282254537,0.18310089508692423,0.09629245574275652,0.05889330531160037,0.11513094703356425,-0.17058594425519308,-0.08597411115964254,0.37433882157007853,0.300558344523112]","[-0.27956036155422526,-0.43841651504238444,-0.4835296017428239,-0.40470007484157877,-0.2226786953707536,-0.06670567815502484,0.10013234193126361,0.19484084422389666,0.24965697104732196,0.2944925683240096,0.3345112609366576,0.2806203770140807,0.2207439164320628,0.12815568173925082,0.09243696505824725]"
2026-06-02T14:55:30.858,392.962,4384,0,51,0.124580,65.290,13.393,73.660,6.696,0,range_out_of_bounds_2.04m,u16_id_range_primary,136,"[-0.5422099416454633,-0.34180842687686286,0.15534658382336297,0.16095031450192132,0.15333873430887857,0.2250302548209826,-0.12112640192111333,-0.11168581595023473,0.34078527639309564,0.26614671597878137,-0.16641399612029395,-0.25506998946269355,0.43572400162617364,0.3965028936664263,-0.5955102031429609]","[-0.09478496859471003,0.05820537259181341,0.13058329274257024,0.1592001979549726,0.1803858940800031,0.20171780039866766,0.12936711957057317,0.05741150577863058,-0.0415003756682078,-0.08285448054472605,-0.19978935370842615,-0.2833325202266375,-0.20920979330937067,-0.04575156519810358,0.040351874132951104]"
2026-06-02T14:55:32.277,394.381,4400,0,51,0.122779,66.964,6.696,73.660,6.696,0,range_out_of_bounds_2.04m,u16_id_range_primary,136,"[0.18132056593894957,-0.17338612377643586,-0.17027266025543214,0.30129251182079314,0.22070785164833068,-0.22983416616916658,-0.3031692773103714,0.4060280054807663,0.3463142842054367,-0.6676160961389541,-0.4959352880716324,0.776784035563469,0.7332384318113327,-0.403385129570961,-0.5220869451761245]","[0.18415709758798282,0.11111023450891178,0.040081577251354854,-0.05597799470027288,-0.09736773197849591,-0.21643485700090725,-0.30090562080343564,-0.22621527885397275,-0.06085125183065732,0.02578088069955508,0.06050976539651553,0.11492725635568302,0.15334954286615055,0.15389039541284244,0.11394598508874576]"
2026-06-02T14:55:33.703,395.807,4416,0,51,0.139118,51.897,11.719,73.660,6.696,0,range_out_of_bounds_2.04m,u16_id_range_primary,136,"[-0.43030784130096433,-0.3377459108829498,0.5125125885009766,0.4220852792263031,-0.628272658586502,-0.4656109869480133,0.794755631685257,0.7253587782382965,-0.45016021132469175,-0.5577116072177887,0.1293749749660492,0.2740522563457489,-0.13292882442474366,-0.10668765604496003,0.2512861877679825]","[-0.0928087721268336,-0.20843874315420785,-0.1679645667473475,-0.02932595113913218,0.031300257643063864,0.04238451619942983,0.08069778581460317,0.10830853482087453,0.10079046686490377,0.05585871239503225,0.03776354690392812,0.041536044081052145,0.0333353986342748,0.009640048940976462,-0.04307727913061778]"
2026-06-02T14:55:35.128,397.232,4432,0,51,0.103837,51.897,13.393,73.660,6.696,0,range_out_of_bounds_2.04m,u16_id_range_primary,136,"[-0.5082152336835861,0.7594144493341446,0.677360787987709,-0.5011401027441025,-0.6061485856771469,0.08929352462291718,0.24114196002483368,-0.17730365693569183,-0.15721739828586578,0.20687952637672424,0.20679442584514618,-0.061682865023612976,-0.24459493160247803,-0.027560874819755554,0.10297897458076477]","[0.05937707126140594,0.09801500737667083,0.1261695593595505,0.11857969760894775,0.07132377922534942,0.052183565497398374,0.05473261773586273,0.046323773264884946,0.02429312169551849,-0.025964561104774478,-0.041297736763954165,-0.09725445806980133,-0.1673523813486099,-0.16740745604038237,-0.1517215996980667]"
2026-06-02T14:55:36.546,398.650,4448,0,51,0.068796,61.942,13.393,73.660,6.696,0,range_out_of_bounds_2.04m,u16_id_range_primary,136,"[0.08229581564664841,0.24022511690855025,-0.1902685359120369,-0.17399459034204484,0.198549385368824,0.1998715505003929,-0.07879259139299392,-0.25400513857603074,-0.02060384750366211,0.09710216075181961,-0.24774611443281175,-0.12402312904596328,0.1779979422688484,0.07823715656995774,0.015154819190502166]","[0.07167346080144246,0.07380444606145223,0.06546223958333333,0.0447169025739034,-0.0043606082598368345,-0.01820092598597209,-0.07591705719629924,-0.14901881615320842,-0.14964383045832316,-0.13382875124613444,-0.11086832682291667,-0.03333669106165568,0.02014095385869344,0.14430851538976033,0.2550684889157613]"
2026-06-02T14:55:37.967,400.071,4464,0,30,0.048978,68.638,15.067,68.638,15.067,1,filter_lockout_recovery_reset,u16_id_range_primary,136,"[0.047718712190786994,0.04003749887148539,0.39029603550831476,-0.13382709672053655,-0.7169123356540997,-0.4388250177105268,0.3613805706302325,0.5083039338390033,0.10867228458325068,0.00627070019642512,-0.31180614878733953,-0.500187433262666,0.1943651075164477,0.5364280278484027,-0.09191483904918035]","[-0.2555714925130208,-0.39786396225293474,-0.46459672649701433,-0.38767010768254595,-0.2641674955685933,-0.1325547178586324,0.04403155247370402,0.1708687464396159,0.33675711552302046,0.47051637570063276,0.4683276931444804,0.3284888784090678,0.16482537190119426,0.0051671783129374205,-0.08655840953191121]"
2026-06-02T14:55:39.387,401.491,4480,0,30,0.069406,63.616,11.719,68.638,15.067,0,transient_bin_jump_gating,u16_id_range_primary,136,"[0.18231836954752603,-0.08773284157117209,-0.476077934106191,0.5218218068281809,0.7873134116331736,-0.4598238368829091,-0.8549023767312368,0.2745443383852641,0.5900700191656748,-0.2472138305505117,-0.543770839770635,-0.17312674721082053,0.2652818063894908,0.24556995431582132,-0.02427129944165548]","[-0.43010605176289873,-0.2502423604329427,-0.0710264523824056,0.1622503916422526,0.3882094542185466,0.4627243200937907,0.3740606228510539,0.2447518030802409,0.09964620272318522,0.012929550806681317,-0.09320212205251058,-0.17717910607655843,-0.21915376981099446,-0.2518889983495076,-0.2517734845479329]"
2026-06-02T14:55:40.811,402.915,4496,0,40,0.084247,63.616,18.415,68.638,15.067,0,range_out_of_bounds_1.60m,u16_id_range_primary,136,"[-0.3523865357041359,-0.750055493414402,0.3675428912043571,0.6757737979292869,-0.1498466745018959,-0.4470725074410439,-0.11433118730783462,0.3201612815260887,0.3404264435172081,0.0725944921374321,-0.015361399948596956,-0.10830770581960678,0.08848521709442139,0.24522238820791245,-0.17284500747919082]","[0.5157054334878921,0.43593886196613313,0.3119724661111832,0.1683458060026169,0.08446493446826935,-0.018167230486869815,-0.1030918687582016,-0.14484557807445525,-0.17651096284389495,-0.17481747567653655,-0.1961648792028427,-0.24537310302257537,-0.22917500436306,-0.13431030809879302,-0.09397109150886536]"
2026-06-02T14:55:42.243,404.347,4512,0,37,0.018372,61.942,10.045,68.638,15.067,0,transient_bin_jump_gating,u16_id_range_primary,136,"[-0.17500342130661012,0.4500338613986969,0.08269264101982117,-0.634577077627182,0.044068950414657596,0.7019668996334076,0.013327795267105102,-0.2260080546140671,0.16122122406959533,-0.1868893176317215,-0.5957068622112274,0.32366408705711364,0.8868891179561615,-0.2809997022151947,-0.564680141210556]","[0.035554929574330645,0.10731236537297567,0.1463948925336202,0.1246729334195455,0.10102824767430624,0.03139428695042928,-0.07682986656824747,-0.11822898785273234,-0.06774725119272867,-0.051830486456553145,-0.09255547920862833,-0.05110184947649638,0.010340019067128496,-0.03625609079996745,-0.06214766303698222]"
2026-06-02T14:55:43.663,405.766,4528,0,37,0.023209,55.245,0.000,68.638,15.067,0,transient_bin_jump_gating,u16_id_range_primary,136,"[0.48023381729920706,0.6902440180381139,0.15072530408700308,-0.7713254104057948,-0.523418069879214,0.2555569698413213,0.3434190144141515,-0.2349956492582957,-0.21616056660811106,0.06346771021684011,0.2293055643637975,0.41759043832619985,-0.02574926714102427,-0.5645232806603114,-0.29437059263388315]","[0.2057352344195048,0.20919579068819683,0.13567763368288677,0.009453711907068896,-0.15714580019315083,-0.19987780054410298,-0.1625280996163686,-0.04977458914120991,0.08802133599917095,0.10524850885073345,0.10273200074831645,0.0696724037329356,0.012939987579981493,-0.12259787519772847,-0.24675244291623433]"
2026-06-02T14:55:45.280,407.384,4544,0,33,0.035810,55.245,16.741,68.638,15.067,0,transient_bin_jump_gating,u16_id_range_primary,136,"[0.22174927095572153,0.2071880648533503,-0.23854113121827444,-0.30790943404038745,-0.0934635450442632,0.2527439246575038,0.5380122015873591,0.02914797763029734,-0.5445407678683599,-0.2552027602990468,0.250661904613177,0.08426771561304729,-0.11229037245114644,-0.1586696853240331,0.12684663633505502]","[0.06567221383253734,0.11082259813944499,0.2172761807839076,0.32279446224371594,0.31587329010168713,0.28740563491980237,0.23789813617865246,0.16410663227240246,0.010969902078310653,-0.1291315307219823,-0.2442137946685155,-0.29151055713494617,-0.3240282287200292,-0.36721918483575183,-0.3767157544692357]"
2026-06-02T14:55:46.700,408.804,4560,0,37,0.028414,58.593,11.719,68.638,15.067,0,transient_bin_jump_gating,u16_id_range_primary,136,"[0.21843949357668557,0.5653473476568858,0.042519245545069376,-0.5627140661080678,-0.2839860131343206,0.20097987751166024,0.013551969329516092,-0.17377966245015464,-0.19901258846124015,0.1070270429054896,0.30199906627337136,-0.08047324021657308,-0.41596567233403525,0.02940173844496409,0.2366654614607493]","[0.43658073743184406,0.4022936423619588,0.33914955457051593,0.19341786702473956,0.05840667088826497,-0.0530087153116862,-0.09628156820933025,-0.12630442778269452,-0.16703347365061444,-0.1736948887507121,-0.15496159593264264,-0.16471482316652936,-0.20240918795267743,-0.18219659725824994,-0.10924319426218669]"
2026-06-02T14:55:48.132,410.236,4576,0,37,0.029878,55.245,6.696,68.638,15.067,0,transient_bin_jump_gating,u16_id_range_primary,136,"[0.205992558101813,-0.024059503277142846,-0.2326235388716062,-0.2583428536852201,0.07116408000389735,0.28244478354851404,-0.11262299766143163,-0.4562533711393674,-0.0035704289873441097,0.20944533596436182,-0.22759037365516027,-0.5037682270010313,-0.35441078891356786,0.6935958052674929,0.7105995203057924]","[0.04504915674527485,0.0032059808572133253,-0.029513631264368706,-0.07378057042757671,-0.08308115998903912,-0.06603110233942669,-0.07622537414232891,-0.11525091926256817,-0.09435096780459087,-0.020652804772059136,0.15065893133481342,0.1490856071313222,0.06616779764493305,0.053718533118565864,0.0910005231698354]"
2026-06-02T14:55:49.549,411.653,4592,0,37,0.029851,71.986,8.370,68.638,15.067,0,transient_bin_jump_gating,u16_id_range_primary,136,"[0.3426440179347992,-0.011721152067184448,-0.1937222361564636,-0.26950238943099974,-0.22984041571617125,0.3274244785308838,0.28062103390693666,-0.450903582572937,0.24741799831390382,0.6019898772239685,-0.6067582845687867,-0.8984999537467957,0.30464084148406984,0.6283159375190734,-0.07210617065429688]","[-0.16155823866526287,-0.08608570496241251,0.048374759157498684,0.1217699666817983,0.1610816737016042,0.24869913061459858,0.1413297524054845,-0.04386472503344217,-0.14163785974184673,-0.16503104368845622,-0.1529190222422282,-0.125741449991862,-0.03414103190104166,0.057793887456258144,0.1319299062093099]"
2026-06-02T14:55:50.970,413.074,4608,0,37,0.051009,70.312,10.045,69.496,12.495,1,ok,u16_id_range_primary,136,"[0.16440834353367487,0.3715831513206164,0.17414607355991998,0.1335404391090075,-0.21622277547915777,-0.7521767740448316,-0.3721532349785169,0.6277163500587145,0.6600112790862719,-0.09233309080203374,-0.24318144967158636,-0.02797636141379674,-0.027583767970403034,-0.2567441289623578,-0.1430340533455213]","[-0.060752195119857785,-0.2561647117137909,-0.4289322018623352,-0.45211769342422486,-0.37166298627853395,-0.25304068326950074,-0.13450969457626344,0.026186335086822513,0.16082750558853148,0.25248037576675414,0.2805470108985901,0.312468159198761,0.32410560846328734,0.3121803879737854,0.28838478326797484]"
2026-06-02T14:55:52.404,414.508,4624,0,37,0.055932,70.312,8.370,69.789,11.010,1,ok,u16_id_range_primary,136,"[-0.7345330730080605,-0.3569191113114357,0.6462088212370872,0.6787139758467674,-0.08283084779977798,-0.2319830372929573,-0.004697823524475097,-0.002662958204746246,-0.24004930406808853,-0.12798577696084976,0.2167319342494011,0.2380656734108925,0.06926174312829972,-0.012105034291744232,-0.055215181410312654]","[-0.41929720689853034,-0.30300830652316413,-0.14305471231540043,-0.008588541050751991,0.08279229352871578,0.11089016149441402,0.14324713895718258,0.1553288812438647,0.1438014621535937,0.12051023195187252,0.08787668893734615,0.049802374343077355,0.0179622585574786,-0.009299356242020912,-0.028963368137677498]"
2026-06-02T14:55:53.835,415.939,4640,0,37,0.053304,70.312,8.370,69.941,10.243,1,ok,u16_id_range_primary,136,"[-0.21358948896328608,0.023087695737679798,0.02650764634211858,-0.21670362303654353,-0.10551539013783137,0.24028620173533757,0.2595758443077405,0.09155407597621282,0.01258613218863805,-0.030781514445940655,-0.09304398248593013,-0.06916873107353846,0.2959200446804364,0.07370270838340123,-0.29441761920849485]","[0.0847428654630979,0.11746581544478735,0.1298640583952268,0.118625841041406,0.09572120656569799,0.06332900275786718,0.025217018028100335,-0.006522783140341437,-0.03374541650215784,-0.05331084231535593,-0.1182227815190951,-0.13822249422470728,-0.10800484667221705,-0.0910824919740359,-0.08585415134827296]"
2026-06-02T14:55:55.257,417.361,4656,0,22,0.046146,71.986,8.370,69.941,10.243,0,transient_bin_jump_gating,u16_id_range_primary,136,"[0.15826720297336577,0.17682308256626128,0.009032014012336734,-0.06894389986991882,-0.11237416863441467,-0.17524437308311464,-0.24641206562519075,0.1087439388036728,0.5314423471689225,-0.13918572366237641,-0.786842879652977,-0.17798977792263032,0.38153970539569854,0.24565965235233306,0.09548494517803192]","[0.22333219001690546,0.1852071518699328,0.15351363370815913,0.12629816780487696,0.10678894917170206,0.04163708637158076,-0.13827737321456274,-0.23969786514838537,-0.24216858198245367,-0.1808121566971143,-0.11973056842883428,-0.0359096293648084,-0.012894249459107717,0.03756668517986934,0.09514656017223994]"
2026-06-02T14:55:56.673,418.776,4672,0,46,0.040640,68.638,8.370,69.941,10.243,0,range_out_of_bounds_1.84m,u16_id_range_primary,136,"[-0.14742825279633204,-0.12268234143654505,0.24229168047507604,0.021122685571511587,-0.34948150167862574,-0.008908697466055552,0.33886527170737585,0.022177926202615102,-0.16355971346298853,0.04228243132432302,-0.10358006606499354,-0.31697199592987696,-0.03001717577377955,0.377386382718881,0.19850336660941442]","[0.03719144662221273,0.0165822168191274,0.04696409006913503,0.0640218069156011,0.06928710242112478,0.03384424348672231,0.009220789869626364,-0.06708883146444956,-0.09503199557463328,-0.08965351084868113,-0.036679420868555704,-0.030226040879885355,-0.015174743036429086,0.00802751233180364,0.04871533413728078]"
2026-06-02T14:55:58.093,420.196,4688,0,80,0.041891,68.638,6.696,69.941,10.243,0,range_out_of_bounds_3.20m,u16_id_range_primary,136,"[0.012764773766199748,0.3601472000281016,0.04339756766955058,-0.14207922716935475,0.06381633828083674,-0.049419940014680225,-0.10474442740281423,-0.3465545256932577,-0.10966155727704366,0.7200436810652415,0.5304286698500316,-0.35335467060407005,-0.4510543425877889,-0.1376785268386205,-0.036051013072331745]","[-0.01738438904285431,-0.042013326287269594,-0.11833272278308868,-0.14626974761486053,-0.1408776432275772,-0.0010562479496002211,0.18117283880710602,0.24844314754009247,0.2361781805753708,0.18986596763134003,0.08863236606121064,-0.009141662716865541,-0.09853432476520538,-0.1687215358018875,-0.20196090042591094]"
2026-06-02T14:55:59.528,421.632,4704,0,142,0.048910,68.638,10.045,69.941,10.243,0,range_out_of_bounds_5.68m,u16_id_range_primary,136,"[-0.06063943902651469,-0.18078268865744274,-0.5328153649965922,-0.23003771702448528,0.7565899809201558,0.6254268606503804,-0.2671548406283061,-0.38408618966738384,-0.12212633887926738,-0.07772655586401622,0.026633830865224202,0.159744726618131,0.1706414540608724,0.12325518031915028,-0.006922898689905803]","[0.15747872193654378,0.3434375246365865,0.3979210575421651,0.36245885690053303,0.2879672368367513,0.1577111800511678,0.03324213822682699,-0.07895859877268473,-0.16738042036692302,-0.21446999708811443,-0.24124750296274822,-0.2626400868097941,-0.2686535994211833,-0.26151522795359294,-0.24535128275553386]"
2026-06-02T14:56:00.945,423.049,4720,0,142,0.042632,71.986,10.045,69.941,10.243,0,range_out_of_bounds_5.68m,u16_id_range_primary,136,"[0.6162906070550283,-0.27626051704088844,-0.3935251752535502,-0.13148155013720195,-0.08676291207472484,0.017549343903859458,0.1506479909022649,0.16148070295651754,0.11384130318959554,-0.01627787152926127,-0.14585580627123515,-0.139287597934405,-0.031658075253168744,0.07681255837281545,0.08448699911435445]","[0.3265693227450053,0.2020759622255961,0.08985591332117716,0.0014290849367777497,-0.04569577773412069,-0.07248973449071248,-0.0938609798749288,-0.09985053141911825,-0.0926949938138326,-0.07651984294255575,-0.052229042847951254,-0.03856241305669149,-0.025857981046040854,-0.015386279424031576,-0.006782706578572592]"
2026-06-02T14:56:02.566,424.670,4736,0,142,0.038388,71.986,10.045,69.941,10.243,0,range_out_of_bounds_5.68m,u16_id_range_primary,136,"[0.0013409319023291264,0.13444334889451662,0.1452039840320746,0.09720379735032718,-0.0328178641696771,-0.1620131072898706,-0.15544458602865538,-0.04800848041971525,0.06037347639600436,0.06810092056790988,0.019704489658276238,-0.010536269595225653,-0.02826466535528501,-0.045018104215463005,-0.04426787172754606]","[-0.03702540000279744,-0.05835969050725301,-0.06431073745091756,-0.05712730487187703,-0.04093892176946004,-0.016656704743703205,-0.0029835780461629213,0.009719661871592206,0.0201864759127299,0.028780988852183026,0.03548150459925334,0.04013308087984721,0.043953097860018414,0.04750161568323771,0.05164591173330943]"
2026-06-02T14:56:03.983,426.087,4752,0,142,0.034664,71.986,10.045,69.941,10.243,0,range_out_of_bounds_5.68m,u16_id_range_primary,136,"[-0.13685115799307823,-0.13028134033083916,-0.023114066570997238,0.08513643220067024,0.09294470027089119,0.04463578015565872,0.01440703496336937,-0.0033390335738658905,-0.02011222019791603,-0.019370602443814278,-0.0018272697925567627,0.016550153493881226,0.030083121731877327,0.03107401169836521,0.0200644563883543]","[-0.054971551150083536,-0.04128632470965385,-0.02858129665255546,-0.01811841651797294,-0.009534393996000284,-0.0028469018638133947,0.001794333010911947,0.005604902654886251,0.009146029502153402,0.013280759006738668,0.017199000716209417,0.021095784753561025,0.02506988719105721,0.028795564919710165,0.03335262313485146]"
2026-06-02T14:56:05.403,427.507,4768,0,29,0.030937,71.986,10.045,69.941,10.243,0,transient_bin_jump_gating,u16_id_range_primary,136,"[0.03595365397632122,0.005724994465708733,-0.012035319581627846,-0.028816068544983864,-0.02807699330151081,-0.010529031977057457,0.00785217247903347,0.02137659303843975,0.02236546203494072,0.011362170800566673,-0.0016770288348197937,-0.012255627661943436,-0.010613255202770233,-0.00472182035446167,0.004090098664164543]","[-0.02884875759482384,-0.02420904263854027,-0.02039950117468834,-0.01685910448431969,-0.012725574523210527,-0.008806863427162172,-0.004907777160406114,-0.0009301356971263899,0.002800340205430983,0.007360572367906569,0.012282321602106093,0.01728544607758522,0.022688160091638564,0.025968889147043227,0.029301027208566664]"
2026-06-02T14:56:06.824,428.928,4784,0,22,0.029484,68.638,10.045,69.941,10.243,0,transient_bin_jump_gating,u16_id_range_primary,136,"[-0.013702197776486477,0.004664295508215825,0.01822337058062355,0.01921685521180431,0.008183003558466831,-0.004861944199850162,-0.015462324799348911,-0.013804734529306492,-0.007901830443491539,0.0009352426665524642,0.011293765312681595,0.006730865842352311,-0.0021614700866242247,-0.009465022788693508,-0.0018878740568955739]","[-0.02826234996318817,-0.024364250898361205,-0.02039210796356201,-0.01667342633008957,-0.012119095027446746,-0.007199461758136749,-0.0021965608000755303,0.003211785852909089,0.006482173502445222,0.009808202087879182,0.012599368393421174,0.01638992577791214,0.018751610815525056,0.021094490587711335,0.022869695723056794]"
2026-06-02T14:56:08.268,430.372,4800,0,19,0.010415,66.964,10.045,66.964,10.045,1,filter_lockout_recovery_reset,u16_id_range_primary,136,"[-0.0015625616535544394,-0.012164205126464368,-0.010483336448669434,-0.0045912226662039755,0.0042806828394532205,0.014864896610379218,0.010201767273247241,0.0008801335468888285,-0.006406593881547451,0.0018820722587406637,0.0063483954407274725,-0.007727670297026634,0.0049220148473978044,0.025515018217265605,-0.025959390960633755]","[-0.025137158234914143,-0.020141394933064778,-0.014705600341161092,-0.011473538478215535,-0.008176388343175252,-0.005387546618779501,-0.001574339469273885,0.0007305423418680827,0.00306737224260966,0.004888413349787394,0.006673155228296915,0.005936352411905924,0.013147024313608806,0.028575388590494792,0.023577717940012614]"
2026-06-02T14:56:09.692,431.796,4816,0,29,0.003131,68.638,10.045,66.964,10.045,0,transient_bin_jump_gating,u16_id_range_primary,136,"[0.013023404940031468,0.00835652237292379,-0.0006823487812653184,-0.008021535747684539,-0.00015516397543251513,0.004601512639783323,-0.009098797501064838,0.0030626231571659447,0.023354809335432946,-0.027682062634266914,-0.04995124454144388,0.07385383134242147,0.04523235892411322,-0.05867881739977747,-0.017215092130936683]","[-0.014298449953397114,-0.010508458813031514,-0.00817779799302419,-0.005852173765500386,-0.004080693920453389,-0.0022940744956334424,-0.003010701139767964,0.004245806733767192,0.01959433058897654,0.014558810989061992,0.010794554154078166,0.00923611621061961,-0.00043196578820546387,-0.0037406941254933667,-0.006034608681996663]"
2026-06-02T14:56:11.111,433.215,4832,0,45,0.000443,66.964,11.719,66.964,10.045,0,range_out_of_bounds_1.80m,u16_id_range_primary,136,"[0.006471867362658183,-0.012527446572979292,0.006035905952254931,0.03063040195653836,-0.02834576399375995,-0.05769298256685337,0.07702581925938527,0.05644568024824063,-0.057248544258375965,-0.02351841361572345,0.011569609555105368,-0.011930121419330439,0.03172084658096234,0.006489146190385024,-0.03512600467850765]","[-0.0055270167688528694,-0.00814150000611941,-0.00241800124446551,0.01330242579181989,0.007508846869071325,0.0021912035842736564,-0.0007863762478033699,-0.011232369641462962,-0.01500836859146754,-0.01754014107088248,-0.02115989016989867,-0.01402407983938853,0.00534567137559255,0.02378529210885366,0.043704303850730264]"
2026-06-02T14:56:12.533,434.637,4848,0,76,0.000329,63.616,11.719,66.964,10.045,0,range_out_of_bounds_3.04m,u16_id_range_primary,136,"[-0.07216410711407661,0.0842040590941906,0.06772072240710258,-0.06206109747290611,-0.029275206848978996,0.010170992463827133,-0.014659540727734566,0.03901510313153267,0.005028083920478821,-0.04961017146706581,-0.021674688905477524,0.024399738758802414,0.14966720715165138,0.03126073256134987,-0.16202182695269585]","[0.018712298820416133,0.013804042587677638,0.0006544905404249827,-0.0048557129999001825,-0.008783629288276036,-0.014227403451999028,-0.006699523081382116,0.01610392878452937,0.03612922305862109,0.056302660952011745,0.024603182325760524,-0.005419781555732092,-0.0326629934211572,-0.04787663196523984,-0.04578415130575498]"
2026-06-02T14:56:13.951,436.054,4864,0,141,0.001049,60.268,13.393,66.964,10.045,0,range_out_of_bounds_5.64m,u16_id_range_primary,136,"[-0.0011523015797138218,-0.029314544424414633,0.03750431872904301,-0.00680014155805111,-0.07726077400147915,-0.02395256273448467,0.03722698576748371,0.14387253262102603,0.0036346796900033947,-0.18225864730775357,-0.10767499767243863,0.01291065253317356,0.03678797520697117,0.07680748738348483,0.07966933734714984]","[-0.006892722658812999,0.0009232493117451671,0.02774729151278734,0.048986616916954516,0.06855717618018389,0.033109995909035204,0.0007406802847981456,-0.029407706670463087,-0.04660197775810957,-0.04441865961998701,-0.029155303351581098,-0.015740261040627958,-0.008995518647134304,-0.00248871985822916,0.0036358594894409183]"
2026-06-02T14:56:15.369,437.473,4880,0,141,0.001037,66.964,11.719,66.964,10.045,0,range_out_of_bounds_5.64m,u16_id_range_primary,136,"[-0.009977019081513086,0.05755165716012319,0.1484472987552484,-0.0005208613971869152,-0.17590188110868135,-0.0954940232137839,0.019625746955474217,0.043208726992209755,0.08873207246263821,0.09081169342001279,-0.029151103148857754,-0.10485201204816501,-0.04511060441533724,0.007978000988562902,0.004652307679255803]","[0.03983894853542248,0.007191100406150022,-0.023610225630303225,-0.04121514291812976,-0.038700497460862,-0.022644101393719515,-0.008679988545676073,-0.0018658104663093894,0.00461135363827149,0.010818321506182352,0.012921537520984808,0.013378168704609075,0.014515475618342558,0.016005344005922476,0.01743551647911469]"
2026-06-02T14:56:16.788,438.892,4896,0,141,0.000640,58.593,10.045,66.964,10.045,0,range_out_of_bounds_5.64m,u16_id_range_primary,136,"[-0.08561174099644026,0.014740307877461115,0.03952706332008044,0.10529774154225985,0.10374541307489077,-0.03603304450710614,-0.12748847429951032,-0.06166043033202489,0.008005012820164362,0.01249461347858111,0.023537051926056544,0.037539803485075636,0.013075840721527735,-0.019466838737328847,-0.02770231937368711]","[-0.03807599643866221,-0.021394820759693782,-0.013474890838066737,-0.008132779846588771,-0.0005921962360541026,0.0025788900752862294,0.004363549997409184,0.00632911001642545,0.008317923297484715,0.009851014365752538,0.010723753025134404,0.010821020354827245,0.010254452129205067,0.009575596203406651,0.008855374654134114]"
2026-06-02T14:56:18.407,440.511,4912,0,141,0.000816,77.009,10.045,66.964,10.045,0,range_out_of_bounds_5.64m,u16_id_range_primary,136,"[-0.02722285899023215,-0.14796149941782158,-0.07211354585985343,0.03191408303876718,0.048062471424539885,0.048442145561178526,0.054558818911512694,0.02591064361234506,-0.011976195747653644,-0.020930851126710573,-0.009812327350179355,0.0027047635366519284,0.008474891756971676,0.029047887523969015,0.040901573126514754]","[-0.0060586400950948405,-0.0029845901454488444,-0.00028312883029381515,0.0020636475955446553,0.0034986443196733785,0.0038678652917345357,0.003177360383172829,0.0016799911235769582,0.00013314069559176682,-0.0013341002787152934,0.0007187442233165097,0.0014081362014015508,0.00048215010513861893,-0.0015861683214704204,-0.004783052268127601]"
2026-06-02T14:56:19.826,441.930,4928,0,141,0.001374,77.009,10.045,66.964,10.045,0,range_out_of_bounds_5.64m,u16_id_range_primary,136,"[0.04508929538230101,0.012361610556642214,0.006559657181302706,-0.04566299704213937,-0.05601417062183221,-0.012250272308786711,0.014804659659663835,0.009455492968360582,0.024499144653479257,0.03492554488281409,0.00831157180170218,-0.02312928227086862,-0.028200661515196165,-0.01026806024213632,0.019518466914693514]","[0.02197511897732814,0.017269604218502838,0.011561202195783455,0.006365546335776647,0.0021123218660553294,0.002756163788338502,0.003049873126049836,0.001964222950239976,-0.00012829496214787194,-0.003490421610573928,-0.005427267091969649,-0.008261676567296188,-0.014447506206731003,-0.018907736676434677,-0.016391150342921417]"
2026-06-02T14:56:21.246,443.350,4944,0,141,0.011055,77.009,11.719,66.964,10.045,0,range_out_of_bounds_5.64m,u16_id_range_primary,136,"[-0.02974110742410024,0.02952671895424525,0.03547931189338366,0.03128805110851923,0.027453915278116862,-0.005799091358979543,-0.04218088736136755,-0.05660776694615682,-0.03709204768141111,0.021330443272988,0.03313006560007731,-0.031057012205322584,-0.026037757222851118,0.03794238443175951,0.012364779661099116]","[0.018008137742678326,0.015429163972536724,0.011866236726442974,0.007713163892428081,0.0019992242256800345,-0.0018164863189061471,-0.004380141695340473,-0.012127911051114399,-0.017583732803662617,-0.014782940347989399,-0.006745999058087666,-0.004396920402844746,-0.0012668420871098825,0.0020648787419001273,0.00602016846338908]"
2026-06-02T14:56:22.664,444.768,4960,0,141,0.018021,63.616,10.045,66.964,10.045,0,range_out_of_bounds_5.64m,u16_id_range_primary,136,"[-0.0023350638647874197,0.035356110675881305,-0.04155355061714848,-0.08856500800078114,0.04770506803567211,0.11113557104642192,0.016259087963650623,-0.07787947471564015,-0.015715175525595745,0.03586891178662578,0.016218937716136375,0.014747886701176563,-0.03343778963511189,-0.03865980471794804,0.02085429315144817]","[0.015693914890289304,0.01405156850814819,0.00354577302932739,-0.00568579435348511,-0.016603934764862063,-0.006115901470184329,-0.0011350989341735868,0.0023381829261779757,0.004165065288543698,-0.007907915115356448,-0.004107880592346194,-0.00029973983764648715,0.0025994896888732882,0.001139652729034421,-0.0016773819923400907]"
2026-06-02T14:56:24.085,446.189,4976,0,141,0.004792,66.964,8.370,66.964,10.045,0,range_out_of_bounds_5.64m,u16_id_range_primary,136,"[0.10596137816707293,0.01497663880387942,-0.11177986537416776,-0.03770752673347791,0.05632209728161494,0.049026738355557126,0.025274421523014706,-0.0794194978972276,-0.08267599021395047,0.01863809997836749,0.1041911947230498,0.011102612564961116,-0.10569192146261533,-0.025907110919555026,0.05768873120347659]","[-0.04446432789166768,-0.02934467097123464,-0.017279021938641868,-0.008276798327763877,-0.021586217482884727,-0.009345837434132895,0.0014577726523081445,0.009500137964884438,0.009568027655283608,0.005297533671061196,0.01689466039339701,0.02334564129511515,0.026956371466318765,0.015162340799967446,0.022114388147989907]"
2026-06-02T14:56:25.502,447.606,4992,0,141,0.002043,66.964,8.370,66.964,10.045,0,range_out_of_bounds_5.64m,u16_id_range_primary,136,"[0.05119762420654297,0.027660681307315825,-0.0772099956870079,-0.08117532134056091,0.020295678079128264,0.10657504051923752,0.013981452584266663,-0.10379463583230972,-0.02446197122335434,0.05995108410716057,0.05978758111596107,-0.056490616500377656,-0.08939322978258132,0.004458008706569672,0.08861861974000931]","[-0.023860408862431844,-0.014213486512502035,-0.007196559508641561,-0.007958709200223287,-0.01313346525033315,-0.002255736788113912,0.003565878669420878,0.006590337554613749,-0.005715786417325338,0.000944406787554423,0.011840821305910746,0.021079228321711222,0.024266750613848368,0.00170900026957194,0.004337729016939799]"
2026-06-02T14:56:26.921,449.025,5008,0,141,0.001394,66.964,8.370,66.964,10.045,0,range_out_of_bounds_5.64m,u16_id_range_primary,136,"[0.11419509847958882,0.011445400615533192,-0.11912761131922404,-0.031507628659407295,0.06246261795361837,0.06310164680083592,-0.06631605575482051,-0.10305300603310268,0.0014156599839528399,0.09425376852353413,0.08244520922501881,-0.10373276720444362,-0.11683664719263713,0.01886734863122304,0.0923869659503301]","[-0.007775449256102244,-0.0016471380988756813,0.0013881390293439232,-0.012629830340544382,-0.005585932234923045,0.006129569311936697,0.015963694949944814,0.019244304796059927,-0.0057687545816103615,-0.0027523125211397804,0.0030125742157300316,0.0025737946232159935,0.0032500689228375755,-0.010464199880758921,-0.004938528935114542]"
2026-06-02T14:56:28.344,450.448,5024,0,141,0.001406,58.593,11.719,66.964,10.045,0,range_out_of_bounds_5.64m,u16_id_range_primary,136,"[0.07139325638612111,-0.07012508312861125,-0.11009824524323146,0.004293804367383321,0.10529059668382008,0.09183637549479802,-0.11090607444445293,-0.12537343303362528,0.022753340502580006,0.10444152851899464,0.029558812578519184,-0.08988403032223384,-0.05458249772588412,0.03957010184725126,0.09183154751857121]","[0.004446877539157868,0.014947636425495148,0.01835810989141464,-0.009036006033420562,-0.005770386755466461,0.0005265310406684879,0.0001573845744132999,0.0006310105323791507,-0.01432773619890213,-0.008245812356472015,-0.0024948433041572567,0.0026998504996299747,-0.012312443554401397,-0.0005106791853904721,0.010930506885051728]"
2026-06-02T14:56:29.764,451.868,5040,0,141,0.001346,58.593,11.719,66.964,10.045,0,range_out_of_bounds_5.64m,u16_id_range_primary,136,"[0.09613239765167236,-0.11490561068058014,-0.1317991465330124,0.023044079542160034,0.11069756746292114,0.03148612380027771,-0.09473332017660141,-0.05612751841545105,0.04274574667215347,0.0946560949087143,-0.06883542984724045,-0.11956669390201569,0.04123564809560776,0.12254495918750763,0.02342510223388672]","[0.005053543361524741,0.004832156809667747,0.0051641546810666725,-0.010423592415948708,-0.004156193820138772,0.001564302357534568,0.006531097802023093,-0.009365773883958657,0.002736606510976951,0.014488310428957145,0.0158407603080074,0.008747354956964652,-0.02011383802940448,-0.01330848050614198,-0.007590408561130364]"
2026-06-02T14:56:31.386,453.490,5056,0,141,0.000645,58.593,11.719,66.964,10.045,0,range_out_of_bounds_5.64m,u16_id_range_primary,136,"[0.03528287832935651,-0.09654994482795397,-0.055257653693358104,0.04720956658323606,0.09793177073200544,-0.07052409822742144,-0.12026890541116396,0.04606564169128736,0.1283864808579286,0.02512036090095838,-0.14861317152778308,-0.08579942757884661,0.06833089714248976,0.138344390441974,-0.009658785412708919]","[0.005488051644836863,0.010294957629715402,-0.006107510455573599,0.006428650192295511,0.01860741393951078,0.02002210224357744,0.012669461391245324,-0.016878581993902724,-0.009832268037522834,-0.003916653261209528,-0.0012497021040568752,-0.010570672728742164,-0.01959677265646557,-0.0068504234465459985,0.0014919476428379612]"
2026-06-02T14:56:32.806,454.909,5072,0,15,0.000402,58.593,11.719,58.593,11.719,1,filter_lockout_recovery_reset,u16_id_range_primary,136,"[-0.05335731407006582,-0.10235958149035772,0.06520419965187708,0.14741265426079433,0.04308162281910578,-0.13128063430388767,-0.06786802758773168,0.08694572399059931,0.15703066835800808,0.008558791379133861,-0.13889962782462437,-0.05924080659945806,0.26280891547600427,0.1084417516986529,-0.3264783357580503]","[0.03809497042869528,0.03067783921336134,0.0010316493300100166,0.008129278228928645,0.014083979682375987,0.016767668568839628,0.007432046377410491,-0.0016197664352754753,0.011171699998279412,0.019559255832185346,-0.004912088594088952,-0.04817091763640444,-0.015200254476318757,-0.03603048340107004,-0.0410148771169285]"
2026-06-02T14:56:34.224,456.327,5088,0,15,0.000581,63.616,11.719,58.593,11.719,0,transient_bin_jump_gating,u16_id_range_primary,136,"[-0.14110528379678727,-0.07475057691335678,0.088932204246521,0.16381467431783675,0.006116624176502227,-0.15046082884073259,-0.065628682076931,0.27497691959142684,0.11265851110219956,-0.34782027155160905,0.004222284257411956,0.2874511584639549,-0.027734924852848054,-0.15249693840742112,0.02182513028383255]","[0.01625255212808649,0.00644516476119558,-0.0029461896357436974,0.010787858131031195,0.019776278144369525,-0.005883940526594718,-0.05192199259375532,-0.017180322700490552,-0.039297058278073865,-0.04451809733485182,-0.032221852832784253,-0.0017757406768699486,0.026843757337580126,0.0705946394863228,0.04504494459057848]"
2026-06-02T14:56:35.645,457.749,5104,0,22,0.000615,63.616,11.719,58.593,11.719,0,transient_bin_jump_gating,u16_id_range_primary,136,"[-0.15338923484086991,-0.06812295764684677,0.2759990498423576,0.11042274087667465,-0.3542078033089638,0.0028177604079246514,0.2883637949824333,-0.031172697246074677,-0.15397303253412248,0.022165651619434356,0.09681810736656189,0.12574455440044402,-0.010422159731388093,-0.07450019270181656,-0.07654358148574829]","[-0.00900758703549703,-0.05513411288460096,-0.019952657570441564,-0.04192219947775205,-0.04696654056509336,-0.034073072423537576,-0.004016864051421484,0.023876589785019556,0.06751228595773379,0.0414749505619208,0.036182773361603415,0.003946316490570704,-0.0017622587581475578,0.01891667867700259,0.02092569793264071]"
2026-06-02T14:56:37.069,459.173,5120,0,25,0.001289,63.616,10.045,58.593,11.719,0,transient_bin_jump_gating,u16_id_range_primary,136,"[-0.02113133619228999,0.29213351060946785,-0.05740655908981959,-0.19634714672962825,0.006319851179917653,0.09032322516043981,0.11156289329131444,-0.030123963455359143,-0.10966921548048655,-0.11278732816378276,-0.07599137673775355,0.10832367887099584,0.0914763813217481,-0.012867271403471629,-0.08381534318129222]","[-0.08206725766261419,-0.04667929460604986,-0.014529204865296682,0.03343125532070795,0.007145606974760691,-0.0007611875732739769,-0.034164703389008844,-0.04092501749595007,-0.02019756187995275,-0.018661982317765554,0.009214826921621958,0.03232009063164393,0.0665020282069842,0.06249360839525858,0.04687879333893458]"
2026-06-02T14:56:38.492,460.595,5136,0,18,0.001544,60.268,11.719,58.593,11.719,0,transient_bin_jump_gating,u16_id_range_primary,136,"[0.09693023810784022,0.11970265458027522,-0.021539149185021717,-0.10149609794219334,-0.10471383978923161,-0.06723129500945409,0.11558567235867183,0.09848010043303172,-0.004949582119782766,-0.07599630703528722,0.019439707199732464,0.07469843576351802,-0.04518187542756399,-0.1828367536266645,0.07910809169212978]","[0.007707273960113524,-0.025535309314727785,-0.032182493805885316,-0.011697942018508913,-0.010225751996040346,0.017394280433654784,0.0402146115899086,0.07425806522369385,0.06989663690328599,0.05419463515281677,0.021004801988601683,0.011961764097213744,-0.04701136946678162,-0.076021009683609,-0.09395819306373596]"
2026-06-02T14:56:39.913,462.017,5152,0,10,0.044263,70.312,16.741,58.593,11.719,0,transient_bin_jump_gating,u16_id_range_primary,136,"[-0.6507877796888352,-0.07465509474277496,0.110952427983284,0.10686804950237275,0.382188668847084,0.22170469760894776,-0.13710091412067413,-0.0634778156876564,-0.025634230673313142,0.08386702314019204,0.08957105726003647,-0.021534936130046846,0.05116664096713066,0.20671018064022065,-0.27983797490596773]","[-0.0797401137650013,-0.11111236289143563,-0.1543747253715992,-0.14855737164616584,-0.1122912235558033,-0.08221787884831429,-0.03155581206083298,-0.045882932096719745,-0.056117094308137896,-0.06063196733593941,-0.05133292749524117,-0.025015003234148025,0.13108693882822992,0.36648955270648004,0.46125292107462884]"
2026-06-02T14:56:41.335,463.439,5168,0,10,0.045081,65.290,11.719,58.593,11.719,0,transient_bin_jump_gating,u16_id_range_primary,136,"[0.1039442407588164,-0.20141132300098738,-0.07565562551220258,-0.010863901426394781,0.0970112072924773,0.06444495047132175,-0.08353769903381665,-0.009819110234578451,0.1434506612519423,-0.3391074997683366,-0.3264906865855058,0.6185063856343428,0.42729316527644795,-0.12378625695904096,-0.2839785081644853]","[-0.3017710208892822,-0.24433738589286805,-0.2552794873714447,-0.2617476642131805,-0.26224601864814756,-0.2510135233402252,-0.22027183175086976,-0.058555728197097784,0.1818099558353424,0.27974730134010317,0.3775755107402802,0.3370352923870087,0.27013313174247744,0.23253201842308044,0.1763894498348236]"
2026-06-02T14:56:42.766,464.870,5184,0,16,0.077399,63.616,15.067,58.593,11.719,0,transient_bin_jump_gating,u16_id_range_primary,136,"[1.1011509935061137,-0.008927222092946371,-1.5074965914090475,-0.04088818629582723,1.072946314016978,-0.017057653268178305,-0.7105112036069234,-0.3694184978802999,0.3658696452776591,0.4889408985773722,-0.2312560041745504,-0.7576801737149557,-0.3343087395032247,0.43472564617792764,0.5139107743899027]","[0.43968175649642943,0.4934303641319275,0.41872369050979613,0.30029093027114867,0.16907464265823363,0.08580456972122191,-0.09958053827285768,-0.32836068868637086,-0.47989089488983155,-0.47841347455978395,-0.3388888955116272,-0.21837009191513063,-0.10308946371078492,0.011844265460968006,0.12774382829666137]"
2026-06-02T14:56:44.175,466.278,5200,0,16,0.065470,61.942,18.415,58.593,11.719,0,transient_bin_jump_gating,u16_id_range_primary,136,"[-0.30843621293703716,-0.24270814458529155,0.11213699181874592,0.48933011492093403,0.5154113789399465,-0.23237934509913127,-0.8329135457674662,-0.3291890303293864,0.5973358472188314,0.7282925566037496,0.10561672051747639,-0.23047452966372173,-0.3602295796076457,-0.277700004975001,0.26590678294499714]","[-0.0712457557519277,-0.16944643457730613,-0.328972723086675,-0.43621846636136374,-0.41388466556866965,-0.2741968293984731,-0.17140337427457175,-0.08762129743893941,-0.005342092116673788,0.08101788560549418,0.2248505691687266,0.3706407884756724,0.46051446000734964,0.43951151172320047,0.3817964235941569]"
2026-06-02T14:56:45.594,467.698,5216,0,12,0.137920,63.616,8.370,58.593,11.719,0,transient_bin_jump_gating,u16_id_range_primary,136,"[-0.700450615088145,-0.4539570967356364,0.10010151465733846,0.6860254247983296,0.7289377888043721,0.020645900567372637,-0.44087125460306803,-0.459127144018809,-0.20613218943277994,0.35526768763860067,0.6405401070912679,0.12140278418858846,-0.19902764360109965,-0.1941006193558375,0.0007453550895055103]","[-0.5228751619656881,-0.31848511298497517,-0.15778765281041462,-0.022057863076527906,0.09504881302515666,0.24221578041712444,0.3738287965456645,0.44093194405237834,0.39158263603846233,0.3077730218569438,0.16805609862009685,0.023024467627207446,-0.13274315198262532,-0.3452269752820333,-0.5432856400807698]"
2026-06-02T14:56:47.214,469.318,5232,0,12,0.107582,71.986,11.719,71.986,11.719,1,filter_lockout_recovery_reset,u16_id_range_primary,136,"[0.08327381610870362,-0.4593137621879578,-0.4771173119544983,-0.20244009494781495,0.3522665977478027,0.6535377383232117,0.17326788902282714,-0.1260275661945343,-0.14526049494743348,0.01956935524940491,0.25336318016052245,0.31105108857154845,-0.31017930507659913,-0.3991928219795227,0.2732016921043396]","[0.32822430729866026,0.44222009778022764,0.4974664509296417,0.4393289744853973,0.35166836380958555,0.2051788628101349,0.0547969400882721,-0.10588764548301696,-0.32194780707359316,-0.5224620044231415,-0.5772815883159638,-0.4686173737049103,-0.3000094532966614,-0.06853892803192138,0.045860803127288824]"
2026-06-02T14:56:48.637,470.741,5248,0,19,0.113530,63.616,15.067,71.986,11.719,0,transient_bin_jump_gating,u16_id_range_primary,136,"[0.5975379039843877,0.1297097792228063,-0.1578566441933314,-0.17726351420084635,-0.011940107742945356,0.21927915414174398,0.2721028318007787,-0.3457223186890284,-0.4335686872402827,0.2329579879840215,0.3216406097014745,0.47051641245683035,0.5188541700442632,-0.8532414148251216,-0.7830061624447505]","[0.3617961416641871,0.21280652383963267,0.053022206823031104,-0.16267126699288686,-0.36185014148553213,-0.41671827336152395,-0.30867996712525686,-0.14104258914788564,0.09079867700735728,0.20408731798330942,0.1763500134150187,0.2538889656464259,0.23200139502684275,0.030918420354525248,-0.22470742364724478]"
2026-06-02T14:56:50.053,472.157,5264,0,19,0.104591,53.571,15.067,71.986,11.719,0,transient_bin_jump_gating,u16_id_range_primary,136,"[0.14423900345961252,0.1947882870833079,-0.4171615292628606,-0.5015986313422521,0.15847441057364145,0.23874464134375253,0.39649250606695813,0.4526512275139491,-0.9280548443396887,-0.7685354103644689,0.9095037827889124,0.11864938835302988,-1.0360958327849705,0.13455417255560556,0.9033488283554713]","[-0.39679913719495136,-0.2890518506368001,-0.12175877888997395,0.11127243439356486,0.2245666186014811,0.19639950493971506,0.273912380139033,0.2519801954428355,0.051982263724009194,-0.045807321866353355,-0.033300538857777916,-0.06140371163686117,-0.050594945748647056,-0.0939668317635854,-0.017430280645688377]"
2026-06-02T14:56:51.474,473.578,5280,0,11,0.122771,53.571,15.067,71.986,11.719,0,transient_bin_jump_gating,u16_id_range_primary,136,"[0.36739089886347454,0.62119087378184,0.585724679629008,-0.9367311318715413,-0.9166051467259725,0.742694882551829,0.6002938429514567,-0.7679390033086141,-0.5632202943166097,0.3021446744600932,0.9244174639383952,0.26493081251780193,-0.8781126459439595,-0.7037500460942586,0.3575701395670573]","[0.056526492039362594,0.1487465004126231,0.1520710090796153,-0.018675973018010453,-0.2390466233094533,-0.3324173291524251,-0.35601555307706195,-0.27034031351407367,-0.2972874542077382,-0.27361475427945453,-0.08896957834561665,0.15455592672030133,0.3636127809683482,0.4654506544272105,0.535404215256373]"
2026-06-02T14:56:52.895,474.999,5296,0,16,0.134093,51.897,13.393,71.986,11.719,0,transient_bin_jump_gating,u16_id_range_primary,136,"[0.7013564395407835,0.4833945917586486,-0.7947750998040041,-0.5579121423264345,0.3075859236220519,0.43317875141898793,0.1170699285964171,-0.1318411541481813,-0.26760682587822276,-0.09269253288706145,0.08911765987674394,-0.07345697035392126,0.04991885150472323,-0.034240261962016426,-0.22909715895851454]","[-0.4164250115553538,-0.4486580113569895,-0.37163179318110146,-0.25061406890551247,-0.10629119674364726,0.08881006439526876,0.27408573826154076,0.3964869757493337,0.3894447465737661,0.36073730190594994,0.19778112371762593,0.054579832156499225,-0.0317923645178477,-0.08196874658266703,-0.05454458991686503]"
2026-06-02T14:56:54.317,476.421,5312,0,18,0.120429,51.897,13.393,71.986,11.719,0,transient_bin_jump_gating,u16_id_range_primary,136,"[0.4732286311686039,0.12803345695137977,-0.14144379124045373,-0.22823985144495965,-0.1020909495651722,0.038145077973604204,0.03724324107170105,0.1432413436472416,-0.11517909392714501,-0.2999930404126644,-0.08532920703291894,0.07858815565705299,0.31140592470765116,0.27084764614701273,-0.5084575437009334]","[-0.03851662278175354,0.14850630164146422,0.2740377962589264,0.29211278557777404,0.24579267501831054,0.071463543176651,-0.0814420998096466,-0.17037217020988465,-0.22447447180747987,-0.1970754086971283,-0.18712050914764405,-0.1888674318790436,-0.0610057532787323,0.04202525615692139,0.07493610978126526]"
2026-06-02T14:56:55.734,477.838,5328,0,14,0.084943,56.919,13.393,71.986,11.719,0,transient_bin_jump_gating,u16_id_range_primary,136,"[0.04749774398903052,0.0045063945154349,0.1205990112076203,-0.08730286893745264,-0.2707071506728729,-0.09844591257472833,0.0620311892280976,0.2167283690224091,0.1679583883533875,0.02821717622379462,-0.16972674963374934,-0.33318441150089106,-0.3554454350223144,-0.05023418900867303,0.717508444810907]","[0.23673402865727744,0.08658122618993123,-0.0032060782114664704,-0.05595195690790812,-0.028559688727060953,-0.0199187437693278,-0.021958831946055093,-0.056571308771769205,-0.08373797337214152,-0.06949569682280222,0.006109561522801718,0.09389394124348958,0.06112558742364248,-0.05011716882387797,-0.09492689768473307]"
2026-06-02T14:56:57.154,479.257,5344,0,21,0.056890,50.223,8.370,71.986,11.719,0,transient_bin_jump_gating,u16_id_range_primary,136,"[-0.07637653946876526,0.10238708853721619,0.3013367533683777,0.23978911638259887,0.054526287317276004,-0.15427423715591432,-0.29218087792396547,-0.3021251380443573,0.012473601102828979,0.7487738311290741,0.6422522246837616,-0.40070841908454896,-0.6956879317760467,-0.4467571794986725,0.2665714204311371]","[-0.04838250875473023,-0.05659865140914917,-0.09694420099258423,-0.12624441385269164,-0.11541162729263306,-0.044811356067657473,0.033284437656402585,-0.003189194202423095,-0.11528645753860474,-0.16161287128925322,-0.13109031617641448,0.04449188411235809,0.2228385478258133,0.26541675329208375,0.33353997468948365]"
2026-06-02T14:56:58.573,480.676,5360,0,21,0.047520,55.245,10.045,71.986,11.719,0,transient_bin_jump_gating,u16_id_range_primary,136,"[-0.15145921210447946,-0.3098088453213374,-0.3231985817352931,-0.0063922951618830375,0.7565637876590093,0.6599432875712713,-0.5061565587917963,-0.8258982847134272,0.07877904673417409,0.5043441106875738,0.11887236436208089,-0.3456311176220576,0.2845953156550725,0.5332496215899786,-0.46780263880888623]","[-0.0004005561272303268,0.08160658379395802,0.045190112789471944,-0.0685996840397517,-0.11581511596838634,-0.08632100919882457,-0.06923010746637981,-0.023260218898455302,-0.00015713075796763148,0.12341992755730946,0.119795756538709,0.04688723584016164,0.045026647051175435,-0.004319323102633159,-0.09382311801115673]"
2026-06-02T14:56:59.992,482.095,5376,0,21,0.042423,51.897,11.719,71.986,11.719,0,transient_bin_jump_gating,u16_id_range_primary,136,"[0.6810256858666738,-0.47584187785784404,-0.7898338417212168,0.11234057148297627,0.5306995530923208,0.14551320870717366,-0.3167456070582072,0.3196836431821187,0.5649892111619313,-0.4447408894697825,-0.5105075816313426,0.5032561739285787,0.4078465720017751,-0.4157147983709971,-0.31197002331415813]","[-0.07717717885971069,-0.06078061163425445,-0.014104542136192319,0.009384158253669742,0.13358679711818694,0.12949469983577727,0.05594650208950043,0.05445009768009186,0.005733165144920352,-0.08421885669231415,-0.17077451646327974,-0.14009266793727876,-0.041620072722434995,0.0701583057641983,0.13001472055912017]"
2026-06-02T14:57:01.625,483.729,5392,0,21,0.061245,73.660,8.370,72.844,10.004,1,ok,u16_id_range_primary,136,"[0.09774195452531179,-0.36164648036162056,0.18214904566605886,0.417886816461881,0.048738621671994525,-0.3248237440983454,-0.29553378323713936,-0.11508221129576365,-0.06790087322394053,0.06799133916695912,0.4717470039923986,0.46437694927056633,-0.2823285231987635,-0.2368922899166743,-0.06642382542292277]","[0.05818980932235718,-0.016413390636444092,-0.17848670482635498,-0.35796263813972473,-0.46589770913124084,-0.49660661816596985,-0.3684699833393097,-0.15957382321357727,0.05206295847892761,0.18888136744499207,0.3364419639110565,0.34197136759757996,0.33242639899253845,0.36002394556999207,0.3734130561351776]"
2026-06-02T14:57:03.040,485.144,5408,0,21,0.050035,65.290,8.370,70.125,9.416,1,ok,u16_id_range_primary,136,"[-0.30267202307780583,-0.2955009882648786,-0.09335961391528447,-0.02229251911242803,0.08360928843418758,0.46895364473263423,0.4838165397445361,-0.2494523172577222,-0.2140662317474683,-0.05858703156312307,-0.4547780399521192,-0.1673927550514539,0.7541479224960009,0.45430392573277156,-0.3867298011978467]","[-0.6012177338202794,-0.4748074879248937,-0.26653622289498646,-0.05570171972115835,0.07986880640188852,0.2249610553185145,0.22847939829031627,0.21866000990072887,0.2501177916924159,0.26399005750815074,0.2072717974583308,0.11921968857447306,0.05811483959356943,-0.050199197729428616,-0.2022210826476415]"
2026-06-02T14:57:04.466,486.570,5424,0,18,0.050665,51.897,8.370,70.125,9.416,0,transient_bin_jump_gating,u16_id_range_primary,136,"[0.4320487603545189,0.46401097625494003,-0.25668255239725113,-0.22728867083787918,-0.08202041685581207,-0.478944756090641,-0.2763046398758888,0.6393142566084862,0.9787941798567772,-0.17248407751321793,-0.8940287604928017,-0.21071753650903702,0.3922874554991722,-0.07697916775941849,-0.23100505024194717]","[0.23983174363772075,0.2425256351629893,0.2328569273153941,0.2668840269247691,0.2812286595503489,0.2252701501051585,-0.024445386727650967,-0.21718448599179585,-0.3453400452931722,-0.4385906179745992,-0.470612229903539,-0.3679758926232656,-0.13702506025632222,0.11622863809267679,0.39634793798128765]"
2026-06-02T14:57:05.887,487.990,5440,0,18,0.087485,51.897,8.370,70.125,9.416,0,transient_bin_jump_gating,u16_id_range_primary,136,"[-0.444368972380956,-0.19035275181134542,0.7157056788603465,0.3913262943426768,-0.4722652276357015,-0.20010587473710378,0.2580896178881327,-0.003039254744847616,-0.5510301729043324,-0.3445091386636098,0.2773942212263743,0.3143243650595347,0.19158190588156382,0.15762926737467448,-0.1003799577554067]","[0.1357340673605601,0.056359783808390296,0.0026171664396921757,-0.09874759515126547,-0.2437890609105428,-0.37138660152753195,-0.36990474065144857,-0.2316309948762258,-0.05018384655316671,0.18180476228396097,0.340241269270579,0.3618557314078013,0.2877536873022715,0.09241817990938822,-0.09314180811246237]"
2026-06-02T14:57:07.305,489.409,5456,0,18,0.095371,65.290,8.370,70.125,9.416,0,transient_bin_jump_gating,u16_id_range_primary,136,"[-0.1631537159283956,0.3114876369635264,0.06632219950358073,-0.5110986908276876,-0.3161400636037191,0.3334105531374613,0.38685088555018105,0.23794912497202556,0.18811058203379313,-0.050711878140767414,-0.24931541879971822,-0.42428068121274315,0.01687621275583903,0.4493809858957926,-0.27568773229916893]","[-0.23804231882095336,-0.23620937168598174,-0.09732441008090972,0.0842362254858017,0.3145697325468063,0.4721037358045578,0.4941645473241806,0.4203773349523544,0.2243485063314438,0.03606029450893402,-0.18674949705600738,-0.37289086878299715,-0.3771176725625992,-0.2773676306009293,-0.2601586073637009]"
2026-06-02T14:57:08.738,490.842,5472,0,18,0.095263,65.290,8.370,68.720,9.112,1,ok,u16_id_range_primary,136,"[0.29265317916870115,0.33825225234031675,0.2157177984714508,0.1810542106628418,-0.07191636562347412,-0.277774715423584,-0.45562916398048403,-0.008072996139526367,0.43051294088363645,-0.29087629318237307,-0.21920579075813293,0.8331887483596802,0.34977701902389524,-0.8158993363380432,-0.5017814874649048]","[0.45601090689500173,0.4783476879199346,0.40444388886292776,0.20820978184541067,0.021768717964490255,-0.2010651538769404,-0.38751658896605173,-0.39286145667235056,-0.2954248497883479,-0.2735557566086451,-0.19062198797861735,-0.037157715360323584,0.07386934657891592,0.11912798782189687,0.016425191362698873]"
2026-06-02T14:57:10.154,492.258,5488,0,18,0.069583,51.897,21.763,68.720,9.112,0,br_jump_8.37_to_21.76,u16_id_range_primary,136,"[-0.3294404479364554,-0.21021661485234897,0.11147465979059537,0.3036496308942636,-0.2061802479128043,-0.15035367334882418,0.5828784969945748,0.3427017000814279,-0.5905759068826835,-0.4126809569696585,0.3636053470273813,-0.03573588977257411,-0.2787188025812308,0.4749019411702951,0.03469076429804166]","[-0.37504959901173907,-0.5236533959706624,-0.48898721536000567,-0.3538114806016286,-0.24989683230717977,-0.15066582759221395,0.0007493416468302427,0.11274038950602214,0.17275243202845256,0.2544978777567546,0.34068464438120527,0.3449413398901622,0.37047498623530073,0.37210499445597334,0.17311834494272868]"
2026-06-02T14:57:11.573,493.677,5504,0,18,0.098276,56.919,8.370,65.721,8.924,1,ok,u16_id_range_primary,136,"[-0.08086660355329514,0.8489740803837776,0.16720190793275833,-0.8693535611033439,-0.22197750061750413,0.5807922795414925,-0.07800977528095246,-0.29190113991498945,0.5149492934346199,-0.029917626082897185,-0.4461157903075218,0.5470405533909798,0.5514365151524544,-0.5776858016848564,-0.6145668312907219]","[-0.21804839571317036,-0.02677184542020162,0.1118796447912852,0.19056552449862163,0.28306180040041606,0.3603544811407725,0.35433372656504314,0.37273552815119426,0.38107844988505046,0.16982388297716777,-0.08281970222791035,-0.32486820419629414,-0.4864082952340444,-0.5672069211800893,-0.5177096744378408]"
2026-06-02T14:57:12.988,495.092,5520,0,18,0.081678,56.919,21.763,65.721,8.924,0,br_jump_8.37_to_21.76,u16_id_range_primary,136,"[0.4975102032224337,-0.16038301487763723,-0.3761487220724424,0.42976380238930384,-0.11386691679557165,-0.5266499136885007,0.4690472568074862,0.5643675411740939,-0.5679247294863065,-1.2413219129045805,-0.10458015551169714,0.9246333921949069,0.2921080077687899,-0.16883584012587866,0.08228100190560023]","[0.3392789165178935,0.33304325739542645,0.3521224061648051,0.3602185646692912,0.1488539973894755,-0.104656716187795,-0.3453057010968526,-0.34563790758450824,-0.29658113916714984,-0.22879489262898764,-0.1372824509938558,-0.052461226781209305,-0.06433077653249104,0.0012501875559488944,0.040283481280008956]"
2026-06-02T14:57:14.407,496.511,5536,0,13,0.073463,56.919,13.393,65.721,8.924,0,transient_bin_jump_gating,u16_id_range_primary,136,"[-0.45854578713576,0.5297815372546514,0.6251859237750371,-0.5035630891720454,-1.1757713387409845,-0.03844128350416819,0.9862311651309331,0.3528996576865514,-0.1042981872955958,0.15051986475785573,-0.3344504068295161,-0.6184537837902705,-0.02088157633940379,0.48333536287148793,0.1264519413312276]","[-0.0217769205570221,-0.262354439496994,-0.262781685590744,-0.21476558446884156,-0.14674366116523743,-0.05494142174720765,0.03017317652702331,0.018422120809555048,0.08348988890647888,0.12281071543693542,0.1956458032131195,0.18049847483634948,0.19096469283103942,0.14498602747917175,-0.003627187013626104]"
2026-06-02T14:57:15.828,497.932,5552,0,9,0.076600,50.223,21.763,65.721,8.924,0,transient_bin_jump_gating,u16_id_range_primary,136,"[-0.494785242403547,0.7342793413748344,0.3873357543100913,-0.031144790972272553,0.31655690756936866,-0.08596771272520223,-0.4759313395867745,-0.027753405893842377,0.4315084883322318,0.08766097513337931,0.026946031798919044,0.6010313698401054,-0.08640091928342977,-1.0765401652703683,-0.3067952922234933]","[-0.14754198988278708,-0.13430561621983847,-0.1899943252404531,-0.14365380009015402,-0.10506140192349753,-0.01817851265271505,-0.009480645259221397,0.03090150157610575,0.01043326656023661,-0.11546151836713156,-0.1264232893784841,0.036123583714167275,0.26181251804033917,0.3499067525068919,0.30092347661654156]"
2026-06-02T14:57:17.262,499.365,5568,0,9,0.129976,65.290,10.045,65.721,8.924,0,transient_bin_jump_gating,u16_id_range_primary,136,"[0.5337996284166971,-0.8395257790883383,-1.679620881875356,0.1740937034289042,1.9453882972399394,1.2015315095583599,-0.40566398700078327,-0.8154719074567159,-0.8998599251111349,-0.31402220328648883,1.0907631913820903,0.8501684466997782,-0.6778910358746847,-0.52536012729009,0.3616710702578227]","[0.024373653531074513,0.34981811344623565,0.5081120759248734,0.47100538313388823,0.3430878549814224,0.16306793987751006,0.019471052289009083,-0.09548353850841523,-0.37126815021038057,-0.5668491095304489,-0.5388938158750534,-0.38879334628582,-0.15296575129032136,0.07074551582336425,0.16457212269306182]"
2026-06-02T14:57:18.881,500.984,5584,0,9,0.078061,50.223,10.045,65.721,8.924,0,transient_bin_jump_gating,u16_id_range_primary,136,"[0.25242856442928313,0.4983420103788376,-0.30978563129901887,-1.3824457198381424,-0.6445751458406448,0.9639208048582077,0.8909052938222886,-0.2530070811510086,-0.5201891928911209,-0.20601133704185487,-0.7471966415643692,-0.7889136344194412,0.611791941523552,1.3652256458997727,0.26951012313365935]","[-0.3221157153447469,-0.12039309342702229,0.12851053873697918,0.21092015902201336,0.14189079801241558,-0.00461263557275135,-0.18390929301579792,-0.36055084665616355,-0.28612617750962577,-0.05532371600468952,0.1717531720797221,0.24237054983774822,0.1961875597635905,0.1387597958246867,0.10263890425364178]"
2026-06-02T14:57:20.296,502.400,5600,0,9,0.064640,50.223,10.045,62.107,9.185,1,ok,u16_id_range_primary,136,"[0.8401407800614834,0.8642299972474575,-0.20223228111863137,-0.5796337522566318,-0.22424148991703988,-0.6078772343695164,-0.6633291639387607,0.8068617187440396,1.2838036619126796,-0.3108904756605625,-0.8131012119352817,-0.20688689723610879,0.0654159240424633,0.002323330938816072,-0.2545829065144062]","[-0.2327951471010844,-0.4139477292696635,-0.5607725660006205,-0.4423922578493754,-0.1572174112002055,0.12680861552556355,0.27634909947713215,0.4720529039700826,0.5412343462308248,0.5232637842496236,0.3669210394223531,0.10899886687596638,-0.09032240311304729,-0.21793785492579143,-0.3002432862917582]"
2026-06-02T14:57:21.712,503.816,5616,0,9,0.067492,61.942,13.393,62.070,10.114,1,ok,u16_id_range_primary,136,"[-0.509914368391037,-0.6396366059780121,0.6544646322727203,1.4021371901035309,0.32120075821876526,-0.9229283034801483,-0.9859022796154022,-0.014380186796188354,0.5880977213382721,0.09357140958309174,-0.1257639080286026,0.136635422706604,0.06194750964641571,-0.0003656446933746338,-0.05916334688663483]","[0.1434019645055135,0.2567425807317098,0.2509214719136556,0.22985218365987142,0.22463796933492025,0.1439874013264974,-0.011658207575480143,-0.10235644976298014,-0.13718010584513346,-0.15159513155619303,-0.09210588137308756,-0.1108653704325358,-0.12222208182017008,-0.2005504528681437,-0.321009890238444]"
2026-06-02T14:57:23.127,505.231,5632,0,9,0.089924,50.223,8.370,59.546,9.742,1,ok,u16_id_range_primary,136,"[-0.8590972200036049,-0.8921136036515236,0.09981133788824081,0.6993888840079308,0.1801377758383751,-0.057022981345653534,0.20199032872915268,0.13106655329465866,0.07140759378671646,0.01819949597120285,0.0922900140285492,0.08294684439897537,-0.32909680157899857,0.01880457252264023,0.5412872061133385]","[0.4073016921679179,0.2460496703783671,0.15192273060480754,0.11386897961298625,0.09597089687983196,0.1513209621111552,0.12815001408259075,0.11336996952692668,0.031714228789011645,-0.0916365106900533,-0.13409826358159382,-0.19989213546117146,-0.2800747474034627,-0.35304340918858845,-0.38092407782872517]"
2026-06-02T14:57:24.557,506.661,5648,0,9,0.092840,50.223,8.370,57.605,9.457,1,ok,u16_id_range_primary,136,"[-0.14613802010814347,0.01702099268635114,-0.08509683633844058,-0.023346387098232904,0.04389056911071142,0.110555782665809,0.06220438306530317,-0.38996215934554734,-0.026491604993740717,0.48043701772888503,0.29124663000305495,-0.203627489755551,-0.5179857837657134,0.02792010431488355,0.35937280183037124]","[0.09412846068541209,0.10397288302580515,0.11485000054041544,0.05803632835547129,-0.042955725391705835,-0.06036063929398855,-0.11288329859574636,-0.18558642168839773,-0.24966213007767996,-0.2731518437465032,-0.1459855725367864,-0.028075187404950463,0.12279370526472727,0.2825293848911921,0.3223500559727351]"
2026-06-02T14:57:25.975,508.078,5664,0,9,0.107816,77.009,5.022,61.587,8.546,1,ok,u16_id_range_primary,136,"[0.13579807902375857,0.020946187029282252,-0.46130954002340635,-0.06682808970411619,0.4832227053741614,0.31350825453797976,-0.15960987185438474,-0.4694987413783868,0.05117289448777834,0.35562668467561404,0.015568294624487559,0.22655428672830263,0.19814498449365298,-0.1856852946182092,-0.45761083339651426]","[-0.27695441246032715,-0.3243454694747925,-0.39500701427459717,-0.4560614824295044,-0.4778987169265747,-0.34785759449005127,-0.22654449939727783,-0.0714951753616333,0.09237658977508545,0.1372741460800171,0.17381131649017334,0.23115622997283936,0.3594001531600952,0.6570495367050171,0.9250963926315308]"
2026-06-02T14:57:27.401,509.504,5680,0,12,0.143336,66.964,6.696,61.587,8.546,0,transient_bin_jump_gating,u16_id_range_primary,136,"[0.23321044345696768,-0.23579862813154856,-0.5204533944527309,0.004677890737851461,0.31491234799226125,-0.011205916355053584,0.18991261621316274,0.054614095886548364,-0.33935663203398386,0.02901973103483518,-0.27977418998877207,-0.5374134788910548,0.49634271760781606,0.774386524160703,-0.17307412723700205]","[-0.6975913405418396,-0.5762749075889587,-0.4207239508628845,-0.2572441458702087,-0.2106204390525818,-0.17241815328598023,-0.11391452550888062,-0.14196065664291382,0.024294817447662348,0.2734164834022522,0.4410767197608948,0.556722366809845,0.5755748391151428,0.4854631066322327,0.23419978618621826]"
2026-06-02T14:57:28.815,510.919,5696,0,12,0.150926,66.964,6.696,61.587,8.546,0,transient_bin_jump_gating,u16_id_range_primary,136,"[0.10528143669168154,0.30411122168103855,0.1690638008217017,-0.22167584871252377,0.14564097474018733,-0.16344550823171933,-0.4213603494067987,0.6107788922886054,0.8904723765949408,-0.05597761844595274,-0.19007668470342953,0.32282989645997684,0.0608765127758185,-1.0261991379161677,-0.530319964637359]","[-0.2707642525434494,-0.21259822547435758,-0.24048318564891813,-0.07440843284130094,0.174666503071785,0.3426652938127518,0.45797119438648226,0.47666392624378207,0.3865827113389969,0.13646546900272372,-0.1182269364595413,-0.19245139360427854,-0.1211055129766464,-0.256147226691246,-0.4888299316167831]"
2026-06-02T14:57:30.234,512.338,5712,0,15,0.141675,66.964,6.696,61.587,8.546,0,transient_bin_jump_gating,u16_id_range_primary,136,"[-0.212535892923673,-0.4704440583785375,0.5604878316322962,0.8398338208595911,-0.10585800309975943,-0.23892114063103995,0.2742147545019786,0.009950007001558937,-1.0772157063086827,-0.5792014946540197,1.5188970218102138,1.5757348189751308,-0.642416869600614,-1.2746281971534092,-0.17789689203103384]","[0.4691928863525391,0.5844778060913086,0.60318603515625,0.513110899925232,0.262773597240448,0.008340963721275324,-0.06584247052669526,0.0056730747222900335,-0.129410719871521,-0.3624058723449707,-0.4963572084903717,-0.5039534032344818,-0.44186083078384397,-0.30051407814025877,-0.1464106798171997]"
2026-06-02T14:57:31.859,513.963,5728,0,15,0.102162,53.571,6.696,61.587,8.546,0,transient_bin_jump_gating,u16_id_range_primary,136,"[-0.22601694266001385,0.2601101358731588,-0.029362682501475015,-1.1396019498507182,-0.6589605847994486,1.446183200677236,1.52559148867925,-0.6742879192034403,-1.3007230798403422,-0.2069331447283427,0.26244264443715415,0.16461658080418903,0.43096798261006675,0.3011717756589254,-0.15519750515619915]","[0.12721133728822073,0.059714918335278824,0.13630643983681998,0.005358894666035969,-0.22392424444357553,-0.35409283141295117,-0.3578708718220393,-0.2920395682255427,-0.1469204972187678,0.01038128634293874,0.12074739237626393,0.20034021635850272,0.2311295916636785,0.24456418057282767,0.23909375568230948]"
2026-06-02T14:57:33.270,515.374,5744,0,11,0.111266,68.638,6.696,61.587,8.546,0,transient_bin_jump_gating,u16_id_range_primary,136,"[1.3920958037177722,1.4713503117362658,-0.7255163197716077,-1.356811881562074,-0.2622368936737378,0.21569049308697383,0.11599576423565547,0.37229022334019346,0.24824184129635493,-0.20975178529818853,-0.40532138993342715,-0.07856321384509404,-0.0710344245036443,-0.5783374314506848,-0.12809109737475713]","[-0.4748121758302053,-0.4783223529656728,-0.41169151266415915,-0.26688560446103415,-0.10977837045987446,0.0009762386480967333,0.08045843640963238,0.11226919690767925,0.12597796718279522,0.12053418556849163,0.12442735234896343,0.2785956005255381,0.39070931474367776,0.35776999990145364,0.14977172414461773]"
2026-06-02T14:57:34.684,516.788,5760,0,11,0.092319,50.223,5.022,61.587,8.546,0,transient_bin_jump_gating,u16_id_range_primary,136,"[0.2922024284799894,0.19092746128638585,0.44265349258979164,0.3242746745546659,-0.1332298959294955,-0.3329278672734896,-0.0066488901774088525,0.001415819426377616,-0.5031893695394198,-0.04963092456261317,1.0775345121820767,0.9784046565492948,-0.726943417886893,-1.4262569392720859,-0.12858574042717616]","[-0.12290229797363283,-0.04343178272247317,-0.0115231513977051,0.002203857898712136,-0.0029094755649566872,0.0016072750091552512,0.1562474429607391,0.26801333427429197,0.23503885269165037,0.027725076675415017,-0.11591258049011233,-0.10047092437744143,-0.06878342628479006,-0.0745729446411133,-0.15032925605773928]"
2026-06-02T14:57:36.103,518.207,5776,0,11,0.076588,66.964,5.022,61.587,8.546,0,transient_bin_jump_gating,u16_id_range_primary,136,"[-0.33332024415334066,-0.09502586623032888,-0.10076981683572134,-0.6134947677453358,-0.12039889295895895,1.0813264707724253,1.0099788765112558,-0.6950860162576039,-1.4246359010537466,-0.18654526670773824,0.7422809461752574,0.584685371319453,0.1370753506819407,-0.08974183996518453,0.10367159644762675]","[0.0771765927473704,0.25843111375967665,0.39700851539770765,0.38837758402029676,0.20380500654379527,0.0773904691139857,0.10404638151327769,0.14859513143698375,0.148696697751681,0.07845214704672496,-0.08770056863625844,-0.2623829474051793,-0.5390889277060826,-0.5641901125510533,-0.4286170830329259]"
2026-06-02T14:57:37.532,519.636,5792,0,11,0.082254,66.964,8.370,62.681,8.511,1,ok,u16_id_range_primary,136,"[0.9725002010663351,0.8910517652829488,-0.7925292293230692,-1.5190084020296732,-0.2988377849260966,0.6365843375523885,0.47548293670018515,0.016672547658284506,-0.19231570164362588,0.011087950070699057,-0.8909869233767191,-1.1055851022402445,0.503657337029775,1.2485698421796163,0.04365622599919637]","[0.20511227523287137,0.2317722407480081,0.27617412482698755,0.2741227713723977,0.2033169833322366,0.03850155745943387,-0.13621944511930148,-0.41292876328031225,-0.4380269678930442,-0.3021383913854758,-0.1696453722814719,-0.09578261102239291,-0.020162801692883175,0.13166473110516866,0.21423966859777768]"
2026-06-02T14:57:38.964,521.068,5808,0,14,0.049606,53.571,11.719,62.681,8.511,0,transient_bin_jump_gating,u16_id_range_primary,136,"[0.7115078528722127,0.5477902253468832,0.08283096154530843,-0.11532485882441203,0.0939564069112142,-0.8166276852289835,-1.03481871287028,0.5778036673863729,1.3230358918507894,0.11745231946309408,-1.0356988350550334,-0.2705288569132487,0.6583316286404928,-0.04718810717264811,-0.7925218979517619]","[0.1217639409005642,-0.05283117666840553,-0.3293948210775852,-0.35432207956910133,-0.21812308207154274,-0.08532548323273659,-0.011304471641778946,0.06441036239266396,0.21596963703632355,0.2986469231545925,0.19900305196642876,0.09708255156874657,0.04668670520186424,0.02205536887049675,-0.014317426830530167]"
2026-06-02T14:57:40.400,522.504,5824,0,14,0.043494,53.571,11.719,62.681,8.511,0,transient_bin_jump_gating,u16_id_range_primary,136,"[-0.7465979258219401,-0.949876586596171,0.6495376427968343,1.3949131568272908,0.1914431651433309,-0.965830127398173,-0.2017477254072825,0.7275169094403585,0.027601917584737144,-0.7297956148783366,-0.09671143690745035,0.6736518939336141,0.33465178807576496,-0.2190471092859904,-0.0897099475065867]","[-0.1593943235774835,-0.08566138123472532,-0.009979754438002905,0.14281795571247735,0.22508969927827516,0.1259450318912665,0.02251215303937594,-0.02698495959242185,-0.050177871932586035,-0.08727657770117124,-0.11509889339407285,-0.06991368507345518,-0.021981477489074072,0.037650823841492334,0.07245326067010562]"
2026-06-02T14:57:41.819,523.923,5840,0,14,0.041801,53.571,5.022,62.681,8.511,0,transient_bin_jump_gating,u16_id_range_primary,136,"[-0.935783643523852,-0.17163969973723092,0.7523516227801641,0.05580983658631643,-0.6975384543339411,-0.06467844943205515,0.70772538681825,0.36496255894502005,-0.19414659241835275,-0.06176533202330271,0.11663165663679441,0.041241258134444556,0.01695558031400045,0.02358690251906713,0.046287368734677634]","[0.09184189140796661,-0.011191457509994507,-0.06034640967845917,-0.0832265168428421,-0.12135125696659088,-0.1498764306306839,-0.10487474501132965,-0.05700148642063141,0.002827867865562439,0.03763841092586517,0.06497512757778168,0.0864029973745346,0.11008928716182709,0.10076139867305756,0.09333132207393646]"
2026-06-02T14:57:43.235,525.338,5856,0,14,0.021248,53.571,8.370,60.839,8.482,1,ok,u16_id_range_primary,136,"[-0.11946408996979396,0.6355258916815122,0.26741326798995335,-0.3092085624734561,-0.17041631589333217,0.024261186023553212,-0.03976607496539752,-0.060000667224327724,-0.057532278696695964,-0.038181682924429576,0.10712980677684147,0.06496615161498387,-0.08414385269085567,-0.1176859716574351,-0.10289680759112041]","[-0.17833192646503448,-0.13756296038627625,-0.09373326599597931,-0.03754724562168121,-0.006603136658668518,0.017341122031211853,0.03596232831478119,0.05725865066051483,0.04483334720134735,0.035259053111076355,0.02197001874446869,0.03479026257991791,0.05543719232082367,0.0806562751531601,0.07027028501033783]"
2026-06-02T14:57:44.655,526.758,5872,0,18,0.018885,53.571,10.045,60.839,8.482,0,transient_bin_jump_gating,u16_id_range_primary,136,"[0.056995674160619576,-0.006601810331145923,-0.037553158464531104,-0.04313115483770768,-0.014809270265201728,0.1341641648982962,0.0810124977802237,-0.06376583582411209,-0.09546862995872894,-0.08186270004759232,0.036775822875400384,0.18953130686034758,-0.04495928144703309,-0.13094017362842958,0.020612548229595025]","[-0.03492656151453654,-0.01497039000193278,0.0064608772595723465,-0.007035164038340251,-0.016403226057688396,-0.03089538017908732,-0.017180649439493816,0.004666419823964436,0.029501529534657796,0.017783733208974202,0.03156855901082357,0.03323146899541219,0.026453526814778645,-0.0014143268267313644,-0.026840416590372722]"
2026-06-02T14:57:46.102,528.205,5888,0,12,0.023188,50.223,10.045,60.839,8.482,0,transient_bin_jump_gating,u16_id_range_primary,136,"[0.10889388223489126,0.07860934336980184,-0.055500749746958414,-0.10237160722414652,-0.09914473096529643,0.011731024583180745,0.1556127925713857,-0.04675271759430567,-0.12314775983492533,0.0026118641098340344,0.1295115311940511,-0.05523917476336161,-0.249739874402682,0.042680140336354574,0.2022460361321767]","[-0.03285924196243286,-0.02085045576095581,-0.0009378552436828599,0.021630251407623292,0.010588967800140382,0.02114483118057251,0.020125055313110353,0.011918091773986818,-0.012724196910858153,-0.03647336959838867,-0.006049907207489012,-0.001006221771240233,0.0025923788547515883,0.010746175050735475,0.012155497074127199]"
2026-06-02T14:57:47.532,529.635,5904,0,16,0.015313,50.223,11.719,60.839,8.482,0,transient_bin_jump_gating,u16_id_range_primary,136,"[0.07072686155637105,0.22279986490805945,-0.04458512614170711,-0.12592789779106775,0.061641087134679154,0.23746929814418158,-0.015653061370054882,-0.2767222250501315,0.1068556581934293,0.30014154066642124,-0.00013838956753412998,-0.08032804230848949,0.26576103021701175,-0.21627232680718103,-0.5057682717839876]","[-0.043617150187492376,-0.04009797275066376,-0.04553302228450776,-0.07749881446361542,-0.10622348487377167,-0.06472178399562836,-0.06058253943920136,-0.053897163271904,-0.040992787480354315,-0.03600712716579438,-0.05409829914569855,0.006542646884918207,0.16658974587917327,0.22713277637958526,0.22300497591495513]"
2026-06-02T14:57:48.974,531.078,5920,0,25,0.005232,65.290,16.741,60.839,8.482,0,transient_bin_jump_gating,u16_id_range_primary,136,"[0.2750529850522677,0.009384175638357799,-0.3838090990980466,-0.030014971395333608,0.2756195868055026,0.03647243032852809,-0.1476284955938657,0.021816810468832652,-0.18506961514552434,0.06811441282431285,0.06506649206082027,-0.3582618330915769,0.1494005526105563,0.37046687851349513,-0.16661030997832615]","[0.0004199425379435226,0.004900006453196208,0.02239367167154948,0.03298219839731852,0.03600027958552043,0.009119240442911784,0.03749719063440959,0.00195917288462321,-0.029314013322194417,0.04060318867365519,1.3200441996256973e-05,-0.01750597556432088,-0.04350891908009847,-0.04246443708737691,-0.053094746669133504]"
2026-06-02T14:57:50.592,532.696,5936,0,17,0.022764,60.268,16.741,60.839,8.482,0,transient_bin_jump_gating,u16_id_range_primary,136,"[-0.0014367078741391488,-0.08179504175980885,0.2586945171157519,-0.22689068069060644,-0.5111125980814298,0.3233564222852389,0.6601878727475802,0.13995340714852014,-0.2877456819017728,-0.2614034389456113,-0.13154434909423193,0.016360970834891003,0.34417340407768887,0.24766378353039423,-0.48846187939246494]","[0.03347805241743724,0.09275205532709757,0.2515220652023951,0.31026586989561716,0.30457946757475535,0.21320042113463084,0.09820136527220408,-0.027656226356824236,-0.12028124829133352,-0.19930890103181204,-0.24811175366242727,-0.27415707608064016,-0.1579227735598882,-0.1141564538081487,-0.16240486403306326]"
2026-06-02T14:57:51.822,533.925,5952,0,17,0.026492,65.290,16.741,60.839,8.482,0,transient_bin_jump_gating,u16_id_range_primary,136,"[0.4204750930269559,0.12218128641446431,-0.09096668908993404,0.46928488959868747,0.23463856925566992,-0.510995569328467,-0.2539238954583804,0.17505720009406409,-0.3525237167874972,-0.26634729156891507,1.151164171596368,1.2243576024969418,-0.8523924375573794,-1.6404628778497379,0.17045366515715918]","[0.5221331516901652,0.4308350483576457,0.2505653301874797,0.06336669127146403,-0.12432642777760823,-0.2502572139104207,-0.15922613938649496,-0.006709535916646322,0.0012965599695841466,-0.12078853448232015,-0.1796478827794393,-0.071068008740743,-0.0727612574895223,-0.10466500123341878,-0.17874677975972494]"
2026-06-02T14:57:53.263,535.367,5968,0,17,0.023437,65.290,8.370,60.839,8.482,0,transient_bin_jump_gating,u16_id_range_primary,136,"[-0.33131453990936277,0.17800500392913818,0.49222021698951723,0.23868105709552764,-0.4439737856388092,0.17776627242565154,0.8750441312789917,-0.3993451952934265,-1.2414754390716554,0.32328429222106936,1.0269106864929198,0.23821797370910644,-0.011913275718688963,-0.6193080902099609,-0.5027993083000183]","[-0.23408463299274446,-0.23824646770954133,-0.10395252406597137,-0.049510729312896726,-0.08680025935173034,-0.04770621359348297,0.15052116215229033,0.21400308907032012,0.22594951391220092,0.16957277357578276,0.023173454403877258,0.02812230885028839,0.04719290435314179,-0.0195866197347641,-0.07864775955677032]"
2026-06-02T14:57:54.881,536.985,5984,0,17,0.072057,65.290,8.370,61.736,8.460,1,ok,u16_id_range_primary,136,"[-0.18551769653956096,0.32075415750344594,0.02407704492410024,-0.5718326101700465,0.12219368120034535,0.45702506800492604,-0.09188587764898937,-0.15617580513159435,-0.08703408191601436,-0.16697215835253398,0.0466616024573644,0.011863330503304799,-0.15888392726580303,0.09438012739022572,0.34134714504082997]","[0.4174927234649658,0.5786359667778015,0.5522258639335632,0.45459226369857786,0.2915573477745056,0.056273734569549566,-0.1615414261817932,-0.3074313044548035,-0.4043136477470398,-0.40071269273757937,-0.2866110444068909,-0.18544694185256957,-0.12759026288986205,-0.18750759363174438,-0.28962298631668093]"
2026-06-02T14:57:56.302,538.405,6000,0,17,0.099584,56.919,8.370,60.768,8.442,1,ok,u16_id_range_primary,136,"[-0.4142079442739487,-0.7477945774793625,0.44565962851047514,1.239719620347023,0.42237149775028227,-0.6898712009191513,-0.2505062907934189,0.18935318887233735,-0.13203063011169433,0.0029187709093093928,0.6530778914690017,0.8061482220888138,-0.17141718566417694,-1.1125676721334457,-0.24085331857204437]","[0.5420382698376973,0.6009323080380757,0.5414597471555074,0.5015074690183003,0.33982867797215777,0.15379781325658162,-0.03229098717371623,-0.18840365807215373,-0.40526347557703657,-0.6367340604464213,-0.7456958810488383,-0.5586814800898234,-0.275868825117747,-0.02378111282984416,0.18715519507726033]"
2026-06-02T14:57:57.718,539.822,6016,0,17,0.077963,56.919,11.719,59.996,9.099,1,ok,u16_id_range_primary,136,"[-1.1771052598953247,-0.9631001472473144,0.36494247913360595,0.39418100118637084,0.20136224031448363,0.6666704893112183,0.8021363496780396,-0.31667394638061525,-1.3218678951263427,-0.24898917675018312,1.1930103778839112,0.9005797386169434,0.03672568798065186,-0.25074363946914674,-0.2811282992362976]","[-0.11965479453404744,-0.19618119796117145,-0.2478569944699605,-0.3820072015126546,-0.5566845734914144,-0.6403223474820455,-0.43644680579503375,-0.15927400191624957,0.07365284363428752,0.2558561364809672,0.37587271134058636,0.45875702301661175,0.5341061155001322,0.530574897925059,0.5096081892649332]"
2026-06-02T14:57:59.135,541.239,6032,0,17,0.059559,56.919,11.719,59.380,9.624,1,ok,u16_id_range_primary,136,"[0.4375968674818675,0.6919841269652048,-0.39015214641888935,-1.4020082255204518,-0.37386660774548847,1.0091021756331127,0.6888013581434885,-0.17079841097195944,-0.44064181049664813,-0.4511175950368245,-0.10609142978986105,-0.08021848400433859,0.16796175638834634,0.43057618538538617,-0.011127760012944542]","[-0.6327353060245514,-0.4577507317066193,-0.20670860409736633,0.0035961329936981187,0.16615445017814637,0.27045161128044126,0.34111220240592954,0.40935773253440855,0.40195185542106626,0.3773335576057434,0.2859444677829742,0.046874111890792845,-0.15566855072975158,-0.37402992844581606,-0.4758830010890961]"
2026-06-02T14:58:00.551,542.655,6048,0,17,0.159484,53.571,8.370,58.217,9.373,1,ok,u16_id_range_primary,136,"[1.2575885166724523,0.30566228528817496,-0.501503516236941,-0.6265972743431727,-0.2760595122973124,0.12907020350297294,-0.25556029776732125,-0.4253801594177882,0.6788815965255102,1.000350367029508,-0.5476132522026698,-1.2081066260735194,-0.08267777065436045,0.4827789177497228,0.06916652222474416]","[0.329497488339742,0.32486233313878377,0.2379467209180196,0.15381357272466023,0.13281616767247517,0.24843093951543171,0.2138235290845235,0.1008903702100118,0.03259441455205282,0.03555318911870321,-0.010785607496897373,-0.12503531376520793,-0.2955472747484843,-0.5641689578692118,-0.8146915713946025]"
2026-06-02T14:58:01.970,544.073,6064,0,17,0.169592,55.245,8.370,57.622,9.172,1,ok,u16_id_range_primary,136,"[0.1978376477956772,-0.19222967624664306,-0.3536455661058426,0.7595286935567855,1.0687258809804916,-0.4913441568613052,-1.1432656675577164,-0.024455073475837707,0.5372236341238021,0.1439961463212967,0.27352398335933686,0.1841071218252182,-0.5780132442712784,-0.3815765410661697,-0.0004131823778152459]","[0.5689630786577861,0.5339477340380351,0.42021658817927043,0.3505287448565165,0.3503113071123759,0.3019376079241435,0.1862163821856181,0.011941937605539965,-0.2584528644879659,-0.5141498764355977,-0.6087249239285787,-0.6103108843167623,-0.4322409947713216,-0.2331033666928609,-0.06708046992619832]"
2026-06-02T14:58:03.388,545.492,6080,0,17,0.151201,71.986,8.370,60.496,9.012,1,ok,u16_id_range_primary,136,"[0.009557950496673583,-0.3152659058570862,-0.7029406547546386,-0.4235954999923706,0.30587308406829833,1.0758915424346924,0.5309517860412598,-0.5596343994140625,-1.1279154539108276,-0.07506639957427978,0.9927193403244019,-0.14001162052154542,-0.6767426252365112,0.6048523664474488,0.5013264894485474]","[-0.1680093156794707,-0.21164539928237597,-0.13557866687575976,-0.17083743686477343,-0.194637809942166,-0.15613106365005175,-0.013091658304135001,0.1168681633969148,0.08997511391838392,0.14841366832455,0.21010389079650243,0.15736507897575697,0.07958313350876173,0.10313203458984693,0.14449026708801588]"
2026-06-02T14:58:04.807,546.911,6096,0,15,0.153740,53.571,8.370,60.496,9.012,0,transient_bin_jump_gating,u16_id_range_primary,136,"[0.31807227730751036,0.1286895453929901,-0.6597529470920562,-0.4047286331653595,0.30809934735298156,0.26330562233924865,0.22957785725593566,0.3828586518764496,-0.017366421222686765,-0.11149292886257171,0.12702116668224334,-0.08824737071990967,-0.23276634216308595,-0.19211564660072328,-0.051154178380966184]","[-0.469653582572937,-0.48881242275238035,-0.40003482103347776,-0.19079653024673462,0.008555674552917475,0.14529123306274414,0.2576333522796631,0.22446765899658203,0.09008803367614746,-0.051643109321594244,-0.13080165386199952,-0.06449649333953858,0.16589930057525634,0.3722446203231812,0.5320587396621704]"
2026-06-02T14:58:06.227,548.331,6112,0,15,0.148137,71.986,8.370,60.496,9.012,0,transient_bin_jump_gating,u16_id_range_primary,136,"[0.7879568298657735,0.5407565196355184,-0.26914596954981485,-0.32008827129999795,-0.8059054056803385,-0.7020294109980265,0.4073000510533651,0.8220413287480672,0.28706574042638144,-0.2808616201082865,-0.6337787548700968,-0.7476687471071879,-0.14160842100779214,0.6259869893391927,0.429979141553243]","[0.45943431506554283,0.3438401366273562,0.34649454007546104,0.3520592297116915,0.2835036362210909,0.13043425927559535,-0.0923969899614652,-0.32941605200370155,-0.43759287943442665,-0.4070354854067167,-0.2832772289713224,-0.18974505414565404,-0.10163111289342244,-0.045256130894025165,-0.029415183266003928]"
2026-06-02T14:58:07.849,549.953,6128,0,15,0.073550,63.616,8.370,60.496,9.012,0,transient_bin_jump_gating,u16_id_range_primary,136,"[-0.008848486840724944,-0.17394132018089295,-0.30058167725801466,-0.2741635873913765,-0.14687497764825821,0.47227452844381335,0.5537408456206322,0.025195525586605073,-0.38724167495965955,-0.5888117685914039,-0.3670985236763954,-0.1411103144288063,0.26996551603078844,0.9503692254424095,0.11712668985128402]","[-0.3948178509871165,-0.33313348094622297,-0.11013057033220927,0.08989665706952413,0.246843554576238,0.3284915467103322,0.3101613303025563,0.30600241621335345,0.2603281815846761,0.22013372977574666,0.15527585943539937,-0.11805596152941386,-0.3030438641707103,-0.35996671716372175,-0.29798483053843183]"
2026-06-02T14:58:09.276,551.380,6144,0,15,0.063768,50.223,8.370,58.441,8.884,1,ok,u16_id_range_primary,136,"[0.5228137239813805,0.5965768560767174,0.06211976855993271,-0.3506921663880348,-0.5465454593300819,-0.31921095997095106,-0.00020553022623062168,0.40908278673887255,0.45204909294843676,-0.06534732729196549,-0.3032303586602211,0.013058969378471374,-0.12255634218454362,-0.5545050635933876,0.20659200996160507]","[0.1834101637204488,0.16671216090520222,0.16372400124867756,0.11958348353703815,0.08111893733342487,0.018477435906728096,-0.09386676947275799,-0.15012646118799847,-0.18947136799494427,-0.1835620443026225,-0.15492278734842937,0.009412642319997139,0.0790257414182027,0.025635596116383857,-0.075150732199351]"
2026-06-02T14:58:10.692,552.795,6160,0,15,0.064566,50.223,15.067,56.797,10.120,1,ok,u16_id_range_primary,136,"[-0.2970921536286672,0.027342812220255534,0.4336934248606364,0.479179189602534,-0.04368583758672079,-0.29345272382100424,0.026826896766821543,-0.08704356004794439,-0.5220872004826863,0.22709949413935343,0.8785534063975017,0.1528611938158671,-0.5841694911321004,-0.39447118242581686,-0.0035542686780293785]","[0.1629490335782369,0.04965830643971761,-0.007858447233835858,-0.04780059258143107,-0.04074680010477702,-0.01277666489283244,0.15032625993092855,0.21969128449757894,0.16379571755727132,0.06120968659718831,-0.03644060293833415,-0.11667560736338298,-0.1429109493891398,-0.1899610678354899,-0.2124595562616984]"
2026-06-02T14:58:12.115,554.218,6176,0,15,0.051884,61.942,8.370,57.826,9.770,1,ok,u16_id_range_primary,136,"[-0.3295941770076752,-0.16721681952476503,0.27016575932502745,0.010799887776374816,-0.261613142490387,0.15060267150402068,0.31257166266441344,-0.0637939989566803,-0.20739699602127076,-0.0038526624441146858,0.20932528674602507,0.10165612697601319,-0.10137311071157455,-0.07863536924123764,0.15835488140583037]","[-0.045867172876993816,-0.06053104797999064,-0.04418155352274577,-0.0668989102045695,-0.08340474764506023,-0.07168102065722148,-0.046755162874857585,0.019190969069798787,0.0341869314511617,0.046756776173909505,0.0555506964524587,0.06319773395856221,0.04375705321629842,0.04654815991719564,0.11013129552205403]"
2026-06-02T14:58:13.534,555.638,6192,0,15,0.042501,50.223,8.370,56.305,9.490,1,ok,u16_id_range_primary,136,"[-0.371099720398585,0.9174405237038931,0.7763521571954092,-0.4104078511397044,-0.6676154832045237,-0.10101538399855295,-0.006040732065836586,-0.15624975661436716,0.04681967695554098,0.3380270500977834,0.03900208075841268,-0.4491608242193858,-0.08215839664141336,0.33614717920621234,-0.2100405196348826]","[0.10759108910957974,0.05412977586189907,0.03827446351448696,-0.02354389776786167,-0.06776661028464634,-0.09136516203482944,-0.09243852247794468,-0.10364294399817783,-0.07685327877600986,0.01632356295982998,0.08582856903473537,0.07709134767452877,0.10740771541992825,0.04880622426668804,-0.07984233250220615]"
2026-06-02T14:58:14.967,557.070,6208,0,15,0.059315,77.009,8.370,60.446,9.266,1,ok,u16_id_range_primary,136,"[-0.03490009705225627,0.05940903921922048,-0.10820583800474803,0.09331724246342976,0.4014375825723012,0.09732553561528523,-0.3907647709051768,-0.020437536636988322,0.38569015463193257,-0.14880549709002178,-0.2561759928862254,0.4064889868100484,0.22140956123669941,-0.5638826469580333,-0.14190572301546733]","[0.007133961717287696,0.0070523033539454105,-0.004787265261014306,0.02256029943625132,0.11456111172835032,0.18199381331602732,0.1743012527624766,0.2009978304306666,0.14238046209017435,0.014266924063364661,-0.14695507188638052,-0.19297301669915518,-0.22854733367760977,-0.2063118209441503,-0.08567345043023428]"
2026-06-02T14:58:16.400,558.503,6224,0,15,0.060543,75.335,8.370,63.424,9.087,1,ok,u16_id_range_primary,136,"[0.057832001646359765,-0.42740300397078196,-0.05385565857092539,0.3352756490310033,-0.18742059270540873,-0.29911515216032664,0.35764279862244924,0.19757738610108694,-0.5844511101643245,-0.2075520763794581,0.48931619425614675,0.012344985206921896,-0.636811704436938,0.11343046923478445,0.8331898142894109]","[0.040451107422510776,0.03337392012278238,0.056980593005816135,-0.00023971696694692624,-0.12554598053296406,-0.28826546867688496,-0.3360035439332326,-0.3686454912026723,-0.3425268550713857,-0.22114914854367573,0.04756718675295511,0.2691176513830821,0.3726208786169688,0.40573817292849224,0.45652669469515483]"
2026-06-02T14:58:17.823,559.927,6240,0,15,0.079562,50.223,8.370,60.784,8.944,1,ok,u16_id_range_primary,136,"[-0.2676067849000295,0.35550493995348614,0.19005207220713297,-0.6099369128545126,-0.269189973672231,0.4459049204985301,0.03502864638964335,-0.6096840103467306,0.10536996523539224,0.8268680969874064,0.021043101946512856,-0.9150073130925497,-0.2721266945203145,0.5653735796610514,0.39840636650721234]","[-0.34670586585998536,-0.389700722694397,-0.4150331735610962,-0.38189823627471925,-0.25664050579071046,0.014207768440246585,0.2389265775680542,0.3440043210983276,0.37928812503814696,0.4334630250930786,0.37144582271575927,0.2180535078048706,-0.034276914596557614,-0.1266587495803833,-0.04847497940063476]"
2026-06-02T14:58:19.255,561.359,6256,0,11,0.065548,50.223,8.370,60.784,8.944,0,transient_bin_jump_gating,u16_id_range_primary,136,"[0.36244781464338305,-0.1430786907672882,-0.25432509034872053,0.5875506266951561,0.31318102926015856,-0.7131186857819557,-0.782507075369358,0.2296804055571556,0.7475684747099877,0.3703052863478661,-0.7002123728394508,-0.8818513289093971,0.38941393941640856,0.5346274241805077,-0.059681756794452666]","[-0.2842460751533508,-0.2344382882118225,-0.18399940729141234,-0.11524044275283812,0.024163615703582775,0.06812585592269899,0.016831529140472423,-0.14819298982620238,-0.17387114763259887,-0.06498442888259887,-0.03579007387161254,0.07221544981002809,0.18108071088790895,0.3417754292488098,0.5365702629089355]"
2026-06-02T14:58:20.674,562.778,6272,0,11,0.083183,65.290,8.370,60.784,8.944,0,transient_bin_jump_gating,u16_id_range_primary,136,"[0.07354832092920939,-0.8440517743428548,-0.2037455995877584,0.6177349726359049,0.455137703816096,-0.563061531384786,-0.6986282428105672,0.596234921614329,0.6491366664568583,-0.05785297950108846,-0.39821442564328513,-0.23366647561391196,0.21199033061663308,0.27688485781351724,0.1185532550017039]","[0.0935181498527527,-0.061291801929473866,-0.3160330533981323,-0.4131574511528015,-0.334001886844635,-0.31691728830337523,-0.19916378259658812,-0.06824909448623656,0.12007392644882203,0.34235717058181764,0.43964720964431764,0.44371546506881715,0.3077328324317932,0.08764411211013795,-0.12587450742721557]"
2026-06-02T14:58:22.092,564.196,6288,0,11,0.060411,51.897,8.370,60.784,8.944,0,transient_bin_jump_gating,u16_id_range_primary,136,"[0.15808126106858253,1.1687478698790073,0.21557780876755714,-1.1255681835114957,-0.42987600192427633,0.48781773224473,-0.10389545410871506,-0.1478142760694027,0.47805973663926127,0.005081681162118913,-0.6943438373506069,-0.39395335540175436,0.26985776200890543,0.14034247174859046,-0.02811521515250206]","[-0.48176919619242353,-0.3028504769007365,-0.09926747481028239,0.06246794064839681,0.248586901028951,0.32204902966817217,0.2442933996518453,0.1426281710465749,0.044195332129796344,0.0028084894021352114,-0.03572603265444438,-0.03450786272684733,-0.022766164938608807,-0.038641683260599774,-0.05150037209192912]"
2026-06-02T14:58:23.509,565.613,6304,0,11,0.059053,61.942,6.696,61.015,8.494,1,ok,u16_id_range_primary,136,"[0.5258678207794826,-0.07047172908981642,-0.10346977313359579,0.5287168631951015,0.048171819249788916,-0.6562793244918187,-0.3528948118289312,0.31339496473471323,0.1828786144653956,0.013751206050316492,0.11493966082731882,0.06790822843710581,-0.18014842172463735,-0.3485738625129064,-0.08379125495751699]","[0.31070849299430847,0.23267406225204468,0.13076652586460114,0.03247047960758209,-0.008718013763427734,-0.04698842763900757,-0.045682668685913086,-0.03359827399253845,-0.049301713705062866,-0.06204506754875183,-0.09892043471336365,-0.0872480571269989,-0.0832582414150238,-0.08853021264076233,-0.10232844948768616]"
2026-06-02T14:58:25.129,567.233,6320,0,11,0.041762,50.223,13.393,58.857,9.474,1,ok,u16_id_range_primary,136,"[-0.6650559201836586,-0.32307582050561906,0.40418804734945296,0.29539988487958907,0.10197402834892273,0.16958306282758712,0.09657711833715439,-0.16818576008081437,-0.3338937059044838,-0.04126994758844375,0.2901248142123222,0.2661494418978691,-0.004692111909389493,-0.13670590966939927,0.04888277798891068]","[-0.035723867888251944,-0.015006578589479128,0.011773136382301649,0.0057682124276955925,-0.00043447415033976257,-0.03308533603946368,-0.017089988167087237,-0.009520172203580538,-0.011571317041913668,-0.022165208185712496,-0.014974906171361605,0.023593359564741453,0.0402720579256614,0.05012379673620065,0.028041285400589307]"
2026-06-02T14:58:26.555,568.658,6336,0,11,0.039329,78.683,16.741,58.857,9.474,0,hr_jump_50.22_to_78.68,u16_id_range_primary,136,"[0.15101833194494246,0.07783802896738053,-0.18842983692884446,-0.3530439481139183,-0.06290886253118515,0.266492123901844,0.24766729325056075,-0.0183780238032341,-0.1558207616209984,0.02458110749721527,0.08652267903089524,0.036105196177959445,-0.04476349502801895,-0.06408030986785888,-0.0027995228767395026]","[-0.026266830414533614,-0.010314466804265976,-0.0023995660245418548,-0.0035528860986232757,-0.01350829228758812,-0.006287413090467453,0.03224587216973305,0.049312306195497514,0.05923565998673439,0.03685400411486626,0.005935372412204742,-0.010671602934598923,-0.036566147953271864,-0.035408536344766615,-0.03860747292637825]"
2026-06-02T14:58:27.985,570.089,6352,0,11,0.020832,78.683,18.415,58.857,9.474,0,hr_jump_50.22_to_78.68,u16_id_range_primary,136,"[0.21630657215913138,0.2089238961537679,-0.044247041145960495,-0.18650619188944498,-0.017956982056299847,0.0453070451815923,0.0006942649682362863,-0.07920966545740764,-0.10181804994742076,-0.045149462918440506,0.005296883483727772,0.0517932375272115,-0.01650068039695422,-0.025673794249693554,-0.011260031412045162]","[-0.004965489481886229,0.031281585122148195,0.04708277645210425,0.05565338792900244,0.03177339049677054,-0.0008342207719882339,-0.019033878793319067,-0.04530224365492662,-0.04460167673726877,-0.049039205287893614,-0.032616046940286955,-0.015549717222650847,-0.003914220010240874,0.02064266266922156,0.029422896231214204]"
2026-06-02T14:58:29.401,571.505,6368,0,11,0.019785,78.683,13.393,58.857,9.474,0,hr_jump_50.22_to_78.68,u16_id_range_primary,136,"[0.060582353423039116,0.025380651156107586,-0.042691451807816826,-0.06840283920367558,-0.02038318415482839,0.03280033419529597,0.07992965976397197,0.008583946774403254,-0.0011293565233548484,0.015922235945860546,-0.0767551859219869,-0.0343752255042394,0.12549344698588052,0.03034585217634837,-0.1353012373050054]","[0.015182416637738545,-0.0019126797715822864,-0.026229206720987955,-0.02558975319067637,-0.030369032422701517,-0.015003297726313274,0.0009659339984258008,0.011901180942853291,0.03560571720202764,0.04388273482521375,0.026708431293567023,0.0052321662505467725,-0.0019008109966913867,-0.011218298474947612,-0.02725550184647242]"
2026-06-02T14:58:30.821,572.925,6384,0,11,0.001440,78.683,18.415,58.857,9.474,0,hr_jump_50.22_to_78.68,u16_id_range_primary,136,"[0.017454777657985688,0.06791133880615234,-0.004690244048833846,-0.017575035989284515,-0.0003825344145297997,-0.08839097172021866,-0.043641078472137454,0.11250556707382202,0.015041720867156983,-0.14864227473735808,-0.006047363579273223,0.08560589402914047,-0.1026624545454979,-0.017477008700370788,0.13098966777324678]","[-0.014864664028088252,-0.00020424599448839835,0.0100159985323747,0.03284408574302991,0.04054366846879323,0.022995275010665256,0.0017907363673051197,-0.005122880885998408,-0.014174516747395198,-0.029703523466984433,2.5738527377446377e-05,0.005382780482371648,-0.003222282479206721,-0.017085369179646176,-0.029220800350109738]"
2026-06-02T14:58:32.238,574.342,6400,0,15,0.000886,68.638,16.741,58.857,9.474,0,transient_bin_jump_gating,u16_id_range_primary,136,"[-0.06694785915315152,-0.023854237422347067,0.12605285979807376,0.029678869619965555,-0.12870381437242032,0.008000868931412696,0.0993917990475893,-0.07979424707591534,-0.001871910318732262,0.13865881003439426,-0.006780412420630455,-0.05794283412396908,0.030930159240961076,-0.07816777043044568,0.011349718645215034]","[0.04261916552980741,0.022498202075560886,0.015980985512336093,0.00769559716184934,-0.007209602246681849,0.021058422078688938,0.026405182232459384,0.019235950460036594,0.006866347541411718,-0.0038936170438925426,-0.04293883169690768,-0.03650592217842738,-0.05110674674312274,-0.03499762291709582,0.014292490233977636]"
2026-06-02T14:58:34.440,576.543,6416,0,15,0.000932,78.683,11.719,58.857,9.474,0,transient_bin_jump_gating,u16_id_range_primary,136,"[-0.004656836887200673,0.08459230462710063,-0.08076016654570897,-0.013113126655419667,0.12072268823782603,0.012211046616236369,-0.09613165309031804,-0.05002033015092214,0.01607966373364131,0.09024187872807185,-0.0654981662829717,-0.22131305237611135,0.2563043455282847,0.3102077464262644,-0.3588663419087728]","[0.030415260046720505,0.03586538955569267,0.029496514052152634,0.018587955087423325,0.009702809900045396,0.0006753437221050269,-0.009981795400381088,-0.03501074314117432,-0.028674624115228652,0.012449824064970017,-0.0005615122616291039,-0.04407878890633583,-0.016786403208971023,-0.008369631320238113,0.006270401924848557]"
2026-06-02T14:58:35.056,577.160,6432,0,15,0.000871,70.312,10.045,58.857,9.474,0,transient_bin_jump_gating,u16_id_range_primary,136,"[0.0175935722887516,-0.09736209139227867,-0.05224360302090645,0.027243746817111968,0.09931273236870766,-0.06901556774973869,-0.22514170184731483,0.26163472458720205,0.3160379402339458,-0.3587724693119526,-0.2556646890938282,0.23368136808276177,0.07523636743426323,-0.06975655034184455,0.09721622094511986]","[0.004323370506366095,-0.007546834896008173,-0.03320072243611018,-0.027601331720749536,0.012975558390220007,-0.00036861772338549204,-0.044222198675076166,-0.016130037854115167,-0.007354535410801569,0.007730059077342352,0.016916237523158392,0.030763320376475653,0.02080570881565412,0.017565212895472845,0.02534481113155683]"
2026-06-02T14:58:36.476,578.579,6448,0,15,0.001166,70.312,16.741,61.148,10.927,1,ok,u16_id_range_primary,136,"[-0.08804030368725459,-0.24828757743040722,0.2592966069777807,0.319851886232694,-0.36719991664091745,-0.26310809353987374,0.2302846570809682,0.06490429838498434,-0.0773508961002032,0.09770598610242208,0.06609445412953695,-0.20379822353521984,-0.23327520887056988,0.20662584503491718,0.23629648586114246]","[-0.03766000270843506,-0.08256986737251282,-0.05396278202533722,-0.045096948742866516,-0.029359683394432068,-0.0192611962556839,-0.005209013819694519,-0.01630912721157074,-0.019643887877464294,-0.010993972420692444,0.05874420702457428,0.06516937911510468,0.0706639289855957,0.06534191966056824,0.06014704704284668]"
2026-06-02T14:58:38.093,580.197,6464,0,15,0.009014,63.616,10.045,61.641,10.751,1,ok,u16_id_range_primary,136,"[0.46649382611115775,0.07026855250199636,-0.4621392081181208,-0.26301579574743905,0.10388172765572866,0.10504594047864278,-0.048177521924177805,-0.06867592434088389,0.22216999133427937,0.14961999257405598,-0.15457360843817394,-0.27727164725462594,-0.08394115070501963,0.1613362540801366,0.0789785717924436]","[0.1477218898634116,0.05774379099408786,-0.0400203434129556,-0.10410123740633329,-0.12902903233965238,-0.06876480256517728,-0.05392759715517362,-0.027740296473105747,-0.005855244149764377,0.018069996933142346,0.04607727701465289,0.039666857073704404,0.029215339074532193,0.03466341222325961,0.056279990325371426]"
2026-06-02T14:58:39.508,581.612,6480,0,15,0.008583,58.593,10.045,61.032,10.610,1,ok,u16_id_range_primary,136,"[0.09310141305128733,-0.05962804605563482,-0.0744964395960172,0.2198162908355395,0.14230951021114985,-0.16505775501330694,-0.29069016029437383,-0.09201899816592535,0.15857788274685541,0.07048344711462656,-0.0889211063583692,-0.09925667097171148,0.05269970099131266,0.12556413660446802,0.007516794900099436]","[-0.08378474016984304,-0.06933058400948842,-0.04385542472203573,-0.022755641241868338,0.0007568414012591035,0.028569419185320535,0.02143204609553019,0.011200268069903055,0.016733754674593607,0.038699079553286234,0.034233410159746805,0.023284692565600076,-0.0027690937121709197,-0.0026722063620885222,0.05025817851225535]"
2026-06-02T14:58:40.922,583.025,6496,0,15,0.008538,58.593,8.370,60.544,10.162,1,ok,u16_id_range_primary,136,"[-0.12885137846072514,-0.2552884464462598,-0.05554830481608709,0.1960885430375735,0.10709133545557659,-0.05235222925742467,-0.061634892721970876,0.09052082697550456,0.16253607521454494,0.044376244644323985,-0.21556156327327092,-0.2137506847580274,0.24492040822903316,0.1962457651893298,-0.058791699012120564]","[0.005145168304443358,-0.0023143827915191664,-0.012710416316986085,-0.007271909713745119,0.014616763591766356,0.00991830825805664,-0.001157099008560182,-0.027444624900817872,-0.027550125122070314,0.025563544034957884,0.01672900319099426,0.03385264277458191,0.02142370343208313,-0.011182719469070436,-0.03761785626411438]"
2026-06-02T14:58:42.341,584.445,6512,0,15,0.009064,58.593,11.719,60.154,10.473,1,ok,u16_id_range_primary,136,"[-0.06202085564533869,-0.07074067244927089,0.0807393987973531,0.15385025491317114,0.035130528112252556,-0.2286206508676211,-0.22811545679966608,0.2396829550464948,0.18837168564399084,-0.0739038015405337,0.10236051430304845,0.02522663523753484,-0.330122875670592,-0.1376612956325213,0.30582363655169803]","[-0.016829192638397217,-0.02790689468383789,-0.05427393317222595,-0.054101407527923584,-0.00026991963386535645,-0.009178906679153442,0.008057922124862671,-0.003694683313369751,-0.03603985905647278,-0.06203928589820862,-0.02491733431816101,0.024463742971420288,0.06264814734458923,0.09989312291145325,0.09418848156929016]"
2026-06-02T14:58:43.753,585.857,6528,0,15,0.025905,53.571,13.393,58.837,11.057,1,ok,u16_id_range_primary,136,"[-0.11279033124446869,0.24821873009204865,0.3836646229028702,0.14294205605983734,-0.16383977234363556,-0.10596314072608948,-0.1824895441532135,-0.382746621966362,-0.09452538192272186,0.3492775112390518,0.1785316914319992,-0.037802472710609436,-0.005557164549827576,-0.062193021178245544,-0.15472716093063354]","[-0.142831622560819,-0.0397592176993688,0.009503305951754248,0.011409581700960791,-0.0038540949424107906,0.02469235757986704,0.05298692087332407,0.06361091236273447,0.07178878883520762,0.03815195063749949,-0.015594347318013513,-0.07837277551492056,-0.11894404788812002,-0.0138575424750646,0.14106983045736948]"
2026-06-02T14:58:45.171,587.275,6544,0,15,0.013145,58.593,13.393,58.789,11.524,1,ok,u16_id_range_primary,136,"[0.07520880997180938,0.00033513158559799264,-0.3545978471636772,-0.16387153714895247,0.27829541712999345,0.12395677417516708,-0.054606090486049655,0.03815736323595047,0.011597444117069245,-0.0971302792429924,-0.5723753973841668,-0.30158702582120894,0.7495283678174018,0.5344405367970466,-0.26735166758298873]","[-0.09302753905455272,-0.043794162074724835,-0.005650706092516583,0.03178199430306752,0.026102088888486225,-0.0031440029541651426,-0.0458687091867129,-0.0707843894759814,0.04566795428593953,0.20897393723328908,0.2535524894793828,0.21480994721253713,0.10057406922181447,-0.19535321692625682,-0.42383975485960645]"
2026-06-02T14:58:46.597,588.700,6560,0,15,0.040766,55.245,11.719,58.080,11.563,1,ok,u16_id_range_primary,136,"[0.5519089937210083,0.5147540807723999,-0.458586847782135,-0.7564275622367859,0.042657876014709474,-0.035832977294921874,-0.0798341989517212,0.7996702432632447,0.5479251384735108,-0.39757094383239744,-0.09075713753700257,-0.19149274230003357,-0.8246469259262085,-0.11429450511932374,0.49252750873565676]","[-0.20199319422245027,-0.22826930582523347,-0.18123313486576081,0.031740579009056094,0.2907993525266647,0.41566002666950225,0.43271011412143706,0.34976074397563933,0.061692270636558535,-0.17794224321842195,-0.27858099043369294,-0.2865164548158646,-0.17669650614261628,-0.028981950879096986,-0.022149306535720826]"
2026-06-02T14:58:48.011,590.115,6576,0,15,0.027459,58.593,8.370,58.183,10.925,1,ok,u16_id_range_primary,136,"[0.5053795178731283,0.15257137020428976,0.0446216364701589,0.065122385819753,-0.007291475931803385,0.34240617354710895,-0.11139739553133647,-0.840536485115687,-0.19758398334185281,0.29637311895688373,0.4101385672887166,0.7635298271973928,0.17238151033719382,-0.9874565104643503,-0.6082582573095957]","[0.024781839052836097,0.09792848030726115,0.11219783226648966,-0.06687848170598348,-0.20694388349850973,-0.22935663064320883,-0.18568061192830404,-0.0496042807896932,0.10235323111216227,0.09581713477770487,0.06798392633597056,0.11002418498198191,0.11495418945948283,0.054494992891947425,-0.042071922620137536]"
2026-06-02T14:58:49.429,591.532,6592,0,15,0.052246,73.660,8.370,61.278,10.414,1,ok,u16_id_range_primary,136,"[-0.20362766136725743,-0.30552880515654884,-0.034343138833840686,0.31742893109718956,-0.09655349751313527,-0.04098232140143712,0.5521003151933352,0.23290617714325587,-0.347086534400781,-0.43912895073493324,-0.14911930312712987,0.23708392630020778,0.2301234448949496,-0.05360145916541417,0.10032887707153956]","[0.2301382581392924,0.2118211547533671,0.24920673767725626,0.29201586643854777,0.18005319039026896,0.04997415939966837,-0.14158420165379842,-0.26851551135381063,-0.3377771814664205,-0.3654752810796102,-0.2995349903901418,-0.1514445831378301,0.018265501658121745,0.1271295259396235,0.2057273546854655]"
2026-06-02T14:58:51.063,593.167,6608,0,15,0.055718,71.986,13.393,63.420,11.010,1,ok,u16_id_range_primary,136,"[9.97871160507216e-05,0.5497238129377365,0.2307938426733017,-0.3703867107629776,-0.5010841995477676,-0.16969942152500153,0.32542026937007906,0.27317858636379244,-0.11805332303047181,0.07844767868518829,0.4064309984445572,0.12630338370800018,-0.49140637218952177,-0.6558574348688125,0.3160891026258469]","[0.008263531823952994,-0.18171411405007046,-0.30717426190773645,-0.36974423776070275,-0.40809708486000695,-0.34982066998879113,-0.19900616655747097,-0.026100669304529825,0.08529435445864995,0.16656539191802341,0.24535441746314365,0.3993281756838163,0.41303986658652625,0.3281168376406034,0.19569462885459263]"
2026-06-02T14:58:52.493,594.597,6624,0,15,0.045317,58.593,13.393,62.455,11.486,1,ok,u16_id_range_primary,136,"[-0.28296213150024413,0.3704619526863098,0.3097833514213562,-0.23430712819099425,-0.012758779525756835,0.40950746536254884,0.10451371669769287,-0.5414626479148865,-0.6820000290870667,0.2791839361190796,0.7821898579597473,0.14657254219055177,-0.7155723452568055,-0.3121780037879944,0.3790282428264618]","[-0.44258246024449666,-0.29103240569432576,-0.11871706147988638,-0.007332475980122891,0.07394550542036692,0.15195467869440715,0.30299946467081706,0.3162886182467143,0.23099699417750041,0.09863224426905313,0.05172934929529825,0.0011338273684183692,-0.06613120635350546,-0.11846599181493124,-0.1834190805753072]"
2026-06-02T14:58:53.909,596.013,6640,0,15,0.063588,58.593,13.393,61.682,11.868,1,ok,u16_id_range_primary,136,"[0.443764162560304,0.11443821837504706,-0.5752201850215594,-0.6913978631297747,0.26153848816951114,0.7325722997387251,0.11590085675319037,-0.7025475079814593,-0.3197131926814715,0.33799712111552555,0.09053574254115423,-0.20654000590244928,-0.0656160960594813,0.3143906121452649,0.1498973493774732]","[0.2752238273620605,0.4248932361602783,0.43903098106384275,0.3545235157012939,0.22389254570007325,0.17335472106933594,0.1194685459136963,0.0500424861907959,-0.002014064788818359,-0.06562271118164062,-0.14065017700195312,-0.2993010520935059,-0.4864226818084717,-0.5550520658493042,-0.5113671064376831]"
2026-06-02T14:58:55.326,597.430,6656,0,15,0.078097,60.268,13.393,61.399,12.173,1,ok,u16_id_range_primary,136,"[0.7203916981816292,0.09144843369722366,-0.6180776879191399,-0.28150465339422226,0.24535251408815384,0.024385541677474976,-0.17832215875387192,-0.021023638546466827,0.32407096773386,0.15779245644807816,-0.5682700201869011,-0.6210326477885246,0.2736070230603218,0.5017498210072517,-0.05056764930486679]","[0.40003023147583006,0.3296922206878662,0.24795780181884766,0.18850431442260743,0.1204758644104004,0.04177508354187012,-0.11691799163818359,-0.3035930633544922,-0.3735193252563477,-0.33110167980194094,-0.26739575862884524,-0.1694358229637146,-0.03849908113479614,0.0821690320968628,0.18985817432403565]"
2026-06-02T14:58:56.772,598.876,6672,0,15,0.108562,60.268,13.393,61.173,12.417,1,ok,u16_id_range_primary,136,"[-0.03990503450234731,-0.5246260990699132,-0.04441811939080556,0.3711626599232356,0.22904773751894633,-0.3358913590510686,-0.3987531294425328,0.3283455143372218,0.48788402179876966,-0.027876370151837665,-0.0655003269513448,0.011306486527125043,-0.16685133477052053,-0.008323468764623004,0.18439882198969523]","[0.07300047874450682,-0.1585390090942383,-0.3997363567352295,-0.5006067276000976,-0.4658108472824097,-0.393212628364563,-0.2723203420639038,-0.11265010833740235,0.03592126369476317,0.17392807006835936,0.31527142524719237,0.3931987762451172,0.4384265422821045,0.4479547023773193,0.42517476081848143]"
2026-06-02T14:58:58.188,600.291,6688,0,15,0.059290,60.268,13.393,60.992,12.612,1,ok,u16_id_range_primary,136,"[-0.49218215520183245,-0.5574682551125686,0.30015657370289167,0.5480843586226304,0.04826859657963117,0.02692503755291303,0.014744351555903753,-0.2741368013123671,-0.04269780690471331,0.21253260498245558,0.05652390321095785,-0.0376614602903525,0.09378071402510008,0.10304570471247038,8.46338768800102e-05]","[-0.42193154208362105,-0.33074263446033003,-0.20702359788119792,-0.09769950024783611,0.008881234005093573,0.1419961679726839,0.20443787463009358,0.23575212843716145,0.23107817061245442,0.1951655674725771,0.13007796593010426,0.051673101633787154,-0.027364223822951318,-0.06879229061305522,-0.0455084215849638]"
2026-06-02T14:58:59.605,601.709,6704,0,15,0.049343,60.268,15.067,60.847,13.103,1,ok,u16_id_range_primary,136,"[0.03726548204819362,-0.02711012711127599,-0.3717196558912595,-0.03250822176535924,0.22409479568401972,-0.03269630422194798,-0.1271809091170629,0.06205287824074428,0.07177891830603282,-0.04782193650801976,-0.07116476198037465,-0.23368683209021887,-0.17899352063735327,0.37094751248757046,0.3567426825563113]","[0.09615346391995748,0.15245720346768699,0.18365600307782493,0.17426010568936667,0.13103440006573996,0.05556912322839101,-0.03448683420817057,-0.12390464941660563,-0.17228992680708566,-0.1512484590212504,-0.055868122975031534,-0.0418293962876002,-0.04430340627829234,-0.07035600046316783,-0.0988435039917628]"
2026-06-02T14:59:01.036,603.140,6720,0,15,0.064421,71.986,13.393,63.075,13.161,1,ok,u16_id_range_primary,136,"[-0.8183833385507265,-0.3840360666314761,0.6468733524282774,0.6952290510137876,0.15030103673537573,-0.13713270674149194,-0.43499952803055447,-0.3946386898557345,0.3286442731817563,0.49795666088660556,0.006184307237466179,-0.11827661345402399,-0.022252927223841347,-0.0558722789088885,0.04040346791346868]","[-0.2843481371800105,-0.18035734395186107,-0.10112560490767161,-0.02197492818037669,0.08252679606278737,0.2162429024775823,0.22674404879411061,0.19145130415757497,0.11400365134080251,0.028122865160306293,-0.03831856648127238,-0.07549197177092234,-0.08947569827238719,-0.06987083653608958,0.0018715192874272646]"
2026-06-02T14:59:02.457,604.561,6736,0,15,0.059857,71.986,13.393,64.857,13.207,1,ok,u16_id_range_primary,136,"[-0.1439274753133456,-0.3792638088266055,-0.21964385161797206,0.44072739233573277,0.44582922210295994,-0.10816820512215297,-0.22210351179043453,-0.10735064546267192,-0.08994912157456081,0.0674236958225568,0.22610124399264653,-0.0044695938626925155,-0.21319118688503902,0.0804360603292783,0.22754978587230046]","[-0.030822988599538803,-0.024255510419607162,-0.0467793308198452,-0.10115682706236839,-0.1589471586048603,-0.19630125910043716,-0.20649777725338936,-0.19722827896475792,-0.15898558124899864,-0.07202896103262901,0.08368575945496559,0.21106183901429176,0.29760003462433815,0.33953822031617165,0.2611178196966648]"
2026-06-02T14:59:03.874,605.977,6752,0,15,0.074888,71.986,13.393,66.283,13.244,1,ok,u16_id_range_primary,136,"[-0.10853428021073341,-0.2228047139942646,-0.10770374909043312,-0.08932386711239815,0.06945228204131126,0.2264951579272747,-0.0024035610258579254,-0.2166302390396595,0.08161571249365807,0.2383185438811779,-0.10273754969239235,-0.02479507029056549,0.08785723522305489,0.17977094277739525,-0.00857684388756752]","[-0.06382377694050471,-0.07416958237687747,-0.06494889284173648,-0.026611051211754486,0.06095358108480771,0.21716227506597835,0.345012449969848,0.4295562741657098,0.47059597944219905,0.39161553358038265,0.21021523450811702,-0.08424792314569156,-0.4226006033519904,-0.6108351709942023,-0.7778743269542853]"
2026-06-02T14:59:05.288,607.392,6768,0,15,0.126706,71.986,6.696,67.424,11.935,1,ok,u16_id_range_primary,136,"[-0.273362472653389,0.3785073012113571,0.18764770030975342,0.1510881781578064,0.21867413818836212,-0.21975623071193695,-0.25499145686626434,-0.06264787912368774,0.19698482751846313,0.09030473232269287,-0.5370698124170303,-0.07777513563632965,0.6600727289915085,0.08651052415370941,-0.544187143445015]","[0.2920145948727926,0.5190375407536825,0.6778114994366964,0.7688204606374105,0.7136416991551717,0.5350516398747762,0.2301817496617635,-0.13579076925913494,-0.35146421591440835,-0.5421578327814738,-0.6881598869959513,-0.6995537916819254,-0.5830031077067057,-0.44326883951822915,-0.2931607405344645]"
2026-06-02T14:59:06.729,608.833,6784,0,15,0.117591,71.986,13.393,68.336,12.226,1,ok,u16_id_range_primary,136,"[-0.18601604104042052,-0.20336331725120543,-0.0033675312995910672,0.24766978323459626,0.15876584947109224,-0.48032261729240416,-0.061681109666824344,0.7070498287677764,0.17549554705619813,-0.4901533305644989,0.050855976343154904,0.42794222831726075,0.02906973361968994,-0.4166136860847473,0.04466868638992309]","[0.7086570143699646,0.40466355085372924,0.03443239927291869,-0.18153501749038697,-0.3668117642402649,-0.5084228634834289,-0.5191795945167541,-0.4002197504043579,-0.2617528557777405,-0.11404539346694947,0.021145927906036366,0.1835352063179016,0.3123632550239563,0.32596157789230346,0.3612083077430725]"
2026-06-02T14:59:08.156,610.260,6800,0,15,0.118339,71.986,13.393,69.066,12.460,1,ok,u16_id_range_primary,136,"[-0.49783347820242246,-0.09684758161505064,0.675425064812104,0.15852419758836428,-0.5088199851413567,0.027303409824768702,0.3991485359768073,-0.005283343543608984,-0.45161728834112486,0.02323360467950503,0.46077759290734926,-0.07627879356344541,-0.019771679242451986,0.10467604274551073,-0.1926362988849481]","[-0.5482707699139913,-0.557829209168752,-0.4387682159741719,-0.30269337495168047,-0.1572793205579122,-0.02385360797246297,0.13859014908472697,0.2675581494967143,0.2806668798128764,0.316465429464976,0.2633452932039897,0.1916366736094157,0.19910191694895427,0.16880171696345012,0.2025282899538676]"
2026-06-02T14:59:09.584,611.687,6816,0,15,0.124898,83.705,6.696,71.994,11.307,1,ok,u16_id_range_primary,136,"[-0.05976257125536601,0.30237879951794944,-0.10685086647669474,-0.5481073300043742,-0.0655277411142985,0.37315189441045127,-0.1739440600077311,-0.28187686602274575,0.10297798713048299,0.3273556192715963,-0.36551273266474404,-0.8754914442698161,-0.11181909243265788,0.7749607523282369,0.7080676515897115]","[-0.09421208302179972,0.06817850669225058,0.19725212653477986,0.21036359866460164,0.24673864444096882,0.1937080939610799,0.09902563889821371,-0.08964189688364664,-0.2094179670015971,-0.16435113350550334,-0.12737527290980022,-0.08868899742762247,-0.18728342453638713,-0.11033478180567423,0.05603894790013632]"
2026-06-02T14:59:11.201,613.305,6832,0,15,0.118575,58.593,8.370,69.314,10.720,1,ok,u16_id_range_primary,136,"[0.40841840902964277,-0.15603109498818715,-0.2333985795577367,0.31017201344172163,-0.0027783294518788637,-0.8659408469994863,-0.3611240168412526,0.6543884495894114,0.6431851009527842,0.20203062097231547,-0.8003189941247304,-1.0018684049447377,-0.25252596338589983,0.5568592170874278,0.8989324192206065]","[0.08212570945421854,-0.014800741275151567,-0.11710120638211569,-0.062462641795476274,0.035338566700617476,0.03463082114855449,-0.01486225326855977,-0.22264845569928488,-0.25026740034421285,-0.16980714996655782,0.02789013187090556,0.19208763639132181,0.23255823651949564,0.1675284961859385,0.0797902504603068]"
2026-06-02T14:59:12.632,614.736,6848,0,15,0.116731,53.571,13.393,66.165,11.254,1,ok,u16_id_range_primary,136,"[-0.9957950341204802,-0.04345347757140795,0.6747637761135896,0.18403521900375686,-0.30421530480186143,0.1138417494793733,0.4643429589768251,-0.22325896496574082,-0.3645224201182524,0.408331818630298,0.3471668732662996,-0.18689113135139146,-0.02280551219979922,0.1120976467927297,-0.16363819713393846]","[0.24783821801344552,0.1523916165033976,0.0875851700703303,0.04048042396704356,-0.04686478873093923,-0.0350264718135198,0.018241066733996072,0.0038365910450617463,-0.013630013664563498,-0.03475538988908132,-0.08114896317323049,-0.11501948138078054,-0.08368472357590993,-0.07189009686311086,-0.06835315724213918]"
2026-06-02T14:59:14.048,616.152,6864,0,15,0.090793,70.312,11.719,66.995,11.347,1,ok,u16_id_range_primary,136,"[-0.6944571087757746,-0.7474389026562372,0.015448396404584248,0.665119950970014,0.9007400919993719,0.23854452868302664,-0.6555320570866267,-0.4278883288304011,-0.0615354726711909,-0.09580802420775096,0.13044232626756033,0.3514589120944341,0.21803795297940573,0.09461659689744313,0.06825113793214162]","[-0.09636380275090536,0.07517496744791666,0.1340650717417399,0.09499290088812509,0.03795259694258372,-0.07670487960179648,-0.17970158656438193,-0.2041011949380239,-0.18393569191296896,-0.08517306049664816,0.03514141837755839,0.13420803348223367,0.16835315028826395,0.12104220191637674,0.025049875179926552]"
2026-06-02T14:59:15.478,617.582,6880,0,15,0.061317,83.705,21.763,66.995,11.347,0,br_jump_11.72_to_21.76,u16_id_range_primary,136,"[0.38469714323679605,-0.4999593456586202,-0.30841230948766074,-0.030830379327138266,-0.10230719645818075,0.15820587078730264,0.419959549109141,0.3095443288485209,0.19757563273111978,0.15987709561983743,0.031634185711542764,0.06326976815859477,-0.2184548040231069,-0.6569271643956502,0.09212762514750163]","[-0.07018975615501404,-0.19782534688711167,-0.24200365394353868,-0.2369459316134453,-0.15054357498884202,-0.039886479079723355,0.052250500023365024,0.08210914880037308,0.03518244177103043,-0.06683813482522964,-0.10595864504575729,0.048583205044269565,0.2275718405842781,0.3403497293591499,0.3241446569561958]"
2026-06-02T14:59:16.926,619.030,6896,0,15,0.053724,58.593,16.741,65.314,12.426,1,ok,u16_id_range_primary,136,"[-0.050009973843892414,0.2477061669031779,0.08904760281244914,-0.22851841946442922,-0.27139284511407213,-0.0007270057996114077,0.34191992084185285,0.29319082895914717,-0.5567346592744191,-0.7774121542771657,0.15402951041857402,0.6133085111776988,0.1558370808760325,0.15145238439242045,-0.16169694860776265]","[0.06443662444750467,0.06987817088762918,0.08954293529192606,0.05301899711290995,-0.05626033743222555,-0.23688863714536032,-0.2763247986634572,-0.19539984067281088,-0.05860578020413717,0.042112121979395546,0.1560909847418467,0.1125373343626658,0.08559311429659525,0.07942355672518411,0.07084555427233377]"
2026-06-02T14:59:18.347,620.451,6912,0,15,0.031905,77.009,21.763,67.653,14.293,1,ok,u16_id_range_primary,136,"[-0.0982263724009196,-0.1167124922076861,0.08468377937873205,-0.31193861762682595,-0.5721549729506175,0.25941368540128074,0.826427306731542,0.3263488074143728,0.05230393608411153,-0.43998524943987527,-0.8462846616903941,-0.1391402820746104,0.3004519005616506,0.17012875874837238,0.5046844740708669]","[-0.22387892206509907,-0.2343524118264516,-0.0996595044930776,0.05982142488161722,0.13325077096621196,0.16072702209154766,0.00046187440554300296,-0.11878043611844381,-0.1662175675233205,-0.16904986103375752,-0.08292460640271505,0.09401649037996927,0.18643060127894084,0.2304922918478648,0.22966283361117046]"
2026-06-02T14:59:19.766,621.870,6928,0,15,0.035115,77.009,10.045,67.653,14.293,0,br_jump_21.76_to_10.04,u16_id_range_primary,136,"[0.2453328768412272,0.8193735281626383,0.31691763798395794,0.032765428225199386,-0.4617051084836324,-0.8616326649983724,-0.15734239419301352,0.28324554363886517,0.1597785751024882,0.48643354574839276,0.4401198426882426,-0.2898721893628438,-0.5898241003354391,-0.30376031001408893,-0.11983021100362141]","[0.11667981147766113,-0.043198382854461675,-0.16242817640304566,-0.21093419790267945,-0.21516231298446656,-0.1311984419822693,0.04229238033294677,0.13302048444747924,0.1771686017513275,0.17753236889839172,0.1463024854660034,0.10383334159851074,0.05731561183929443,-0.010415172576904302,-0.1808084011077881]"
2026-06-02T14:59:21.186,623.290,6944,0,15,0.042050,58.593,10.045,67.653,14.293,0,br_jump_21.76_to_10.04,u16_id_range_primary,136,"[-0.8067739516496658,-0.10710459053516388,0.3275130480527878,0.2066505342721939,0.537226089835167,0.49128044545650484,-0.23838668167591096,-0.5384823590517044,-0.2557643562555313,-0.07342891991138459,0.25964600741863253,0.6088975757360459,0.042568573355674745,-0.39471172392368314,-0.0591296911239624]","[-0.03532247543334961,0.13761783838272096,0.22804699540138246,0.2717790424823761,0.27178115844726564,0.24016393423080445,0.19789923429489137,0.15192939043045045,0.08439744710922241,-0.08569918870925904,-0.14647005796432494,-0.21574424505233764,-0.2543885588645935,-0.36063950061798095,-0.48535101413726806]"
2026-06-02T14:59:22.613,624.717,6960,0,21,0.063728,55.245,16.741,67.653,14.293,0,transient_bin_jump_gating,u16_id_range_primary,136,"[0.4936068594455719,-0.2491365134716034,-0.558438903093338,-0.26013771295547483,-0.07053781151771546,0.07850086092948913,0.6763848602771759,0.6589312493801117,-0.5191491305828094,-0.896614795923233,0.2377051055431366,0.6739547193050385,-0.13422248363494874,-0.3315370142459869,0.20069071054458618]","[0.43179518779118853,0.38583225806554156,0.33556813796361284,0.26561839183171587,0.07475704749425252,-0.18046121994654338,-0.3380661527315776,-0.3674787799517314,-0.40145825544993086,-0.42156379620234175,-0.3128462354342143,-0.14690571228663127,0.05643124183019002,0.23241800864537557,0.3863598783810933]"
2026-06-02T14:59:24.031,626.135,6976,0,17,0.072402,58.593,10.045,67.653,14.293,0,transient_bin_jump_gating,u16_id_range_primary,136,"[0.022766895592212677,0.6144354417920113,0.608135886490345,-0.5617116615176201,-0.936372809112072,0.18573720008134842,0.5987398102879524,-0.1964411959052086,-0.3650195524096489,0.15809356421232224,0.20783957093954086,-0.0864349827170372,-0.07333799451589584,-0.028340809047222137,-0.14808936417102814]","[-0.24778265158335366,-0.40311080614725747,-0.43363911310831704,-0.4689427057902018,-0.4884417692820231,-0.378179136912028,-0.21354824701944985,-0.010505501429239908,0.16514104207356772,0.31956332524617515,0.4133514722188314,0.4548442920049032,0.46233039697011313,0.43445664246877036,0.3944627602895101]"
2026-06-02T14:59:25.449,627.553,6992,0,17,0.154494,58.593,10.045,67.653,14.293,0,transient_bin_jump_gating,u16_id_range_primary,136,"[0.43885538081328074,-0.292297958334287,-0.7174642970164616,0.11945781211058298,0.6390229771534602,0.2734739492336909,-0.10182818671067556,-0.1513036181529363,-0.24174578388532003,-0.29291501541932424,-0.06078126927216848,0.11604115466276804,0.12816703418890635,0.12237957219282786,0.02093824843565623]","[-0.9493140598138173,-0.6871475597222646,-0.3710941692193349,-0.09100431402524312,0.1480255703131358,0.298116264740626,0.3687613586584727,0.3830142597357432,0.34410279790560405,0.2822048048178355,0.20852821866671245,0.12316646973292034,0.04215901891390483,-0.01715833147366841,-0.08236032923062642]"
2026-06-02T14:59:26.870,628.974,7008,0,17,0.147825,58.593,10.045,67.653,14.293,0,transient_bin_jump_gating,u16_id_range_primary,136,"[0.3142243668437004,-0.06763350516557694,-0.11563202291727066,-0.2026336148381233,-0.2552033022046089,-0.022230859100818633,0.15159628242254258,0.16419019252061845,0.16694528311491014,0.0642272874712944,-0.10226413160562516,-0.08611864149570465,-0.047323021292686465,-0.020350168645381927,0.05820585489273071]","[0.2269564906756083,0.2965840140978495,0.3102577964464823,0.2702841798464457,0.20819539229075112,0.13540408412615457,0.049768958489100124,-0.03147136767705283,-0.09064924319585166,-0.156428333123525,-0.20053934653600058,-0.23214983542760215,-0.2572823723157247,-0.2589787205060323,-0.26995169719060264]"
2026-06-02T14:59:28.492,630.595,7024,0,10,0.033935,73.660,8.370,67.653,14.293,0,transient_bin_jump_gating,u16_id_range_primary,136,"[0.012864662210146587,0.31940977076689403,-0.08047147293885548,-0.7189777662356694,0.020680827895800273,0.7313871214787165,0.2514576743046443,-0.26818691392739613,-0.19258205791314442,-0.1992235501607259,0.08999500970045726,0.6680931280056636,0.12360916833082836,-0.6405748297770818,-0.1174807717402776]","[0.04283824463685354,0.0011228611071904537,-0.03077182273070017,-0.09915277461210886,-0.12016901473204294,-0.10689589480559031,-0.03922103444735209,0.08173355360825857,0.17264965077241262,0.10083910723527273,0.0418135811885198,0.030216961105664575,-0.02114626864592234,-0.07094094256560007,0.017083792885144555]"
2026-06-02T14:59:29.922,632.026,7040,0,12,0.060881,51.897,10.045,67.653,14.293,0,transient_bin_jump_gating,u16_id_range_primary,136,"[-0.44273325204849245,0.5846601486206054,0.5064072370529175,-0.28424044847488406,-0.620920741558075,-0.5885870695114136,0.4226886391639709,1.357693111896515,-0.27555211782455447,-1.4028071999549865,-0.1742106318473816,0.599036967754364,0.3996387481689453,0.1851738452911377,-0.26624723672866824]","[0.5533141334851583,0.4071950157483419,0.29436819156010946,0.3148988922437032,0.2554794987042745,-0.00536330143610636,-0.10848172108332316,-0.1078620711962382,-0.07274587551752726,-0.05924375454584757,-0.11940200726191202,-0.2702966491381327,-0.3585843602816264,-0.3755373517672221,-0.3477386395136515]"
2026-06-02T14:59:31.341,633.445,7056,0,12,0.062223,51.897,8.370,67.653,14.293,0,transient_bin_jump_gating,u16_id_range_primary,136,"[0.2265661785999934,0.09091363648573557,-0.02920787235101064,-0.37280263205369313,-0.24720217486222584,0.21542320946852367,0.31024770239988964,0.040584994355837505,-0.021955074866612752,0.19809458951155345,-0.43390269776185353,-0.4559032787879308,0.527464551726977,0.41059021453062694,-0.45891134639581044]","[0.07735567092895507,0.060819435119628895,0.10520629882812499,0.17764358520507811,0.2063572883605957,0.22693161964416503,0.17248992919921874,0.025303053855895985,-0.035164427757263195,-0.10159082412719728,-0.22088868618011476,-0.30489928722381593,-0.2565154552459717,-0.13956565856933595,0.006517457962036122]"
2026-06-02T14:59:32.761,634.865,7072,0,18,0.091481,73.660,6.696,73.660,6.696,1,filter_lockout_recovery_reset,u16_id_range_primary,136,"[0.0427338182926178,0.37711018323898315,0.5988154113292694,-0.2098996937274933,-0.663519412279129,-0.6082093417644501,0.038353174924850464,0.8174653947353363,0.41128215193748474,-0.5098155438899994,-0.4419350028038025,0.025322705507278442,0.2504105865955353,0.08569033443927765,-0.21380476653575897]","[-0.049043567975362135,-0.19465330441792805,-0.3335275967915853,-0.32312312920888264,-0.28825822671254475,-0.3020769675572713,-0.29500988324483235,-0.17863956292470295,-0.019812019666035963,0.14440640608469646,0.2552183548609416,0.31269296805063884,0.39834341208140056,0.4261020104090373,0.44738110701243083]"
2026-06-02T14:59:34.192,636.296,7088,0,18,0.050406,73.660,6.696,73.660,6.696,0,transient_bin_jump_gating,u16_id_range_primary,136,"[-0.04066783388455709,-0.3109764998157819,0.43578240821758907,0.3981812948981921,-0.42773857166369755,-0.2962735240658124,0.2722041959563891,0.44413000891606014,0.13751340458790462,-0.22648199846347172,-0.1770086829861005,0.11686997661987941,0.23704714129368465,-0.3708195929725965,-0.19176172663768132]","[-0.38550995985666914,-0.4753339509169261,-0.43600686589876814,-0.3288544038931529,-0.1865397314230601,-0.07714065114657084,-0.005758605400721234,0.10255829294522603,0.15777722795804341,0.20686737497647603,0.21490899523099263,0.301779427131017,0.40856985052426653,0.31170455416043596,0.1909784456094106]"
2026-06-02T14:59:35.621,637.725,7104,0,18,0.024165,51.897,11.719,73.660,6.696,0,transient_bin_jump_gating,u16_id_range_primary,136,"[-0.45391361514727274,0.19747562607129415,0.481232359011968,0.29683945973714193,-0.18061004678408304,-0.3439230779806773,-0.22940735618273417,0.4562333365281423,0.008578075965245565,-0.7790734032789867,0.18340875109036764,0.6427371641000111,-0.30309833685557047,-0.3241771916548411,0.3476982553799947]","[-0.2505617141723633,-0.2102593183517456,-0.107352614402771,-0.03976261615753174,0.035712361335754395,-0.017441868782043457,-0.0737985372543335,0.008640408515930176,-0.025823235511779785,-0.03896605968475342,0.014977574348449707,0.061022400856018066,0.10223090648651123,0.17902052402496338,0.3623617887496948]"
2026-06-02T14:59:37.038,639.141,7120,0,18,0.143111,70.312,8.370,71.945,7.554,1,ok,u16_id_range_primary,136,"[-0.0109175443649292,0.2748451977968216,-0.05664972960948944,-0.8311289995908737,-0.7577735632658005,0.6216485649347305,0.7873056083917618,-0.3459569066762924,-0.39526180922985077,0.15610654652118683,-0.17954762279987335,-0.8856509178876877,-0.2874002903699875,1.2604977637529373,0.6498837023973465]","[-0.5212204257647196,-0.5486199657122294,-0.3851907054583231,-0.31199763218561805,-0.22089503208796182,-0.07786295811335245,0.0302531917889913,0.10619380076726279,0.19573952754338583,0.3721025188763937,0.5347483356793722,0.42945863803227746,0.23576178153355917,0.1332488258679708,0.028280099232991546]"
2026-06-02T14:59:38.464,640.568,7136,0,18,0.118433,51.897,18.415,71.945,7.554,0,br_jump_8.37_to_18.42,u16_id_range_primary,136,"[0.14311915238698325,1.3079132397969564,0.38354336818059287,-0.5904694239298502,-0.36333576242129006,-0.28732741276423135,-0.8547698895136515,-0.2908949295679728,1.362680967648824,0.8588373025258382,-1.0677147547403971,-0.8868185917536417,-0.04852366844813029,0.039869662125905356,0.29389074047406516]","[0.16570169727007547,0.18903238574663797,0.16370088855425516,0.14230997363726297,0.22759015361467996,0.32788545886675513,0.19935805598894754,-0.006688763697942107,-0.10575576623280844,-0.19254918893178305,-0.20602410038312277,-0.18806092937787375,-0.23146076997121176,-0.2581640978654226,-0.22687499721844992]"
2026-06-02T14:59:39.883,641.987,7152,0,18,0.184457,71.986,15.067,71.960,10.258,1,ok,u16_id_range_primary,136,"[-0.1155133565266927,-0.7002684791882833,-0.18373093207677205,1.432327894369761,0.9639996568361918,-0.9555705507596334,-0.8231503089269002,-0.01479432185490926,0.11057117382685344,0.45265456835428874,0.4644005278746287,-0.1833648403485616,-0.4540334661801656,-0.12109819253285725,0.12757062713305156]","[0.34861722588539124,0.22768369317054749,0.018919140100479126,-0.08431270718574524,-0.17475292086601257,-0.19053368270397186,-0.16505567729473114,-0.21639616787433624,-0.24872824549674988,-0.22154763340950012,-0.1302865445613861,0.023425474762916565,0.18346330523490906,0.2986634075641632,0.3308413326740265]"
2026-06-02T14:59:41.302,643.406,7168,0,18,0.133916,51.897,8.370,66.127,9.709,1,ok,u16_id_range_primary,136,"[-0.8068815757830937,0.0492506335179011,0.1733002225557963,-0.25071644683678945,0.32487747172514597,0.44750806788603464,-0.4440950443347295,-0.37313309212525686,0.6367401788632076,0.13649663428465525,-0.6344057609637578,-0.07859626313050588,0.5220991084973018,0.6497451970974605,-0.35218933125336965]","[0.10997773061196009,0.022111901144186652,-0.1433167373140653,-0.2563974772890409,-0.2740753804643949,-0.2137290154894193,-0.23490860213836035,-0.1380149041612943,0.02593798289696375,0.17687476525704066,0.27570331941048304,0.1860788772503535,0.15987821767727534,0.1997075910369555,0.10417173157135645]"
2026-06-02T14:59:42.722,644.826,7184,0,18,0.113737,75.335,10.045,68.467,9.794,1,ok,u16_id_range_primary,136,"[1.0059209803740183,0.31859359542528787,-0.5044524927934011,0.18663931290308633,0.045354280869166055,-0.5935780068238576,-0.05211671789487203,0.6674530247847239,0.868910406033198,-0.2641883750756582,-1.1207585593064626,0.30924538175264993,1.333505247036616,-0.866016294558843,-1.334511782725652]","[0.1961210310459137,0.03043466210365295,-0.01579923033714295,0.030612283945083613,0.0979774534702301,0.1516752779483795,0.035951429605484,0.004389816522598261,0.05478768944740295,-0.021480745077133184,-0.217588609457016,-0.16594547629356385,0.00957446694374084,-0.04828841090202332,-0.1424216389656067]"
2026-06-02T14:59:44.343,646.447,7200,0,18,0.104081,71.986,8.370,69.288,9.462,1,ok,u16_id_range_primary,136,"[-0.5441152016321817,-0.04789449373881022,0.6538216312726339,0.8818980892499289,-0.2337344447771708,-1.0920596281687418,0.34884981711705526,1.3831478198369345,-0.8259152928988138,-1.3119290033976236,1.403398617108663,1.493850334485372,-0.5868096510569254,-0.9238358894983927,-0.5986727039019266]","[0.1444995492696762,0.03213811814785003,0.00326682031154632,0.05665851533412933,-0.016556611657142645,-0.20892011225223542,-0.15347444117069245,0.02705306708812713,-0.027533060312271124,-0.11861520111560822,-0.18683539927005768,-0.1748988538980484,0.060799130797386164,0.29018486440181734,0.2722336143255234]"
2026-06-02T14:59:45.759,647.863,7216,0,18,0.078976,75.335,20.089,69.288,9.462,0,br_jump_8.37_to_20.09,u16_id_range_primary,136,"[-1.0981916030248007,0.34546716610590616,1.3612011830012003,-0.851464851697286,-1.3269907077153524,1.3982577482859293,1.4864334026972452,-0.5943928798039755,-0.9229906638463339,-0.6058140834172567,0.160287872950236,1.5033415714899698,0.725277558962504,-0.8833100636800131,-0.6971116503079733]","[-0.3143538435300191,-0.25195013483365375,-0.06518243749936423,-0.11521672209103903,-0.20194517572720846,-0.26619457205136615,-0.2524986167748769,-0.01633452375729879,0.21351529161135355,0.19467497865358988,0.17345119516054788,0.17394662896792093,0.20792652169863382,0.2369383672873179,0.28322304288546246]"
2026-06-02T14:59:47.190,649.294,7232,0,18,0.058764,73.660,8.370,70.253,9.221,1,ok,u16_id_range_primary,136,"[1.2410298317670823,1.3128267258405686,-0.77551009953022,-1.1006492644548416,-0.7853803306818008,-0.026692059636116025,1.3296587198972702,0.5640450447797776,-1.0662797957658767,-0.8828153282403945,0.10070267617702484,0.0913392037153244,-0.05465963184833526,0.09946266114711762,-0.0470783531665802]","[-0.43442925612131755,-0.4193849245707194,-0.18283054033915203,0.04766038258870442,0.028865369160970045,0.004829676946004224,0.008290799458821607,0.0455673058827718,0.07743945916493733,0.12399855454762776,0.1546790321667989,0.17415881355603535,0.1844467540582021,0.1458953340848287,0.040813239415486646]"
2026-06-02T14:59:48.604,650.708,7248,0,18,0.078387,73.660,10.045,70.979,9.397,1,ok,u16_id_range_primary,136,"[0.0565374239658316,1.3679509505008658,0.47320810401191316,-1.1414600268627206,-0.8041938797260324,0.25549814545859895,0.2295176132892569,0.09442085468520721,0.2505560859416922,0.030640189287563166,-0.2811434224868814,-0.017557980741063753,0.24071860754241547,-0.1682744280124704,-0.5864182368541757]","[0.14313294688860576,0.15367891589800517,0.17881777087847392,0.18698456088701884,0.20742931167284648,0.21212955514589946,0.20290183226267497,0.18625196019808452,0.1259746770064036,0.008704922596613568,-0.20548091133435567,-0.3680910845597585,-0.4203989287217458,-0.35833857258160906,-0.25369695623715716]"
2026-06-02T14:59:50.023,652.127,7264,0,18,0.079832,56.919,13.393,68.051,10.229,1,ok,u16_id_range_primary,136,"[0.15211985039835174,0.12272930669908723,-0.009014541624734793,0.15491116571550567,-0.06501417827482024,-0.3838643677222232,-0.1256163854772846,0.1366312854302426,-0.2652589924323062,-0.6846547968375186,-0.23769041371221344,0.195265268565466,0.02572957205896577,0.4588816516411801,0.5248455755723019]","[0.3500194430351257,0.3410345196723938,0.3239257216453552,0.26332883834838866,0.14642684459686278,-0.06709213256835937,-0.2296459197998047,-0.28195126056671144,-0.22002215385437013,-0.11536527872085571,0.035544860363006595,0.00827758312225342,-0.16297037601470948,-0.24344314336776735,-0.14806754589080812]"
2026-06-02T14:59:51.443,653.546,7280,0,18,0.078583,73.660,11.719,69.202,10.535,1,ok,u16_id_range_primary,136,"[-0.2915203768759966,-0.044178671389818194,0.22688267640769483,-0.16461022682487964,-0.5918916065245867,-0.15312798805534839,0.286420176550746,0.12645440809428693,0.5539890926331281,0.6187565129250288,-0.7077375251799822,-1.5811173517256976,-0.3926628429442644,1.252703944966197,0.8616397779434919]","[-0.008208183447519939,-0.16980865399042766,-0.22070959011713664,-0.15712556044260662,-0.050040213267008464,0.10159215529759724,0.07495990594228108,-0.09685745636622112,-0.17499449650446575,-0.07718148628870647,0.12078884442647297,0.20438304742177327,0.22390315135320027,0.19236490329106648,0.03693363269170125]"
2026-06-02T14:59:52.871,654.974,7296,0,18,0.099735,75.335,16.741,70.449,11.797,1,ok,u16_id_range_primary,136,"[-0.11688970625400544,0.3144764393568039,0.1459576427936554,0.581169256567955,0.6480087727308274,-0.6726394802331924,-1.544324627518654,-0.3689671665430069,1.2710467666387557,0.8922754019498825,-0.1571059137582779,-0.2325208693742752,-0.20571034252643586,-0.3073649615049362,-0.24741121232509614]","[0.21940408150355023,0.19146911303202313,0.01952383915583293,-0.060482045014699296,0.03465489546457927,0.23095015684763592,0.31405160824457806,0.33297959963480633,0.3000013033548991,0.14477698008219403,-0.02327366669972737,-0.2585476239522298,-0.4282883008321126,-0.5316662391026815,-0.48555370171864826]"
2026-06-02T14:59:54.291,656.395,7312,0,18,0.098644,63.616,10.045,69.068,11.443,1,ok,u16_id_range_primary,136,"[-0.625003041823705,-1.4977836032708487,-0.31453269918759663,1.32839923898379,0.9430356005827586,-0.11087459524472554,-0.1796957274278005,-0.1521196683247884,-0.2572825570901235,-0.19782561262448628,0.23734089533487956,-0.06498334010442097,0.12522584001223247,0.791540918747584,-0.025441648562749226]","[0.2513757308324178,0.3350249489148458,0.3544016440709432,0.32227021058400473,0.16689687569936115,-0.0011656920115153124,-0.2363317648569743,-0.40601802269617715,-0.5082891623179118,-0.4622818867365519,-0.29062790075937905,-0.18052548567454021,0.05799132188161213,0.2770994265874227,0.32017975648244223]"
2026-06-02T14:59:55.714,657.817,7328,0,18,0.084530,63.616,10.045,67.970,11.161,1,ok,u16_id_range_primary,136,"[-0.06438008546829224,-0.12052521705627442,-0.09128735065460206,-0.20312578082084656,-0.14518190026283265,0.2909408748149872,-0.0012899398803710993,0.18926384449005126,0.8433642029762268,0.020138108730316157,-0.5371660351753235,0.5265890002250672,0.3236033856868744,-0.807146406173706,-0.22379670143127442]","[-0.005952390034993482,-0.24186232884724934,-0.412167223294576,-0.512916358311971,-0.4676653464635213,-0.29680577119191487,-0.18702045281728108,0.052108613650004076,0.2716058174769084,0.3135579506556193,0.3435431400934855,0.4116526524225871,0.42838117281595867,0.27148672739664714,0.032053796450297045]"
2026-06-02T14:59:57.144,659.248,7344,0,18,0.120274,77.009,8.370,69.786,10.601,1,ok,u16_id_range_primary,136,"[-0.06505803068478902,-0.18522266348203023,0.15252198974291484,0.7850297907988231,-0.08469329078992208,-0.6396882911523183,0.3970076660315196,0.11390616695086161,-0.8793446203072866,-0.38986883362134295,0.5888719777266185,0.4714228729406993,-0.38107881744702654,-0.24538976748784383,0.3615838507811229]","[-0.5020478188991546,-0.4138586938381195,-0.19702081084251405,-0.0005975186824798695,0.016022878885269154,0.026504474878311146,0.0834424078464508,0.11620183587074279,0.14568133950233458,0.14712031483650206,0.20688002109527587,0.23667051196098327,0.17327411770820617,0.052407580614089955,-0.09068064093589784]"
2026-06-02T14:59:58.577,660.681,7360,0,18,0.082424,75.335,8.370,70.899,10.153,1,ok,u16_id_range_primary,136,"[-0.5574804455041885,0.487884858250618,0.19581032693386077,-0.8065107375383377,-0.3108388096094131,0.6764305323362351,0.5565762013196945,-0.3027423232793808,-0.16894838809967042,0.44174123704433443,0.16357637345790862,-0.29735191762447355,-0.28401019275188444,-0.11621218025684357,0.32207546532154085]","[0.06252751549084981,0.11992368896802266,0.15332839687665303,0.1824993868668874,0.18328950603803,0.24269659121831258,0.27258691986401873,0.20993564327557881,0.08868632515271505,-0.05472888747851054,-0.17085184852282206,-0.21472325126330058,-0.29690112868944807,-0.3642295817534129,-0.41403927604357404]"
2026-06-02T15:00:00.007,662.111,7376,0,18,0.081904,68.638,13.393,70.446,10.802,1,ok,u16_id_range_primary,136,"[0.5394715329011281,0.4263725539048513,-0.4214304427305857,-0.2861526350180308,0.31631242831548056,0.029382731517155966,-0.42822873989741006,-0.4064684251944224,-0.23772088090578714,0.19517871340115867,0.3732492287953695,-0.11573711435000102,-0.556960795323054,0.3484279771645864,0.22430386741956077]","[0.46191309491793314,0.4917729655901591,0.42835415999094645,0.30765129725138346,0.1647344986597697,0.04881037871042887,0.005059377352396647,-0.07713757356007894,-0.14389835198720297,-0.19393025239308676,-0.17667208512624105,-0.3002484877904256,-0.39420817693074545,-0.3684483011563619,-0.2537525435288747]"
2026-06-02T15:00:01.438,663.542,7392,0,14,0.080170,63.616,8.370,70.446,10.802,0,transient_bin_jump_gating,u16_id_range_primary,136,"[0.09547470013300578,-0.35890992482503253,-0.3401804169019063,-0.17400922377904257,0.27013296882311505,0.4516007701555888,-0.04758678873380025,-0.49955352147420246,0.41296182076136273,0.30071980754534405,-0.7219430406888326,-0.5079748233159384,0.14306179682413736,0.4285851816336314,0.54762069384257]","[0.11808970471223196,0.07590296765168508,-0.0064627836147944095,-0.07377669314543406,-0.12497255305449168,-0.10669919947783152,-0.2293140600124995,-0.3228954980770747,-0.2964147041241328,-0.18168085912863413,0.03955705364545187,0.2278095175822576,0.3019648184378942,0.3142958571513494,0.26459643145402273]"
2026-06-02T15:00:03.055,665.158,7408,0,14,0.068793,63.616,13.393,70.446,10.802,0,transient_bin_jump_gating,u16_id_range_primary,136,"[0.17384214003880818,-0.0706514189640681,-0.3249882827202479,0.6070219804843267,0.4459664752086004,-0.6340946624676387,-0.5369946430126826,0.08713697691758474,0.414481990536054,0.512122028072675,0.15656440754731496,-0.35322654942671455,-0.3708920548359553,-0.08577502469221751,-0.020513362685839337]","[0.11163749893506368,-0.06030330459276835,-0.20448276797930398,-0.22875187198321023,-0.15529621044794717,0.02691879471143087,0.176324333747228,0.22762181957562766,0.22478612860043845,0.1522924562295278,0.09673925836881002,0.0004222055276234954,-0.04308155576388041,-0.13168242971102395,-0.19314435521761575]"
2026-06-02T15:00:04.471,666.575,7424,0,14,0.057596,58.593,20.089,70.446,10.802,0,transient_bin_jump_gating,u16_id_range_primary,136,"[-0.6450529202818871,-0.5002842053771019,0.1558626785874367,0.4319062426686287,0.6038654938340187,-0.042856465280056,-0.47283400148153304,0.12008639872074127,0.1015025570988655,-0.44453985542058944,0.0678770437836647,0.5391834273934364,0.16661875396966935,-0.08001963347196579,-0.0013155147433280973]","[0.07769528031349182,0.23006820678710938,0.2856200635433197,0.3105206787586212,0.3041655123233795,0.19318190217018127,0.05758288502693176,-0.004045456647872925,-0.09956547617912292,-0.16248151659965515,-0.21702787280082703,-0.2506907880306244,-0.27362188696861267,-0.24090448021888733,-0.21049705147743225]"
2026-06-02T15:00:05.888,667.992,7440,0,14,0.037776,58.593,11.719,68.072,10.986,1,ok,u16_id_range_primary,136,"[0.040752783169349036,-0.6193498226503531,-0.052668109784523645,0.23276501869161925,-0.15076218570272126,0.11335237299402555,0.4045071748395761,-0.001945272336403528,-0.024632089088360468,0.15223550771673522,-0.20165941144029298,-0.09750594223539034,0.17820809756716094,0.054031174381573996,-0.027329296121994653]","[0.02804777622222901,-0.07039418220520019,-0.11301186084747314,-0.17042436599731445,-0.19209521412849426,-0.17458757162094116,-0.1765473425388336,-0.18042411804199218,-0.12540318965911865,-0.07584383487701415,-0.005666875839233393,0.11646554470062256,0.2543450355529785,0.3895194292068481,0.496020770072937]"
2026-06-02T15:00:07.315,669.418,7456,0,14,0.043162,58.593,8.370,66.175,10.462,1,ok,u16_id_range_primary,136,"[0.10064622834324836,0.18821624740958215,-0.066104806214571,-0.08915075585246086,0.013874710351228715,-0.2040212370455265,-0.03711587861180306,0.16540338918566705,0.008732613921165467,-0.12057024911046028,0.03961571380496025,0.1859827570617199,-0.11832082942128182,-0.28069648817181586,0.21350858435034753]","[-0.31103722254435223,-0.3268078962961833,-0.338331679503123,-0.2927602032820384,-0.24876741568247476,-0.1896203557650248,-0.08236340681711832,0.04794385035832723,0.1838670571645101,0.28854047258694965,0.37034990390141803,0.4347025950749715,0.35036297639211017,0.17036529382069907,-0.05644396940867106]"
2026-06-02T15:00:08.738,670.842,7472,0,14,0.059237,58.593,13.393,64.658,11.049,1,ok,u16_id_range_primary,136,"[-0.1726093423863252,-0.004691703369220097,0.20687903637687366,0.04033955732981364,-0.07662412350376446,0.08944540644685428,0.214075984309117,-0.0899735224743684,-0.2407345158358415,0.2525664734343688,0.3671432452897231,-0.10235458438595135,-0.08368927066524823,-0.0650535208483537,-0.3347191197176774]","[-0.15577432513237,-0.04592689871788025,0.08423402905464172,0.2197517454624176,0.3250245749950409,0.4066701829433441,0.4713713228702545,0.38701513409614563,0.20544233918190002,-0.023685067892074585,-0.2967270314693451,-0.4749806821346283,-0.5024914443492889,-0.3581695556640625,-0.24175432324409485]"
2026-06-02T15:00:10.155,672.258,7488,0,14,0.133937,75.335,15.067,66.794,11.853,1,ok,u16_id_range_primary,136,"[-0.6157656868298849,0.45633453528086343,0.27271381417910256,0.23148319522539776,0.6336162130037943,0.05882954994837443,-0.5044524033864339,-0.810146447022756,-0.26026284297307334,0.8163825313250224,0.4787650148073832,-0.036344881852467856,-0.13805484374364216,-0.4037476142247518,-0.1793501337369283]","[0.6177727500597636,0.7625832478205363,0.7267845789591472,0.6030218521753947,0.3895516316095988,0.2256715218226115,0.08857463995615641,-0.18413043816884359,-0.39764715035756426,-0.5974003156026204,-0.7300962885220845,-0.6728442986806233,-0.5336363395055135,-0.31181789239247637,0.013612500826517743]"
2026-06-02T15:00:11.588,673.691,7504,0,14,0.166140,63.616,20.089,66.158,13.500,1,ok,u16_id_range_primary,136,"[0.06224829405546188,-0.5019587233662606,-0.8110067203640938,-0.2622410610318184,0.8128889843821525,0.4818767949938774,-0.0340550497174263,-0.14244588762521743,-0.3983738377690315,-0.1654825761914253,0.2729263350367546,-0.0036465257406234743,-0.2667943790555,0.44302738159894944,0.5130369707942009]","[0.19841459194819133,0.06102135578791301,-0.21116039355595906,-0.4246406277020772,-0.6244414766629537,-0.7559274156888326,-0.6992667635281881,-0.5620670040448507,-0.3408090790112813,-0.012425394852956129,0.3907766620318095,0.6332116405169169,0.7737708369890849,0.8239033500353495,0.7496397177378337]"
2026-06-02T15:00:13.017,675.120,7520,0,14,0.112287,75.335,15.067,67.994,13.814,1,ok,u16_id_range_primary,136,"[0.5700892408688863,0.05887289841969808,-0.7040397922197977,-0.6306896011034647,0.6011690696080526,0.7064659198125204,-0.6297402779261271,-0.3715209166208903,0.8959427078564962,0.025599737962086994,-1.0186596910158794,-0.1009353796641032,0.7886038025220236,0.26453666885693866,-0.45569438735644024]","[-0.7126886467138926,-0.5246326545874278,-0.3697355608145396,-0.204317174355189,0.03313223322232564,0.24463907678922017,0.21400610407193502,0.22509340246518453,0.26334635217984514,0.25253901680310564,0.18853382070859273,0.08363173206647237,0.0666505475838979,0.10588301022847493,0.13391874035199483]"
2026-06-02T15:00:14.436,676.540,7536,0,14,0.047793,68.638,15.067,68.123,14.064,1,ok,u16_id_range_primary,136,"[0.3646369914213816,-1.0700925846894582,-0.3013493080933889,1.1780071000258128,0.19334301749865213,-0.8818921705087026,-0.016032185157140097,0.7581790427366892,0.20529041091601052,-0.5125611086686452,-0.3948616941769918,0.28524688283602395,0.5988481978575388,0.10734323064486186,-0.5141058226426443]","[0.07719834744930268,-0.04559276401996612,-0.07582497000694274,-0.0420004516839981,-0.026479998230934138,-0.04403297007083892,-0.10524288713932037,-0.06369988024234771,0.03192981183528901,0.1099470466375351,0.09593506753444672,0.079909285902977,0.0830298274755478,0.040510973334312445,-0.11558643877506256]"
2026-06-02T15:00:15.855,677.958,7552,0,14,0.068545,70.312,15.067,68.561,14.265,1,ok,u16_id_range_primary,136,"[-0.8609711895386378,0.17036225696404775,0.681111000974973,-0.3862756858269374,-0.37125364641348524,0.45849245091279345,0.45790895124276476,0.09596087833245595,-0.16065893272558848,-0.5050090322891871,0.014780603845914203,0.716413461168607,0.1547717382510503,-0.40629098514715833,-0.05934186975161235]","[-0.035303979615370434,0.09375736167033513,0.22525736739238103,0.30946150471766787,0.3143742387493451,0.20013861407836278,0.07310081322987874,-0.018947958449522656,-0.13450720856587092,-0.32918414423863096,-0.41352143834034605,-0.3871599728862445,-0.2500654752055804,0.027976125975449878,0.32462415148814516]"
2026-06-02T15:00:17.272,679.376,7568,0,14,0.143168,70.312,13.393,68.911,14.090,1,ok,u16_id_range_primary,136,"[0.3254902208844821,0.41447283277908964,-0.40160425057013827,-0.3198829149206479,0.12513005683819453,0.25723175654808683,0.2904475475351016,-0.4290208374460538,-0.9125422393282254,0.21555624852577845,0.5542825306455295,-0.23091571082671483,-0.08365730245908101,0.22065080652634303,-0.02563874473174413]","[0.5693423906962077,0.504952625433604,0.3696800629297892,0.15139497915903727,-0.2097375233968099,-0.42631970246632894,-0.5112455328305562,-0.5453507741292317,-0.4903260906537374,-0.2801091512044271,-0.10118041833241781,0.10375870863596598,0.23616124788920084,0.2768742005030314,0.35210497776667277]"
2026-06-02T15:00:18.892,680.995,7584,0,14,0.201685,70.312,11.719,69.191,13.616,1,ok,u16_id_range_primary,136,"[0.1571876138448715,0.2427136480808258,-0.44135568737983705,-0.8835355460643768,0.2918231666088104,0.6443718254566193,-0.14238881766796113,-0.039696884155273435,0.2919874370098114,0.06428112387657166,-0.5955495059490203,-0.5547504842281341,0.32626219391822814,0.4645459234714508,0.17410399317741393]","[-0.598285178343455,-0.6602988640467325,-0.6738008062044779,-0.599568764368693,-0.37903199593226117,-0.19349167744318646,0.019395728905995682,0.15608467658360797,0.35720934470494586,0.5614835818608602,0.6670364340146383,0.6572803457578024,0.5293103655179342,0.21019258101781207,-0.05351577202479045]"
2026-06-02T15:00:20.319,682.423,7600,0,14,0.165202,70.312,11.719,69.415,13.237,1,ok,u16_id_range_primary,136,"[1.1426060626904169,0.12324408988157909,-0.7732572724421819,-0.29995012482007344,0.3324774334828059,-0.2012037803729375,-0.4867102374633153,0.2876957188049952,0.31556497315565746,-0.0801962782939275,0.05931134323279063,-0.2746484746535619,-0.6519345810015996,-0.24900336762269337,0.7560044954220454]","[-0.48397339979807535,-0.23040093580881754,-0.005588428179423011,0.29282079537709554,0.5905047496159872,0.7606265385945639,0.8016422828038534,0.701990826924642,0.3841560920079549,0.1060160239537557,-0.18919004599253336,-0.4201511303583781,-0.6737994114557901,-0.8499764362970987,-0.7846775213877359]"
2026-06-02T15:00:21.737,683.841,7616,0,14,0.161062,70.312,11.719,69.595,12.933,1,ok,u16_id_range_primary,136,"[-0.5764503657817841,-0.5208206355571747,0.34539822936058046,0.4618107497692108,0.1834902286529541,0.2333997905254364,-0.2624100029468536,-0.6785628378391266,-0.2547295272350311,0.7455560386180877,0.25999484658241273,-0.7736234843730927,0.19811163544654847,0.9158794701099395,-0.27704413533210753]","[0.8926671266555786,0.8804887056350708,0.7529823303222656,0.4336568832397461,0.16987318992614747,-0.10109882354736328,-0.3057835578918457,-0.5317142486572266,-0.6797117471694947,-0.5922298908233643,-0.5689832448959351,-0.502387809753418,-0.34281306266784667,0.030636262893676755,0.4644178867340088]"
2026-06-02T15:00:23.167,685.271,7632,0,14,0.189170,71.986,10.045,70.073,12.355,1,ok,u16_id_range_primary,136,"[0.18540671269098918,-0.3132471164067586,-0.7319120486577352,-0.30249497493108113,0.675029186407725,0.17064645687739055,-0.8362236340840657,0.16300907532374065,0.8665575663248698,-0.35362008412679036,-1.1905036290486655,-0.4334130605061849,0.6415818015734355,1.0254134813944498,0.43377026716868083]","[-0.05746203660964966,-0.263846218585968,-0.4894583821296692,-0.6349870562553406,-0.5456430912017822,-0.5225203037261963,-0.4558514952659607,-0.293995201587677,0.08110350370407104,0.5154041647911072,0.8139789700508118,0.8521783351898193,0.6059463620185852,0.3294277787208557,0.06572467088699341]"
2026-06-02T15:00:24.589,686.693,7648,0,14,0.194160,58.593,6.696,67.777,11.224,1,ok,u16_id_range_primary,136,"[0.2635475158691406,-0.7475346267223358,0.24976635575294495,0.9512426912784576,-0.26627307534217837,-1.0995385587215423,-0.34283077120780947,0.7270234286785126,1.1107273161411286,0.5253858625888824,-0.7113928735256195,-1.0528190076351165,-0.31679105162620547,0.3002662718296051,0.4092205226421356]","[-0.6322935382525127,-0.5650463263193767,-0.40295817057291666,-0.02798892656962077,0.4059662659962972,0.7045560916264851,0.743118925889333,0.4966109832127889,0.2203135331471761,-0.042723313967386885,-0.1927280286947886,-0.26451419393221537,-0.2144752303759257,-0.11801208655039469,-0.10982598463694254]"
2026-06-02T15:00:26.009,688.113,7664,0,14,0.179272,68.638,11.719,67.949,11.323,1,ok,u16_id_range_primary,136,"[-1.2553654233614604,0.0035112579663594545,1.2569596250851949,0.6714335163434346,-0.15811365048090617,-0.5401507536570231,-0.34422718683878584,-0.21629302899042765,-0.28273158470789594,0.5625395854314168,1.0474883397420247,0.4712690790494283,-0.1401052991549174,-0.32406740585962934,-0.7521470705668132]","[0.4117925862471263,0.39743418494860333,0.18298650781313577,-0.006682445605595907,-0.16509233911832175,-0.18103747566541037,0.024728725353876747,0.22311217586199442,0.3378890852133433,0.2794237534205119,0.06475190321604411,-0.2610440452893575,-0.4741715689500173,-0.4679105778535207,-0.3661804695924123]"
2026-06-02T15:00:27.430,689.534,7680,0,11,0.173624,75.335,6.696,67.949,11.323,0,transient_bin_jump_gating,u16_id_range_primary,136,"[-0.6375116070111593,-0.4483801086743673,-0.2830607851346334,-0.34215259154637656,0.4889780322710673,0.9800825754801432,0.508007291952769,-0.10865175326665243,-0.9576399882634481,-1.077346916993459,-0.1437712868054708,0.8237987796465556,0.3712624947230021,0.34079206387201944,0.48559379975001016]","[-0.24576902290185293,-0.043807267149289446,0.15180176595846812,0.26244342426458994,0.20248478750387827,-0.015546142061551409,-0.18058705230553945,-0.2604480375846227,-0.23736105759938558,-0.19244247575600942,-0.05137610336144765,0.05972743133703868,0.06238946417967479,0.22282576660315195,0.2656645188728968]"
2026-06-02T15:00:28.844,690.947,7696,0,11,0.155723,58.593,16.741,67.949,11.323,0,transient_bin_jump_gating,u16_id_range_primary,136,"[0.959867250919342,0.4926965355873108,-0.11996172666549683,-0.9699314713478089,-1.0874814867973328,-0.15197824239730834,0.8094999313354492,0.35791994333267213,0.3170357167720795,0.48740745782852174,-0.79623042345047,-0.7687018990516663,-0.05773894786834717,0.20036901235580445,0.3272283494472504]","[-0.05749631126721701,-0.22218185861905415,-0.3019660135110219,-0.2796317954858144,-0.23530543049176533,-0.09697598417599997,0.011554298798243198,0.009293733040491733,0.1630883793036143,0.20825886527697246,0.2872447649637858,0.31520360509554546,0.2185855487982432,0.08268028299013773,-0.1023520847161611]"
2026-06-02T15:00:30.272,692.375,7712,0,11,0.252627,50.223,15.067,67.949,11.323,0,transient_bin_jump_gating,u16_id_range_primary,136,"[-1.432145357131958,-0.2000819444656372,1.2573273181915283,0.7218703031539917,0.10602527856826782,-0.1499895453453064,-0.5167769193649292,-0.15917396545410156,-0.0184323787689209,0.007591426372528076,0.7026968002319336,0.7287513017654419,-0.3280262351036072,-0.6925408840179443,-0.02709519863128662]","[0.08797938227653504,0.04229444861412049,-0.06063117980957031,-0.18939095139503478,-0.21283745169639587,-0.28366428017616274,-0.22442107796669006,-0.12648969292640685,-0.08235805630683898,-0.09572094082832336,-0.02335351109504699,0.10570270419120789,0.24737436175346375,0.3795383632183075,0.4359778821468353]"
2026-06-02T15:00:31.694,693.798,7728,0,11,0.071060,51.897,21.763,67.949,11.323,0,br_jump_11.72_to_21.76,u16_id_range_primary,136,"[-0.16564711381991704,-0.5894875769813855,-0.7595080976684888,-0.09908362676699956,0.8222495074073474,0.735290443400542,0.08688483188549678,-0.4206898455818494,-0.20721244265635808,0.2052433545390765,-0.02446858783562978,-0.36177721073230107,0.07887486169735591,0.4707212800780932,0.22861022303501766]","[0.12880389193693798,0.21855883101622264,0.22052618662516277,0.19187508324782054,0.1021007130543391,0.059558911124865214,-0.0409870316584905,-0.1921899785598119,-0.28146200080712636,-0.2997642626365026,-0.22705139418443043,-0.14428605337937672,-0.011146443088849385,0.07679997185866039,0.19866357545057933]"
2026-06-02T15:00:33.114,695.217,7744,0,11,0.078677,58.593,21.763,67.949,11.323,0,br_jump_11.72_to_21.76,u16_id_range_primary,136,"[0.7821600486834844,0.13087261219819388,-0.4184472511212031,-0.25800057748953503,0.13503452142079672,-0.11100501815478007,-0.46729424099127453,0.008792166908582052,0.4503324379523595,0.22041021784146628,0.04995775719483694,-0.027079964677492775,-0.4389730642239253,-0.412008340160052,0.35524869461854297]","[0.045634484291076666,-0.07506778240203857,-0.24821116924285888,-0.3554281830787659,-0.38638960719108584,-0.32235866189002993,-0.2463979661464691,-0.11682935953140258,-0.032767915725708,0.08855069279670716,0.22402206659317017,0.3733664512634277,0.40938625335693357,0.3792234420776367,0.2632672548294067]"
2026-06-02T15:00:34.730,696.834,7760,0,11,0.114591,63.616,13.393,67.083,11.737,1,ok,u16_id_range_primary,136,"[0.3669249286254247,0.18671079178651173,0.023981796701749165,-0.14963440398375194,-0.49978993634382884,0.004970954855283101,0.5652755369742711,-0.02230928639570872,-0.5276863704125087,0.0786287953456243,0.4766158034404119,0.1576034297545751,-0.19142703513304393,-0.2835136483112971,-0.18635135690371196]","[0.06582698822021485,0.05881140232086182,0.1124577283859253,0.11719918847084046,0.07772583365440369,0.09038028717041016,0.18434081077575684,0.23249337673187256,0.22649857997894288,0.12567446231842042,-0.021296525001525873,-0.15915920734405517,-0.2871215581893921,-0.38715078830718996,-0.43668057918548586]"
2026-06-02T15:00:36.157,698.261,7776,0,11,0.091223,65.290,16.741,66.724,12.737,1,ok,u16_id_range_primary,136,"[-0.400972792506218,0.06413111686706544,-0.15726135075092315,-0.5320855766534806,0.19010522067546845,0.736575385928154,0.36564760506153104,-0.1907908707857132,-0.5408190280199051,0.0631364792585373,0.4358464390039444,-0.2870979100465775,-0.4607198625802994,0.09681709706783295,0.6174880474805832]","[0.28979126214981077,0.3311044335365295,0.35149208307266233,0.34192982912063596,0.25422350168228147,0.1323207974433899,0.0269745945930481,-0.15269359350204467,-0.39371618032455447,-0.46418448686599734,-0.43076404333114626,-0.2724411725997925,-0.11980667114257812,-0.00014486312866210382,0.10591450929641724]"
2026-06-02T15:00:37.575,699.679,7792,0,11,0.019685,63.616,11.719,66.102,12.534,1,ok,u16_id_range_primary,136,"[0.04408293900390466,0.08725498182078202,-0.0315501211831967,-0.08973926740388076,-0.04371285128096739,0.006902578597267469,0.07896060061951478,0.012086096530159315,-0.07671354400614898,0.04529583019514879,0.0599856519450744,-0.059849646563331284,-0.06675608145693938,0.01154761699338754,0.022205216189225514]","[0.02373533844947815,0.00963842272758484,0.00690400004386902,0.005999618768692018,-0.0013830125331878648,0.0005576550960540785,0.019089335203170778,0.0126953661441803,0.010105842351913454,0.0010667979717254653,-0.004607087373733519,-0.01064438223838806,-0.018001681566238402,-0.025905972719192503,-0.029250240325927733]"
2026-06-02T15:00:38.994,701.097,7808,0,11,0.136493,53.571,16.741,63.596,13.375,1,ok,u16_id_range_primary,136,"[0.2843937277793884,-0.37350091338157654,-0.425343781709671,0.13666340708732605,0.6262336075305939,0.41578271985054016,-0.1480880081653595,-0.3031548857688904,-0.18450987339019775,-0.08041831851005554,-0.21866032481193542,0.06647661328315735,0.7521600425243378,0.058887213468551636,-0.6069212257862091]","[-0.6101265668869018,-0.43040282726287843,-0.26080138683319093,-0.12490452527999878,-0.004271638393402097,0.06602011919021607,0.09862028360366822,0.10845099687576294,0.14622102975845336,0.1935304284095764,0.13085376024246215,0.13668118715286254,0.18846868276596068,0.18372665643692015,0.1779338002204895]"
2026-06-02T15:00:40.420,702.524,7824,0,11,0.009642,63.616,11.719,63.600,13.044,1,ok,u16_id_range_primary,136,"[0.08179021322478851,-0.08305693722019593,-0.0855482996130983,0.026692871687312922,0.03621250086774429,0.04467485540856918,-0.009568884285787742,-0.04630453443775574,0.0018943517779310545,0.015901508492728075,0.02794176780929168,-0.031558919015030065,-0.009231642136971157,0.021547986877461275,0.008613160563011963]","[0.008725961421926817,0.002667864536245665,-0.005322734142343202,-0.015533903862039247,-0.0192729032287995,-0.012686798597375551,-0.008096257473031679,0.005397220825155577,-0.0020803010712067277,0.012245675300558409,0.006891390060385069,0.005880420779188475,0.00401309666534265,0.004607883964975676,0.012563384821017584]"
2026-06-02T15:00:41.855,703.959,7840,0,11,0.005005,63.616,11.719,63.603,12.779,1,ok,u16_id_range_primary,136,"[0.038595147306720416,-0.02013821539779504,-0.061336986844738324,-0.007363110904892286,0.01663592445353667,0.03177624928454558,-0.04339699459572633,-0.018629737322529157,0.019849918658534686,0.00581157940129439,-0.023716149975856145,-0.029730990653236707,-0.03813372564812501,0.03069711836675803,0.09907997387150923]","[-0.022978250682353974,-0.0185248002409935,-0.004707340896129609,-0.01462087482213974,0.0009451463818550103,-0.005125109851360322,-0.006140564382076264,-0.008196693658828736,-0.00836981162428856,4.56303358077996e-05,0.016024722903966903,0.028631343692541122,0.016829951852560043,0.01387840062379837,0.012308250367641448]"
2026-06-02T15:00:43.284,705.388,7856,0,11,0.000686,51.897,11.719,61.262,12.567,1,ok,u16_id_range_primary,136,"[0.04562282313903173,-0.051560098926226296,-0.024414063120881718,0.024996352692445118,0.008003571381171543,-0.026505463446180027,-0.038054450104633965,-0.048426358650128044,0.03626040120919546,0.11907151093085606,-0.013860451678435009,-0.1334361011783282,-0.06920795391003291,0.044108172257741295,0.12740210940440497]","[-0.017523650949199995,-0.018691216533382734,-0.021134396021564802,-0.022381321464975675,-0.01325287198026975,0.004983133698503176,0.019514656687776247,0.005764595294992129,0.003010395045081774,0.0016988991449276604,0.008176530773440997,0.015111814315120379,0.0001985682795445122,0.0041538878033558525,0.030370975906650225]"
2026-06-02T15:00:44.715,706.819,7872,0,11,0.000178,65.290,11.719,62.068,12.397,1,ok,u16_id_range_primary,136,"[-0.019772499054670333,-0.038726440817117694,-0.054835262894630435,0.050176114588975904,0.15269894972443582,-0.00744829997420311,-0.14813490137457846,-0.06897148415446282,0.061350823193788526,0.15290530100464822,-0.07718418464064598,-0.15216882452368735,0.14829677417874337,0.14118689373135568,-0.13937295898795127]","[0.0030887734765807787,0.018716422157982984,0.0014185377086202303,-0.0022701860715945562,-0.004556235608955224,0.001285694787899653,0.007093059147397677,-0.012537070301671824,-0.008757653397818407,0.021109969603518644,-0.001531741333504518,-0.012646463451286158,-0.01179487140228351,-0.0037699069206913313,0.005151671605805556]"
2026-06-02T15:00:46.140,708.244,7888,0,11,0.013668,51.897,10.045,60.033,11.927,1,ok,u16_id_range_primary,136,"[0.020973684390385945,-0.12408735404411951,-0.04460928390423457,0.07791266789038977,0.16885508050521214,-0.12446038971344629,-0.19988620827595394,0.19928407122691472,0.1874023323257764,-0.17042938421169918,-0.16686565230290096,0.06276015390952429,0.14663513948520024,0.06405651022990545,-0.09754136751095453]","[0.037491053342819214,0.03744736313819885,0.007063835859298706,0.005967766046524048,0.03708532452583313,0.0018691718578338623,-0.018680840730667114,-0.022873669862747192,-0.018143445253372192,-0.011267334222793579,-0.010658115148544312,-0.027885645627975464,-0.012846678495407104,-0.007819324731826782,0.0032505393028259277]"
2026-06-02T15:00:47.559,709.663,7904,0,11,0.032125,65.290,11.719,61.085,11.885,1,ok,u16_id_range_primary,136,"[0.3080531458059947,0.4414226512114207,0.8600029448668162,-0.7636252542336782,-1.5904362102349598,-0.09961365660031636,1.0620032648245494,0.565267930428187,-0.15234302481015524,-0.30855663617451984,-0.3152946134408315,0.032649348179499306,0.6066801647345225,-0.07652365167935689,-0.5696864028771719]","[-0.019659845034281413,-0.12313303152720134,-0.11441394488016765,-0.10691341559092205,-0.1206462065378825,-0.14009496370951335,-0.10248365799585979,0.02308181126912435,0.16358444293340046,0.2924048026402791,0.21183899243672688,0.1587781031926473,0.07923117478688557,-0.043108431498209636,-0.15846583048502605]"
2026-06-02T15:00:48.987,711.091,7920,0,11,0.065825,51.897,10.045,59.247,11.517,1,ok,u16_id_range_primary,136,"[-0.11048442721366883,1.0199671328067779,0.512365871667862,-0.22253579497337342,-0.4920086324214935,-0.4853771686553955,0.5463980972766876,0.8260278642177582,-0.8577060163021087,-1.1043966472148896,0.31993537545204165,0.7968806564807892,0.1449531853199005,-0.6548246800899505,-0.2391948163509369]","[-0.17400871515274047,-0.13496582508087157,-0.005327451229095462,0.138992977142334,0.1108353853225708,-0.09723113775253296,-0.16748170852661132,-0.18549301028251647,-0.206274676322937,-0.20863865613937377,-0.19754778146743773,-0.0063363194465637235,0.20480574369430543,0.3781636476516724,0.5505075275897979]"
2026-06-02T15:00:50.404,712.508,7936,0,11,0.078658,65.290,6.696,60.456,10.553,1,ok,u16_id_range_primary,136,"[-0.520182807246844,0.49240086575349173,0.8002788831790288,-0.8611347864071528,-1.0725586007038752,0.4026582648356756,0.889253776272138,0.2073131610949834,-0.6298148224751154,-0.23019101123015087,0.2741164972384771,-0.17546940247217815,0.23333991666634876,0.5083285977443059,-0.3183385322491328]","[-0.23358408013979592,-0.2782696227232615,-0.27063408891359964,-0.27186200420061746,-0.260048900047938,-0.23916510144869485,-0.04030898610750834,0.17409845789273581,0.3529019018014272,0.5282261629899343,0.47141369779904685,0.2880358060201009,0.07014730175336202,-0.09867313901583354,-0.1922774056593577]"
2026-06-02T15:00:51.824,713.928,7952,0,11,0.105026,50.223,6.696,58.409,9.782,1,ok,u16_id_range_primary,136,"[-0.27093518041074277,-0.11179273091256618,0.03876724019646645,-0.2717111732810736,-0.03309345506131649,0.5362045142799616,0.5124801967293025,-0.03286880515515804,-0.4261440958827734,-0.25594479106366635,0.07660746313631535,0.4895275805145502,0.27830269671976565,-0.533169212564826,0.0037697527557611493]","[-0.43271726767222085,-0.30930704275767007,-0.12303537527720132,0.031321581204732274,0.13197522958119712,0.1726813872655233,0.23298889001210532,0.24803369839986167,0.25185280640920005,0.1554709037144979,0.03359049161275229,0.040458615620931004,-0.02522987524668374,-0.17493099371592202,-0.2331530491511027]"
2026-06-02T15:00:53.461,715.565,7968,0,11,0.087437,50.223,15.067,56.772,10.839,1,ok,u16_id_range_primary,136,"[0.23286760598421097,-0.31802093237638474,0.362303264439106,0.7229442074894905,-0.2760617062449455,-1.079285554587841,-0.4609558507800102,0.6571298316121101,0.3535632863640785,-0.01192813366651535,-0.03835826367139816,-0.0321047306060791,0.1289273276925087,0.013091214001178741,-0.25411156564950943]","[0.3921983459343513,0.3533109643807014,0.2155482986321052,0.08533628967901072,-0.004937686646978051,-0.17539549681047598,-0.21153323786954084,-0.24271123732129732,-0.1706647543857495,-0.09181349786619344,-0.0711808285365502,-0.07049141141275564,-0.08896056624750295,-0.005763270581761987,0.08705808905263743]"
2026-06-02T15:00:54.890,716.994,7984,0,11,0.212362,55.245,18.415,56.467,12.354,1,ok,u16_id_range_primary,136,"[-0.7647283991177877,-0.5046992023785909,-0.13569453557332356,-0.12342885335286458,0.26211419502894084,0.66582217613856,0.5111666599909465,0.04438343445460002,0.010489730040232341,-0.45008495648701985,-1.2725316007932028,-0.6940110643704732,0.6995210925738017,1.322931436697642,0.42874988714853923]","[-0.30836808681488037,-0.14857685565948486,0.10550999641418457,0.37449443340301514,0.4828522205352783,0.40513861179351807,0.061441898345947266,-0.33233368396759033,-0.5223942995071411,-0.49549591541290283,-0.31503307819366455,-0.10081112384796143,0.1440366506576538,0.3160895109176636,0.33344972133636475]"
2026-06-02T15:00:56.334,718.437,8000,0,11,0.139344,51.897,6.696,56.467,12.354,0,br_jump_18.42_to_6.70,u16_id_range_primary,136,"[0.79843061765035,-0.45532590548197427,-1.0412120262781779,-0.7997114102045695,-0.3484188954035441,0.9438943227132162,1.5516095717748006,0.625939424832662,-0.3720740715662638,-0.6956867019335429,-0.43779576222101846,0.19438623984654746,0.24731683333714805,-0.2539320627848307,0.04257982571919759]","[0.0998391548792521,-0.09809022744496665,0.03496736685434976,0.17482370535532632,0.28526968161265054,0.3560308853785197,0.27318519751230874,0.1792749802271525,-0.018714483578999852,-0.26245957215627036,-0.4432528575261434,-0.4019522031148275,-0.22399800618489585,-0.05392834146817527,0.09900471965471902]"
2026-06-02T15:00:57.754,719.858,8016,0,11,0.137499,50.223,8.370,56.467,12.354,0,br_jump_18.42_to_8.37,u16_id_range_primary,136,"[0.7856627384821574,1.3767252842585245,0.4500440041224162,-0.5254869778951009,-0.8546807487805684,-0.6286099274953206,0.012233404318491611,0.09514626661936441,-0.4112644811471303,-0.13717594941457112,0.9342945496241252,0.5705434958140055,-0.8491358478864034,-0.691310437520345,-0.12698537309964497]","[0.1919904112815857,0.10799554586410523,0.01278070211410523,-0.18455501794815063,-0.4274327397346497,-0.6084596753120423,-0.5677711606025696,-0.3891017079353333,-0.2179662525653839,-0.06555511951446533,0.16379091739654542,0.364862984418869,0.49831763505935667,0.6431613326072693,0.47794214487075803]"
2026-06-02T15:00:59.168,721.272,8032,0,11,0.116821,73.660,10.045,59.905,11.892,1,ok,u16_id_range_primary,136,"[0.02665983239809672,0.9418612877527873,-0.3594413240750631,-0.8608028729756673,-0.09169314702351888,0.49479581514994303,0.6636253754297893,-0.21562515099843343,-0.6640282710393269,0.32167969743410746,0.37728656927744547,-0.2047137757142385,-0.2566241761048635,-0.35846947034200033,0.18548961083094279]","[-0.04050954182942709,-0.18404670556386313,-0.24591346581776938,-0.3056801756223043,-0.40219600995381677,-0.38012315829594934,-0.2273536523183187,-0.19572885831197104,-0.10968788464864096,-0.00588997205098471,0.10455814997355142,0.3586799303690592,0.5157765547434489,0.5531852642695109,0.5649295250574747]"
2026-06-02T15:01:00.587,722.691,8048,0,11,0.114924,55.245,15.067,58.973,12.527,1,ok,u16_id_range_primary,136,"[0.008838212490081786,0.5184955954551697,-0.17197325229644775,-0.5869014501571655,0.5204307198524475,0.5848061203956604,-0.1535189390182495,-0.3087677597999573,-0.4110243558883667,0.054710006713867186,0.7833506226539612,0.7173155903816223,-0.5163325905799866,-0.890440309047699,-0.14898821115493774]","[-0.5472692807515462,-0.45562201340993247,-0.4585586150487264,-0.3833571036656698,-0.27213006814320884,-0.14120107491811118,0.13980740706125894,0.3257741371790568,0.39040512243906655,0.26474124590555825,0.21514505545298257,0.21295994917551675,0.24258119265238443,0.26882577339808145,0.19789827267328897]"
2026-06-02T15:01:02.019,724.122,8064,0,11,0.141073,60.268,13.393,59.232,12.700,1,ok,u16_id_range_primary,136,"[0.4091820309559504,-0.14989591737588245,-0.19954752524693806,-0.26177654763062796,0.2819126139084498,0.6182380507389704,-0.05786071320374807,-0.5499259640773138,-0.17150982817014057,-0.03527028461297353,0.010717321435610454,0.4561815152565638,0.12974171737829845,-0.4987352897723516,0.018548820416132608]","[-0.06063380638758342,0.1654590090115865,0.29577598174413045,0.3313647230466207,0.3585817535718282,0.36584380467732747,0.32982215483983357,0.2710679491360982,0.18194386561711628,-0.0030622760454813713,-0.20972445408503215,-0.3363453427950541,-0.494967250029246,-0.6018474380175273,-0.5932786742846171]"
2026-06-02T15:01:03.450,725.554,8080,0,11,0.098288,50.223,16.741,57.430,13.508,1,ok,u16_id_range_primary,136,"[0.5429613212744395,-0.08807627161343892,-0.5624797125657399,-0.15281481345494588,-0.003240027030309043,0.013089142243067422,0.4364539603392283,0.10302384893099467,-0.5308844228585561,-0.009419538577397666,0.19341158072153727,-0.36819884975751244,-0.1694923718770345,0.5463329176108043,0.04933323661486308]","[0.43904829621315,0.4413249552249908,0.412898188829422,0.3487342357635498,0.18208063244819642,-0.010090494155883784,-0.12477233409881591,-0.2742468059062958,-0.3718248546123505,-0.3552442729473114,-0.29033433794975283,-0.24623202681541442,-0.15684008002281188,-0.028252595663070673,0.03375149369239808]"
2026-06-02T15:01:04.887,726.990,8096,0,11,0.133402,60.268,16.741,57.998,14.155,1,ok,u16_id_range_primary,136,"[-0.34708775679270426,-0.0817649225393931,0.6163890500863393,0.25636900862058004,-0.07778386871019999,-0.23918177286783854,-0.5005656341711681,-0.13887451688448588,0.6094571491082509,0.24987165530522665,-0.22700175742308298,0.15996469457944235,0.10273675521214803,-0.22917932371298472,-0.1533487598101298]","[0.4209844986597697,0.26514279047648115,0.02411448160807292,-0.18791390260060628,-0.27858573993047075,-0.30265129407246905,-0.32027275164922075,-0.2673226674397786,-0.1531126578648885,-0.08556295235951741,-0.0038304408391316713,0.07489442030588786,0.14159201780954997,0.28736828962961836,0.3851559082667033]"
2026-06-02T15:01:06.311,728.414,8112,0,11,0.135475,60.268,8.370,58.452,12.998,1,ok,u16_id_range_primary,136,"[-0.2819714387257894,-0.5373779376347859,-0.14660714467366537,0.6186192790667217,0.2673275033632914,-0.22036725183327993,0.14538885752360026,0.09375362197558085,-0.22805881400903066,-0.15918026765187582,-0.209651513894399,0.032848076025644934,0.581708566347758,0.3089421550432841,-0.265373690923055]","[-0.3605926553408305,-0.38444351355234785,-0.3368325750033061,-0.22697620789210002,-0.15909820000330607,-0.07873099247614543,-0.0017470637957255064,0.06045610507329305,0.2072389801343282,0.30652410586675005,0.30634970267613726,0.24905247290929158,0.18437857230504354,0.10526854594548543,0.1291527231534322]"
2026-06-02T15:01:07.725,729.828,8128,0,11,0.079854,60.268,11.719,58.815,12.742,1,ok,u16_id_range_primary,136,"[-0.41615249862273535,0.13264785061279932,0.16596662352482477,-0.17491052200396856,-0.10846651991208395,-0.14824988593657812,0.01513663778702418,0.47485057363907496,0.22153017769257227,-0.27144464006026586,-0.19301298906405767,-0.36027603497107824,-0.10924183477958044,0.5133119309941928,0.25831113109985987]","[-0.12907068530718485,-0.07328598300615946,-0.03156487743059794,0.0852618952592214,0.1581974764664968,0.13920588692029318,0.06687374313672384,-0.008186386028925574,-0.10383598605791727,-0.08961717883745829,-0.031514094273249305,-0.033733473221460974,0.016082628568013513,0.027103825410207116,0.008083208401997888]"
2026-06-02T15:01:09.136,731.240,8144,0,11,0.059802,50.223,16.741,57.097,13.542,1,ok,u16_id_range_primary,136,"[-0.1848524292310079,-0.015011810262997947,0.46879688600699104,0.21374309758345286,-0.2970654000838598,-0.22357117434342702,-0.3685001959403356,-0.1165635218222936,0.49349162677923836,0.2374759684006373,-0.10778831740220388,0.037152714530626935,-0.4800151218970617,-0.369000189503034,0.7117078671852748]","[0.15832048157850903,0.08513229588667552,0.009020859996477767,-0.0837829162677129,-0.0688133289416631,-0.010266457994778946,-0.011548583706219986,0.03775414327780406,0.05056194464365642,0.033662791053454086,0.08249309162298839,0.1269015024105708,-0.022636954983075455,-0.1448139597972234,-0.24198490877946216]"
2026-06-02T15:01:10.554,732.658,8160,0,11,0.076897,60.268,11.719,57.731,13.177,1,ok,u16_id_range_primary,136,"[-0.2186551849047343,-0.3463884154955546,-0.08913411299387614,0.5237232287724812,0.2895034988721212,-0.050507769982020057,0.09152637322743734,-0.419729487101237,-0.31331525842348734,0.7321057160695393,0.3866367777188619,-0.5166567126909892,-0.33512847224871317,0.15477062662442526,0.11124919255574545]","[0.014300635457038878,0.01928078234195709,0.07223778069019318,0.09163563549518586,0.0817393571138382,0.13647033870220185,0.1849415510892868,0.04278155267238617,-0.07280201613903045,-0.16776108145713806,-0.1876933068037033,-0.16050220429897308,-0.07019431293010711,0.00025518834590911726,0.015310099720954894]"
2026-06-02T15:01:11.989,734.093,8176,0,11,0.058769,55.245,16.741,57.234,13.890,1,ok,u16_id_range_primary,136,"[-0.11325707038243613,0.16517589489618936,-0.31421880920728046,-0.21789961059888205,0.7882330516974131,0.38118643561999005,-0.5545681019624075,-0.3714462121327718,0.13771374026934305,0.12159509460131326,0.1849247912565867,0.5042602519194285,0.14721168080965677,-0.6064547200997671,-0.2524564166863759]","[0.27024402817090354,0.2884965499242147,0.11791160305341085,-0.023034904400507608,-0.14093223611513772,-0.17815491954485574,-0.16430387298266091,-0.08179000417391459,-0.017137024799982706,-0.010307345787684122,-0.03699353734652201,-0.00393048326174418,0.0019232292970021575,-0.012528453270594278,-0.009462628761927286]"
2026-06-02T15:01:13.616,735.719,8192,0,11,0.047740,65.290,11.719,58.845,13.456,1,ok,u16_id_range_primary,136,"[0.34036588966846465,-0.6044642895460128,-0.41534813940525056,0.10168615281581879,0.08208373486995697,0.13704613149166106,0.44465360343456267,0.10980993807315827,-0.6288478344678878,-0.2983347147703171,0.3080904811620712,0.08781646490097046,-0.10739469230175018,0.11476084887981415,0.3280764251947403]","[-0.11593100229899089,-0.10297307173411052,-0.021968571345011394,0.0416857918103536,0.051467986901601155,0.02371320327123006,0.05486104091008504,0.05942693551381429,0.04424038728078206,0.046903284390767415,0.04106322129567464,0.036312135060628255,-0.038027135531107585,-0.08544155756632488,-0.035332647959391277]"
2026-06-02T15:01:15.031,737.135,8208,0,11,0.024654,70.312,10.045,61.138,12.774,1,ok,u16_id_range_primary,136,"[0.1228454182545344,0.43393369714419044,0.07341029445330302,-0.6680761953194936,-0.3122102995713552,0.29684560696283974,0.064492433766524,-0.13285227169593175,0.08800569872061412,0.2991429487864176,-0.022751607497533164,-0.6327896495660146,-0.3836347838242849,0.23639323512713115,0.5372454742590587]","[0.029653243223826092,0.06203024784723918,0.06690882841746013,0.05186860958735148,0.05393462578455607,0.047270111242930096,0.042391590277353924,-0.03132230838139852,-0.0792773445447286,-0.030688353379567462,0.07721643845240275,0.1331097404162089,0.09583847920099894,-0.14692289431889852,-0.3720110138257345]"
2026-06-02T15:01:16.445,738.548,8224,0,11,0.032774,58.593,16.741,60.629,13.567,1,ok,u16_id_range_primary,136,"[0.3305663958191872,0.10726030617952347,-0.0911180853843689,0.12486631125211715,0.34073563367128373,0.0070848062634468086,-0.6008907958865166,-0.32851467579603194,0.2901988223195076,0.5762911632657051,0.6468256309628486,-0.14233533591032027,-0.9725647374987603,-0.624282817542553,0.3358773782849312]","[0.1573813835779826,0.15412553946177165,0.08211657206217447,0.03701820770899454,0.0896366516749064,0.19990607897440593,0.2593679706255595,0.22670289675394695,-0.012141140302022305,-0.23258671363194783,-0.3480935712655385,-0.3213878889878591,-0.22088381846745808,-0.09923723538716635,0.028075067202250156]"
2026-06-02T15:01:17.860,739.964,8240,0,11,0.033159,63.616,16.741,61.227,14.202,1,ok,u16_id_range_primary,136,"[0.07259785532951354,-0.5215133786201477,-0.3068563103675842,0.25005885362625124,0.533174479007721,0.6331715822219849,-0.1490359663963318,-0.990795886516571,-0.617055869102478,0.38478573560714724,0.7388600945472718,0.3042453169822693,-0.06503674983978272,-0.05660090446472168,-0.20999885201454163]","[0.10838655134042104,0.1772611712416013,0.15326615919669467,-0.07920652876297633,-0.2918942595521609,-0.39804598937431973,-0.36157769213120144,-0.2595620776216189,-0.1381353760759036,-0.010229530433813736,0.12214070310195287,0.18447595586379367,0.23328619947036106,0.26619845380385715,0.2936362599333127]"
2026-06-02T15:01:19.272,741.376,8256,0,11,0.036439,60.268,16.741,61.035,14.710,1,ok,u16_id_range_primary,136,"[0.6320562879244487,-0.16078586181004842,-1.0200763424237569,-0.635018237431844,0.3816123525301615,0.7221967498461406,0.27281420628229774,-0.08902753194173177,-0.07129556735356649,-0.2247059126694997,-0.32386741836865746,-0.18025962313016256,0.18034210006395976,0.3974253455797831,0.118589452902476]","[-0.46712610820929207,-0.4285208354393641,-0.32692114214102425,-0.20659128526846568,-0.07955471376578013,0.05196317334969838,0.11387404104073842,0.16257938047250112,0.19562860627969106,0.2235501637061437,0.24052890439828237,0.20011659761269887,0.15653242965539296,0.11947556634744008,0.04446522196133931]"
2026-06-02T15:01:20.689,742.793,8272,0,11,0.030722,50.223,16.741,58.872,15.116,1,ok,u16_id_range_primary,136,"[0.7223187933365504,0.27474936346213025,-0.08144411941369374,-0.07160407801469167,-0.22481039663155875,-0.316070889433225,-0.1700435926516851,0.18355845908323923,0.39391877750555676,0.11980586747328441,-0.3132658948500951,-0.0022821625073750815,0.47392230729262036,-0.20326468845208487,-0.7854877461989721]","[0.009867492318153384,0.07199579775333405,0.12054843008518219,0.15310889780521392,0.18027776777744292,0.1960834890604019,0.15579027235507964,0.11237034499645233,0.07532310783863068,-0.00041241645812988004,-0.19110303819179536,-0.29384970366954805,-0.2820112079381943,-0.19645946919918061,-0.1115297645330429]"
2026-06-02T15:01:22.106,744.210,8288,0,11,0.035218,55.245,16.741,58.147,15.441,1,ok,u16_id_range_primary,136,"[-0.33145702133576077,-0.18445286403099695,0.16524073233207068,0.3718022679289182,0.10004457583030064,-0.32881152878204983,-0.019633049766222637,0.4542584990461667,-0.2198078061143557,-0.8029777432481447,-0.08239090691010158,0.5730389927824339,0.28205230583747226,-0.03879997382561366,0.06189352025588353]","[0.1649734179178874,0.1243365208307902,0.08053273955980937,0.04302106300989787,-0.03336275120576222,-0.22399795552094776,-0.32732375462849933,-0.3155511220296224,-0.22989829381306964,-0.14492626984914142,-0.024228890736897782,0.07544938723246257,0.13898948828379315,0.2522619167963664,0.4197245041529338]"
2026-06-02T15:01:23.552,745.656,8304,0,11,0.057437,68.638,16.741,60.245,15.701,1,ok,u16_id_range_primary,136,"[-0.31823404381672543,-0.007563466827074686,0.4585586016376813,-0.21818150828282037,-0.7965508873263994,-0.07314302275578181,0.5820799892147382,0.28817595293124515,-0.03471447775761286,0.06895641734202702,-0.3316168064872424,-0.6629439170161883,0.1790222947796186,0.6634682243069013,0.20268665005763373]","[-0.2840259611606598,-0.38747098445892336,-0.3757839143276215,-0.2898788392543793,-0.20562123656272888,-0.08457576632499694,0.015320545434951788,0.07889533638954163,0.19155479073524476,0.3586662471294403,0.4146533668041229,0.3733851969242096,0.23831105828285218,0.0538504183292389,-0.09728025794029235]"
2026-06-02T15:01:24.971,747.075,8320,0,11,0.061666,51.897,16.741,58.576,15.909,1,ok,u16_id_range_primary,136,"[-0.09671590427557628,0.5577690829833348,0.25959190030892687,-0.061676419774691266,0.04614260097344716,-0.3539525041977565,-0.6922228107849757,0.1481232871611913,0.6390668382247289,0.18267311950524648,-0.2655602465073268,-0.39962962965170545,-0.1885977158943812,0.09018186529477437,0.13480653663476308]","[-0.08054748177528381,0.019343465566635132,0.08294013142585754,0.19471469521522522,0.36205971240997314,0.4186643660068512,0.3780529201030731,0.24311992526054382,0.05857798457145691,-0.09185555577278137,-0.22214892506599426,-0.3351579010486603,-0.3867373764514923,-0.3820020258426666,-0.2590239346027374]"
2026-06-02T15:01:26.414,748.518,8336,0,11,0.060657,66.964,16.741,60.253,16.075,1,ok,u16_id_range_primary,136,"[-0.2736054167151451,-0.6274649903178215,0.19841231852769853,0.6995241835713386,0.2648336485028267,-0.18708921521902083,-0.33821193426847457,-0.13421149104833602,0.1525929167866707,0.21090437918901445,-0.03010246455669403,-0.2728555306792259,0.534147997200489,0.44553877860307695,-0.642413179576397]","[0.5291839162508647,0.4923308412233988,0.3583642760912577,0.17380922238032023,0.022891215483347577,-0.10536915858586629,-0.21659881671269735,-0.2656753738721212,-0.25961072047551476,-0.12888784011205037,-0.12670154174168904,-0.14488620360692342,-0.08258468707402547,-0.10606486399968465,-0.14020026524861653]"
2026-06-02T15:01:27.827,749.931,8352,0,11,0.041342,66.964,10.045,61.595,14.869,1,ok,u16_id_range_primary,136,"[0.22617640048265458,-0.4389487311244011,-0.9714981719851494,0.23355235606431962,1.1871574118733406,0.10167201310396194,-0.26806954592466353,-0.009809087216854095,-0.38299266546964644,-0.38378537744283675,0.30229284316301347,0.6526090696454048,0.09605171233415603,-0.2916907474398613,-0.05271748006343842]","[0.24860830008983612,0.25040931403636935,0.15470857322216033,0.08627338111400604,-0.06957989037036896,-0.1991000682115555,-0.22948496639728547,-0.21344511806964875,-0.15057068169116974,-0.11879103481769562,-0.06253529191017151,0.014602312445640558,0.07514561116695403,0.0995241492986679,0.11423541009426116]"
2026-06-02T15:01:29.457,751.560,8368,0,11,0.039818,77.009,6.696,64.678,13.235,1,ok,u16_id_range_primary,136,"[0.35414918437600135,-0.3973557136952877,-0.3682734750211239,-0.25754002556204797,-0.05137083753943443,0.30440460816025733,0.4998341716825962,0.07569711580872536,-0.2618540905416012,-0.08721001520752907,0.08304263576865197,0.021165582537651065,-0.01187491491436958,-0.0822488747537136,0.17943464890122413]","[-0.2053135146697362,-0.21182401080926258,-0.1846286763747533,-0.12097890277703602,-0.09016631146272022,-0.04084024926026661,0.02106449405352276,0.07174982527891796,0.09296243290106457,0.10572828749815624,0.11467712024847668,0.15001188615957897,0.14311771492163342,0.09504370788733166,0.05939619640509289]"
2026-06-02T15:01:30.871,752.975,8384,0,11,0.022212,60.268,16.741,64.678,13.235,0,br_jump_6.70_to_16.74,u16_id_range_primary,136,"[0.2667027458548546,0.4529837116599083,0.03313896507024765,-0.3040735676884651,-0.14354061633348464,0.012035862356424332,-0.04412456527352333,-0.0657696083188057,-0.12860805839300155,0.1400838389992714,0.2930337831377983,-0.11658769398927689,-0.1776581659913063,0.016554129123687745,-0.23417076021432875]","[-0.17127092679341635,-0.10617234309514363,-0.05326219399770101,-0.028296430905659992,-0.012081225713094076,0.0005608002344767253,0.039351860682169594,0.03292612234751383,-0.013720472653706869,-0.04892285664876302,-0.08754249413808186,-0.10553189118703206,-0.009827097256978353,0.1816109816233317,0.3821781675020854]"
2026-06-02T15:01:32.290,754.393,8400,0,11,0.054853,68.638,15.067,65.470,13.601,1,ok,u16_id_range_primary,136,"[-0.009427520881096524,-0.09650362419585387,-0.09319766002396743,-0.14644397931794326,0.11514876646300157,0.29364310068388777,-0.1033394797394673,-0.17905035751561324,-0.012132571513454121,-0.264157251889507,-0.38445262747506304,0.1275577382495006,0.4629761413981517,0.1409479216982921,0.14843140405913194]","[-0.1063113808631897,-0.06971174478530884,-0.07601016759872437,-0.12560349702835083,-0.16301292181015015,-0.20427405834197998,-0.22332978248596191,-0.12554925680160522,0.06504935026168823,0.2663809657096863,0.3979610204696655,0.4283298850059509,0.24587517976760864,-0.026399552822113037,-0.2833940386772156]"
2026-06-02T15:01:33.700,755.804,8416,0,11,0.082034,68.638,10.045,66.104,12.890,1,ok,u16_id_range_primary,136,"[0.33584502736727395,-0.080043758948644,-0.17649733622868854,-0.0014716496070226025,-0.23785484929879505,-0.3357251246770223,0.1641533116499583,0.48245200912157693,0.147926930586497,0.1546746830145518,-0.03576382597287496,-0.6926917095979055,-0.45659160216649375,0.4063230494658152,0.32526484529177346]","[-0.0591442068417867,-0.07849437793095906,0.0239704171816508,0.21347837845484416,0.4153678933779399,0.5453118006388347,0.5755120436350505,0.39456563393274946,0.12243311802546183,-0.13557130893071492,-0.35450238784154253,-0.537032135327657,-0.5646737297375997,-0.41718787749608355,-0.14403326114018758]"
2026-06-02T15:01:35.114,757.218,8432,0,11,0.078663,71.986,15.067,67.280,13.325,1,ok,u16_id_range_primary,136,"[-0.33396924336751305,0.17566054264704387,0.4997860709826151,0.17304503122965495,0.2011743704477946,-0.006238468488057454,-0.6951215346654256,-0.44573006828626,0.4308934728304545,0.3447832683722178,-0.2708596964677175,-0.054895736773808795,0.6456578294436137,-0.027847178777058917,-0.6363386591275533]","[0.4620425542195638,0.49608282645543417,0.3136821230252584,0.04157464106877645,-0.2154154340426127,-0.43456108967463175,-0.6173590580622356,-0.6454518596331279,-0.4990751306215922,-0.22469420830408732,0.00021998484929402692,0.26610939105351766,0.4565048654874166,0.4135034521420797,0.18683694203694662]"
2026-06-02T15:01:36.549,758.653,8448,0,11,0.071036,68.638,15.067,67.552,13.674,1,ok,u16_id_range_primary,136,"[-0.016792450348536173,-0.6257015208403269,-0.3355883697668711,0.5272599716981252,0.3604089876015981,-0.26773223678270974,-0.0784674326578776,0.6625370641549428,0.5662476678689321,-0.4183012584845225,-0.456593249241511,0.23052641352017722,0.22574761112531028,-0.27335182229677835,-0.10019937554995219]","[-0.19140032132466633,-0.3872798999150594,-0.41135254700978596,-0.2594842036565145,0.01595064798990886,0.2366655747095744,0.3360615650812785,0.3984355608622233,0.34029170672098796,0.16902884642283122,-0.035397203763326,-0.1344178040822347,-0.13102665742238362,-0.04167571862538655,0.0956004540125529]"
2026-06-02T15:01:37.978,760.081,8464,0,11,0.047620,77.009,15.067,69.443,13.952,1,ok,u16_id_range_primary,136,"[0.39350400269031527,0.4826491862535477,0.34900457561016085,0.07241884768009185,-0.7185079663991928,-0.6447695702314377,0.1916097193956375,0.11445398032665252,-0.19095044434070588,0.06052193939685822,0.14796094000339508,-0.04053661823272705,-0.03688361346721649,0.00035558044910431047,-0.18083055913448334]","[0.34146258284648257,0.30297443320353823,0.25247216274340945,0.10720906456311544,-0.12513486991326014,-0.31399485419193907,-0.436818032960097,-0.45472958634297056,-0.3657918269435565,-0.213834315041701,-0.04465511391560237,0.09954568793376287,0.21625539710124334,0.2983598416050275,0.336679429312547]"
2026-06-02T15:01:39.395,761.498,8480,0,11,0.091401,77.009,15.067,70.956,14.175,1,ok,u16_id_range_primary,136,"[-0.5750517040491104,0.3269325107336044,0.2739604920148849,-0.19588037729263305,-0.006992110610008239,0.1990907996892929,0.05273546874523163,0.01077306866645813,0.055986633896827696,-0.10553769171237945,-0.21396226584911346,-0.02282964587211609,0.09365273118019105,0.03890758603811264,0.0682145044207573]","[-0.37710775931676227,-0.4869196017583211,-0.4944555362065633,-0.3997585376103719,-0.24646063645680746,-0.07935210069020589,0.06005767981211345,0.1719448963801066,0.25075701872507733,0.2865152756373088,0.2941080729166667,0.2910887400309245,0.2669061819712321,0.2428234020868937,0.2198529044787089]"
2026-06-02T15:01:40.806,762.910,8496,0,11,0.110796,50.223,15.067,66.810,14.354,1,ok,u16_id_range_primary,136,"[0.2749596630533536,0.13824344625075657,0.054528633256753285,0.06771666755278904,-0.13682918796936672,-0.2794112766782443,-0.06933953414360683,0.0798266773422559,0.04175447126229604,0.08889787097771962,0.047988960643609364,-0.012050351003805797,0.01614714612563451,-0.1302553246418635,-0.1821778620282809]","[-0.1301867703596751,-0.027370665470759087,0.05099179943402607,0.10209551056226093,0.11509647568066914,0.10626139839490253,0.093282546599706,0.061874594291051216,0.03387778600056965,0.008736934264500923,-0.05378410617510479,-0.06182989875475567,-0.07893464366594952,-0.06298801700274151,-0.15712294379870098]"
2026-06-02T15:01:42.227,764.331,8512,0,11,0.043798,66.964,15.067,66.840,14.496,1,ok,u16_id_range_primary,136,"[-0.29103297541538875,-0.07698579678932826,0.0778197740515073,0.042810561259587605,0.09236223449309666,0.05152201851209005,-0.013476794461409251,0.011090124150117238,-0.13022784690062206,-0.18240222881237667,-0.08100271771351497,0.40818726470073063,-0.04367805073658625,-0.325777297715346,0.46079173137744267]","[0.22662037014961242,0.21680712103843688,0.18808394074440002,0.16244911551475524,0.13928767442703247,0.07921426892280578,0.07184922099113464,0.05526410937309265,0.07179319262504577,-0.02145046591758728,-0.05163914561271667,-0.10134131312370301,-0.28925896286964414,-0.3803368866443634,-0.36734223961830137]"
2026-06-02T15:01:43.847,765.951,8528,0,11,0.037443,82.031,8.370,69.879,13.271,1,ok,u16_id_range_primary,136,"[0.03491041362285614,-0.02458242028951645,0.009287784993648528,-0.15809289067983628,-0.11260301321744919,0.02489418089389801,-0.12081649601459503,-0.2866721197962761,0.33949806839227675,1.076860572397709,-0.2069791302084923,-1.4652797922492027,-0.582392905652523,0.709174419939518,0.7627933278679848]","[0.10281770626703898,0.1010740319887797,0.08883642355600993,0.10987203518549601,0.17891018788019816,0.2802075664202372,0.2504810611406962,-0.007674284776051839,-0.22441691954930623,-0.2844039877255758,-0.23853439887364705,-0.15826249917348226,-0.11059374411900838,-0.05740404923756917,-0.03090912898381551]"
2026-06-02T15:01:45.269,767.372,8544,0,11,0.071599,70.312,10.045,69.965,12.626,1,ok,u16_id_range_primary,136,"[0.4656856805086136,-0.5603537410497665,-0.15289071202278137,0.5182491689920425,0.36821962893009186,-0.5611702054738998,-0.8162884563207626,0.008201256394386292,0.769604817032814,0.699077382683754,0.07518769800662994,-0.43173418939113617,-0.4842042773962021,-0.048466071486473083,0.15088202059268951]","[0.28203688661257426,0.024327621857325232,-0.32593597372372946,-0.5350231071313223,-0.5247033973534903,-0.3711440702279409,-0.175626411040624,-0.025548114379247033,0.10837183992067972,0.18725334207216898,0.28057758609453837,0.2850100258986155,0.2736075977484385,0.26310585538546244,0.2536903182665507]"
2026-06-02T15:01:46.684,768.787,8560,0,11,0.043625,71.986,15.067,70.369,13.114,1,ok,u16_id_range_primary,136,"[-0.6157781839370727,-0.9661580085754394,-0.16582564115524293,0.724248731136322,0.7707566261291504,0.167428457736969,-0.3664576768875122,-0.46417889595031736,-0.08215475678443909,0.08226802349090576,0.03843868672847748,0.09135288894176483,-0.033441460132598876,0.1606632113456726,0.6588379979133606]","[-0.3330369581778844,-0.14491677184899648,-0.015183567007382711,0.09175956348578135,0.14108824829260508,0.20689725975195566,0.18634024361769358,0.15516510705153147,0.13030637900034586,0.11041909555594126,0.11971521476904551,0.07722705701986948,-0.12095087667306265,-0.29287266631921133,-0.3119573285182317]"
2026-06-02T15:01:48.103,770.207,8576,0,11,0.066369,71.986,15.067,70.693,13.505,1,ok,u16_id_range_primary,136,"[0.09205112953980764,-0.42719068030516305,-0.4855786154667536,-0.04132406810919444,0.14898539682229361,0.08619196315606435,0.11119862248500188,-0.038249161342779794,0.1364376207192739,0.635926287372907,0.023678879936536154,-0.9844448755184809,-0.7205715368191401,0.5019826700290044,0.9609063675006231]","[0.1295361171166102,0.13318421940008798,0.12190028528372447,0.1125732312599818,0.10425891975561778,0.12173851827780406,0.08515811959902446,-0.10838053127129872,-0.27640727659066516,-0.2917861094077428,-0.17367670436700186,-0.044012521704037987,0.03332593540350596,0.02935268978277842,0.023235107461611428]"
2026-06-02T15:01:49.524,771.628,8592,0,11,0.046173,71.986,15.067,70.952,13.817,1,ok,u16_id_range_primary,136,"[0.035243017971515654,0.08962552100419999,-0.034306862950325014,0.1616239532828331,0.6595833286643028,0.029681025445461272,-1.0067067757248878,-0.7530106917023659,0.5751686677336693,1.0504199847579003,-0.11389386802911758,-0.4350632444024086,0.3108091041445732,0.14573418945074082,-0.7149073496460915]","[0.04522802432378133,0.0028144915898640904,-0.19478378693262738,-0.36830608050028485,-0.3871643344561259,-0.27247993151346844,-0.14616928497950238,-0.07154689232508342,0.08039327462514241,0.20021768411000568,0.2104642589886983,0.18722339471181232,0.21649714310963947,0.26127572854359943,0.23633631070454914]"
2026-06-02T15:01:50.955,773.058,8608,0,11,0.050287,61.942,6.696,69.150,12.393,1,ok,u16_id_range_primary,136,"[0.05559562246004741,-0.988085522254308,-0.7379520674546559,0.6006706813971202,1.0811072448889414,-0.08229376276334127,-0.4112082858880361,0.329397843281428,0.1643898049990336,-0.7015204568703969,-0.39164198835690817,0.5633014301458995,0.6875895122687022,0.06323908368746439,-0.2325891395409902]","[-0.2592964231967926,-0.13210829198360444,-0.05728223025798798,0.09301863014698028,0.21077869236469268,0.2195842057466507,0.19466564953327178,0.2262675553560257,0.2714340478181839,0.24554369747638702,0.13417790234088897,-0.02538802325725556,-0.1989920347929001,-0.4149537295103073,-0.5074496477842331]"
2026-06-02T15:01:52.371,774.475,8624,0,11,0.056484,71.986,8.370,69.717,11.588,1,ok,u16_id_range_primary,136,"[-0.10845513939857483,-0.45068858861923217,0.27209572196006776,0.10247562527656555,-0.7763565957546235,-0.42575814127922057,0.5782766759395599,0.6466045200824737,0.073430997133255,-0.21930708289146422,-0.518803495168686,-0.5691918313503266,0.2704720914363861,0.7622349679470062,0.36297027468681337]","[0.31536337931950886,0.2851756532986959,0.3219310959180196,0.36855074961980183,0.33948847850163777,0.22885963519414265,0.07375619014104207,-0.0906067172686259,-0.14824393192927043,-0.11441209713617961,-0.10523226658503215,-0.183913258711497,-0.32592156330744426,-0.45354857842127483,-0.5112467686335246]"
2026-06-02T15:01:53.796,775.900,8640,0,11,0.069642,77.009,8.370,71.175,10.945,1,ok,u16_id_range_primary,136,"[-0.4176779747009277,0.5928722262382508,0.6394755482673645,0.05442454814910889,-0.21886805295944214,-0.5074298441410064,-0.5907642006874084,0.25219937562942507,0.7826737403869629,0.3656970500946045,-0.3713581323623657,-0.608886456489563,-0.14516634345054627,0.23609580993652343,-0.06328729391098023]","[0.43307568033536276,0.28004003961881,0.11744214495023092,0.05759216745694479,0.094887508948644,0.10555101831754049,0.02591849764188131,-0.11660240689913431,-0.24265800515810648,-0.30119077960650126,-0.31580971280733744,-0.2729336182276408,-0.1313930610815684,0.0604326864083608,0.20564784010251363]"
2026-06-02T15:01:55.214,777.318,8656,0,11,0.070517,55.245,8.370,67.989,10.430,1,ok,u16_id_range_primary,136,"[-0.07703271210193634,-0.09404846727848053,-0.3496127396821976,-0.25126555263996125,0.11916792690753937,0.0849125862121582,0.295070680975914,0.6089259117841721,-0.19689020216464997,-1.346749511361122,-0.5781490474939346,0.8688506215810776,0.6877886980772019,0.17611614167690276,0.05291566550731659]","[0.03442548314730327,0.1264552632967631,0.1936641792456309,0.2976508597532908,0.25610707799593607,0.07432316342989603,-0.10734666784604391,-0.08897401293118795,-0.007673396666844686,0.03715132276217143,0.04255436460177104,-0.04007781942685445,-0.21597386797269186,-0.29286099870999655,-0.3094249506791433]"
2026-06-02T15:01:56.634,778.737,8672,0,11,0.050407,56.919,6.696,65.775,9.683,1,ok,u16_id_range_primary,136,"[0.08101778030395508,0.36622079014778136,0.6719579875469208,-0.18353150486946107,-1.3104518473148346,-0.5396871387958526,0.8827527940273285,0.7232130348682404,0.23016842007637023,0.07771171927452088,-0.6577803313732147,-0.6718219339847564,0.2530034363269806,0.10856642127037049,-0.03133962750434875]","[0.14113878508408864,-0.03891540269056956,-0.02523434857527415,0.05595516463120778,0.10053037901719411,0.10463678141434987,0.019325607021649677,-0.15469039181868235,-0.22942960957686107,-0.24626970986525218,-0.24512360195318858,-0.08818720976511638,0.09389584561189016,0.22146316667397817,0.2909045447905858]"
2026-06-02T15:01:58.077,780.181,8688,0,11,0.067452,77.009,16.741,65.775,9.683,0,br_jump_6.70_to_16.74,u16_id_range_primary,136,"[-0.10198461562395096,0.5948096558451652,0.09247214049100876,-0.4603870466351509,-0.10089105665683747,0.04752114862203598,-0.17366680055856704,-0.03328392952680588,0.13154197186231614,-0.06034613698720932,-0.16466283351182937,-0.13918923884630202,0.074048613011837,0.25060633271932603,0.043411795794963834]","[0.037082118789354954,0.159828586379687,0.20204441050688426,0.1780231426159541,0.09783458511034647,-0.016830401619275417,-0.14070846339066823,-0.20068447490533192,-0.19873716135819752,-0.1074332465728124,-0.00613357325394949,0.035914404193560276,0.039919061462084446,-0.002844112118085232,-0.0772748758395513]"
2026-06-02T15:01:59.696,781.799,8704,0,11,0.102807,75.335,8.370,67.687,9.421,1,ok,u16_id_range_primary,136,"[0.2415864959359169,-0.13649464696645736,-0.06735972613096237,-0.027763637900352477,-0.1794872388243675,-0.13122646063566207,0.03707643300294876,0.28350402861833573,0.3684100702404976,0.07490660697221756,-0.21708066314458846,-0.21500615328550338,-0.013274143636226653,-0.03755087703466416,0.01975991278886795]","[0.22580122749010723,0.11856716672579447,0.05699369112650553,0.04909851948420206,0.11495795647303263,0.18023374478022258,0.18972971836725872,0.16452446381251018,0.09686973492304483,0.001196650664011631,-0.12513396342595418,-0.2072598656018575,-0.27106425364812214,-0.3015916069348653,-0.2929231842358907]"
2026-06-02T15:02:01.129,783.232,8720,0,11,0.084272,68.638,10.045,67.877,9.545,1,ok,u16_id_range_primary,136,"[-0.21353059162696203,0.03402827034393946,0.3116213465730349,0.2931858981649081,-0.022096029420693716,-0.234559199710687,-0.20863362302382787,-0.03518272091945013,-0.0723636065920194,-0.015809706350167593,0.14128156850735346,0.07065268705288569,0.05109036068121592,0.04663447390000025,-0.14631912757953008]","[0.29422293553749723,0.302567824224631,0.27877305398384733,0.21332524667183558,0.11868117700020472,-0.008363500734170276,-0.09094883551200231,-0.15565158476432164,-0.18627323259909948,-0.17585100283225377,-0.16142083754142125,-0.15241618504126866,-0.12371183981498082,-0.09297014822562535,-0.05996307035287221]"
2026-06-02T15:02:02.540,784.643,8736,0,11,0.075794,80.357,10.045,70.373,9.645,1,ok,u16_id_range_primary,136,"[-0.20495251839359602,-0.14730113272865614,0.010433604071537653,-0.0375539613266786,0.02021246130267779,0.16578086192409197,0.08335811371604601,0.08427490765849749,0.09477468306819598,-0.11351316695412,-0.16690793161590894,-0.004482085754474004,0.1058847057322661,0.09732445056239764,0.012667008737723032]","[0.07581286331017813,-0.008370591203371677,-0.07530994514624277,-0.10760398010412851,-0.09689171413580576,-0.08288772205511728,-0.07544649938742319,-0.04684801201025644,-0.016248179475466404,0.016697215040524807,0.050389932592709866,0.06851877470811209,0.09871998627980551,0.10860228737195333,0.09086558421452841]"
2026-06-02T15:02:03.962,786.066,8752,0,11,0.053513,66.964,8.370,69.691,9.390,1,ok,u16_id_range_primary,136,"[0.13979168968896072,0.05627636599044005,0.06264771508673826,0.07626930611828962,-0.13630431157847245,-0.19145714504023392,-0.026959277813633283,0.08373177784184614,0.07319402682284513,-0.01140069787700971,-0.03022844356795152,0.10247364627818266,0.11001244919995466,-0.09979998332758745,-0.20824711782236893]","[-0.09955008178949357,-0.09198488146066666,-0.06296230703592301,-0.03196690827608109,0.0013718619942665045,0.03542985171079635,0.05390628576278686,0.08454962223768234,0.09454697519540786,0.07663962393999099,0.0016113683581352178,-0.05365978032350541,-0.06068278700113297,-0.023115469515323644,0.07586662620306014]"
2026-06-02T15:02:05.404,787.507,8768,0,11,0.033564,51.897,8.370,66.133,9.186,1,ok,u16_id_range_primary,136,"[-0.19682964670161407,-0.021304234738151233,0.08599662793179354,0.06288346660633883,-0.024715345228711764,-0.03547353098789851,0.11323259783287844,0.11358125520249208,-0.11735357331732908,-0.20850366341571014,-0.23467530297736328,0.09583222878475985,0.34261861455937226,-0.03997579204539458,0.06468629849453768]","[-0.05287704641620318,-0.03447161267201106,-0.0028217362860838563,0.006598956634600958,-0.014181249092022577,-0.09400618846217791,-0.1508274900416533,-0.16137333984176316,-0.12292959565917651,-0.01879634733001391,0.03164932851990064,0.1406529319783052,0.16397014980514846,0.13460639839371047,0.17480684046943984]"
2026-06-02T15:02:06.817,788.921,8784,0,14,0.032054,70.312,6.696,66.133,9.186,0,transient_bin_jump_gating,u16_id_range_primary,136,"[-0.06525362879037858,0.07141738161444663,0.07603803798556327,-0.14344356432557107,-0.24673202112317086,-0.29385640695691106,0.05066314861178398,0.32429329082369807,-0.06370712295174599,0.020463069528341295,0.2654015772044659,-0.5775660522282123,-0.826625133305788,0.5767419688403607,0.8321654550731182]","[-0.15158410469690958,-0.2110838750998179,-0.2235297421614329,-0.184872434536616,-0.07792513171831766,-0.026525185505549116,0.08342684706052145,0.10791279276212057,0.07971991499265035,0.11867721279462179,0.23665447433789571,0.19515742262204488,0.09428401192029318,0.007832302649815874,-0.0481445054213206]"
2026-06-02T15:02:08.237,790.341,8800,0,14,0.034408,55.245,6.696,66.133,9.186,0,transient_bin_jump_gating,u16_id_range_primary,136,"[-0.2501667827367783,0.07913624346256257,0.35682537257671354,-0.054175862669944765,0.008279567956924437,0.27326988279819486,-0.5375432759523392,-0.789800563454628,0.617842635512352,0.8737167328596115,-0.3000000506639481,-0.6356097847223282,-0.11725229918956756,0.16109149754047394,0.3143866866827011]","[-0.06638856989641984,0.05038229363660018,0.08072058099011581,0.057709254200259845,0.09883777039746444,0.22041199343899887,0.18023351567486923,0.08035907881955306,-0.0028423668195803956,-0.05430394982298215,-0.06921572809418042,-0.07953188767035801,-0.15220442426701386,-0.17901346844931443,-0.16515409213801224]"
2026-06-02T15:02:09.648,791.752,8816,0,14,0.062782,78.683,8.370,66.133,9.186,0,transient_bin_jump_gating,u16_id_range_primary,136,"[0.08778430124123891,-0.4566128740708033,-0.1998721251885096,0.46052430172761283,0.03135408063729604,-0.4683342466751734,-0.13868119219938913,0.18331880470116935,0.18304660518964133,0.32283280392487845,0.03969965477784475,-0.8974183390537898,-0.6111155341068903,0.736808638771375,0.7266651203234991]","[-0.04718607266743978,-0.17514639695485434,-0.2641481717427572,-0.2718935569127401,-0.21679883797963462,-0.12116175492604574,-0.036044891675313315,-0.0407271941502889,-0.024534757932027182,0.0950525442759196,0.2680473963419596,0.3076062838236491,0.2747923175493876,0.18401140371958413,0.06813168923060099]"
2026-06-02T15:02:11.074,793.177,8832,0,14,0.017929,50.223,11.719,62.951,9.693,1,ok,u16_id_range_primary,136,"[0.2591722697019577,0.30812532603740694,0.22790037989616393,0.029242852330207826,0.07127923667430877,0.29216803014278414,-0.6186432749032974,-1.1704816728830338,0.24033583104610443,1.3193879216909408,0.5171830147504807,-0.5179942160844803,-0.06773998439311982,-0.09599362909793854,-0.7939420849084854]","[0.18510788679122925,0.18817073106765747,0.077434241771698,-0.16855472326278687,-0.2588431239128113,-0.15139180421829224,-0.026450753211975098,0.05448949337005615,0.08716088533401489,0.12762683629989624,0.04312092065811157,-0.04213041067123413,-0.016477644443511963,-0.052684903144836426,-0.046577632427215576]"
2026-06-02T15:02:12.498,794.602,8848,0,14,0.028308,55.245,15.067,61.410,10.768,1,ok,u16_id_range_primary,136,"[0.3302266538143158,-0.604620224237442,-1.1727639496326447,0.21285449862480163,1.2825328052043914,0.4968732535839081,-0.5052787721157074,-0.03869969248771667,-0.0821118712425232,-0.7995418965816498,-0.08999205231666565,0.6068199813365937,0.5008570492267609,0.23579573035240173,-0.37295151352882383]","[-0.11238193412621816,0.017782107988993323,0.10273011128107706,0.14026309649149576,0.18274113635222117,0.0996441255013148,0.016007066766420996,0.044040978948275245,0.012452513972918189,0.019337848822275794,-0.037899761398633325,-0.13970531423886617,-0.15747705002625784,-0.11053180595239004,-0.07700312038262686]"
2026-06-02T15:02:13.916,796.019,8864,0,14,0.023945,51.897,15.067,59.507,11.628,1,ok,u16_id_range_primary,136,"[0.5344682653745015,-0.4624591151873271,-0.006883529822031657,-0.05206399957338969,-0.7538900057474772,-0.050280598799387614,0.6514163335164388,0.5331200977166494,0.2525510509808858,-0.33082207838694255,-0.5773636380831401,0.056651206811269124,0.6923458894093831,0.09602090915044148,-0.5828107873598735]","[0.09490699072678883,0.012282048662503556,0.03905198474725087,0.008673255642255143,0.012937088807423905,-0.04346221188704173,-0.14083125690619153,-0.1561983774105708,-0.10798501471678416,-0.07405143479506175,-0.11124187211195628,-0.08729308346907298,0.04223257799943288,0.1922770192225774,0.31870228548844654]"
2026-06-02T15:02:15.534,797.638,8880,0,14,0.019606,70.312,8.370,61.668,10.976,1,ok,u16_id_range_primary,136,"[-0.14021966457366944,0.5714499592781067,0.4419963598251343,0.15555360317230224,-0.42267457246780393,-0.6654623508453369,-0.024768149852752684,0.6123033404350281,0.0009564399719238295,-0.6937205553054809,-0.20874634981155396,0.3690080285072327,0.5350803375244141,0.13925495147705078,-0.6700113773345947]","[-0.10521523356437683,-0.20325272977352143,-0.21887886226177217,-0.17060738503932954,-0.13856875598430635,-0.17967283427715303,-0.1585365504026413,-0.028621074557304383,0.12036907970905304,0.24314189255237578,0.22162473499774932,0.14433652460575103,0.10995674431324005,0.16755253374576567,0.19637191593647002]"
2026-06-02T15:02:16.960,799.064,8896,0,14,0.019518,61.942,15.067,61.723,11.794,1,ok,u16_id_range_primary,136,"[-0.6493544479211172,0.022547612587610878,0.6568997005621592,0.03399724761644999,-0.6568368573983511,-0.1692147751649221,0.4059036771456401,0.5820515255133311,0.17644972602526346,-0.6558909316857656,-0.8552153011163076,0.08233631650606792,0.9706854323546091,0.418880174557368,-0.3632390995820363]","[-0.22412910014390947,-0.20328726321458818,-0.0726477101445198,0.07711325138807297,0.19932399243116378,0.17481849640607833,0.09411595314741135,0.05994890183210373,0.11589271873235703,0.1430599048733711,0.054578500986099246,-0.06307986825704574,-0.15803513377904893,-0.1566212370991707,-0.041051407158374784]"
2026-06-02T15:02:18.393,800.497,8912,0,14,0.040701,82.031,15.067,65.784,12.449,1,ok,u16_id_range_primary,136,"[-0.1149692306915919,0.41868760486443835,0.01162376304467519,-0.05004339615503947,0.04338716765244802,-0.4501877198616664,-0.3387738833824794,0.5287342300017674,0.3172570099433263,-0.3857839773098628,-0.5135616729656856,-0.2301631341377894,0.18025871415932973,0.3661003937323888,0.21743413110574086]","[0.2689888099829356,0.31733318368593855,0.30074470440546675,0.30464120904604597,0.23771413365999858,0.042264066139856976,-0.17612723310788472,-0.35157505472501116,-0.3971321960290273,-0.3021091600259145,-0.15796849926312764,-0.04449275930722554,0.0345890740553538,0.0077261547247568785,-0.08459643324216207]"
2026-06-02T15:02:19.805,801.908,8928,0,14,0.058486,53.571,15.067,65.784,12.449,0,hr_jump_82.03_to_53.57,u16_id_range_primary,136,"[-0.4053503642479579,-0.2678805361191432,0.5619988669951756,0.3801596989234288,-0.22290468911329905,-0.3340137670437495,-0.11560801366964976,0.23419322868188222,0.3740347256263097,0.2916144510110219,0.04756804605325063,-0.07840774158636729,-0.3073446224133174,-0.33079285124937696,0.1727335681517919]","[0.18897101879119874,-0.009447836875915522,-0.16855957508087158,-0.20563318729400634,-0.10738494396209716,0.03968260288238526,0.16676995754241944,0.24819478988647461,0.22245094776153565,0.13106260299682618,0.006695842742919927,-0.04903455972671508,-0.13742979764938354,-0.16262080669403076,-0.16371705532073974]"
2026-06-02T15:02:21.223,803.327,8944,0,14,0.049236,63.616,15.067,65.351,12.972,1,ok,u16_id_range_primary,136,"[-0.48785565798170866,0.5861177891027183,0.567585989786312,-0.3021376878488809,-0.30626423661597074,-0.002764973137527704,-0.01165921618230641,-0.23453186457045377,-0.1656950265634805,0.3159592300187796,0.37185303862206637,0.0009373276960104706,-0.39982308452017606,-0.18070901934988798,0.24898739154450594]","[0.4020402411619822,0.46629667083422344,0.4411463717619578,0.2988560179869334,0.10197853843371073,-0.10646462639172873,-0.2080552597840627,-0.3349659462769826,-0.37680518825848897,-0.3726389129956563,-0.25547868212064107,-0.12526935537656148,-0.015556933482488003,0.02657627860705057,0.05834078590075174]"
2026-06-02T15:02:22.650,804.754,8960,0,14,0.115591,51.897,6.696,62.660,11.717,1,ok,u16_id_range_primary,136,"[0.1679782271385193,0.10650359094142914,-0.21645291149616241,-0.2570469528436661,0.20434997975826263,0.27353833615779877,-0.08278210461139679,-0.44545821845531464,-0.16327901184558868,0.32828380167484283,0.26697613298892975,-0.2354011982679367,-0.4997875839471817,0.15110118687152863,0.401476725935936]","[403987080.69486314,403987080.5466314,403987080.3712805,403987080.29261845,403987080.2719745,403987080.37498164,403987080.5021151,403987080.6004528,403987080.62913436,403987080.6476069,403987080.6796575,403987080.61948115,403987080.47170484,-5655819127.351252,403987080.6487487]"
2026-06-02T15:02:24.065,806.169,8976,0,14,0.122175,53.571,16.741,62.660,11.717,0,br_jump_6.70_to_16.74,u16_id_range_primary,136,"[0.28328241407871246,-0.009035125374794006,-0.373587504029274,-0.15461306273937225,0.36068813502788544,0.33612535893917084,-0.18472354114055634,-0.4592810720205307,0.18676631152629852,0.4464694708585739,-0.14035208523273468,-0.20247270166873932,0.002980738878250122,-0.0669219046831131,-0.025325432419776917]","[-0.10979057053724925,0.022153430183728534,0.11966844697793325,0.14980723758538564,0.16787987252076467,0.19676860471566518,0.13842915793259938,-0.009773246447245282,-0.11207992533842723,-0.2297114799420039,-0.2576175997654597,-0.20727658967177073,-0.0934722493092219,0.04769253035386403,0.17732238074143727]"
2026-06-02T15:02:25.488,807.591,8992,0,14,0.133268,51.897,11.719,60.507,11.718,1,ok,u16_id_range_primary,136,"[0.23150552213191986,-0.2767517179250717,-0.47923254072666166,0.13975811898708343,0.47197658717632296,-0.057800447940826415,-0.13470732271671296,0.07058933526277542,-0.019882215559482573,-0.036314716935157774,0.16747073233127593,0.23388127386569976,0.1342085689306259,-0.16909732520580292,-0.2756038516759872]","[0.09164839188257853,0.013098947207132977,-0.15479821761449178,-0.2655762215455373,-0.38609025677045183,-0.41639173825581866,-0.36659307082494097,-0.2511082371075948,-0.106605597337087,0.02692454258600871,0.13256471554438273,0.24412506024042765,0.38637261788050337,0.4752690116564433,0.5771600524584453]"
2026-06-02T15:02:26.910,809.014,9008,0,14,0.138909,83.705,16.741,60.507,11.718,0,hr_jump_51.90_to_83.71,u16_id_range_primary,136,"[-0.09911863928039868,-0.17192155544956525,0.023098274568716687,-0.07719129746158918,-0.07684676771362622,0.14115370387832324,0.19997007722655932,0.09418080324927966,-0.2046149862309297,-0.31028835897644363,0.011425476024548213,0.01453132505218188,0.23230626756946246,0.25582144732276596,-0.03250576977928479]","[-0.5245844701925914,-0.47542625466982524,-0.3608331064383189,-0.21760767499605815,-0.08532923261324564,0.01862865885098776,0.12721401651700337,0.26555556257565816,0.3513563295205434,0.45291823347409566,0.42910820444424946,0.3244980295499166,0.15136391123135884,-0.12656014959017436,-0.33030205766359966]"
2026-06-02T15:02:28.328,810.432,9024,0,14,0.153585,83.705,15.067,60.507,11.718,0,hr_jump_51.90_to_83.71,u16_id_range_primary,136,"[0.14177459180355073,0.2043531507253647,0.09190420508384704,-0.20124422311782836,-0.3047304332256317,0.01345006823539734,0.021558654308319092,0.23393198549747468,0.25317780375480653,-0.029930102825164794,-0.025636303424835204,-0.2467305988073349,-0.3334048271179199,-0.045373338460922244,0.2268993675708771]","[0.017571071783701576,0.12862406174341837,0.26980529228846234,0.35838089386622113,0.4602633515993754,0.4383539954821269,0.3337397376696269,0.1609324018160502,-0.11735167105992636,-0.31865044434865314,-0.4522479971249898,-0.4781329830487569,-0.40707196791966754,-0.27926721175511676,-0.11494853099187216]"
2026-06-02T15:02:29.947,812.050,9040,0,14,0.074095,83.705,15.067,60.507,11.718,0,hr_jump_51.90_to_83.71,u16_id_range_primary,136,"[-0.008289540807406109,-0.008194918433825176,0.2323602338631948,0.27867553134759265,-0.013454164067904156,-0.05040075878302256,-0.26498978833357495,-0.32614051798979443,-0.05645799140135447,0.20017028351624808,0.19858441253503165,0.08058938880761464,0.30401123066743213,0.04933596154054006,-0.6157993624607722]","[0.48450807929039,0.38175920844078065,0.20905296206474305,-0.06655867695808411,-0.26692457795143126,-0.4027068793773651,-0.4304650902748108,-0.3600737631320953,-0.23251970410346984,-0.0676549255847931,-0.002647119760513306,0.05313448309898376,0.1369836747646332,0.25188128352165223,0.31223104596138]"
2026-06-02T15:02:31.378,813.482,9056,0,14,0.076014,87.053,16.741,60.507,11.718,0,hr_jump_51.90_to_87.05,u16_id_range_primary,136,"[-0.04170064479112625,-0.24121580868959427,-0.3134003415703773,-0.06192730218172073,0.20825915187597274,0.22416702061891555,0.10352444052696227,0.3017671272158623,0.04499592036008835,-0.5891582801938057,-0.5043856933712959,0.2984785005450249,0.4917113646864891,0.0589098796248436,0.019974665343761445]","[-0.4146512866020203,-0.4427997589111328,-0.3732955873012543,-0.24721742868423463,-0.08560909032821655,-0.020329129695892335,0.0360953688621521,0.11778031587600708,0.22750829458236693,0.283109712600708,0.2892933368682861,0.2701699912548065,0.1994668126106262,0.09907065629959107,0.06140779256820679]"
2026-06-02T15:02:32.805,814.909,9072,0,14,0.097554,87.053,16.741,60.507,11.718,0,hr_jump_51.90_to_87.05,u16_id_range_primary,136,"[0.18026374926169714,0.08563080330689748,0.33018960704406103,0.09216593851645788,-0.5969845140973727,-0.5857104743520419,0.2484950934847196,0.5387164269884427,0.11614849319060644,0.009397975107034048,0.027072331806023916,-0.2768940712014834,-0.44619674334923426,-0.09710020671288172,0.3748055910070737]","[-0.17010478178660074,-0.11748806635538736,-0.03925589720408121,0.07964380582173666,0.14661832650502524,0.15751959880193075,0.1320506532986959,0.053473432858785,-0.05361489454905191,-0.09081176916758218,-0.07119564215342203,0.016356666882832854,0.05407889684041342,0.031369884808858245,-0.1286402146021525]"
2026-06-02T15:02:34.213,816.317,9088,0,14,0.073995,87.053,16.741,60.507,11.718,0,hr_jump_51.90_to_87.05,u16_id_range_primary,136,"[-0.5821632777651151,0.25303434977928796,0.5197623337308566,0.08787566075722376,-0.009016338487466177,-0.011162165304025015,-0.4715032314260801,-0.1323289011915525,0.38870972047249475,-0.1241864671309789,-0.24568799485762916,0.4099748099843661,0.07122417936722437,-0.3177211915453275,0.16318851361672082]","[0.33805781106154126,0.3150946448246638,0.23974072436491647,0.1357781837383906,0.09989571074644725,0.036784167091051735,-0.04756701489289602,-0.06041086216767629,-0.047619824608167015,-0.11734408636887868,-0.1340669443209966,-0.16842002173264822,-0.24397859474023184,-0.23559587200482687,-0.11034802099068959]"
2026-06-02T15:02:35.624,817.728,9104,0,14,0.062988,66.964,16.741,61.799,12.722,1,ok,u16_id_range_primary,136,"[-0.015217514832814534,-0.3063210864861806,-0.4398963769276937,-0.09087807138760884,0.5219919661680857,0.3845416287581126,-0.3179170509179433,-0.2857714315255483,0.30525195399920146,0.297903178135554,-0.46695849498112996,-0.647084238131841,-0.07278686960538228,0.4951078275839488,0.63803458015124]","[0.13682591915130615,0.22218620777130127,0.25964176654815674,0.2607228755950928,0.2937164306640625,0.2529277801513672,0.10216188430786133,-0.13235783576965332,-0.2857944965362549,-0.3091006278991699,-0.23978185653686523,-0.1233365535736084,-0.11601829528808594,-0.12984085083007812,-0.19195234775543213]"
2026-06-02T15:02:37.051,819.155,9120,0,14,0.070970,87.053,15.067,66.850,13.191,1,ok,u16_id_range_primary,136,"[0.346613114575545,-0.24040445139010747,-0.1715954934557279,0.3715670163432757,0.3668825979034106,-0.3633287196358045,-0.5223908965786298,0.13617098877827327,0.4007432813445727,0.0572611669699351,0.35948822448650997,0.631929641465346,-0.20064025570948918,-0.8299253528316816,-0.3423708622654279]","[0.27011977831522627,0.14296018282572429,-0.07014740308125814,-0.2045875867207845,-0.22374571164449056,-0.15294779141743978,-0.007506497701009113,0.19432055155436198,0.27488445440928144,0.19859098593393962,0.06710230509440104,-0.04692114194234212,-0.12090171178181966,-0.16267443497975667,-0.15854597886403402]"
2026-06-02T15:02:38.474,820.578,9136,0,14,0.059955,66.964,15.067,66.872,13.566,1,ok,u16_id_range_primary,136,"[-0.39953667173782986,-0.5638590777913729,0.11955281843741734,0.38007595886786777,0.019659926493962605,0.3349478517969449,0.6104595934351286,-0.23785260568062463,-0.8591839397946993,-0.35836658130089444,0.34215667595465976,0.4631056760748227,0.06300560881694157,-0.026352005700270336,0.11218677212794621]","[-0.18228543996810914,-0.03548253774642944,0.16636549234390258,0.24800275564193724,0.17271565198898314,0.04555736780166626,-0.06505025625228882,-0.1356556534767151,-0.17614437341690065,-0.16930819749832154,-0.07666851282119751,0.05026381015777588,0.1351932168006897,0.0815234661102295,-0.059026789665222165]"
2026-06-02T15:02:39.895,821.999,9152,0,14,0.067468,56.919,15.067,64.882,13.866,1,ok,u16_id_range_primary,136,"[0.22215940256913502,-0.21091024378935497,-0.3751942942539851,-0.31189031700293224,-0.018885595599810283,0.3784910907347997,0.45068802138169606,-0.036592109004656474,-0.1862592230240504,0.06379874249299367,0.3739606906970342,0.08568893571694691,-0.21726082066694896,-0.10363566676775615,-0.11415861348311107]","[-0.1060187041759491,-0.11366389393806457,-0.07854233384132385,-0.026538234949111936,0.05001505017280579,0.1854113221168518,0.3295896232128143,0.4116405129432678,0.3413953959941864,0.1752794563770294,-0.03435133099555969,-0.25478668212890626,-0.3511063277721405,-0.33968077301979066,-0.18864307999610902]"
2026-06-02T15:02:41.311,823.415,9168,0,14,0.059527,77.009,20.089,67.307,15.111,1,ok,u16_id_range_primary,136,"[0.2715482552846273,0.3888015290101369,-0.01678106288115184,-0.11444662610689799,0.021728455026944475,0.21723942359288534,-0.0950483242670695,-0.4018146554629008,-0.2760240594546,-0.20643897453943888,-0.04790462652842204,0.09847246011098226,0.27969722350438436,0.1995197077592214,-0.31854872504870096]","[-0.01125668287277222,0.11460859775543213,0.1999767541885376,0.14424986839294435,0.0010807633399963351,-0.18158851861953734,-0.37157033681869506,-0.4405423879623413,-0.4087745428085327,-0.24465577602386473,-0.02413599491119385,0.1613536596298218,0.3709641218185425,0.4225724458694458,0.2677180290222168]"
2026-06-02T15:02:42.726,824.830,9184,0,28,0.085817,58.593,18.415,67.307,15.111,0,transient_bin_jump_gating,u16_id_range_primary,136,"[-0.41802670657634733,0.11147994697093963,-0.11485837996006013,-0.26160176694393156,0.42538479864597323,0.6968353182077408,-0.13293953835964203,-0.32969396412372587,0.1786482125520706,-0.07236718237400055,-0.17722118496894837,0.5506129056215286,0.7008969575166702,-0.3228810042142868,-0.8342684119939804]","[0.13397133946418763,0.16937721371650696,0.18284452557563782,0.18885696530342103,0.25788295865058897,0.3629733383655548,0.39456061124801634,0.4651393353939056,0.4047131597995758,0.1747540295124054,-0.22354304194450378,-0.5617997586727143,-0.7503307402133942,-0.6774223983287812,-0.5219775378704071]"
2026-06-02T15:02:44.358,826.461,9200,0,57,0.114229,58.593,16.741,67.307,15.111,0,range_out_of_bounds_2.28m,u16_id_range_primary,136,"[0.6516684621572495,-0.17701282799243928,-0.37855753004550935,0.13826415240764617,-0.10701824426651001,-0.22210216224193574,0.49953589141368865,0.6573598712682724,-0.3627155691385269,-0.8761197596788406,-0.53255036175251,0.60558280646801,0.9583440750837326,-0.1263962060213089,-0.7282825976610183]","[0.29798603256543477,0.32938894828160603,0.3993415852387746,0.33869552810986836,0.10915863712628683,-0.2885441760222117,-0.6260280589262645,-0.8142999390761058,-0.7405555228392283,-0.585026619831721,-0.360081551472346,0.00806391437848409,0.4545203467210134,0.7158328314622243,0.7615480442841848]"
2026-06-02T15:02:45.771,827.874,9216,0,9,0.158010,53.571,16.741,67.307,15.111,0,transient_bin_jump_gating,u16_id_range_primary,136,"[-0.2038772225379944,0.4872141808271408,0.6337654322385788,-0.38866129219532014,-0.8935038715600967,-0.5286622315645217,0.626682135462761,0.9792802065610886,-0.11432870924472809,-0.722742822766304,0.3897507220506668,0.7472465962171555,-0.7913942605257034,-0.7888708382844924,0.5681019753217698]","[-0.394627583026886,-0.7276558697223663,-0.9116344273090362,-0.8340440809726715,-0.6751640856266021,-0.4469281256198883,-0.07604609131813049,0.3737977921962738,0.6384426534175873,0.710874217748642,0.7882858693599701,0.7460022151470185,0.545988816022873,0.28155006766319274,-0.018841367959976194]"
2026-06-02T15:02:47.193,829.297,9232,0,9,0.191779,68.638,10.045,67.307,15.111,0,transient_bin_jump_gating,u16_id_range_primary,136,"[-0.4561627378066381,0.5461666117111842,0.8548810015122096,-0.2504865398009618,-0.8448718657096227,0.2772699723641078,0.4140026996533076,-0.7662618031104406,-0.495058344801267,0.38769955734411876,0.18665115336577098,-0.33487840195496876,-0.2667495330174764,0.36476053098837535,0.38303769926230113]","[-0.47276798288027444,-0.1054488758246104,0.3333600421746572,0.5897572894891103,0.7106934448083242,0.7622534890969594,0.6657118459542593,0.44248744448026023,0.17839964826901752,-0.10273567239443462,-0.30985418359438577,-0.5721414426962534,-0.7933744529883067,-0.7809849123160044,-0.5453556815783183]"
2026-06-02T15:02:48.608,830.712,9248,0,6,0.214619,73.660,16.741,67.307,15.111,0,range_out_of_bounds_0.24m,u16_id_range_primary,136,"[0.0915779173374176,0.3895792067050934,0.23825445771217346,0.2611449658870697,-0.2135653793811798,-0.6487093269824982,-0.5505529642105103,-0.2248130738735199,0.4549708068370819,0.6052872240543365,-0.6349811851978302,-1.08158740401268,0.11932620406150818,0.6283154785633087,0.5657530725002289]","[1.1107956230640412,0.94300497174263,0.6635140240192413,0.3427919209003448,0.014811402559280401,-0.23081504702568054,-0.5208531558513642,-0.749513977766037,-0.7276617228984833,-0.4692650377750397,-0.1877819538116455,0.04548168778419495,0.03628457188606263,-0.07692944407463073,-0.19386386275291442]"
2026-06-02T15:02:50.027,832.131,9264,0,52,0.125611,58.593,5.022,67.307,15.111,0,range_out_of_bounds_2.08m,u16_id_range_primary,136,"[-0.46765589714050293,-0.43139708042144775,-0.21407294273376465,0.484514057636261,0.7834750413894653,-0.3658751845359802,-0.8025519251823425,0.38383281230926514,0.8454511761665344,0.719026505947113,-0.048097312450408936,-0.7140504717826843,-0.548795759677887,-0.019867360591888428,0.3960643410682678]","[0.08748587568600974,-0.19308892289797464,-0.429535303513209,-0.4272253851095835,-0.19491938153902688,0.05860280593236289,0.26514127453168235,0.23247387607892356,0.09965881307919822,-0.032764587799708034,-0.14366153279940286,-0.10776916543642678,0.02566775282224021,0.24128517111142478,0.5186487098534902]"
2026-06-02T15:02:51.442,833.546,9280,0,83,0.212263,58.593,5.022,67.307,15.111,0,range_out_of_bounds_3.32m,u16_id_range_primary,136,"[-0.5153896947701772,-0.9542480846246083,0.24889455835024515,0.7531140903631847,0.690452919403712,-0.05050529440244039,-0.7321289320786794,-0.5966892381509145,-0.10509087045987447,0.2921385625998179,0.4153666059176127,0.289421812693278,0.045302585760752356,0.09992407361666361,0.11943690578142802]","[-0.3920194347699483,-0.1579935391743978,-0.16662715276082357,-0.2797574838002523,-0.39663623174031576,-0.4975766976674398,-0.4519285996754964,-0.3106920560201009,-0.08964417775472006,0.19034125010172526,0.4573035399119059,0.5959370295206706,0.5682542483011882,0.5193658034006755,0.4116735021273295]"
2026-06-02T15:02:52.871,834.975,9296,0,128,0.159154,78.683,15.067,67.307,15.111,0,range_out_of_bounds_5.12m,u16_id_range_primary,136,"[0.08866810401280721,-0.704936687151591,-0.6178022662798563,-0.21411836544672647,0.6399955113728841,0.9473714788754781,0.1731933911641439,0.1807987650235494,0.008999284108479819,-0.758853022257487,-0.17907768885294595,1.0998473127683004,0.6536045034726461,-0.7458780447642008,-0.5718122760454813]","[-0.3647205869356791,-0.2840968410174052,-0.16188037792841592,-0.05018842617670695,0.14332139094670615,0.21666824420293174,0.280205245812734,0.39078676303227744,0.3691631515820821,0.1729279120763143,-0.10129207770029704,-0.21212798754374185,-0.20987618366877236,-0.12810874382654824,-0.06078148285547892]"
2026-06-02T15:02:54.289,836.393,9312,0,128,0.100925,83.705,10.045,67.307,15.111,0,range_out_of_bounds_5.12m,u16_id_range_primary,136,"[0.9052999357382456,0.1811961869398753,-0.1242068072160085,-0.17747720678647358,-0.40309068163235984,-0.2062813599904378,0.21476582090059917,-0.013315792878468832,-0.13994648655255634,0.3528061846892039,0.32065335313479104,-0.06632881959279378,-0.026993956168492636,-0.23028823335965473,-0.586792137225469]","[0.1411840538183848,0.21948119203249614,0.27743025819460554,0.26177426377932234,0.2249446431795756,0.20878010193506877,0.22892340222994487,0.18458481828371684,0.1118486742178599,-0.03246478041013082,-0.2346885581811269,-0.3882584949334462,-0.43199590643246966,-0.4105097432931264,-0.3610339244206746]"
2026-06-02T15:02:55.714,837.818,9328,0,128,0.095920,85.379,18.415,67.307,15.111,0,range_out_of_bounds_5.12m,u16_id_range_primary,136,"[-0.24649884998798371,0.14225259721279143,-0.11522464156150818,-0.21521186530590058,0.3175751596689224,0.2770012944936752,-0.12739637196063996,-0.13585543334484101,-0.33189376890659333,-0.4689647823572159,-0.1484211951494217,-0.13052680790424348,0.2980339556932449,0.7170513600111008,0.16807934939861296]","[0.21099929213523866,0.24654473066329957,0.2120261311531067,0.14478565454483033,-0.0032105326652526883,-0.2012816548347473,-0.3530664324760437,-0.3965115427970886,-0.35323219299316405,-0.10897593498229981,0.08714215159416198,0.180757474899292,0.1837467670440674,0.10116304159164428,0.04911304712295532]"
2026-06-02T15:02:57.136,839.240,9344,0,128,0.049201,60.268,16.741,67.307,15.111,0,range_out_of_bounds_5.12m,u16_id_range_primary,136,"[-0.4364332973957062,0.11518393754959107,0.4837554574012756,-0.0511219322681427,-0.34996039867401124,-0.07912285327911377,-0.2386180877685547,0.15641416907310485,0.7502364099025727,0.3312999188899994,-0.37163702845573426,-0.6325837790966033,-0.24469099640846254,0.22230215668678283,0.3449763238430023]","[-0.32841615279515585,-0.35999016364415487,-0.30701993306477865,-0.19754062493642172,0.08275164763132731,0.2915364662806193,0.378796116511027,0.3624707321325938,0.25274847547213236,0.17491169373194376,0.08539380232493082,-0.006859167416890466,-0.07962261041005453,-0.16533921559651693,-0.1838210662206014]"
2026-06-02T15:02:58.551,840.655,9360,0,128,0.044034,50.223,18.415,67.307,15.111,0,range_out_of_bounds_5.12m,u16_id_range_primary,136,"[-0.07239749828974407,-0.23076286713282268,0.15294060309727986,0.7342481931050618,0.3044053634007772,-0.40945735375086467,-0.6825128475824992,-0.28108718792597454,0.20912733872731526,0.3348092754681905,0.25118175347646077,-0.035425511995951335,-0.2016151527563731,-0.14106544653574626,0.06761133869489033]","[0.28489052057266234,0.36820228695869445,0.34819145798683165,0.2343067705631256,0.15489681363105773,0.06354089379310608,-0.03098778128623962,-0.10552577376365661,-0.19336203932762147,-0.21250323653221131,-0.20914844870567323,-0.18965606093406678,-0.18040768504142762,-0.1810841977596283,-0.15135352015495301]"
2026-06-02T15:03:00.167,842.271,9376,0,128,0.044748,50.223,16.741,67.307,15.111,0,range_out_of_bounds_5.12m,u16_id_range_primary,136,"[-0.2803422162930171,-0.036165917913119,-0.38301431636015576,-0.5876097629467646,0.21089625855286917,0.795761172970136,0.3061219205458959,-0.1491368661324183,-0.13274323443571726,-0.02139739195505778,-0.15068071583906809,-0.2192769298950831,0.056021099289258317,0.28221220274766284,0.30935469766457874]","[-0.15566336909929912,-0.2386981228987376,-0.23831146756807964,-0.22140025893847148,-0.1318446824947993,-0.03367310563723246,0.056910919149716695,0.11003534694512684,0.12773652573426564,0.15541228850682576,0.1628180166085561,0.15413296421368916,0.1016225238641103,0.08205729921658833,0.06886512239774067]"
2026-06-02T15:03:01.610,843.713,9392,0,128,0.023684,60.268,16.741,67.307,15.111,0,range_out_of_bounds_5.12m,u16_id_range_primary,136,"[0.4765478740135829,0.10852720538775126,-0.1303780456384023,-0.04472752710183461,0.0347959170738856,-0.14379628797372182,-0.2921451558669408,-0.08812441726525624,0.13749181429545085,0.21404278973738353,-0.0710317720969518,-0.23892601629098256,-0.058388524254163104,0.10157877902189891,-0.0054666330416997255]","[-0.021577332417170206,0.06336840589841207,0.10131486852963766,0.09925254782040914,0.10680183370908101,0.0963551660378774,0.07336109479268392,0.009955253203709921,-0.01673481265703837,-0.03417805234591166,-0.055669997135798135,-0.07942280570665995,-0.12620422641436257,-0.11283371249834696,-0.10378823081652323]"
2026-06-02T15:03:03.025,845.129,9408,0,35,0.019646,66.964,18.415,66.964,18.415,1,filter_lockout_recovery_reset,u16_id_range_primary,136,"[0.03198461631933848,0.2627628634373347,0.06798138121763865,-0.18513011535008747,-0.26182525952657065,0.03147988418738047,0.18292789558569592,-0.01098715861638387,-0.169451039036115,-0.05696247120698293,0.21926261881987255,0.1653893182675044,-0.41024387975533805,-0.42168066998322806,0.5544920156399409]","[-0.1830465296904246,-0.15704212586085,-0.08884216348330179,-0.05973828832308451,-0.04105133811632792,-0.01897097627321879,0.004815210898717247,0.05503337581952413,0.04144172867139181,0.032757033904393516,0.07603960235913595,0.1651425858338674,0.11834298570950827,0.04473321636517843,0.010385682185490928]"
2026-06-02T15:03:04.449,846.552,9424,0,35,0.030657,63.616,18.415,66.964,18.415,0,transient_bin_jump_gating,u16_id_range_primary,136,"[-0.07990366170803706,-0.18416501159469287,0.11864069526394208,0.3282490265866121,-0.39891810292998947,-0.42512811298171677,0.633272905399402,0.29655151491363846,-0.6273863720397155,0.056049976994593936,0.45748766188820206,-0.4728718506793181,-0.7343945312003295,0.3160618138809999,0.7164540482064088]","[-0.07778133551279703,-0.042111293474833174,0.09741507371266683,0.2547877271970113,0.2894368906815847,0.2869791527589162,0.27925787766774496,0.11571298440297445,-0.06982149283091227,-0.19566024939219157,-0.18516196409861246,-0.17899234692255656,-0.1809150735537211,-0.19452281395594279,-0.19862313667933146]"
2026-06-02T15:03:05.862,847.966,9440,0,35,0.032905,63.616,18.415,66.964,18.415,0,transient_bin_jump_gating,u16_id_range_primary,136,"[-0.39277232786019645,0.6650275776783625,0.3258976529041926,-0.5987416317065557,0.08734125296274821,0.48919637898604074,-0.4438140501578649,-0.7058734705050786,0.3473974655071894,0.7489143202702204,0.14492066601912182,-0.2637196888526281,-0.20881780584653217,-0.14108213384946186,-0.053874205549558005]","[0.3723977506160736,0.36650142073631287,0.20436951518058777,0.020123213529586792,-0.10436061024665833,-0.09225836396217346,-0.08461609482765198,-0.08526948094367981,-0.09769880771636963,-0.1008317768573761,-0.09845483303070068,-0.09005796909332275,-0.07892566919326782,-0.0701596736907959,-0.060758620500564575]"
2026-06-02T15:03:07.280,849.384,9456,0,35,0.033100,66.964,10.045,66.964,14.128,1,ok,u16_id_range_primary,136,"[0.47158975650866825,-0.4599377090732257,-0.7218058879176775,0.3296424572666486,0.7305086081226667,0.1276190107067426,-0.28023912260929745,-0.22528785715500513,-0.15763731549183527,-0.07075192282597224,0.10506017257769902,0.14428636183341345,0.033808564146359764,-0.008750619987646738,-0.018104496101538338]","[-0.027005611856778466,-0.020787536104520166,-0.022713004549344384,-0.036291359861691797,-0.04044988652070364,-0.03902432223161062,-0.03149673243363699,-0.02114613254865011,-0.013068227966626489,-0.004287241895993554,0.014351607362429297,0.034777999917666114,0.05300843815008799,0.07467359403769175,0.079458416501681]"
2026-06-02T15:03:08.699,850.802,9472,0,57,0.022761,66.964,10.045,66.964,14.128,0,range_out_of_bounds_2.28m,u16_id_range_primary,136,"[0.16030224288503328,-0.24871776377161345,-0.19385922824343046,-0.12598281477888426,-0.03864175950487454,0.1378010424474875,0.17669962967435518,0.06547354037563007,0.02318587029973666,0.01426587129632632,-0.043208712091048554,0.004411155978838604,0.011979004989067715,-0.021042445053656895,0.0773343654970328]","[-0.07886882225672404,-0.07136106590429941,-0.061013878385225935,-0.053017766276995344,-0.04430204729239146,-0.02563372353712718,-0.005150468150774641,0.013103335102399187,0.03486195107301076,0.039621203144391375,0.04315242071946462,0.05508682032426198,0.04940459032853444,0.04956534405549367,0.05455210705598195]"
2026-06-02T15:03:10.121,852.224,9488,0,57,0.020995,61.942,20.089,66.964,14.128,0,range_out_of_bounds_2.28m,u16_id_range_primary,136,"[0.097334382062157,0.136330542092522,0.025380280738075574,-0.017005416626731554,-0.026036757106582323,-0.08329954283932844,-0.03566167044142882,-0.02816006640593211,-0.06136124494175116,0.03713165683050951,0.05738810909291109,-0.04108112963537375,-0.049135255689422286,0.0077264187236626945,-0.01955030585328738]","[-0.07179172039031982,-0.051333916187286374,-0.03308899402618408,-0.01136763095855713,-0.006622326374053956,-0.003122937679290772,0.008809256553649902,0.0031099200248718255,0.003214228153228759,0.008166837692260741,0.01597158908843994,0.022385644912719726,0.03108983039855957,0.03959040641784668,0.04498981237411499]"
2026-06-02T15:03:11.536,853.640,9504,0,57,0.001678,65.290,16.741,66.964,14.128,0,range_out_of_bounds_2.28m,u16_id_range_primary,136,"[-0.034089652635157106,0.009364564158022403,-0.0017914295196533201,-0.05289802867919206,0.0388197360560298,0.06233306806534529,-0.028403514809906483,-0.027004891820251942,0.03662668745964766,0.009107882343232631,-0.028458585776388646,0.0055869540199637415,0.022159272991120815,-0.0029177207499742506,-0.008434341102838517]","[-0.0067599773406982425,0.0015211045742034909,-0.007953411340713501,-0.012016898393630982,-0.011221235990524292,-0.007485008239746094,-0.004915452003479004,0.00029932856559753383,0.005810582637786865,0.008715057373046875,0.009230473637580871,0.008139142394065857,0.007187762856483459,0.0055108308792114254,0.0039377003908157345]"
2026-06-02T15:03:12.979,855.083,9520,0,57,0.001303,63.616,11.719,66.964,14.128,0,range_out_of_bounds_2.28m,u16_id_range_primary,136,"[0.05858712112531066,-0.03265359783545137,-0.03136674473062158,0.03274930482730269,0.005254956241697073,-0.032601503375917676,0.001534512545913458,0.018201984744518996,-0.007013858016580343,-0.012612660136073827,0.005351697374135256,0.007391665410250425,-0.008382506854832172,-0.008133799023926257,0.003693427704274654]","[-0.012737900018692017,-0.010172277688980103,-0.0049391090869903564,0.0006074011325836182,0.0035358667373657227,0.004062637686729431,0.002966150641441345,0.0020052194595336914,0.00032517313957214355,-0.0012533217668533325,-0.0007383227348327637,0.0015494078397750854,0.0036596357822418213,0.0059894174337387085,0.005140021443367004]"
2026-06-02T15:03:14.410,856.514,9536,0,7,0.000856,50.223,20.089,66.964,14.128,0,range_out_of_bounds_0.28m,u16_id_range_primary,136,"[-0.03706867167105277,-0.002999222961564859,0.013511999386052291,-0.011528768700857957,-0.016955079634984334,0.0010062552678088343,0.0028296903396646178,-0.013080155135442813,-0.01269838831697901,-0.0008617966746290529,-0.005409059704591831,0.002650973262886206,0.00920741247634093,-0.02668367059280475,0.0980784826601545]","[-0.010191433752576511,-0.011242665971318882,-0.012149118507901829,-0.013793998087445896,-0.015332721794644993,-0.014762186134854954,-0.012443446243802708,-0.010284595812360447,-0.007897280777494114,-0.00869026097158591,-0.013873413826028507,-0.013369039321939152,-0.015029838929573696,0.007294631873567898,0.1517653682579597]"
2026-06-02T15:03:16.024,858.128,9552,0,7,0.018652,65.290,16.741,66.964,14.128,0,range_out_of_bounds_0.28m,u16_id_range_primary,136,"[0.011331750708632172,0.014292994677089155,-0.0007569601992145182,-0.0010804830351844432,0.010633003595285118,0.00654924432747066,0.013961265026591719,0.019122930406592787,-0.014580513187684118,0.11056867351289838,0.0020533140515908597,-0.4092663292074576,0.12658389767166228,0.2984166975831613,-0.18782948593143373]","[-0.14893758582572142,-0.14704816328982512,-0.14540568279723326,-0.14357737364868323,-0.14488540502885977,-0.1503130896637837,-0.15000632690886656,-0.15184269572297732,-0.12808792578677336,0.016367142026623094,0.11949512821932634,0.25319889647265276,0.3780615077664455,0.37538573605318865,0.16759583813448747]"
2026-06-02T15:03:17.440,859.543,9568,0,10,0.027206,66.964,16.741,66.964,14.128,0,transient_bin_jump_gating,u16_id_range_primary,136,"[0.059553907997906205,0.06651802575215697,0.07098165741190314,0.03903787052258849,0.1640793832950294,0.051971838157624003,-0.3554000404663384,0.18281419603154064,0.3488706800155342,-0.13711973996832966,0.01915283529087901,0.8485950085334479,0.1318315121345222,-1.1278188374824822,-0.36306829722598194]","[-0.07686439448346695,-0.07636770059665045,-0.07798740373303494,-0.05340621167172989,0.09133259287724892,0.1943149351204435,0.3283035539711515,0.45306102267156045,0.4502469681824247,0.24230996600041788,-0.031259856310983505,-0.18109496602167685,-0.3258334017669161,-0.4408839560424288,-0.49587114819635947]"
2026-06-02T15:03:18.855,860.959,9584,0,15,0.045694,66.964,16.741,66.964,14.128,0,transient_bin_jump_gating,u16_id_range_primary,136,"[-0.014671725034713746,-0.42127966582775117,0.11737647950649262,0.28232649266719817,-0.20364340841770173,-0.0466237336397171,0.7824134260416031,0.06554729044437409,-1.1932341426610946,-0.4291998118162155,0.7055977612733841,0.4197301000356674,-0.1228440374135971,-0.04109850227832794,0.09960347712039948]","[0.3150506496429443,0.4490674912929535,0.5737827003002167,0.5709254920482636,0.3629384219646454,0.08934881091117859,-0.060701113939285276,-0.20547340512275697,-0.3203785240650177,-0.3753056347370148,-0.37877474427223207,-0.3390775740146637,-0.291881662607193,-0.23977793455123902,-0.14974297285079957]"
2026-06-02T15:03:20.272,862.375,9600,0,12,0.047943,66.964,10.045,66.964,14.128,0,transient_bin_jump_gating,u16_id_range_primary,136,"[-0.04410964796940486,0.785024726887544,0.06891527225573858,-1.1907237524787584,-0.42659250448147457,0.7102896218498548,0.42378797580798466,-0.12115461180607477,-0.0393735075990359,0.10297975887854895,-0.17175916383663814,-0.2983889932433764,0.10969331314166388,0.19425726880629857,-0.10284575621287027]","[0.2664200007915497,0.11660396456718444,-0.02800119519233704,-0.1432129204273224,-0.19833410382270814,-0.20211220383644105,-0.1624760687351227,-0.11544305682182313,-0.06333792805671692,0.026403808593749994,0.05054395794868469,0.07418321967124938,0.1061575949192047,0.12870799899101257,0.1438969314098358]"
2026-06-02T15:03:21.685,863.789,9616,0,18,0.047966,61.942,16.741,61.942,16.741,1,filter_lockout_recovery_reset,u16_id_range_primary,136,"[0.6770292649666468,0.36798326472441356,-0.18638937373956044,-0.09133514960606892,0.0683075914780299,-0.21591682930787404,-0.3599710037310918,0.06380303005377452,0.1536739895741145,-0.16270189185937245,-0.10833196540673573,0.10402086178461711,-0.0015608837207158402,-0.17491881002982457,-0.13369209518035252]","[-0.2649592816829681,-0.22417015433311463,-0.17722249627113343,-0.1256812870502472,-0.03355038762092591,-0.010841047763824468,0.012263947725296015,0.04449211955070495,0.06680148243904113,0.08139329552650451,0.08831387162208557,0.1081548273563385,0.12750785946846008,0.14889305233955383,0.15860419869422912]"
2026-06-02T15:03:23.112,865.215,9632,0,18,0.079277,61.942,13.393,61.942,16.741,0,transient_bin_jump_gating,u16_id_range_primary,136,"[-0.6358325973153114,0.06568820327520371,0.5584829553961754,0.3041334256529808,-0.13547648936510087,-0.14689901918172837,-0.025989454984664918,-0.0678368553519249,-0.0979240357875824,0.006042356789112091,0.12638733834028243,0.10617156624794007,-0.011272017657756806,-0.020045821368694306,-0.025629554688930512]","[-0.27888274590174356,-0.15636802117029824,-0.04712963501612345,0.025327916940053305,0.06396388610204061,0.07235014041264852,0.0803736408551534,0.07782148917516073,0.07317590316136678,0.05474137862523397,0.04110323985417684,0.01915967067082723,0.0017807443936665862,-0.01087958017985026,-0.016538027922312418]"
2026-06-02T15:03:24.542,866.646,9648,0,18,0.035624,66.964,11.719,61.942,16.741,0,transient_bin_jump_gating,u16_id_range_primary,136,"[0.0775973576431473,0.03623107851793369,-0.08199147849033277,-0.08931288092086713,0.007371001256008943,0.03735792295386394,0.0007597807173927624,0.01087559045602878,0.04700033397724231,0.002559315723677476,-0.0352231931562225,-0.009647757435838381,0.014865489055713018,-0.00471522534886996,-0.013727334948877493]","[0.11431500911712647,0.0804757833480835,0.053368425369262694,0.030873990058898924,0.014695501327514647,0.007130241394042967,-0.00518169403076172,-0.012334728240966798,-0.019040369987487794,-0.026489996910095216,-0.036028289794921876,-0.0449129581451416,-0.04982247352600098,-0.0519542932510376,-0.055094146728515626]"
2026-06-02T15:03:25.976,868.080,9664,0,16,0.035845,71.986,6.696,61.942,16.741,0,transient_bin_jump_gating,u16_id_range_primary,136,"[0.04243841369946798,-0.009556550780932108,0.0019373351087172827,0.046228900303443274,-0.009755209336678186,-0.05267637992898623,-0.016117698761324087,0.013397389774521193,-0.014128553929428259,-0.026483899230758348,-0.0005298780898253122,0.02247700629134973,0.00012064700325330104,-0.0032852871964375177,0.0059337650736172995]","[0.047525008519490555,0.03464444478352864,0.02823956807454427,0.0221480925877889,0.01485606034596761,0.004933079083760578,-0.004275957743326824,-0.008463541666666668,-0.009295264879862469,-0.01187721888224284,-0.014739314715067547,-0.020237127939860027,-0.030119637648264568,-0.02739773193995158,-0.025940457979838055]"
2026-06-02T15:03:27.394,869.497,9680,0,16,0.050047,66.964,6.696,61.942,16.741,0,transient_bin_jump_gating,u16_id_range_primary,136,"[-0.25019591649373374,-0.19120204051335654,0.009484354654947916,0.17515764037768045,0.2202867011229197,0.16685952643553414,-0.00674362083276113,-0.17686962683995566,0.17324477831522622,0.14915903309981027,-0.17520109911759696,0.16939077178637185,0.09413975874582926,-0.5302335878213247,0.17272332708040872]","[-0.21826365391413372,-0.17145827213923137,-0.14360180298487346,-0.12006476322809856,-0.09608748356501262,-0.03312483231226603,-0.05506780544916789,-0.049650339285532634,-0.033579734961191814,-0.042056230703989665,-0.0032528916994730636,0.18593201239903767,0.2766699512799581,0.27425506909688313,0.22935077746709187]"
2026-06-02T15:03:28.812,870.915,9696,0,16,0.010550,53.571,11.719,61.942,16.741,0,transient_bin_jump_gating,u16_id_range_primary,136,"[0.044479492803414664,-0.14280375490585961,-0.3024165148536364,0.15597391476233802,0.12349276592334112,-0.26676708112160363,0.08086280127366384,-0.11776500592629115,-0.215819742778937,0.4430631880958875,0.20657821347316108,-0.5746431762973467,-0.4702377731601397,0.3825727884968122,0.653429884215196]","[0.05789640744527181,0.020936938126881917,0.022639187177022298,0.041866215070088704,0.020090075333913167,0.05993458827336629,0.11608144839604695,0.05299809773763021,0.015014739831288655,0.021991403897603352,0.050014646848042806,0.022914381821950276,-0.11604758898417156,-0.19291952053705852,-0.1934110204378764]"
2026-06-02T15:03:30.240,872.344,9712,0,16,0.027005,56.919,11.719,59.369,14.169,1,ok,u16_id_range_primary,136,"[0.7255535970131556,-0.3115375687678655,-0.3828637053569158,0.34391962985197705,0.13061519960562387,-0.2935580958922704,-0.15433395405610403,-0.2082813878854116,-0.17098567386468252,0.6462508688370386,0.3737572679917018,-0.5193199863036474,-0.5136099805434545,0.02296086649099986,0.31143292287985486]","[0.35898675123850504,0.30379130045572916,0.22964371840159098,0.10640539328257242,0.036433712641398115,0.013755098978678389,0.07162667910257975,-0.016669972737630205,-0.07972238858540853,-0.1041624387105306,-0.12545467813809713,-0.11992660065491995,-0.1694950153430303,-0.23731993039449056,-0.2678916295369466]"
2026-06-02T15:03:31.671,873.775,9728,0,16,0.044544,55.245,6.696,57.885,11.480,1,ok,u16_id_range_primary,136,"[0.49071522255738576,0.5892340709765752,0.0818050076564153,-0.24916933278242748,-0.40864340762297313,-0.4141240845123927,-0.12899099091688793,0.3204974701007207,0.2768474688132604,0.011071609457333882,-0.04046504000822703,-0.16675749222437541,-0.09818022499481838,-0.09836826274792354,-0.16547201375166576]","[0.27516024708747866,0.23236810564994811,0.1734796106815338,0.10939746499061584,0.05208849310874939,-0.003728634119033812,-0.05025113224983215,-0.07054269909858704,-0.08847052454948426,-0.08336711525917054,-0.10014826655387879,-0.11271900534629822,-0.09184772372245789,-0.1263994038105011,-0.11501941680908204]"
2026-06-02T15:03:33.290,875.393,9744,0,16,0.027968,56.919,8.370,57.604,10.576,1,ok,u16_id_range_primary,136,"[0.44781451622645063,0.7406665007273356,-0.028791584571202594,0.3298735539118449,0.06175725857416789,-0.9668686469395955,-0.7644447763760884,0.18720226685206096,0.610636047522227,0.2818033615748088,-0.036209293206532794,-0.4277681191762288,-0.48797655900319414,-0.1034804364045461,0.15578591028849284]","[0.2521811683972677,0.01891254981358846,-0.1723796765009562,-0.25494295756022134,-0.2348893622557322,-0.12744775811831155,-0.0777580181757609,-0.00947499672571818,-0.0032123366991678864,0.04602706034978231,0.08924007018407186,0.11319589217503866,0.11285820206006368,0.11953556140263875,0.12815460165341697]"
2026-06-02T15:03:34.706,876.810,9760,0,16,0.026997,77.009,20.089,57.604,10.576,0,br_jump_8.37_to_20.09,u16_id_range_primary,136,"[-0.8419868938624859,-0.6479629866778851,0.3053970940411091,0.7345033891499042,0.40009740069508554,0.08415418937802314,-0.3076712183654308,-0.3690541975200176,0.01682952120900154,0.27820196822285653,0.0940250240266323,0.04299330040812492,0.17885153070092202,-0.061670764535665515,0.09329264312982559]","[-0.15937576244274776,-0.11289460013310114,-0.04541346977154414,-0.042484616736570995,0.00513180543979009,0.04670348217089971,0.07023634960254034,0.06957649638255438,0.07613512327273687,0.08423454513152441,0.066994080444177,0.06905541767676672,0.01723032643397649,-0.07315417925516764,-0.0719749982158343]"
2026-06-02T15:03:36.136,878.240,9776,0,16,0.033606,55.245,13.393,57.005,11.292,1,ok,u16_id_range_primary,136,"[-0.06067967116832733,-1.173098561167717,-0.5579397648572921,0.5190354615449906,0.597684445977211,0.141745987534523,0.04244029819965363,0.05845102965831757,-0.25024372041225434,0.012801635265350345,0.31529230177402495,-0.255720791220665,-0.2576588958501816,0.46992731392383574,0.39796293079853057]","[-0.31508655051390333,-0.18240828017393748,-0.06975979308287303,0.03579454918702443,0.11835032006104787,0.14960937996705373,0.17177265187104543,0.12216585179169973,0.01983027954896291,0.0015284349521001162,0.012856774528821308,-0.010315604011217755,-0.01035032371679942,-0.026788331071535748,-0.017199359337488812]"
2026-06-02T15:03:37.565,879.668,9792,0,16,0.039516,55.245,13.393,56.595,11.782,1,ok,u16_id_range_primary,136,"[0.13092087258895238,0.1340873991449674,0.20286209930976232,-0.23112998853127162,-0.11641693065563838,0.14235626210769017,-0.4055197382966677,-0.3441239143411318,0.43416865219672524,0.3801845466097196,-0.033758893112341565,-0.23227721403042476,-0.18930336783329646,0.04949631591637929,0.07845389892657598]","[-0.013231175144513455,0.013504130641619358,-0.0148707797129949,-0.08832444449265799,-0.07222964068253836,-0.03273166914780935,-0.031627433498700466,-0.008110659321149197,-0.014471965034802761,0.005771322051684055,0.05220560530821482,0.055650515357653293,0.04985068539778391,0.044575733939806614,0.05403977433840433]"
2026-06-02T15:03:38.983,881.087,9808,0,16,0.040166,65.290,8.370,58.514,11.029,1,ok,u16_id_range_primary,136,"[0.12879193027814229,-0.4050499627987544,-0.30404244164625804,0.5555078854163488,0.40090273519357045,-0.572555614511172,-0.35909254650274913,0.54657255311807,0.4466498961051305,-0.30484290222326915,-0.45325811008612316,-0.21969403127829235,0.16122760077317555,0.2964140643676122,0.08246894379456837]","[-0.03560577034950256,-0.03861926198005676,-0.007014137506484983,0.14409990906715392,0.28136132955551146,0.33984251618385314,0.28364660143852233,0.1806529939174652,0.06911064982414246,-0.015825968980789182,-0.12492714524269104,-0.22250245213508607,-0.2774669945240021,-0.30892584919929506,-0.26782642006874086]"
2026-06-02T15:03:40.415,882.518,9824,0,16,0.045203,65.290,8.370,59.957,10.462,1,ok,u16_id_range_primary,136,"[-0.20655427873134613,0.19212663173675537,0.025393560528755188,-0.29707370698451996,-0.10014715790748596,0.11326253414154053,-0.04911413788795471,0.15889176726341248,0.3039555698633194,-0.0702195018529892,-0.29235826432704926,-0.16142143309116364,0.15527601540088654,0.2105993926525116,0.01738300919532776]","[0.0650680089990298,0.046382787326971694,0.032993080715338394,0.03210258732239406,0.05633631596962611,0.039554136494795486,-0.0006755863626797948,-0.024411191542943314,-0.04851199438174565,-0.016592664023240403,-0.032936421533425644,-0.04874521245559056,-0.05299260963996251,-0.0379419003923734,-0.009629336496194199]"
2026-06-02T15:03:41.837,883.940,9840,0,16,0.022330,53.571,8.370,58.627,10.027,1,ok,u16_id_range_primary,136,"[0.09888766705989838,-0.08289074897766113,0.1354243904352188,0.29371944069862366,-0.08597642183303833,-0.3106131851673126,-0.18292418122291565,0.13382944464683533,0.20405365526676178,0.010472685098648071,-0.20944169163703918,-0.08906503021717072,0.2491568922996521,0.11053714156150818,-0.27517005801200867]","[0.08689849426349004,0.04617036481698354,0.02117373396952947,-0.004985463122526804,0.026644486685593924,0.011489961047967276,-0.004086788992087045,-0.00731241355339686,0.008786502977212271,0.039235237737496695,0.011551055808862051,-0.026213195423285165,-0.04514142523209254,-0.08152094135681788,-0.08268960962692896]"
2026-06-02T15:03:43.272,885.376,9856,0,16,0.005673,53.571,8.370,57.590,9.687,1,ok,u16_id_range_primary,136,"[-0.30743918965260186,-0.17091598759094875,0.15141600718100864,0.21451743294795353,0.018535289665063223,-0.19755658159653347,-0.0737251157561938,0.2607202415664991,0.11853382339080175,-0.26282252023617425,-0.05335759768883387,0.0644199659427007,-0.09838559875885645,0.04572522987922033,0.2903346007068952]","[0.03652527133623759,0.021042428414026898,0.017855487267176312,0.03425278464953105,0.06441455284754435,0.03676193157831828,-0.0006882627805074055,-0.0196467121442159,-0.05582851966222127,-0.056838907798131305,-0.03268090685208638,-0.0179207702477773,-0.02018979986508687,-0.023890413840611774,0.016831837097803753]"
2026-06-02T15:03:44.731,886.834,9872,0,16,0.027650,55.245,10.045,57.113,9.760,1,ok,u16_id_range_primary,136,"[0.2247128665447235,0.933362501859665,0.15554262995719909,-0.7922997295856475,-0.5520825803279876,0.21515305638313292,0.18989849388599395,-0.096660678088665,0.056442546844482425,0.17677930295467376,-0.19388787150382997,-0.4383789420127869,0.01297898888587952,0.18750815391540526,-0.07906873971223831]","[-0.3725144386291504,-0.318094801902771,-0.20937736034393312,-0.11279828548431398,-0.00040514469146729626,0.10505073070526122,0.16743676662445067,0.18232970237731932,0.16829471588134765,0.17861302495002745,0.13392563462257384,0.07476871013641356,0.028501021862030018,-0.006888580322265636,-0.018841695785522472]"
2026-06-02T15:03:46.149,888.253,9888,0,16,0.007886,71.986,13.393,60.119,10.494,1,ok,u16_id_range_primary,136,"[-0.017606920500596365,0.03347527335087458,-0.14461089571317037,0.041851774851481116,0.2743211100498835,-0.008880644043286642,-0.3433200110991796,0.024937317768732706,0.21966888109842936,-0.05737581749757131,-0.18886822362740835,-0.05486144026120504,0.21367633442083994,0.16061447660128275,-0.15302121539910635]","[-0.02028546134630839,-0.006718490521113077,-0.005346808830897012,-0.016581092278162637,0.022690471013387045,0.019465293486913046,0.003024663527806601,0.00045543511708577566,0.006240632136662802,0.030017431577046713,0.017109047373135886,-0.017467726270357767,-0.026240680615107217,-0.018739544103542963,0.012376829733451208]"
2026-06-02T15:03:47.576,889.680,9904,0,16,0.020388,55.245,6.696,59.138,9.729,1,ok,u16_id_range_primary,136,"[0.16942816823720933,0.36298194378614423,-0.4464306250214577,-0.4751811340451241,0.2738741025328636,0.27662056535482404,-0.07603024095296859,-0.002925539016723634,0.13346731513738633,-0.03721517473459244,-0.3546730294823647,-0.15137174874544143,0.1662689134478569,0.14281529039144517,0.01837119311094284]","[-0.39718726873397825,-0.3638028264045715,-0.28557745218276975,-0.1657307505607605,-0.0337272047996521,0.08256646394729614,0.15093930959701538,0.15794702768325805,0.19056614637374877,0.18269439935684204,0.15693637132644653,0.12693485021591186,0.07680101096630096,0.07018748819828033,0.05045243501663208]"
2026-06-02T15:03:49.020,891.123,9920,0,16,0.019725,66.964,6.696,60.710,9.120,1,ok,u16_id_range_primary,136,"[0.27557009235024454,-0.07721561416983605,0.005370204895734787,0.14896295741200447,-0.02508518323302269,-0.35642600283026693,-0.14871612414717675,0.17825300768017768,0.1513606585562229,0.022732941061258317,-0.11232683286070824,-0.04150085747241974,0.08488054350018501,0.0337895430624485,-0.13964933380484582]","[0.010781343777974434,0.07860713799794514,0.08397036393483479,0.11726969083150227,0.10884207089742023,0.08243900140126545,0.05211042960484821,0.0011217256387074659,-0.004528049627939873,-0.024242732922236138,-0.05963558355967205,-0.0963776747385661,-0.12075305382410687,-0.11953533093134563,-0.11006933848063152]"
2026-06-02T15:03:50.433,892.537,9936,0,16,0.021364,55.245,11.719,59.614,9.641,1,ok,u16_id_range_primary,136,"[-0.34381117423375446,-0.13153432806332907,0.20442266265551248,0.17368758718172708,0.0405095765988032,-0.09510271002848943,-0.018027392526467644,0.11347075800100963,0.05682059625784556,-0.1268507738908132,-0.14250325163205466,0.038457329074541725,0.21503434578577676,0.13659649590651193,-0.12116972108681996]","[0.14823843439420065,0.11857940157254537,0.06788463791211446,0.06390435894330343,0.04482646187146505,0.009075744946797693,-0.02850805322329203,-0.05272428790728251,-0.05100892583529154,-0.04089455405871073,-0.04928003350893656,-0.07082526485125223,-0.06174747745196024,-0.055681691567103064,-0.04183875123659769]"
2026-06-02T15:03:51.863,893.967,9952,0,16,0.000858,68.638,8.370,61.422,9.387,1,ok,u16_id_range_primary,136,"[-0.13315508291125297,-0.0193411685526371,0.09838617816567422,0.07427874431014062,-0.08521949276328086,-0.04267101511359215,0.07005107253789902,0.038038405030965804,0.0022412039339542392,-0.025225998461246492,0.00554267168045044,0.053559663146734236,0.0006385914981365207,-0.016876114159822465,-0.020247658342123033]","[0.014663178908328215,-0.0012173387532432873,0.002656855123738448,-0.0005575898413856823,-0.0014442070697744686,-0.0016119960074623425,-0.0037369714428981144,0.004400415780643622,0.00844603447864453,-9.573580076297113e-05,-0.00046323568870623895,-0.006816103619833787,-0.006002042007942994,0.0023453537995616596,-0.010566617858906587]"
2026-06-02T15:03:53.285,895.389,9968,0,16,0.031247,58.593,8.370,60.856,9.183,1,ok,u16_id_range_primary,136,"[-0.0873268296321233,-0.0023004834850629177,0.2670488233367602,0.12330453346172969,-0.28483597685893375,-0.23558918883403143,0.019770490626494087,0.2855427140990893,0.17913101861874262,-0.19246826817591986,-0.16988448550303778,0.11866097400585811,0.298692154387633,0.13932417581478754,-0.4590696518619855]","[0.14437281489372253,0.11803399920463561,0.10783069729804992,0.0885623037815094,0.06750663518905639,0.017222696542739863,-0.05901700854301453,-0.07507181763648987,-0.09255600571632386,-0.12144351601600648,-0.18694270253181458,-0.22797775864601136,-0.15849674344062806,0.07939040064811706,0.2985860049724579]"
2026-06-02T15:03:54.906,897.009,9984,0,16,0.055861,65.290,13.393,61.743,10.026,1,ok,u16_id_range_primary,136,"[-0.08938123534123102,-0.13725282500187555,0.23328311492999396,0.270863634844621,-0.1432951713601748,-0.012116419772307076,0.045311992367108665,-0.18862775216499963,-0.036683606604735054,0.7500143771370252,0.5710750942428907,-0.33520733068386716,-0.2730490143100421,-0.2299018974105517,-0.42503296087185544]","[-0.009106040000915527,-0.06541609764099121,-0.04964578151702881,-0.031271278858184814,0.09382635354995728,0.2941542863845825,0.5077935457229614,0.5336621999740601,0.41226017475128174,0.2091902494430542,-0.11437380313873291,-0.34958040714263916,-0.4534064531326294,-0.48835957050323486,-0.4897273778915405]"
2026-06-02T15:03:56.335,898.439,10000,0,16,0.076951,66.964,13.393,62.788,10.699,1,ok,u16_id_range_primary,136,"[-0.11162054936091105,0.3492372145255407,-0.04704840878645579,-0.5604567716519038,0.08943993945916494,0.5551819612582525,-0.18268092374006906,-0.474095810453097,0.18481491108735404,0.7149883319934209,-0.024432081977526346,-1.074172396461169,-0.6462935398022334,0.5073475648959478,0.7197905590136846]","[0.19152424732844037,0.33321497837702435,0.43661455313364667,0.4504346052805583,0.49680856863657635,0.4507630268732707,0.2967121998469035,-0.0737692912419637,-0.4420282443364461,-0.6178962786992391,-0.6088393529256185,-0.49690576394399005,-0.32141466935475665,-0.13475032647450763,0.03953174750010173]"
2026-06-02T15:03:57.755,899.859,10016,0,16,0.100513,51.897,10.045,60.609,10.568,1,ok,u16_id_range_primary,136,"[0.5861410905917486,-0.17169435719648996,-0.4838200698296229,0.17252386709054313,0.699812333782514,-0.049347240726153055,-1.0922444651524226,-0.6448332260052363,0.5157275607188543,0.7226390053828557,0.24817739029725394,-0.10214217404524485,-0.3175236771504084,-0.23482636014620462,0.15141032238801322]","[0.48325823148091634,0.32557175954182943,-0.0494022528330485,-0.4217348257700602,-0.6011147658030191,-0.5954946438471476,-0.4865400950113932,-0.31366016070048014,-0.12911178270975748,0.04346726735432943,0.17978344758351644,0.2662805159886678,0.2532870610555013,0.41351078351338705,0.6318994601567587]"
2026-06-02T15:03:59.170,901.274,10032,0,16,0.107037,51.897,6.696,58.866,9.794,1,ok,u16_id_range_primary,136,"[0.03748270968596141,-1.0094569017489752,-0.5848827650149663,0.5667275498310725,0.7803024957577388,0.3123150775829951,-0.034420280655225115,-0.24239507218201956,-0.1493783434232076,0.21690416435400645,-0.621313123901685,-0.47246852417786916,1.2044666717449823,0.7059445093075435,-0.709828167160352]","[-0.8307108600934346,-0.7186923344930013,-0.5431921203931173,-0.3566021641095479,-0.18234846194585164,-0.04498717387517294,0.03932860294977823,0.02790728012720743,0.18987777630488079,0.41000798145929973,0.4450310746828715,0.5114654580752055,0.5351004878679911,0.4130571166674296,0.10475733677546183]"
2026-06-02T15:04:00.589,902.693,10048,0,10,0.073313,58.593,18.415,58.866,9.794,0,transient_bin_jump_gating,u16_id_range_primary,136,"[0.33659828106562295,-0.017646934588750204,-0.2195628841718038,-0.20024701555569968,-0.03694164355595907,0.00884989301363627,0.4164154271284739,0.3748469094435374,-0.5885505338509878,-0.4717681070168813,0.800505910317103,1.1606941560904185,-0.01905211408933004,-0.9730754752953847,-0.5710658689339956]","[0.036030644178390504,0.11331951022148132,0.10292767882347106,0.0832713782787323,-0.021934634447097777,-0.09666479229927064,0.035675400495529176,0.22842645049095153,0.31572007536888125,0.21068232655525207,0.016581469774246217,-0.15654725432395936,-0.23483524322509766,-0.31789970993995664,-0.3147532999515533]"
2026-06-02T15:04:02.009,904.113,10064,0,10,0.032813,65.290,15.067,58.866,9.794,0,transient_bin_jump_gating,u16_id_range_primary,136,"[-0.23397247393925985,-0.2521830787261327,0.3366937051216761,0.06057867507139841,-0.3849040557940801,0.004072845975557963,0.24526205758253733,0.12860971788565317,-0.05451455612977346,-0.3118944456179937,-0.23866733809312185,-0.05775967140992483,0.47814554075400034,0.5271869013706844,-0.24665382405122122]","[-0.022987270355224604,0.0081985354423523,0.09121028184890748,0.14115372896194459,0.21148911714553834,0.211744225025177,0.15872398614883423,0.178408420085907,0.15110496282577515,0.14916566610336304,-0.009237015247344965,-0.22926446199417114,-0.4040279030799866,-0.42125483751297,-0.2144274353981018]"
2026-06-02T15:04:03.437,905.541,10080,0,10,0.051778,56.919,8.370,58.866,9.794,0,transient_bin_jump_gating,u16_id_range_primary,136,"[-0.00375324289004008,0.23789766629536946,0.12218892772992451,-0.061439154545466106,-0.3188496510187785,-0.24503217438856761,-0.06434839765230815,0.47151118715604146,0.5200698991616567,-0.25346320668856304,-0.8103690127531687,-0.5898997763792674,0.4210040589173635,0.4583041985829671,0.1161786784728368]","[0.08272795677185059,0.029568362236022952,0.04930703639984131,0.022066283226013186,0.020345973968505862,-0.13793761730194093,-0.35767264366149903,-0.53228600025177,-0.5493460416793823,-0.3423383951187134,-0.09790904521942138,0.2214421510696411,0.48446743488311766,0.5692619562149048,0.5383025884628296]"
2026-06-02T15:04:04.855,906.959,10096,0,10,0.142589,55.245,18.415,58.866,9.794,0,br_jump_6.70_to_18.42,u16_id_range_primary,136,"[-0.10166667252779008,-1.2799699142575265,0.1260967418551445,1.1291694805026053,0.20753766745328903,-0.5319459274411201,-0.29093156605958936,0.4772424265742302,0.30871480852365496,0.08334537744522094,0.6689908668398857,0.3543406888842583,-1.1701302364468575,-0.8800194695591926,0.8992257282137871]","[-0.5311364452044169,-0.7367817680040996,-0.8712689201037089,-0.8358330051104228,-0.5787491122881572,-0.2872027675310771,0.06894976695378621,0.355938978989919,0.45143754084904986,0.4212344368298848,0.5467054327329,0.6707543810208638,0.6665685256322225,0.49661476214726763,0.16276819308598836]"
2026-06-02T15:04:06.270,908.374,10112,0,10,0.154677,56.919,15.067,58.477,10.849,1,ok,u16_id_range_primary,136,"[-0.575068793942531,-0.3264006001253923,0.44027761394778886,0.26843727404872575,0.044783991078535715,0.6302488225201766,0.3067287581662337,-1.2258079869051774,-0.9321018082400163,0.8561313527325789,1.2717981713513533,0.40339104110995927,-0.4109658223887285,-0.4959373099108537,-0.25551470344265304]","[-0.32145134210586546,0.033162915706634516,0.31781467199325564,0.4109300017356873,0.3781309962272644,0.502768361568451,0.6270557284355164,0.6239157557487488,0.4539337992668152,0.12054904699325561,-0.24772087335586548,-0.5700151085853576,-0.8069433331489563,-0.8046772241592407,-0.717453396320343]"
2026-06-02T15:04:07.715,909.818,10128,0,10,0.169350,56.919,15.067,58.165,11.692,1,ok,u16_id_range_primary,136,"[0.5857500493526459,0.2634186208248138,-1.2730457127094268,-0.9844134390354157,0.80310840010643,1.22712499499321,0.3612374722957611,-0.46150498986244204,-0.5533253490924835,-0.30495806932449343,-0.4866902768611908,0.23874003291130066,1.0595856368541718,0.16445536017417908,-0.63948273062706]","[0.6053632458051046,0.7311145027478536,0.7299959619839986,0.5614765842755636,0.2285929878552755,-0.13928926388422647,-0.4599608222643534,-0.6959428826967875,-0.6916460434595744,-0.6032953302065531,-0.5228199998537699,-0.28079688946406045,-0.006635550657908121,0.21392643054326377,0.3299170692761739]"
2026-06-02T15:04:09.147,911.251,10144,0,10,0.177556,61.942,13.393,58.921,12.032,1,ok,u16_id_range_primary,136,"[1.1959869682788848,0.31759522557258607,-0.5214253246784211,-0.6089651167392731,-0.3416570007801056,-0.519926804304123,0.18752227425575257,1.0036969006061554,0.12390927672386169,-0.6677479326725007,-0.19331305027008056,0.23264757990837098,0.1322296977043152,-0.22215973138809203,-0.11839296221733094]","[0.06926203171412151,-0.2506048639615377,-0.4873045643170675,-0.4845458229382833,-0.3960109909375509,-0.3135839660962423,-0.0708225925763448,0.2012033502260844,0.41949594418207803,0.5349153319994608,0.4388574401537577,0.30864710013071694,0.08273286024729412,-0.01910233100255329,-0.033138926823933906]"
2026-06-02T15:04:10.567,912.670,10160,0,10,0.194192,61.942,15.067,59.525,12.639,1,ok,u16_id_range_primary,136,"[-0.973701520760854,-0.03750745852788289,1.0603118697802225,0.20418663422266642,-0.4946611960728963,0.08387275139490763,0.42683677474657694,0.15876884857813517,-0.2552573521931966,-0.14238409598668417,-0.31241623957951864,-0.0725833018620809,0.6264323155085246,0.1344058374563853,-0.406303866704305]","[-0.5499136418104171,-0.3830333322286606,-0.15664726197719575,0.04337553977966309,0.15616405308246611,0.07365796267986298,-0.03324290812015533,-0.22850426733493806,-0.304234978556633,-0.2963244289159775,-0.2455116480588913,0.018523934483528137,0.3640321522951126,0.6900354653596878,0.851623359322548]"
2026-06-02T15:04:12.001,914.105,10176,0,11,0.224725,61.942,13.393,59.525,12.639,0,transient_bin_jump_gating,u16_id_range_primary,136,"[0.08451185102264086,0.45522536809245745,0.16812213237086931,-0.26746837322910627,-0.15872771566112837,-0.29716012900074323,-0.042241792132457094,0.5339899557332198,0.00613723049561183,0.12451895053188006,0.40202133829394976,-0.12325272982319196,-0.15518654411037763,0.04507129366199176,-0.7755608362456162]","[-0.16176634132862092,-0.2676977127790451,-0.45767433047294614,-0.5330975413322449,-0.5267244040966034,-0.4771998584270477,-0.21290201544761658,-0.023238366842269903,0.16996830105781555,0.31188892722129824,0.39551311135292055,0.3786888659000397,0.5219344437122345,0.5555204689502716,0.3267864525318146]"
2026-06-02T15:04:13.439,915.542,10192,0,11,0.203181,61.942,13.393,59.525,12.639,0,transient_bin_jump_gating,u16_id_range_primary,136,"[-0.28309309283892314,-0.05781578818957011,0.500252636273702,-0.017892842988173167,0.12927668740351994,0.4461308737595876,-0.08806937734285991,-0.31318491498629253,0.1238071044286092,-0.16205097536245983,-0.3111017326513926,0.6813022514184316,0.7766030450661977,-0.3697338084379832,-1.0544300655523935]","[-0.46667992273966474,-0.1944016138712565,0.006727584203084308,0.20429242451985677,0.35149324735005694,0.4397502024968465,0.40579856236775713,0.3578112204869588,0.3025462706883748,0.08412659962972005,-0.17298876444498698,-0.36833941141764326,-0.3437927881876628,-0.3011430422465007,-0.3052005688349406]"
2026-06-02T15:04:15.060,917.163,10208,0,11,0.212080,61.942,13.393,59.525,12.639,0,transient_bin_jump_gating,u16_id_range_primary,136,"[0.3284642497698466,-0.21221586068471274,-0.43770064910252887,0.028912509481112163,-0.1818039466937383,-0.28577037652333576,0.6806009213129679,0.7255664269129435,-0.4465169509251912,-1.117516001065572,-0.08915706475575765,0.751843253771464,0.6546372572580973,0.38966182867685956,-0.7890055974324545]","[0.5725236892700195,0.5672461748123169,0.5444282054901123,0.5074136018753052,0.3025247812271118,0.05650792121887207,-0.12781479358673095,-0.09931006431579589,-0.053996825218200685,-0.05522444248199463,-0.18309261798858642,-0.4541523098945618,-0.5691207885742188,-0.5243551373481751,-0.48357739448547366]"
